item,tier,listing_id,asset_id,ask,ask_seller_net,float_value,paint_seed,base_eur,predicted_eur,avg_discount,pred_smooth_eur,pred_segmented_eur,pred_hybrid_eur,pred_smooth_eur_disc,pred_segmented_eur_disc,pred_hybrid_eur_disc,spread_smooth,spread_segmented,spread_hybrid,spread_smooth_disc,spread_segmented_disc,spread_hybrid_disc,opportunity_pass,opportunity_fail_count,opportunity_fail_reasons,continuity_ratio,n_fit_clean,n_fit_raw,fit_outlier_n,fit_splits_n,steam_turnover_proxy,scm_total_listings,steam_sales_7d_n,steam_sales_7d_downside_risk%,steam_sales_7d_tail_ratio,steam_daily_downside_14d_pct,asset_properties_json,converted_price,converted_fee,converted_currencyid,base_usd,predicted_usd,quantity,fx_usd_to_eur,fx_source,base_collected_at_utc,status,error,status_risk,error_risk,sort_by,collected_at_utc,base_price,currency,n_listings,cap_hit,discount_sample_n,median_discount,avg_ask,avg_predicted,key_trace,steam_sales_7d_mean,steam_sales_7d_median,steam_sales_7d_p10,steam_sales_7d_p25,steam_sales_7d_p75,steam_sales_7d_p90,steam_sales_7d_min,steam_sales_7d_max,steam_sales_7d_iqr_risk%,steam_sales_7d_band_risk%,steam_discount_risk_score,steam_daily_ret_3d,steam_daily_ret_7d,steam_daily_slope_7d,steam_daily_ema_gap_3_14,steam_daily_range_14d_pct,trade_days,steam_trade_currency,risk_collected_at_utc,rel_smooth,rel_segmented,rel_hybrid
Desert Eagle | Mulberry (Minimal Wear),A,528759111494102009,46832206053,10.44,9.09,0.09040027856827,327,7.4866736,7.7799304,0.020706506456555,9.317013479414369,9.317926127753289,9.317652333251614,9.124090679647065,9.124984430227263,9.124716305053203,0.10756575867678453,0.10747834025351632,0.10750456578049672,0.1260449540567945,0.12595934576367207,0.12598502825160884,False,1,spread_hybrid_disc <= 0.12,1.4694114116404497,394,400,6,2,16.9,366,845,4.406020976872784,0.956011216263582,0.0475612925582603,,909,135,2003,8.68,9.02,1154,0.86252,Frankfurter 2026-06-16 (ECB),2026-06-17T06:46:03.034492+00:00,ok,,ok,,best_deal,2026-04-17T07:47:48.625254+00:00,11.32,,50,True,8,0.0202176008208125,13.5275,13.81375,1/1,11.3935,11.412,10.91,11.044,11.625,11.929,10.032,13.384,5.09939878000614,8.943695966998728,0.001703357307425,0.0025186729199235,0.0255886272767658,0.0073413148124449,0.0059443941115362,0.0896647318721303,7,3,2026-06-24T22:38:12.195598+00:00,0.24447972186397562,0.24460162491300413,0.2445650539982956
AK-47 | Nouveau Rouge (Field-Tested),A,519751912239041946,52531196274,11.61,10.1,0.35809609293938,707,9.8672288,9.8586036,-0.0171427382581651,9.911135681334196,9.918127064276725,9.916029649393968,10.081039686160468,10.088150920550843,10.086017550233732,0.14632767602633967,0.14572548972638022,0.14590614561636794,0.13169339481821984,0.1310808853961375,0.13126463822276202,False,1,spread_hybrid_disc <= 0.12,2.653403648131099,269,277,8,2,16.78,428,839,1.6394275061115762,0.9835946573751452,0.0,,1010,151,2003,11.44,11.43,1146,0.86252,Frankfurter 2026-06-16 (ECB),2026-06-17T08:08:19.365684+00:00,ok,,ok,,best_deal,2026-04-17T00:50:36.186748+00:00,15.76,,50,True,8,-0.0028256746364777,16.2475,15.97625,1/1,13.7853,13.776,13.55,13.619,13.898,14.0134,12.956,15.822,2.023895018606777,3.361551797929679,-0.0085383781865969,-0.0200146092037983,-0.0389684813753582,-0.0042353614056228,-0.0190715606016262,0.0591830649970185,7,3,2026-06-25T02:28:31.953567+00:00,0.004449768240318667,0.0051583139814013875,0.0049457502590765715
AK-47 | Nouveau Rouge (Field-Tested),A,503989313542520856,52797995474,11.63,10.12,0.34022405743599,221,9.8672288,9.8586036,-0.0171427382581651,9.924982323723931,9.925527758357692,9.925364127967564,10.095123697916446,10.09567848279337,10.095512047330292,0.1466051312361195,0.14655823229942466,0.14657230198043314,0.13197560637003913,0.131927903457148,0.13194221433101538,False,1,spread_hybrid_disc <= 0.12,2.653403648131099,269,277,8,2,16.78,428,839,1.6394275061115762,0.9835946573751452,0.0,,1012,151,2003,11.44,11.43,1146,0.86252,Frankfurter 2026-06-16 (ECB),2026-06-17T08:08:19.365684+00:00,ok,,ok,,best_deal,2026-04-17T00:50:36.186748+00:00,15.76,,50,True,8,-0.0028256746364777,16.2475,15.97625,1/1,13.7853,13.776,13.55,13.619,13.898,14.0134,12.956,15.822,2.023895018606777,3.361551797929679,-0.0085383781865969,-0.0200146092037983,-0.0389684813753582,-0.0042353614056228,-0.0190715606016262,0.0591830649970185,7,3,2026-06-25T02:28:31.953567+00:00,0.0058530642082539885,0.0059083415961422294,0.005891758379775758
AK-47 | Nouveau Rouge (Field-Tested),A,527633211586433445,52814347044,11.63,10.12,0.33392173051834,464,9.8672288,9.8586036,-0.0171427382581651,9.927065356658819,9.923356250767027,9.924468982534565,10.097242439739718,10.093469749616451,10.094601556653432,0.14642602264326587,0.14674494834333396,0.14664927063331346,0.13179342736545852,0.1321178203253267,0.13202050243736618,False,1,spread_hybrid_disc <= 0.12,2.653403648131099,269,277,8,2,16.78,428,839,1.6394275061115762,0.9835946573751452,0.0,,1012,151,2003,11.44,11.43,1146,0.86252,Frankfurter 2026-06-16 (ECB),2026-06-17T08:08:19.365684+00:00,ok,,ok,,best_deal,2026-04-17T00:50:36.186748+00:00,15.76,,50,True,8,-0.0028256746364777,16.2475,15.97625,1/1,13.7853,13.776,13.55,13.619,13.898,14.0134,12.956,15.822,2.023895018606777,3.361551797929679,-0.0085383781865969,-0.0200146092037983,-0.0389684813753582,-0.0042353614056228,-0.0190715606016262,0.0591830649970185,7,3,2026-06-25T02:28:31.953567+00:00,0.006064170383767565,0.005688268905554052,0.005801039349018106
AK-47 | Nouveau Rouge (Field-Tested),A,491604414565850018,52683935889,11.62,10.11,0.36668944358826,755,9.8672288,9.8586036,-0.0171427382581651,9.902131030482249,9.901034290946347,9.901363312807119,10.07188067093586,10.070765130281156,10.071099792477568,0.14783726071581327,0.14793164449687202,0.14790332936255424,0.1332288579229035,0.13332485970041674,0.1332960591671627,False,1,spread_hybrid_disc <= 0.12,2.653403648131099,269,277,8,2,16.78,428,839,1.6394275061115762,0.9835946573751452,0.0,,1011,151,2003,11.44,11.43,1146,0.86252,Frankfurter 2026-06-16 (ECB),2026-06-17T08:08:19.365684+00:00,ok,,ok,,best_deal,2026-04-17T00:50:36.186748+00:00,15.76,,50,True,8,-0.0028256746364777,16.2475,15.97625,1/1,13.7853,13.776,13.55,13.619,13.898,14.0134,12.956,15.822,2.023895018606777,3.361551797929679,-0.0085383781865969,-0.0200146092037983,-0.0389684813753582,-0.0042353614056228,-0.0190715606016262,0.0591830649970185,7,3,2026-06-25T02:28:31.953567+00:00,0.003537186700510063,0.0034260369989950004,0.0034593819094495193
AK-47 | Nouveau Rouge (Field-Tested),A,522003712053125353,52683211482,11.66,10.15,0.32699370384216,704,9.8672288,9.8586036,-0.0171427382581651,9.931785881237468,9.925729678871141,9.927546539581039,10.102043887035661,10.09588386477733,10.097731871454828,0.1482173343707146,0.1487367342306054,0.1485809142726382,0.1336154470809896,0.13414375087672992,0.1339852597380079,False,1,spread_hybrid_disc <= 0.12,2.653403648131099,269,277,8,2,16.78,428,839,1.6394275061115762,0.9835946573751452,0.0,,1015,151,2003,11.44,11.43,1146,0.86252,Frankfurter 2026-06-16 (ECB),2026-06-17T08:08:19.365684+00:00,ok,,ok,,best_deal,2026-04-17T00:50:36.186748+00:00,15.76,,50,True,8,-0.0028256746364777,16.2475,15.97625,1/1,13.7853,13.776,13.55,13.619,13.898,14.0134,12.956,15.822,2.023895018606777,3.361551797929679,-0.0085383781865969,-0.0200146092037983,-0.0389684813753582,-0.0042353614056228,-0.0190715606016262,0.0591830649970185,7,3,2026-06-25T02:28:31.953567+00:00,0.006542574672786568,0.005928805347165171,0.00611293614485159
AK-47 | Nouveau Rouge (Field-Tested),A,519751912238930598,52681809764,11.67,10.16,0.37136709690094,665,9.8672288,9.8586036,-0.0171427382581651,9.896944891919127,9.889848060419542,9.891977109869416,10.066605627756779,10.059387137132335,10.061552684319667,0.15193274276614166,0.15254086885865104,0.1523584310308984,0.13739454775006177,0.13801309878900303,0.1378275334773208,False,1,spread_hybrid_disc <= 0.12,2.653403648131099,269,277,8,2,16.78,428,839,1.6394275061115762,0.9835946573751452,0.0,,1016,151,2003,11.44,11.43,1146,0.86252,Frankfurter 2026-06-16 (ECB),2026-06-17T08:08:19.365684+00:00,ok,,ok,,best_deal,2026-04-17T00:50:36.186748+00:00,15.76,,50,True,8,-0.0028256746364777,16.2475,15.97625,1/1,13.7853,13.776,13.55,13.619,13.898,14.0134,12.956,15.822,2.023895018606777,3.361551797929679,-0.0085383781865969,-0.0200146092037983,-0.0389684813753582,-0.0042353614056228,-0.0190715606016262,0.0591830649970185,7,3,2026-06-25T02:28:31.953567+00:00,0.003011594493392828,0.0022923620074099963,0.002508131753204846
AK-47 | Nouveau Rouge (Field-Tested),A,517500112424051829,52681082137,11.8,10.27,0.29973989725113,783,9.8672288,9.8586036,-0.0171427382581651,9.987328272732332,9.985779439574513,9.98624408952186,10.158538427210154,10.156963042810904,10.15743565813068,0.15361624807353125,0.15374750512080404,0.15370812800662215,0.13910691294829214,0.13924042010077087,0.1392003679550271,False,1,spread_hybrid_disc <= 0.12,2.653403648131099,269,277,8,2,16.78,428,839,1.6394275061115762,0.9835946573751452,0.0,,1027,153,2003,11.44,11.43,1146,0.86252,Frankfurter 2026-06-16 (ECB),2026-06-17T08:08:19.365684+00:00,ok,,ok,,best_deal,2026-04-17T00:50:36.186748+00:00,15.76,,50,True,8,-0.0028256746364777,16.2475,15.97625,1/1,13.7853,13.776,13.55,13.619,13.898,14.0134,12.956,15.822,2.023895018606777,3.361551797929679,-0.0085383781865969,-0.0200146092037983,-0.0389684813753582,-0.0042353614056228,-0.0190715606016262,0.0591830649970185,7,3,2026-06-25T02:28:31.953567+00:00,0.012171550408594215,0.012014583017930312,0.012061673235129482
AK-47 | Nouveau Rouge (Field-Tested),A,493856214381906012,52662771386,11.8,10.27,0.32321059703827,763,9.8672288,9.8586036,-0.0171427382581651,9.935753510759461,9.928625758900711,9.930764084458337,10.106079532592055,10.09882959154882,10.101004573861792,0.157986990613605,0.15859103738129565,0.1584098233509884,0.14355258198372423,0.14416698376704917,0.14398266323205167,False,1,spread_hybrid_disc <= 0.12,2.653403648131099,269,277,8,2,16.78,428,839,1.6394275061115762,0.9835946573751452,0.0,,1027,153,2003,11.44,11.43,1146,0.86252,Frankfurter 2026-06-16 (ECB),2026-06-17T08:08:19.365684+00:00,ok,,ok,,best_deal,2026-04-17T00:50:36.186748+00:00,15.76,,50,True,8,-0.0028256746364777,16.2475,15.97625,1/1,13.7853,13.776,13.55,13.619,13.898,14.0134,12.956,15.822,2.023895018606777,3.361551797929679,-0.0085383781865969,-0.0200146092037983,-0.0389684813753582,-0.0042353614056228,-0.0190715606016262,0.0591830649970185,7,3,2026-06-25T02:28:31.953567+00:00,0.0069446763775723825,0.006222310249936869,0.0064390200882275235
AK-47 | Nouveau Rouge (Field-Tested),A,494982114286244484,52513531793,11.8,10.27,0.36215400695801,637,9.8672288,9.8586036,-0.0171427382581651,9.906962425660277,9.911549943011503,9.910173687806134,10.076794889456847,10.08146104941728,10.08006120142915,0.16042691307963763,0.1600381404227541,0.16015477221981922,0.1460343314019621,0.14563889411717967,0.14575752530261454,False,1,spread_hybrid_disc <= 0.12,2.653403648131099,269,277,8,2,16.78,428,839,1.6394275061115762,0.9835946573751452,0.0,,1027,153,2003,11.44,11.43,1146,0.86252,Frankfurter 2026-06-16 (ECB),2026-06-17T08:08:19.365684+00:00,ok,,ok,,best_deal,2026-04-17T00:50:36.186748+00:00,15.76,,50,True,8,-0.0028256746364777,16.2475,15.97625,1/1,13.7853,13.776,13.55,13.619,13.898,14.0134,12.956,15.822,2.023895018606777,3.361551797929679,-0.0085383781865969,-0.0200146092037983,-0.0389684813753582,-0.0042353614056228,-0.0190715606016262,0.0591830649970185,7,3,2026-06-25T02:28:31.953567+00:00,0.004026827234438649,0.004491751829196725,0.004352274450769302
AK-47 | Nouveau Rouge (Field-Tested),A,523129611957883430,49054700557,11.9,10.36,0.36407798528671,370,9.8672288,9.8586036,-0.0171427382581651,9.904935857052127,9.907163759512283,9.906495388774239,10.074733579913485,10.07699967472238,10.076319846279715,0.1676524489872162,0.16746523029308547,0.16752139590132442,0.15338373278037953,0.15319330464517822,0.15325043308573827,False,1,spread_hybrid_disc <= 0.12,2.653403648131099,269,277,8,2,16.78,428,839,1.6394275061115762,0.9835946573751452,0.0,,1036,154,2003,11.44,11.43,1146,0.86252,Frankfurter 2026-06-16 (ECB),2026-06-17T08:08:19.365684+00:00,ok,,ok,,best_deal,2026-04-17T00:50:36.186748+00:00,15.76,,50,True,8,-0.0028256746364777,16.2475,15.97625,1/1,13.7853,13.776,13.55,13.619,13.898,14.0134,12.956,15.822,2.023895018606777,3.361551797929679,-0.0085383781865969,-0.0200146092037983,-0.0389684813753582,-0.0042353614056228,-0.0190715606016262,0.0591830649970185,7,3,2026-06-25T02:28:31.953567+00:00,0.003821443468720312,0.004047231529918988,0.003979495111559385
AK-47 | Nouveau Rouge (Field-Tested),A,492730314471178089,52812368163,12.57,10.94,0.35760807991028,794,9.8672288,9.8586036,-0.0171427382581651,9.911628995674521,9.919014732758223,9.916799011633112,10.081541457259409,10.08905380610078,10.086800101448368,0.21148536231706283,0.2108977937344294,0.2110740643092195,0.19796806227053232,0.19737042115347814,0.1975497134885944,False,1,spread_hybrid_disc <= 0.12,2.653403648131099,269,277,8,2,16.78,428,839,1.6394275061115762,0.9835946573751452,0.0,,1094,163,2003,11.44,11.43,1146,0.86252,Frankfurter 2026-06-16 (ECB),2026-06-17T08:08:19.365684+00:00,ok,,ok,,best_deal,2026-04-17T00:50:36.186748+00:00,15.76,,50,True,8,-0.0028256746364777,16.2475,15.97625,1/1,13.7853,13.776,13.55,13.619,13.898,14.0134,12.956,15.822,2.023895018606777,3.361551797929679,-0.0085383781865969,-0.0200146092037983,-0.0389684813753582,-0.0042353614056228,-0.0190715606016262,0.0591830649970185,7,3,2026-06-25T02:28:31.953567+00:00,0.004499763466974819,0.005248275256191672,0.0050237217194266165
AK-47 | Nouveau Rouge (Field-Tested),A,507367013261809540,52812723395,12.79,11.13,0.37280693650246,991,9.8672288,9.8586036,-0.0171427382581651,9.895305445807626,9.88637184174589,9.889051922964413,10.064938077049701,10.055851326551831,10.058577351701196,0.22632482831840295,0.22702331182596636,0.22681376677369713,0.2130619173534244,0.2137723747809357,0.21355923755268202,False,1,spread_hybrid_disc <= 0.12,2.653403648131099,269,277,8,2,16.78,428,839,1.6394275061115762,0.9835946573751452,0.0,,1113,166,2003,11.44,11.43,1146,0.86252,Frankfurter 2026-06-16 (ECB),2026-06-17T08:08:19.365684+00:00,ok,,ok,,best_deal,2026-04-17T00:50:36.186748+00:00,15.76,,50,True,8,-0.0028256746364777,16.2475,15.97625,1/1,13.7853,13.776,13.55,13.619,13.898,14.0134,12.956,15.822,2.023895018606777,3.361551797929679,-0.0085383781865969,-0.0200146092037983,-0.0389684813753582,-0.0042353614056228,-0.0190715606016262,0.0591830649970185,7,3,2026-06-25T02:28:31.953567+00:00,0.0028454438806190113,0.0019400626187862304,0.0022116769973360645
AK-47 | Nouveau Rouge (Field-Tested),A,506241113353205974,52730415723,13.07,11.38,0.36074924468994,42,9.8672288,9.8586036,-0.0171427382581651,9.908422349783999,9.91414148907473,9.91242574728751,10.078279840677698,10.084097021676353,10.082351867376756,0.24189576512746758,0.241458187522974,0.2415894608043221,0.22889978265664135,0.22845470377380617,0.2285882274386568,False,1,spread_hybrid_disc <= 0.12,2.653403648131099,269,277,8,2,16.78,428,839,1.6394275061115762,0.9835946573751452,0.0,,1138,169,2003,11.44,11.43,1146,0.86252,Frankfurter 2026-06-16 (ECB),2026-06-17T08:08:19.365684+00:00,ok,,ok,,best_deal,2026-04-17T00:50:36.186748+00:00,15.76,,50,True,8,-0.0028256746364777,16.2475,15.97625,1/1,13.7853,13.776,13.55,13.619,13.898,14.0134,12.956,15.822,2.023895018606777,3.361551797929679,-0.0085383781865969,-0.0200146092037983,-0.0389684813753582,-0.0042353614056228,-0.0190715606016262,0.0591830649970185,7,3,2026-06-25T02:28:31.953567+00:00,0.00417478408770637,0.004754393561313888,0.004580510719231633
AK-47 | Nouveau Rouge (Field-Tested),A,514122412693323664,52556774278,13.08,11.39,0.36168348789215,814,9.8672288,9.8586036,-0.0171427382581651,9.907453638235825,9.912600142004717,9.911056190874051,10.077294522761006,10.082529251696954,10.08095883301617,0.2425494160370164,0.24215595244612254,0.24227399152339057,0.22956463893264478,0.22916443029839806,0.22928449288867203,False,1,spread_hybrid_disc <= 0.12,2.653403648131099,269,277,8,2,16.78,428,839,1.6394275061115762,0.9835946573751452,0.0,,1139,169,2003,11.44,11.43,1146,0.86252,Frankfurter 2026-06-16 (ECB),2026-06-17T08:08:19.365684+00:00,ok,,ok,,best_deal,2026-04-17T00:50:36.186748+00:00,15.76,,50,True,8,-0.0028256746364777,16.2475,15.97625,1/1,13.7853,13.776,13.55,13.619,13.898,14.0134,12.956,15.822,2.023895018606777,3.361551797929679,-0.0085383781865969,-0.0200146092037983,-0.0389684813753582,-0.0042353614056228,-0.0190715606016262,0.0591830649970185,7,3,2026-06-25T02:28:31.953567+00:00,0.004076609456530097,0.004598184852541241,0.004441712233737897
AK-47 | Nouveau Rouge (Field-Tested),A,510744712981806579,52624953953,13.08,11.39,0.37271612882614,740,9.8672288,9.8586036,-0.0171427382581651,9.895409411117477,9.886591521166375,9.889236888151705,10.065043824609647,10.056074771879125,10.058765487698281,0.24347022850783817,0.2441443791157205,0.24394213393335584,0.2305012366506386,0.23118694404593843,0.23098123182734853,False,1,spread_hybrid_disc <= 0.12,2.653403648131099,269,277,8,2,16.78,428,839,1.6394275061115762,0.9835946573751452,0.0,,1139,169,2003,11.44,11.43,1146,0.86252,Frankfurter 2026-06-16 (ECB),2026-06-17T08:08:19.365684+00:00,ok,,ok,,best_deal,2026-04-17T00:50:36.186748+00:00,15.76,,50,True,8,-0.0028256746364777,16.2475,15.97625,1/1,13.7853,13.776,13.55,13.619,13.898,14.0134,12.956,15.822,2.023895018606777,3.361551797929679,-0.0085383781865969,-0.0200146092037983,-0.0389684813753582,-0.0042353614056228,-0.0190715606016262,0.0591830649970185,7,3,2026-06-25T02:28:31.953567+00:00,0.0028559803049744933,0.00196232615649649,0.002230422401039891
AK-47 | Nouveau Rouge (Field-Tested),A,507367013261307052,52678739377,13.15,11.44,0.33464831113815,238,9.8672288,9.8586036,-0.0171427382581651,9.926733873950312,9.923531818091783,9.924492434849341,10.096905274509902,10.093648326645903,10.094625411005103,0.2451152947566303,0.24535879710328645,0.24528574639928968,0.23217450383955118,0.2324221804832013,0.23234787749010632,False,1,spread_hybrid_disc <= 0.12,2.653403648131099,269,277,8,2,16.78,428,839,1.6394275061115762,0.9835946573751452,0.0,,1144,171,2003,11.44,11.43,1146,0.86252,Frankfurter 2026-06-16 (ECB),2026-06-17T08:08:19.365684+00:00,ok,,ok,,best_deal,2026-04-17T00:50:36.186748+00:00,15.76,,50,True,8,-0.0028256746364777,16.2475,15.97625,1/1,13.7853,13.776,13.55,13.619,13.898,14.0134,12.956,15.822,2.023895018606777,3.361551797929679,-0.0085383781865969,-0.0200146092037983,-0.0389684813753582,-0.0042353614056228,-0.0190715606016262,0.0591830649970185,7,3,2026-06-25T02:28:31.953567+00:00,0.006030576077278199,0.005706061877452789,0.005803416137400412
AK-47 | Nouveau Rouge (Field-Tested),A,493856214380913528,51803332957,13.15,11.44,0.35579401254654,873,9.8672288,9.8586036,-0.0171427382581651,9.913447625918252,9.921408531641884,9.919020259924793,10.083391263805396,10.091488641252147,10.08905942801812,0.24612565582370705,0.24552026375346891,0.24570188137454052,0.23320218526194714,0.2325864151139052,0.23277114615831795,False,1,spread_hybrid_disc <= 0.12,2.653403648131099,269,277,8,2,16.78,428,839,1.6394275061115762,0.9835946573751452,0.0,,1144,171,2003,11.44,11.43,1146,0.86252,Frankfurter 2026-06-16 (ECB),2026-06-17T08:08:19.365684+00:00,ok,,ok,,best_deal,2026-04-17T00:50:36.186748+00:00,15.76,,50,True,8,-0.0028256746364777,16.2475,15.97625,1/1,13.7853,13.776,13.55,13.619,13.898,14.0134,12.956,15.822,2.023895018606777,3.361551797929679,-0.0085383781865969,-0.0200146092037983,-0.0389684813753582,-0.0042353614056228,-0.0190715606016262,0.0591830649970185,7,3,2026-06-25T02:28:31.953567+00:00,0.004684073599089103,0.005490876186218044,0.005248835410079361
AK-47 | Nouveau Rouge (Field-Tested),A,515248312608970618,52681005735,13.15,11.44,0.36906981468201,821,9.8672288,9.8586036,-0.0171427382581651,9.899518450460546,9.895362569569173,9.896609333836585,10.069223304138667,10.06499618006894,10.066264317289859,0.2471849087102247,0.24750094527991084,0.24740613430900493,0.23427959664344733,0.2346010509453278,0.23450461465476358,False,1,spread_hybrid_disc <= 0.12,2.653403648131099,269,277,8,2,16.78,428,839,1.6394275061115762,0.9835946573751452,0.0,,1144,171,2003,11.44,11.43,1146,0.86252,Frankfurter 2026-06-16 (ECB),2026-06-17T08:08:19.365684+00:00,ok,,ok,,best_deal,2026-04-17T00:50:36.186748+00:00,15.76,,50,True,8,-0.0028256746364777,16.2475,15.97625,1/1,13.7853,13.776,13.55,13.619,13.898,14.0134,12.956,15.822,2.023895018606777,3.361551797929679,-0.0085383781865969,-0.0200146092037983,-0.0389684813753582,-0.0042353614056228,-0.0190715606016262,0.0591830649970185,7,3,2026-06-25T02:28:31.953567+00:00,0.0032724132697264908,0.0028512331212155522,0.0029775871657688334
AK-47 | Nouveau Rouge (Field-Tested),A,558031060291529212,52540290554,13.31,11.59,0.32203289866447,302,9.8672288,9.8586036,-0.0171427382581651,9.936768172862351,9.928912600817283,9.931269272430804,10.107111588781795,10.09912135072129,10.101518422139442,0.25343589986007886,0.2540261006147797,0.2538490403883694,0.24063774689843764,0.2412380653101961,0.2410579697866685,False,1,spread_hybrid_disc <= 0.12,2.653403648131099,269,277,8,2,16.78,428,839,1.6394275061115762,0.9835946573751452,0.0,,1159,172,2003,11.44,11.43,1146,0.86252,Frankfurter 2026-06-16 (ECB),2026-06-17T08:08:19.365684+00:00,ok,,ok,,best_deal,2026-04-17T00:50:36.186748+00:00,15.76,,50,True,8,-0.0028256746364777,16.2475,15.97625,1/1,13.7853,13.776,13.55,13.619,13.898,14.0134,12.956,15.822,2.023895018606777,3.361551797929679,-0.0085383781865969,-0.0200146092037983,-0.0389684813753582,-0.0042353614056228,-0.0190715606016262,0.0591830649970185,7,3,2026-06-25T02:28:31.953567+00:00,0.007047507894247916,0.006251380409592092,0.006490218654988839
Desert Eagle | Mulberry (Minimal Wear),A,526507311678204835,52683391958,10.46,9.1,0.14994798600674,588,7.4866736,7.7799304,0.020706506456555,8.095036939505055,8.102604571622233,8.10033428198708,7.927417004851143,7.934827937745025,7.93260465787686,0.22609589488479398,0.22537241189079993,0.22558945678899822,0.24212074523411642,0.24141224304540876,0.24162479370202106,False,1,spread_hybrid_disc <= 0.12,1.4694114116404497,394,400,6,2,16.9,366,845,4.406020976872784,0.956011216263582,0.0475612925582603,,910,136,2003,8.68,9.02,1154,0.86252,Frankfurter 2026-06-16 (ECB),2026-06-17T06:46:03.034492+00:00,ok,,ok,,best_deal,2026-04-17T07:47:48.625254+00:00,11.32,,50,True,8,0.0202176008208125,13.5275,13.81375,1/1,11.3935,11.412,10.91,11.044,11.625,11.929,10.032,13.384,5.09939878000614,8.943695966998728,0.001703357307425,0.0025186729199235,0.0255886272767658,0.0073413148124449,0.0059443941115362,0.0896647318721303,7,3,2026-06-24T22:38:12.195598+00:00,0.0812594981441499,0.08227031182743617,0.08196706772245028
AK-47 | Nouveau Rouge (Field-Tested),A,500611613821816249,52646058605,13.6,11.83,0.27098217606544,985,9.8672288,9.8586036,-0.0171427382581651,10.123348383236044,10.11496729240735,10.117481619655958,10.296890294866078,10.288365529190989,10.290922958893516,0.2556361482914673,0.25625240497004775,0.2560675279664736,0.24287571361278837,0.24350253461830962,0.24331448831665325,False,1,spread_hybrid_disc <= 0.12,2.653403648131099,269,277,8,2,16.78,428,839,1.6394275061115762,0.9835946573751452,0.0,,1183,177,2003,11.44,11.43,1146,0.86252,Frankfurter 2026-06-16 (ECB),2026-06-17T08:08:19.365684+00:00,ok,,ok,,best_deal,2026-04-17T00:50:36.186748+00:00,15.76,,50,True,8,-0.0028256746364777,16.2475,15.97625,1/1,13.7853,13.776,13.55,13.619,13.898,14.0134,12.956,15.822,2.023895018606777,3.361551797929679,-0.0085383781865969,-0.0200146092037983,-0.0389684813753582,-0.0042353614056228,-0.0190715606016262,0.0591830649970185,7,3,2026-06-25T02:28:31.953567+00:00,0.02595658704458596,0.025107200555372636,0.025362016502136635
Desert Eagle | Mulberry (Minimal Wear),A,490478514659813111,52676490906,10.52,9.16,0.14999954402447,692,7.4866736,7.7799304,0.020706506456555,8.095466408214442,8.104369708069065,8.101698718112678,7.927837580763925,7.936556524382624,7.933940841297014,0.23046897260318988,0.22962265132423332,0.22987654770792032,0.24640327179050137,0.24557447486857187,0.24582311394515077,False,1,spread_hybrid_disc <= 0.12,1.4694114116404497,394,400,6,2,16.9,366,845,4.406020976872784,0.956011216263582,0.0475612925582603,,916,136,2003,8.68,9.02,1154,0.86252,Frankfurter 2026-06-16 (ECB),2026-06-17T06:46:03.034492+00:00,ok,,ok,,best_deal,2026-04-17T07:47:48.625254+00:00,11.32,,50,True,8,0.0202176008208125,13.5275,13.81375,1/1,11.3935,11.412,10.91,11.044,11.625,11.929,10.032,13.384,5.09939878000614,8.943695966998728,0.001703357307425,0.0025186729199235,0.0255886272767658,0.0073413148124449,0.0059443941115362,0.0896647318721303,7,3,2026-06-24T22:38:12.195598+00:00,0.08131686256690047,0.08250608228320039,0.08214931636831041
Desert Eagle | Mulberry (Minimal Wear),A,507367013261653588,52673944095,10.53,9.17,0.14958316087723,791,7.4866736,7.7799304,0.020706506456555,8.092021211437691,8.090698663427098,8.091095427830277,7.924463721976476,7.923168559314804,7.9235571081133065,0.231526950480751,0.2316525485824218,0.23161486915192042,0.24743934264230993,0.24756234004607747,0.2475254408249471,False,1,spread_hybrid_disc <= 0.12,1.4694114116404497,394,400,6,2,16.9,366,845,4.406020976872784,0.956011216263582,0.0475612925582603,,917,136,2003,8.68,9.02,1154,0.86252,Frankfurter 2026-06-16 (ECB),2026-06-17T06:46:03.034492+00:00,ok,,ok,,best_deal,2026-04-17T07:47:48.625254+00:00,11.32,,50,True,8,0.0202176008208125,13.5275,13.81375,1/1,11.3935,11.412,10.91,11.044,11.625,11.929,10.032,13.384,5.09939878000614,8.943695966998728,0.001703357307425,0.0025186729199235,0.0255886272767658,0.0073413148124449,0.0059443941115362,0.0896647318721303,7,3,2026-06-24T22:38:12.195598+00:00,0.08085668532920838,0.08068003170688495,0.08073302779358199
Desert Eagle | Mulberry (Minimal Wear),A,507367013261653768,52577972458,10.53,9.17,0.14925934374332,817,7.4866736,7.7799304,0.020706506456555,8.089395170071434,8.081632659959135,8.083961412992824,7.921892056752725,7.914290281106186,7.9165708138001465,0.23177633712521994,0.23251351757273164,0.23229236343847814,0.24768356536061487,0.2484054813764306,0.2481889065716859,False,1,spread_hybrid_disc <= 0.12,1.4694114116404497,394,400,6,2,16.9,366,845,4.406020976872784,0.956011216263582,0.0475612925582603,,917,136,2003,8.68,9.02,1154,0.86252,Frankfurter 2026-06-16 (ECB),2026-06-17T06:46:03.034492+00:00,ok,,ok,,best_deal,2026-04-17T07:47:48.625254+00:00,11.32,,50,True,8,0.0202176008208125,13.5275,13.81375,1/1,11.3935,11.412,10.91,11.044,11.625,11.929,10.032,13.384,5.09939878000614,8.943695966998728,0.001703357307425,0.0025186729199235,0.0255886272767658,0.0073413148124449,0.0059443941115362,0.0896647318721303,7,3,2026-06-24T22:38:12.195598+00:00,0.08050592322756475,0.07946907956013141,0.07978013266036142
AK-47 | Nouveau Rouge (Field-Tested),A,523129611958177658,52549093310,13.77,11.99,0.26823687553406,552,9.8672288,9.8586036,-0.0171427382581651,10.138015806775032,10.13113316857386,10.133197960034211,10.311809158207716,10.304808532741337,10.30690872038125,0.2637606531027573,0.26426048158505,0.26411053304036225,0.25113949468353547,0.25164789159467416,0.2514953725213326,False,1,spread_hybrid_disc <= 0.12,2.653403648131099,269,277,8,2,16.78,428,839,1.6394275061115762,0.9835946573751452,0.0,,1199,178,2003,11.44,11.43,1146,0.86252,Frankfurter 2026-06-16 (ECB),2026-06-17T08:08:19.365684+00:00,ok,,ok,,best_deal,2026-04-17T00:50:36.186748+00:00,15.76,,50,True,8,-0.0028256746364777,16.2475,15.97625,1/1,13.7853,13.776,13.55,13.619,13.898,14.0134,12.956,15.822,2.023895018606777,3.361551797929679,-0.0085383781865969,-0.0200146092037983,-0.0389684813753582,-0.0042353614056228,-0.0190715606016262,0.0591830649970185,7,3,2026-06-25T02:28:31.953567+00:00,0.02744306555200499,0.02674554060952362,0.02695479809226803
AK-47 | Nouveau Rouge (Field-Tested),A,531009462531149990,52139964204,13.5,11.75,0.3589189350605,981,9.8672288,9.8586036,-0.0171427382581651,9.910299938948166,9.91656309429321,9.914684147689695,10.080189616861462,10.086560139839257,10.084648982945916,0.2659037082260618,0.26543977079309555,0.26557895202298554,0.25331928763989164,0.2528473970489439,0.2529889642262284,False,1,spread_hybrid_disc <= 0.12,2.653403648131099,269,277,8,2,16.78,428,839,1.6394275061115762,0.9835946573751452,0.0,,1175,175,2003,11.44,11.43,1146,0.86252,Frankfurter 2026-06-16 (ECB),2026-06-17T08:08:19.365684+00:00,ok,,ok,,best_deal,2026-04-17T00:50:36.186748+00:00,15.76,,50,True,8,-0.0028256746364777,16.2475,15.97625,1/1,13.7853,13.776,13.55,13.619,13.898,14.0134,12.956,15.822,2.023895018606777,3.361551797929679,-0.0085383781865969,-0.0200146092037983,-0.0389684813753582,-0.0042353614056228,-0.0190715606016262,0.0591830649970185,7,3,2026-06-25T02:28:31.953567+00:00,0.004365069445654871,0.00499981254039728,0.004809389611974558
Desert Eagle | Mulberry (Minimal Wear),A,516374212513554349,49333846327,10.58,9.2,0.14505930244923,997,7.4866736,7.7799304,0.020706506456555,8.06910300283759,8.066349991340035,8.067175894789301,7.902020069410725,7.89932406316352,7.900132865037682,0.23732485795485914,0.23758506698109316,0.2375070042732229,0.25311719570787095,0.25337201671422305,0.25329557041231743,False,1,spread_hybrid_disc <= 0.12,1.4694114116404497,394,400,6,2,16.9,366,845,4.406020976872784,0.956011216263582,0.0475612925582603,,920,138,2003,8.68,9.02,1154,0.86252,Frankfurter 2026-06-16 (ECB),2026-06-17T06:46:03.034492+00:00,ok,,ok,,best_deal,2026-04-17T07:47:48.625254+00:00,11.32,,50,True,8,0.0202176008208125,13.5275,13.81375,1/1,11.3935,11.412,10.91,11.044,11.625,11.929,10.032,13.384,5.09939878000614,8.943695966998728,0.001703357307425,0.0025186729199235,0.0255886272767658,0.0073413148124449,0.0059443941115362,0.0896647318721303,7,3,2026-06-24T22:38:12.195598+00:00,0.07779548487830293,0.07742776329130137,0.07753807976740185
AK-47 | Nouveau Rouge (Field-Tested),A,518626012328221158,52517285274,13.88,12.08,0.2598894238472,735,9.8672288,9.8586036,-0.0171427382581651,10.190264163137527,10.182318044121661,10.18470187982642,10.364953194467754,10.35687085721343,10.359295558389725,0.2658311121658842,0.26640359912668155,0.26623185303844243,0.25324544708445584,0.25382774803937824,0.2536530577529017,False,1,spread_hybrid_disc <= 0.12,2.653403648131099,269,277,8,2,16.78,428,839,1.6394275061115762,0.9835946573751452,0.0,,1208,180,2003,11.44,11.43,1146,0.86252,Frankfurter 2026-06-16 (ECB),2026-06-17T08:08:19.365684+00:00,ok,,ok,,best_deal,2026-04-17T00:50:36.186748+00:00,15.76,,50,True,8,-0.0028256746364777,16.2475,15.97625,1/1,13.7853,13.776,13.55,13.619,13.898,14.0134,12.956,15.822,2.023895018606777,3.361551797929679,-0.0085383781865969,-0.0200146092037983,-0.0389684813753582,-0.0042353614056228,-0.0190715606016262,0.0591830649970185,7,3,2026-06-25T02:28:31.953567+00:00,0.03273820539537171,0.0319329013756792,0.03217449258158696
AK-47 | Nouveau Rouge (Field-Tested),A,538890761820659662,52618313846,13.51,11.76,0.36171168088913,265,9.8672288,9.8586036,-0.0171427382581651,9.907424205305976,9.912537215209202,9.911003312238233,10.077264585270145,10.082465246163853,10.080905047895738,0.2666599403918597,0.2662814792591264,0.26639501759894646,0.2540884836957702,0.25370353470289764,0.25381901940075957,False,1,spread_hybrid_disc <= 0.12,2.653403648131099,269,277,8,2,16.78,428,839,1.6394275061115762,0.9835946573751452,0.0,,1176,175,2003,11.44,11.43,1146,0.86252,Frankfurter 2026-06-16 (ECB),2026-06-17T08:08:19.365684+00:00,ok,,ok,,best_deal,2026-04-17T00:50:36.186748+00:00,15.76,,50,True,8,-0.0028256746364777,16.2475,15.97625,1/1,13.7853,13.776,13.55,13.619,13.898,14.0134,12.956,15.822,2.023895018606777,3.361551797929679,-0.0085383781865969,-0.0200146092037983,-0.0389684813753582,-0.0042353614056228,-0.0190715606016262,0.0591830649970185,7,3,2026-06-25T02:28:31.953567+00:00,0.004073626559259997,0.004591807500116119,0.004436353217859282
AK-47 | Nouveau Rouge (Field-Tested),A,515248312608555826,52782965018,13.57,11.8,0.31621259450912,364,9.8672288,9.8586036,-0.0171427382581651,9.944743463070806,9.937752891485205,9.939850062960886,10.115223597302826,10.108113188178258,10.11024631091563,0.2671522871723798,0.2676674361470004,0.2675128914546141,0.2545892706482811,0.25511325068693746,0.2549560566753405,False,1,spread_hybrid_disc <= 0.12,2.653403648131099,269,277,8,2,16.78,428,839,1.6394275061115762,0.9835946573751452,0.0,,1180,177,2003,11.44,11.43,1146,0.86252,Frankfurter 2026-06-16 (ECB),2026-06-17T08:08:19.365684+00:00,ok,,ok,,best_deal,2026-04-17T00:50:36.186748+00:00,15.76,,50,True,8,-0.0028256746364777,16.2475,15.97625,1/1,13.7853,13.776,13.55,13.619,13.898,14.0134,12.956,15.822,2.023895018606777,3.361551797929679,-0.0085383781865969,-0.0200146092037983,-0.0389684813753582,-0.0042353614056228,-0.0190715606016262,0.0591830649970185,7,3,2026-06-25T02:28:31.953567+00:00,0.007855768285296582,0.007147304771650466,0.0073598438257443015
AK-47 | Nouveau Rouge (Field-Tested),A,502863413625880662,51884122893,13.72,11.94,0.29771888256073,289,9.8672288,9.8586036,-0.0171427382581651,9.994317257124749,9.992696941710896,9.993183036335054,10.1656472219327,10.163999129875812,10.16449355749288,0.2715512203261845,0.27166931911728165,0.2716338894799524,0.25906361356175667,0.2591837368895181,0.25914769989118946,False,1,spread_hybrid_disc <= 0.12,2.653403648131099,269,277,8,2,16.78,428,839,1.6394275061115762,0.9835946573751452,0.0,,1194,178,2003,11.44,11.43,1146,0.86252,Frankfurter 2026-06-16 (ECB),2026-06-17T08:08:19.365684+00:00,ok,,ok,,best_deal,2026-04-17T00:50:36.186748+00:00,15.76,,50,True,8,-0.0028256746364777,16.2475,15.97625,1/1,13.7853,13.776,13.55,13.619,13.898,14.0134,12.956,15.822,2.023895018606777,3.361551797929679,-0.0085383781865969,-0.0200146092037983,-0.0389684813753582,-0.0042353614056228,-0.0190715606016262,0.0591830649970185,7,3,2026-06-25T02:28:31.953567+00:00,0.012879853067230874,0.012715641266056165,0.012764904806408578
AK-47 | Nouveau Rouge (Field-Tested),A,501737513707258724,52602388774,13.61,11.84,0.36146861314774,113,9.8672288,9.8586036,-0.0171427382581651,9.907676813513644,9.912992895965333,9.911398071229826,10.0775215238742,10.082928738535916,10.0813065741374,0.27202962428261246,0.27163902307381826,0.27175620343645657,0.25955021867199113,0.25915292148891134,0.2592721106438354,False,1,spread_hybrid_disc <= 0.12,2.653403648131099,269,277,8,2,16.78,428,839,1.6394275061115762,0.9835946573751452,0.0,,1184,177,2003,11.44,11.43,1146,0.86252,Frankfurter 2026-06-16 (ECB),2026-06-17T08:08:19.365684+00:00,ok,,ok,,best_deal,2026-04-17T00:50:36.186748+00:00,15.76,,50,True,8,-0.0028256746364777,16.2475,15.97625,1/1,13.7853,13.776,13.55,13.619,13.898,14.0134,12.956,15.822,2.023895018606777,3.361551797929679,-0.0085383781865969,-0.0200146092037983,-0.0389684813753582,-0.0042353614056228,-0.0190715606016262,0.0591830649970185,7,3,2026-06-25T02:28:31.953567+00:00,0.004099227283920378,0.004637988729452927,0.004476360295793162
AK-47 | Nouveau Rouge (Field-Tested),A,517500112418915169,52660625948,13.63,11.86,0.34541231393814,225,9.8672288,9.8586036,-0.0171427382581651,9.9232585836608,9.925822698253512,9.925053463875699,10.093370408228587,10.095978478766625,10.095196057605214,0.27195461601901694,0.2717664931582163,0.2718229300164565,0.25947392456136564,0.259282576759602,0.259339981100131,False,1,spread_hybrid_disc <= 0.12,2.653403648131099,269,277,8,2,16.78,428,839,1.6394275061115762,0.9835946573751452,0.0,,1186,177,2003,11.44,11.43,1146,0.86252,Frankfurter 2026-06-16 (ECB),2026-06-17T08:08:19.365684+00:00,ok,,ok,,best_deal,2026-04-17T00:50:36.186748+00:00,15.76,,50,True,8,-0.0028256746364777,16.2475,15.97625,1/1,13.7853,13.776,13.55,13.619,13.898,14.0134,12.956,15.822,2.023895018606777,3.361551797929679,-0.0085383781865969,-0.0200146092037983,-0.0389684813753582,-0.0042353614056228,-0.0190715606016262,0.0591830649970185,7,3,2026-06-25T02:28:31.953567+00:00,0.005678370776281289,0.005938232450180195,0.005860273948010523
AK-47 | Nouveau Rouge (Field-Tested),A,517500112420760781,52662460312,13.63,11.86,0.35042089223862,789,9.8672288,9.8586036,-0.0171427382581651,9.918727076015294,9.924776341952287,9.922961562171189,10.088761218133598,10.094914185053204,10.093068294977321,0.27228708173035265,0.27184326177899587,0.2719764077644029,0.2598120896453707,0.259360661404754,0.25949608987693906,False,1,spread_hybrid_disc <= 0.12,2.653403648131099,269,277,8,2,16.78,428,839,1.6394275061115762,0.9835946573751452,0.0,,1186,177,2003,11.44,11.43,1146,0.86252,Frankfurter 2026-06-16 (ECB),2026-06-17T08:08:19.365684+00:00,ok,,ok,,best_deal,2026-04-17T00:50:36.186748+00:00,15.76,,50,True,8,-0.0028256746364777,16.2475,15.97625,1/1,13.7853,13.776,13.55,13.619,13.898,14.0134,12.956,15.822,2.023895018606777,3.361551797929679,-0.0085383781865969,-0.0200146092037983,-0.0389684813753582,-0.0042353614056228,-0.0190715606016262,0.0591830649970185,7,3,2026-06-25T02:28:31.953567+00:00,0.005219122517488862,0.005832188866674099,0.005648268961918528
AK-47 | Nouveau Rouge (Field-Tested),A,517500112418914557,52661885932,13.63,11.86,0.36956316232681,151,9.8672288,9.8586036,-0.0171427382581651,9.898970060982867,9.894181346812717,9.895617961063762,10.068665513763708,10.063794707919946,10.065255949673075,0.2737366059440304,0.2740879422734618,0.2739825413746324,0.2612864626732423,0.2616438218694097,0.2615366141105595,False,1,spread_hybrid_disc <= 0.12,2.653403648131099,269,277,8,2,16.78,428,839,1.6394275061115762,0.9835946573751452,0.0,,1186,177,2003,11.44,11.43,1146,0.86252,Frankfurter 2026-06-16 (ECB),2026-06-17T08:08:19.365684+00:00,ok,,ok,,best_deal,2026-04-17T00:50:36.186748+00:00,15.76,,50,True,8,-0.0028256746364777,16.2475,15.97625,1/1,13.7853,13.776,13.55,13.619,13.898,14.0134,12.956,15.822,2.023895018606777,3.361551797929679,-0.0085383781865969,-0.0200146092037983,-0.0389684813753582,-0.0042353614056228,-0.0190715606016262,0.0591830649970185,7,3,2026-06-25T02:28:31.953567+00:00,0.0032168364214749706,0.0027315214189333127,0.00287711591969581
AK-47 | Nouveau Rouge (Field-Tested),A,515248312590532534,52621260471,13.68,11.9,0.3434961438179,557,9.8672288,9.8586036,-0.0171427382581651,9.924389124904698,9.92612091092764,9.925601375120758,10.09452033004512,10.09628180362257,10.095753361549336,0.27453295870579697,0.27440636616026026,0.27444434392392114,0.262096467101965,0.26196770441355477,0.2620063332200777,False,1,spread_hybrid_disc <= 0.12,2.653403648131099,269,277,8,2,16.78,428,839,1.6394275061115762,0.9835946573751452,0.0,,1190,178,2003,11.44,11.43,1146,0.86252,Frankfurter 2026-06-16 (ECB),2026-06-17T08:08:19.365684+00:00,ok,,ok,,best_deal,2026-04-17T00:50:36.186748+00:00,15.76,,50,True,8,-0.0028256746364777,16.2475,15.97625,1/1,13.7853,13.776,13.55,13.619,13.898,14.0134,12.956,15.822,2.023895018606777,3.361551797929679,-0.0085383781865969,-0.0200146092037983,-0.0389684813753582,-0.0042353614056228,-0.0190715606016262,0.0591830649970185,7,3,2026-06-25T02:28:31.953567+00:00,0.005792946131410192,0.005968454985825525,0.005915802329500924
AK-47 | Nouveau Rouge (Field-Tested),A,551275660789721179,52384349904,13.7,11.92,0.34176543354988,852,9.8672288,9.8586036,-0.0171427382581651,9.92456192871149,9.925949426865587,9.925533177419357,10.094696096182341,10.096107379854127,10.09568399475259,0.2755794212619349,0.2754781440244096,0.2755085271956673,0.2631608688917999,0.2630578554851002,0.2630887595071101,False,1,spread_hybrid_disc <= 0.12,2.653403648131099,269,277,8,2,16.78,428,839,1.6394275061115762,0.9835946573751452,0.0,,1192,178,2003,11.44,11.43,1146,0.86252,Frankfurter 2026-06-16 (ECB),2026-06-17T08:08:19.365684+00:00,ok,,ok,,best_deal,2026-04-17T00:50:36.186748+00:00,15.76,,50,True,8,-0.0028256746364777,16.2475,15.97625,1/1,13.7853,13.776,13.55,13.619,13.898,14.0134,12.956,15.822,2.023895018606777,3.361551797929679,-0.0085383781865969,-0.0200146092037983,-0.0389684813753582,-0.0042353614056228,-0.0190715606016262,0.0591830649970185,7,3,2026-06-25T02:28:31.953567+00:00,0.005810459032984955,0.005951075834543161,0.005908890794075699
AK-47 | Nouveau Rouge (Field-Tested),A,517500112404556029,51762636148,13.8,12.0,0.31720179319382,646,9.8672288,9.8586036,-0.0171427382581651,9.942941640770288,9.935980459649336,9.938068813985621,10.113390886834223,10.106310372007346,10.10843452645541,0.2794969825528777,0.28000141596743944,0.2798500859430709,0.26714558791056364,0.2676586686951199,0.2675047444597529,False,1,spread_hybrid_disc <= 0.12,2.653403648131099,269,277,8,2,16.78,428,839,1.6394275061115762,0.9835946573751452,0.0,,1200,180,2003,11.44,11.43,1146,0.86252,Frankfurter 2026-06-16 (ECB),2026-06-17T08:08:19.365684+00:00,ok,,ok,,best_deal,2026-04-17T00:50:36.186748+00:00,15.76,,50,True,8,-0.0028256746364777,16.2475,15.97625,1/1,13.7853,13.776,13.55,13.619,13.898,14.0134,12.956,15.822,2.023895018606777,3.361551797929679,-0.0085383781865969,-0.0200146092037983,-0.0389684813753582,-0.0042353614056228,-0.0190715606016262,0.0591830649970185,7,3,2026-06-25T02:28:31.953567+00:00,0.007673161563892103,0.006967676643855366,0.007179322119866387
AK-47 | Nouveau Rouge (Field-Tested),A,527633211584341341,52473898635,13.8,12.0,0.34092816710472,127,9.8672288,9.8586036,-0.0171427382581651,9.924856822786055,9.925753867215198,9.925484753886455,10.09499604554884,10.095908467775837,10.095634741107737,0.2808074766097063,0.2807424733902031,0.2807619743560541,0.2684785474239971,0.2684124298713162,0.2684322651371205,False,1,spread_hybrid_disc <= 0.12,2.653403648131099,269,277,8,2,16.78,428,839,1.6394275061115762,0.9835946573751452,0.0,,1200,180,2003,11.44,11.43,1146,0.86252,Frankfurter 2026-06-16 (ECB),2026-06-17T08:08:19.365684+00:00,ok,,ok,,best_deal,2026-04-17T00:50:36.186748+00:00,15.76,,50,True,8,-0.0028256746364777,16.2475,15.97625,1/1,13.7853,13.776,13.55,13.619,13.898,14.0134,12.956,15.822,2.023895018606777,3.361551797929679,-0.0085383781865969,-0.0200146092037983,-0.0389684813753582,-0.0042353614056228,-0.0190715606016262,0.0591830649970185,7,3,2026-06-25T02:28:31.953567+00:00,0.005840345243241428,0.005931256728859551,0.005903983283174114
AK-47 | Nouveau Rouge (Field-Tested),A,554653360503427714,52341102978,13.8,12.0,0.35411447286606,861,9.8672288,9.8586036,-0.0171427382581651,9.915112633427302,9.922393790241225,9.920209443197047,10.085084814102371,10.092490789881772,10.090268997147952,0.2815135772878766,0.28098595722889674,0.2811442432465908,0.2691967526012775,0.2686600876897267,0.268821087163192,False,1,spread_hybrid_disc <= 0.12,2.653403648131099,269,277,8,2,16.78,428,839,1.6394275061115762,0.9835946573751452,0.0,,1200,180,2003,11.44,11.43,1146,0.86252,Frankfurter 2026-06-16 (ECB),2026-06-17T08:08:19.365684+00:00,ok,,ok,,best_deal,2026-04-17T00:50:36.186748+00:00,15.76,,50,True,8,-0.0028256746364777,16.2475,15.97625,1/1,13.7853,13.776,13.55,13.619,13.898,14.0134,12.956,15.822,2.023895018606777,3.361551797929679,-0.0085383781865969,-0.0200146092037983,-0.0389684813753582,-0.0042353614056228,-0.0190715606016262,0.0591830649970185,7,3,2026-06-25T02:28:31.953567+00:00,0.004852814746456764,0.0055907277878491455,0.005369353875431431
AK-47 | Nouveau Rouge (Field-Tested),A,537764861826202483,52351106730,13.8,12.0,0.37829303741455,211,9.8672288,9.8586036,-0.0171427382581651,9.888878624788846,9.872976920757843,9.877747431967142,10.058401082720364,10.042226779939298,10.047079070773616,0.2834145924066054,0.2845668898001563,0.2842212005820912,0.27113035632461135,0.2723024072507755,0.2719507919729264,False,1,spread_hybrid_disc <= 0.12,2.653403648131099,269,277,8,2,16.78,428,839,1.6394275061115762,0.9835946573751452,0.0,,1200,180,2003,11.44,11.43,1146,0.86252,Frankfurter 2026-06-16 (ECB),2026-06-17T08:08:19.365684+00:00,ok,,ok,,best_deal,2026-04-17T00:50:36.186748+00:00,15.76,,50,True,8,-0.0028256746364777,16.2475,15.97625,1/1,13.7853,13.776,13.55,13.619,13.898,14.0134,12.956,15.822,2.023895018606777,3.361551797929679,-0.0085383781865969,-0.0200146092037983,-0.0389684813753582,-0.0042353614056228,-0.0190715606016262,0.0591830649970185,7,3,2026-06-25T02:28:31.953567+00:00,0.0021941139936723325,0.0005825466171253166,0.0010660168300894214
Desert Eagle | Mulberry (Minimal Wear),A,517500112423510317,52761195437,10.86,9.45,0.14360411465168,58,7.4866736,7.7799304,0.020706506456555,8.07110454873403,8.071564626738171,8.071426603336928,7.903980170284139,7.904430721680116,7.904295556261322,0.2568043693615073,0.25676200490440415,0.2567747142415352,0.2721933544858067,0.27215186724860807,0.27216431341976777,False,1,spread_hybrid_disc <= 0.12,1.4694114116404497,394,400,6,2,16.9,366,845,4.406020976872784,0.956011216263582,0.0475612925582603,,945,141,2003,8.68,9.02,1154,0.86252,Frankfurter 2026-06-16 (ECB),2026-06-17T06:46:03.034492+00:00,ok,,ok,,best_deal,2026-04-17T07:47:48.625254+00:00,11.32,,50,True,8,0.0202176008208125,13.5275,13.81375,1/1,11.3935,11.412,10.91,11.044,11.625,11.929,10.032,13.384,5.09939878000614,8.943695966998728,0.001703357307425,0.0025186729199235,0.0255886272767658,0.0073413148124449,0.0059443941115362,0.0896647318721303,7,3,2026-06-24T22:38:12.195598+00:00,0.0780628327023673,0.07812428562909038,0.07810584975107346
AK-47 | Nouveau Rouge (Field-Tested),A,533261262302343345,51867959348,13.88,12.08,0.36360302567482,719,9.8672288,9.8586036,-0.0171427382581651,9.905438964225153,9.908259097677728,9.907413057641955,10.075245311721094,10.0781137899833,10.077253246504638,0.2863516596379573,0.2861484799944001,0.2862094338874672,0.274117772930757,0.27391111023175074,0.27397310904145267,False,1,spread_hybrid_disc <= 0.12,2.653403648131099,269,277,8,2,16.78,428,839,1.6394275061115762,0.9835946573751452,0.0,,1208,180,2003,11.44,11.43,1146,0.86252,Frankfurter 2026-06-16 (ECB),2026-06-17T08:08:19.365684+00:00,ok,,ok,,best_deal,2026-04-17T00:50:36.186748+00:00,15.76,,50,True,8,-0.0028256746364777,16.2475,15.97625,1/1,13.7853,13.776,13.55,13.619,13.898,14.0134,12.956,15.822,2.023895018606777,3.361551797929679,-0.0085383781865969,-0.0200146092037983,-0.0389684813753582,-0.0042353614056228,-0.0190715606016262,0.0591830649970185,7,3,2026-06-25T02:28:31.953567+00:00,0.003872431155660894,0.004158239208736026,0.004072496792813487
Desert Eagle | Mulberry (Minimal Wear),A,498359813999307532,52432163526,12.27,10.68,0.09478937089443,19,7.4866736,7.7799304,0.020706506456555,9.086195537455335,9.097927451124425,9.094407877023698,8.898052170893495,8.909541157616449,8.906094461599562,0.2594787663035586,0.25852262012025873,0.2588094639752486,0.2748123740103101,0.273876026274128,0.2741569305949827,False,1,spread_hybrid_disc <= 0.12,1.4694114116404497,394,400,6,2,16.9,366,845,4.406020976872784,0.956011216263582,0.0475612925582603,,1068,159,2003,8.68,9.02,1154,0.86252,Frankfurter 2026-06-16 (ECB),2026-06-17T06:46:03.034492+00:00,ok,,ok,,best_deal,2026-04-17T07:47:48.625254+00:00,11.32,,50,True,8,0.0202176008208125,13.5275,13.81375,1/1,11.3935,11.412,10.91,11.044,11.625,11.929,10.032,13.384,5.09939878000614,8.943695966998728,0.001703357307425,0.0025186729199235,0.0255886272767658,0.0073413148124449,0.0059443941115362,0.0896647318721303,7,3,2026-06-24T22:38:12.195598+00:00,0.21364921498051365,0.2152162545358497,0.21474614266924888
AK-47 | Nouveau Rouge (Field-Tested),A,515248312596683242,52592621509,13.94,12.13,0.31615206599236,590,9.8672288,9.8586036,-0.0171427382581651,9.944869232755295,9.937858972043907,9.939962050257323,10.115351523024097,10.108221087248213,10.110360217980977,0.28659474657422557,0.28709763471707983,0.2869467682742236,0.2743650270427477,0.27487653606540796,0.27472308335860995,False,1,spread_hybrid_disc <= 0.12,2.653403648131099,269,277,8,2,16.78,428,839,1.6394275061115762,0.9835946573751452,0.0,,1213,181,2003,11.44,11.43,1146,0.86252,Frankfurter 2026-06-16 (ECB),2026-06-17T08:08:19.365684+00:00,ok,,ok,,best_deal,2026-04-17T00:50:36.186748+00:00,15.76,,50,True,8,-0.0028256746364777,16.2475,15.97625,1/1,13.7853,13.776,13.55,13.619,13.898,14.0134,12.956,15.822,2.023895018606777,3.361551797929679,-0.0085383781865969,-0.0200146092037983,-0.0389684813753582,-0.0042353614056228,-0.0190715606016262,0.0591830649970185,7,3,2026-06-25T02:28:31.953567+00:00,0.007868514486589689,0.0071580555671221175,0.00737119324296239
Desert Eagle | Mulberry (Minimal Wear),A,508492913162520680,52655546001,10.93,9.51,0.14971201121807,668,7.4866736,7.7799304,0.020706506456555,8.093074467304886,8.09460518712892,8.09414597118171,7.9254951685942565,7.926994192558372,7.926544485369138,0.2595540286088851,0.2594139810495041,0.25945599531731833,0.2748860778962253,0.2747489302325369,0.2747900745316434,False,1,spread_hybrid_disc <= 0.12,1.4694114116404497,394,400,6,2,16.9,366,845,4.406020976872784,0.956011216263582,0.0475612925582603,,951,142,2003,8.68,9.02,1154,0.86252,Frankfurter 2026-06-16 (ECB),2026-06-17T06:46:03.034492+00:00,ok,,ok,,best_deal,2026-04-17T07:47:48.625254+00:00,11.32,,50,True,8,0.0202176008208125,13.5275,13.81375,1/1,11.3935,11.412,10.91,11.044,11.625,11.929,10.032,13.384,5.09939878000614,8.943695966998728,0.001703357307425,0.0025186729199235,0.0255886272767658,0.0073413148124449,0.0059443941115362,0.0896647318721303,7,3,2026-06-24T22:38:12.195598+00:00,0.08099736941982978,0.08120182869050423,0.0811404909093019
Desert Eagle | Mulberry (Minimal Wear),A,508492913162520644,52671858029,10.93,9.51,0.14589127898216,607,7.4866736,7.7799304,0.020706506456555,8.067453650219283,8.066969091360253,8.067114459017962,7.900404869123059,7.899930343785172,7.900072701386538,0.2618981106844206,0.261942443608394,0.261929143731202,0.2771816222211291,0.27722503716512603,0.27721201268192697,False,1,spread_hybrid_disc <= 0.12,1.4694114116404497,394,400,6,2,16.9,366,845,4.406020976872784,0.956011216263582,0.0475612925582603,,951,142,2003,8.68,9.02,1154,0.86252,Frankfurter 2026-06-16 (ECB),2026-06-17T06:46:03.034492+00:00,ok,,ok,,best_deal,2026-04-17T07:47:48.625254+00:00,11.32,,50,True,8,0.0202176008208125,13.5275,13.81375,1/1,11.3935,11.412,10.91,11.044,11.625,11.929,10.032,13.384,5.09939878000614,8.943695966998728,0.001703357307425,0.0025186729199235,0.0255886272767658,0.0073413148124449,0.0059443941115362,0.0896647318721303,7,3,2026-06-24T22:38:12.195598+00:00,0.07757517974595335,0.07751045689506939,0.07752987375033459
Desert Eagle | Mulberry (Minimal Wear),A,508492913162520788,52647512516,10.93,9.51,0.14584051072598,802,7.4866736,7.7799304,0.020706506456555,8.067535020501158,8.066913094410507,8.067099672237703,7.900484554510666,7.8998755063366275,7.90005822078884,0.2618906660108731,0.26194756684258846,0.2619304965930739,0.27717433170076244,0.27723005431503867,0.2772133375307557,False,1,spread_hybrid_disc <= 0.12,1.4694114116404497,394,400,6,2,16.9,366,845,4.406020976872784,0.956011216263582,0.0475612925582603,,951,142,2003,8.68,9.02,1154,0.86252,Frankfurter 2026-06-16 (ECB),2026-06-17T06:46:03.034492+00:00,ok,,ok,,best_deal,2026-04-17T07:47:48.625254+00:00,11.32,,50,True,8,0.0202176008208125,13.5275,13.81375,1/1,11.3935,11.412,10.91,11.044,11.625,11.929,10.032,13.384,5.09939878000614,8.943695966998728,0.001703357307425,0.0025186729199235,0.0255886272767658,0.0073413148124449,0.0059443941115362,0.0896647318721303,7,3,2026-06-24T22:38:12.195598+00:00,0.07758604842892539,0.0775029773450398,0.07752789867020547
Desert Eagle | Mulberry (Minimal Wear),A,498359813995558024,50331029232,10.94,9.52,0.14643007516861,677,7.4866736,7.7799304,0.020706506456555,8.06856018719714,8.067823634475808,8.068044600292207,7.9014884935858385,7.900767192298187,7.900983582684483,0.2624716465084882,0.26253897308265006,0.26251877511040145,0.27774328212195254,0.2778092145979719,0.27778943485516605,False,1,spread_hybrid_disc <= 0.12,1.4694114116404497,394,400,6,2,16.9,366,845,4.406020976872784,0.956011216263582,0.0475612925582603,,952,142,2003,8.68,9.02,1154,0.86252,Frankfurter 2026-06-16 (ECB),2026-06-17T06:46:03.034492+00:00,ok,,ok,,best_deal,2026-04-17T07:47:48.625254+00:00,11.32,,50,True,8,0.0202176008208125,13.5275,13.81375,1/1,11.3935,11.412,10.91,11.044,11.625,11.929,10.032,13.384,5.09939878000614,8.943695966998728,0.001703357307425,0.0025186729199235,0.0255886272767658,0.0073413148124449,0.0059443941115362,0.0896647318721303,7,3,2026-06-24T22:38:12.195598+00:00,0.07772298063016135,0.07762459879055068,0.07765411334243388
Desert Eagle | Mulberry (Minimal Wear),A,510744712962772479,52771961857,10.97,9.55,0.14933460950851,711,7.4866736,7.7799304,0.020706506456555,8.090002752651696,8.083639466193196,8.085548452130746,7.922487058420366,7.916255533394003,7.918124990901912,0.26253393321315444,0.2631139957891344,0.2629399770163404,0.2778042790865666,0.27837233059307176,0.27820191514112014,False,1,spread_hybrid_disc <= 0.12,1.4694114116404497,394,400,6,2,16.9,366,845,4.406020976872784,0.956011216263582,0.0475612925582603,,955,142,2003,8.68,9.02,1154,0.86252,Frankfurter 2026-06-16 (ECB),2026-06-17T06:46:03.034492+00:00,ok,,ok,,best_deal,2026-04-17T07:47:48.625254+00:00,11.32,,50,True,8,0.0202176008208125,13.5275,13.81375,1/1,11.3935,11.412,10.91,11.044,11.625,11.929,10.032,13.384,5.09939878000614,8.943695966998728,0.001703357307425,0.0025186729199235,0.0255886272767658,0.0073413148124449,0.0059443941115362,0.0896647318721303,7,3,2026-06-24T22:38:12.195598+00:00,0.08058707843917445,0.07973713001100989,0.07999211453945926
AK-47 | Nouveau Rouge (Field-Tested),A,549023860916480306,52467599333,14.03,12.2,0.30985817313194,116,9.8672288,9.8586036,-0.0171427382581651,9.958352847425864,9.953075318496865,9.954658577175563,10.129066283771738,10.123698283545659,10.125308683613481,0.29021006076793554,0.2905862210622334,0.29047337297394416,0.2780423176214014,0.2784249263331675,0.2783101437196378,False,1,spread_hybrid_disc <= 0.12,2.653403648131099,269,277,8,2,16.78,428,839,1.6394275061115762,0.9835946573751452,0.0,,1220,183,2003,11.44,11.43,1146,0.86252,Frankfurter 2026-06-16 (ECB),2026-06-17T08:08:19.365684+00:00,ok,,ok,,best_deal,2026-04-17T00:50:36.186748+00:00,15.76,,50,True,8,-0.0028256746364777,16.2475,15.97625,1/1,13.7853,13.776,13.55,13.619,13.898,14.0134,12.956,15.822,2.023895018606777,3.361551797929679,-0.0085383781865969,-0.0200146092037983,-0.0389684813753582,-0.0042353614056228,-0.0190715606016262,0.0591830649970185,7,3,2026-06-25T02:28:31.953567+00:00,0.009235019200716578,0.00870016498420159,0.008860621249156087
Desert Eagle | Mulberry (Minimal Wear),A,517500112406394873,47368725922,10.96,9.54,0.14289507269859,163,7.4866736,7.7799304,0.020706506456555,8.07155942631267,8.076071573934149,8.074717929647704,7.9044256289372585,7.908844345744881,7.907518730702593,0.2635438479641725,0.2631321556629427,0.26325566335331174,0.27879328203127207,0.2783901144393357,0.2785110647169168,False,1,spread_hybrid_disc <= 0.12,1.4694114116404497,394,400,6,2,16.9,366,845,4.406020976872784,0.956011216263582,0.0475612925582603,,954,142,2003,8.68,9.02,1154,0.86252,Frankfurter 2026-06-16 (ECB),2026-06-17T06:46:03.034492+00:00,ok,,ok,,best_deal,2026-04-17T07:47:48.625254+00:00,11.32,,50,True,8,0.0202176008208125,13.5275,13.81375,1/1,11.3935,11.412,10.91,11.044,11.625,11.929,10.032,13.384,5.09939878000614,8.943695966998728,0.001703357307425,0.0025186729199235,0.0255886272767658,0.0073413148124449,0.0059443941115362,0.0896647318721303,7,3,2026-06-24T22:38:12.195598+00:00,0.0781235910047781,0.07872628158040039,0.07854547440771371
Desert Eagle | Mulberry (Minimal Wear),A,545646161209146185,51850909131,13.0,11.31,0.08535989373922,752,7.4866736,7.7799304,0.020706506456555,9.528234917370403,9.589188422840689,9.570902371199603,9.3309384595343,9.390629830850015,9.3727224194553,0.26705885250996897,0.26237012131994697,0.26377674067695367,0.28223550311274614,0.2776438591653835,0.27902135234959224,False,1,spread_hybrid_disc <= 0.12,1.4694114116404497,394,400,6,2,16.9,366,845,4.406020976872784,0.956011216263582,0.0475612925582603,,1131,169,2003,8.68,9.02,1154,0.86252,Frankfurter 2026-06-16 (ECB),2026-06-17T06:46:03.034492+00:00,ok,,ok,,best_deal,2026-04-17T07:47:48.625254+00:00,11.32,,50,True,8,0.0202176008208125,13.5275,13.81375,1/1,11.3935,11.412,10.91,11.044,11.625,11.929,10.032,13.384,5.09939878000614,8.943695966998728,0.001703357307425,0.0025186729199235,0.0255886272767658,0.0073413148124449,0.0059443941115362,0.0896647318721303,7,3,2026-06-24T22:38:12.195598+00:00,0.27269271060119454,0.2808343110938734,0.27839183094606973
AK-47 | Nouveau Rouge (Field-Tested),A,545646161282764349,46197390715,13.98,12.17,0.36641025543213,952,9.8672288,9.8586036,-0.0171427382581651,9.90243408875066,9.901695810587906,9.90191729403673,10.072188924452844,10.071437990180785,10.0716632704624,0.2916713813483076,0.29172419094507107,0.2917083480660422,0.279528689237994,0.27958240413585234,0.279566289666495,False,1,spread_hybrid_disc <= 0.12,2.653403648131099,269,277,8,2,16.78,428,839,1.6394275061115762,0.9835946573751452,0.0,,1217,181,2003,11.44,11.43,1146,0.86252,Frankfurter 2026-06-16 (ECB),2026-06-17T08:08:19.365684+00:00,ok,,ok,,best_deal,2026-04-17T00:50:36.186748+00:00,15.76,,50,True,8,-0.0028256746364777,16.2475,15.97625,1/1,13.7853,13.776,13.55,13.619,13.898,14.0134,12.956,15.822,2.023895018606777,3.361551797929679,-0.0085383781865969,-0.0200146092037983,-0.0389684813753582,-0.0042353614056228,-0.0190715606016262,0.0591830649970185,7,3,2026-06-25T02:28:31.953567+00:00,0.0035679003157055595,0.003493079089025017,0.00351552545702918
Desert Eagle | Mulberry (Minimal Wear),A,559156960195980925,52730855877,10.98,9.56,0.14796516299248,280,7.4866736,7.7799304,0.020706506456555,8.079195155809995,8.072492233467136,8.074503110169992,7.911903249152447,7.905339120914358,7.907308359385784,0.264189876520037,0.26480034303578004,0.2646172030810572,0.2794259335926733,0.2800237594795667,0.2798444117134987,False,1,spread_hybrid_disc <= 0.12,1.4694114116404497,394,400,6,2,16.9,366,845,4.406020976872784,0.956011216263582,0.0475612925582603,,956,142,2003,8.68,9.02,1154,0.86252,Frankfurter 2026-06-16 (ECB),2026-06-17T06:46:03.034492+00:00,ok,,ok,,best_deal,2026-04-17T07:47:48.625254+00:00,11.32,,50,True,8,0.0202176008208125,13.5275,13.81375,1/1,11.3935,11.412,10.91,11.044,11.625,11.929,10.032,13.384,5.09939878000614,8.943695966998728,0.001703357307425,0.0025186729199235,0.0255886272767658,0.0073413148124449,0.0059443941115362,0.0896647318721303,7,3,2026-06-24T22:38:12.195598+00:00,0.07914350050067545,0.07824818668028156,0.07851678082639973
AK-47 | Nouveau Rouge (Field-Tested),A,552401560720585077,52311410081,14.0,12.19,0.37902635335922,379,9.8672288,9.8586036,-0.0171427382581651,9.887997525090306,9.871166342913822,9.876215697566769,10.057504878560312,10.040385163833202,10.045521078251337,0.2937144624935496,0.2949166897918698,0.2945560216023736,0.2816067943885491,0.28282963115477133,0.28246278012490456,False,1,spread_hybrid_disc <= 0.12,2.653403648131099,269,277,8,2,16.78,428,839,1.6394275061115762,0.9835946573751452,0.0,,1219,181,2003,11.44,11.43,1146,0.86252,Frankfurter 2026-06-16 (ECB),2026-06-17T08:08:19.365684+00:00,ok,,ok,,best_deal,2026-04-17T00:50:36.186748+00:00,15.76,,50,True,8,-0.0028256746364777,16.2475,15.97625,1/1,13.7853,13.776,13.55,13.619,13.898,14.0134,12.956,15.822,2.023895018606777,3.361551797929679,-0.0085383781865969,-0.0200146092037983,-0.0389684813753582,-0.0042353614056228,-0.0190715606016262,0.0591830649970185,7,3,2026-06-25T02:28:31.953567+00:00,0.0021048184359833792,0.0003990525601092704,0.0009107823228715031
AK-47 | Nouveau Rouge (Field-Tested),A,533261262320243877,52463372324,14.07,12.24,0.34811383485794,534,9.8672288,9.8586036,-0.0171427382581651,9.920948943520312,9.92525607563317,9.923963935999312,10.091021174531699,10.095402142683012,10.094087852237617,0.2948863579587554,0.29458023627340657,0.2946720727790112,0.28279877935098086,0.28248740990170496,0.2825808207364877,False,1,spread_hybrid_disc <= 0.12,2.653403648131099,269,277,8,2,16.78,428,839,1.6394275061115762,0.9835946573751452,0.0,,1224,183,2003,11.44,11.43,1146,0.86252,Frankfurter 2026-06-16 (ECB),2026-06-17T08:08:19.365684+00:00,ok,,ok,,best_deal,2026-04-17T00:50:36.186748+00:00,15.76,,50,True,8,-0.0028256746364777,16.2475,15.97625,1/1,13.7853,13.776,13.55,13.619,13.898,14.0134,12.956,15.822,2.023895018606777,3.361551797929679,-0.0085383781865969,-0.0200146092037983,-0.0389684813753582,-0.0042353614056228,-0.0190715606016262,0.0591830649970185,7,3,2026-06-25T02:28:31.953567+00:00,0.005444298962674631,0.005880807753557997,0.005749855116292987
Desert Eagle | Mulberry (Minimal Wear),A,537764861949932755,52447095446,11.08,9.64,0.14785452187061,724,7.4866736,7.7799304,0.020706506456555,8.07834501003578,8.072535167939717,8.074278120568536,7.9110707069271955,7.905381166364006,7.9070880285329626,0.27090749006897286,0.27143184404876197,0.27127453785482525,0.2860044488332856,0.28651794527400665,0.2863638963417904,False,1,spread_hybrid_disc <= 0.12,1.4694114116404497,394,400,6,2,16.9,366,845,4.406020976872784,0.956011216263582,0.0475612925582603,,964,144,2003,8.68,9.02,1154,0.86252,Frankfurter 2026-06-16 (ECB),2026-06-17T06:46:03.034492+00:00,ok,,ok,,best_deal,2026-04-17T07:47:48.625254+00:00,11.32,,50,True,8,0.0202176008208125,13.5275,13.81375,1/1,11.3935,11.412,10.91,11.044,11.625,11.929,10.032,13.384,5.09939878000614,8.943695966998728,0.001703357307425,0.0025186729199235,0.0255886272767658,0.0073413148124449,0.0059443941115362,0.0896647318721303,7,3,2026-06-24T22:38:12.195598+00:00,0.07902994596101821,0.07825392146649995,0.07848672881485544
Desert Eagle | Mulberry (Minimal Wear),A,516374212517003473,52732645174,13.15,11.44,0.08658415079117,271,7.4866736,7.7799304,0.020706506456555,9.497922630301701,9.592828404797253,9.564356672448588,9.3012538340335,9.394194441496694,9.366312259257736,0.2777245148059543,0.27050734564279455,0.2726724963917424,0.29268031680353623,0.2856125900002514,0.28773290804123686,False,1,spread_hybrid_disc <= 0.12,1.4694114116404497,394,400,6,2,16.9,366,845,4.406020976872784,0.956011216263582,0.0475612925582603,,1144,171,2003,8.68,9.02,1154,0.86252,Frankfurter 2026-06-16 (ECB),2026-06-17T06:46:03.034492+00:00,ok,,ok,,best_deal,2026-04-17T07:47:48.625254+00:00,11.32,,50,True,8,0.0202176008208125,13.5275,13.81375,1/1,11.3935,11.412,10.91,11.044,11.625,11.929,10.032,13.384,5.09939878000614,8.943695966998728,0.001703357307425,0.0025186729199235,0.0255886272767658,0.0073413148124449,0.0059443941115362,0.0896647318721303,7,3,2026-06-24T22:38:12.195598+00:00,0.26864387814392,0.2813205059183097,0.2775175175859928
AK-47 | Nouveau Rouge (Field-Tested),A,525381411766282335,52563529609,14.18,12.34,0.32846468687057,472,9.8672288,9.8586036,-0.0171427382581651,9.930501010138089,9.924645281564436,9.926402000136532,10.10073698972733,10.094780877931427,10.096567711470199,0.29968258038518414,0.3000955372662598,0.29997165020193706,0.28767722216309377,0.2880972582558937,0.2879712474280537,False,1,spread_hybrid_disc <= 0.12,2.653403648131099,269,277,8,2,16.78,428,839,1.6394275061115762,0.9835946573751452,0.0,,1234,184,2003,11.44,11.43,1146,0.86252,Frankfurter 2026-06-16 (ECB),2026-06-17T08:08:19.365684+00:00,ok,,ok,,best_deal,2026-04-17T00:50:36.186748+00:00,15.76,,50,True,8,-0.0028256746364777,16.2475,15.97625,1/1,13.7853,13.776,13.55,13.619,13.898,14.0134,12.956,15.822,2.023895018606777,3.361551797929679,-0.0085383781865969,-0.0200146092037983,-0.0389684813753582,-0.0042353614056228,-0.0190715606016262,0.0591830649970185,7,3,2026-06-25T02:28:31.953567+00:00,0.0064123586693449214,0.005818906475994044,0.005996942133999307
Desert Eagle | Mulberry (Minimal Wear),A,549023860927361594,51936996766,11.12,9.68,0.14037118852139,258,7.4866736,7.7799304,0.020706506456555,8.074047330660505,8.07576714653569,8.075251201773135,7.9068620174776525,7.908546221974313,7.908040960625316,0.2739166069549904,0.2737619472539847,0.2738083451642864,0.2889512574210744,0.288799800182166,0.2888452373538385,False,1,spread_hybrid_disc <= 0.12,1.4694114116404497,394,400,6,2,16.9,366,845,4.406020976872784,0.956011216263582,0.0475612925582603,,968,144,2003,8.68,9.02,1154,0.86252,Frankfurter 2026-06-16 (ECB),2026-06-17T06:46:03.034492+00:00,ok,,ok,,best_deal,2026-04-17T07:47:48.625254+00:00,11.32,,50,True,8,0.0202176008208125,13.5275,13.81375,1/1,11.3935,11.412,10.91,11.044,11.625,11.929,10.032,13.384,5.09939878000614,8.943695966998728,0.001703357307425,0.0025186729199235,0.0255886272767658,0.0073413148124449,0.0059443941115362,0.0896647318721303,7,3,2026-06-24T22:38:12.195598+00:00,0.07845590205248247,0.07868561900918057,0.07861670392217115
AK-47 | Nouveau Rouge (Field-Tested),A,528757662622173436,49899979006,14.16,12.32,0.36836057901382,665,9.8672288,9.8586036,-0.0171427382581651,9.900302707593,9.897057801739885,9.89803127349582,10.070021005585868,10.066720473161043,10.06771063288849,0.30082607997224586,0.30105523999012107,0.3009864919847586,0.2888403244642749,0.2890734129123558,0.2890034863779315,False,1,spread_hybrid_disc <= 0.12,2.653403648131099,269,277,8,2,16.78,428,839,1.6394275061115762,0.9835946573751452,0.0,,1232,184,2003,11.44,11.43,1146,0.86252,Frankfurter 2026-06-16 (ECB),2026-06-17T08:08:19.365684+00:00,ok,,ok,,best_deal,2026-04-17T00:50:36.186748+00:00,15.76,,50,True,8,-0.0028256746364777,16.2475,15.97625,1/1,13.7853,13.776,13.55,13.619,13.898,14.0134,12.956,15.822,2.023895018606777,3.361551797929679,-0.0085383781865969,-0.0200146092037983,-0.0389684813753582,-0.0042353614056228,-0.0190715606016262,0.0591830649970185,7,3,2026-06-25T02:28:31.953567+00:00,0.0033518942616391147,0.0030230374043708447,0.0031216944615513257
Desert Eagle | Mulberry (Minimal Wear),A,491604414561124406,52242549882,13.15,11.44,0.08097702264786,615,7.4866736,7.7799304,0.020706506456555,9.583260320268948,9.460449656528537,9.497292855650661,9.384824478572451,9.264556794633714,9.300637099815336,0.27123495663354,0.28057417060619494,0.2777724064143984,0.2863251347093193,0.2954709661875503,0.29272721674408086,False,1,spread_hybrid_disc <= 0.12,1.4694114116404497,394,400,6,2,16.9,366,845,4.406020976872784,0.956011216263582,0.0475612925582603,,1144,171,2003,8.68,9.02,1154,0.86252,Frankfurter 2026-06-16 (ECB),2026-06-17T06:46:03.034492+00:00,ok,,ok,,best_deal,2026-04-17T07:47:48.625254+00:00,11.32,,50,True,8,0.0202176008208125,13.5275,13.81375,1/1,11.3935,11.412,10.91,11.044,11.625,11.929,10.032,13.384,5.09939878000614,8.943695966998728,0.001703357307425,0.0025186729199235,0.0255886272767658,0.0073413148124449,0.0059443941115362,0.0896647318721303,7,3,2026-06-24T22:38:12.195598+00:00,0.280042490468524,0.26363858797430917,0.2685597587225736
Desert Eagle | Mulberry (Minimal Wear),A,534387162135879804,44478142361,11.2,9.75,0.1463977098465,112,7.4866736,7.7799304,0.020706506456555,8.068387340377294,8.067745354289412,8.067937950115777,7.901319225819784,7.900690533020977,7.900879140860619,0.27960827318059867,0.2796655933670167,0.27964839731109126,0.2945250691232335,0.29458120240884134,0.294564362423159,False,1,spread_hybrid_disc <= 0.12,1.4694114116404497,394,400,6,2,16.9,366,845,4.406020976872784,0.956011216263582,0.0475612925582603,,975,145,2003,8.68,9.02,1154,0.86252,Frankfurter 2026-06-16 (ECB),2026-06-17T06:46:03.034492+00:00,ok,,ok,,best_deal,2026-04-17T07:47:48.625254+00:00,11.32,,50,True,8,0.0202176008208125,13.5275,13.81375,1/1,11.3935,11.412,10.91,11.044,11.625,11.929,10.032,13.384,5.09939878000614,8.943695966998728,0.001703357307425,0.0025186729199235,0.0255886272767658,0.0073413148124449,0.0059443941115362,0.0896647318721303,7,3,2026-06-24T22:38:12.195598+00:00,0.07769989336483095,0.0776141428536986,0.0776398680070383
Desert Eagle | Mulberry (Minimal Wear),A,515248312586501866,52097736045,13.38,11.64,0.08813977986574,495,7.4866736,7.7799304,0.020706506456555,9.434413317749682,9.594325421705115,9.546351790518484,9.23905957747189,9.395660460414287,9.348680195531568,0.2948868970291718,0.28293531975298103,0.2865207929358383,0.30948732604843876,0.2977832241842835,0.3012944547435301,False,1,spread_hybrid_disc <= 0.12,1.4694114116404497,394,400,6,2,16.9,366,845,4.406020976872784,0.956011216263582,0.0475612925582603,,1164,174,2003,8.68,9.02,1154,0.86252,Frankfurter 2026-06-16 (ECB),2026-06-17T06:46:03.034492+00:00,ok,,ok,,best_deal,2026-04-17T07:47:48.625254+00:00,11.32,,50,True,8,0.0202176008208125,13.5275,13.81375,1/1,11.3935,11.412,10.91,11.044,11.625,11.929,10.032,13.384,5.09939878000614,8.943695966998728,0.001703357307425,0.0025186729199235,0.0255886272767658,0.0073413148124449,0.0059443941115362,0.0896647318721303,7,3,2026-06-24T22:38:12.195598+00:00,0.260160896789955,0.28152046346792975,0.2751125934645373
Desert Eagle | Mulberry (Minimal Wear),A,554653360580003962,52590541777,13.08,11.39,0.09020745009184,456,7.4866736,7.7799304,0.020706506456555,9.325706985582773,9.327656866760748,9.327071902407354,9.132604173673863,9.134513679624636,9.133940827839403,0.2870254598178308,0.28687638633327617,0.2869211083786426,0.30178867173747226,0.30164268504398806,0.30168648105203344,False,1,spread_hybrid_disc <= 0.12,1.4694114116404497,394,400,6,2,16.9,366,845,4.406020976872784,0.956011216263582,0.0475612925582603,,1139,169,2003,8.68,9.02,1154,0.86252,Frankfurter 2026-06-16 (ECB),2026-06-17T06:46:03.034492+00:00,ok,,ok,,best_deal,2026-04-17T07:47:48.625254+00:00,11.32,,50,True,8,0.0202176008208125,13.5275,13.81375,1/1,11.3935,11.412,10.91,11.044,11.625,11.929,10.032,13.384,5.09939878000614,8.943695966998728,0.001703357307425,0.0025186729199235,0.0255886272767658,0.0073413148124449,0.0059443941115362,0.0896647318721303,7,3,2026-06-24T22:38:12.195598+00:00,0.24564091929729273,0.24590136623035735,0.24582323215043797
Desert Eagle | Mulberry (Minimal Wear),A,523128163157964186,52677329971,13.15,11.44,0.08989331126213,700,7.4866736,7.7799304,0.020706506456555,9.341827590673214,9.343518833818225,9.343011460874722,9.148390977350916,9.150047200758824,9.149550333736451,0.2895948600248507,0.2894662483788423,0.28950483187264475,0.30430486864251594,0.3041789200943861,0.304216704658825,False,1,spread_hybrid_disc <= 0.12,1.4694114116404497,394,400,6,2,16.9,366,845,4.406020976872784,0.956011216263582,0.0475612925582603,,1144,171,2003,8.68,9.02,1154,0.86252,Frankfurter 2026-06-16 (ECB),2026-06-17T06:46:03.034492+00:00,ok,,ok,,best_deal,2026-04-17T07:47:48.625254+00:00,11.32,,50,True,8,0.0202176008208125,13.5275,13.81375,1/1,11.3935,11.412,10.91,11.044,11.625,11.929,10.032,13.384,5.09939878000614,8.943695966998728,0.001703357307425,0.0025186729199235,0.0255886272767658,0.0073413148124449,0.0059443941115362,0.0896647318721303,7,3,2026-06-24T22:38:12.195598+00:00,0.2477941593010297,0.24802005977904862,0.24795228963564292
Desert Eagle | Mulberry (Minimal Wear),A,525379962965274363,51824448206,11.47,9.99,0.14920400083065,911,7.4866736,7.7799304,0.020706506456555,8.088948414636288,8.080157055454526,8.082794463209055,7.921454552061881,7.912845231215778,7.915428027469609,0.29477345992708914,0.2955399254180884,0.2953099857707886,0.30937623783244284,0.3101268325008041,0.3099016541002957,False,1,spread_hybrid_disc <= 0.12,1.4694114116404497,394,400,6,2,16.9,366,845,4.406020976872784,0.956011216263582,0.0475612925582603,,999,148,2003,8.68,9.02,1154,0.86252,Frankfurter 2026-06-16 (ECB),2026-06-17T06:46:03.034492+00:00,ok,,ok,,best_deal,2026-04-17T07:47:48.625254+00:00,11.32,,50,True,8,0.0202176008208125,13.5275,13.81375,1/1,11.3935,11.412,10.91,11.044,11.625,11.929,10.032,13.384,5.09939878000614,8.943695966998728,0.001703357307425,0.0025186729199235,0.0255886272767658,0.0073413148124449,0.0059443941115362,0.0896647318721303,7,3,2026-06-24T22:38:12.195598+00:00,0.08044624980529243,0.07927198207953479,0.07962426239726207
Desert Eagle | Mulberry (Minimal Wear),A,525379962965274255,52299044472,11.47,9.99,0.14869429171085,693,7.4866736,7.7799304,0.020706506456555,8.0848870943128,8.071214046651061,8.075315960949583,7.917477327493893,7.904087400881843,7.908104378865459,0.2951275419082128,0.29631961232336,0.29596199119881583,0.30972298801273823,0.3108903748141375,0.31054015877371766,False,1,spread_hybrid_disc <= 0.12,1.4694114116404497,394,400,6,2,16.9,366,845,4.406020976872784,0.956011216263582,0.0475612925582603,,999,148,2003,8.68,9.02,1154,0.86252,Frankfurter 2026-06-16 (ECB),2026-06-17T06:46:03.034492+00:00,ok,,ok,,best_deal,2026-04-17T07:47:48.625254+00:00,11.32,,50,True,8,0.0202176008208125,13.5275,13.81375,1/1,11.3935,11.412,10.91,11.044,11.625,11.929,10.032,13.384,5.09939878000614,8.943695966998728,0.001703357307425,0.0025186729199235,0.0255886272767658,0.0073413148124449,0.0059443941115362,0.0896647318721303,7,3,2026-06-24T22:38:12.195598+00:00,0.07990377653338587,0.07807745841237988,0.07862535384868168
Desert Eagle | Mulberry (Minimal Wear),A,525379962965274039,52508463846,11.47,9.99,0.1427698135376,665,7.4866736,7.7799304,0.020706506456555,8.071691538713893,8.076774661269297,8.075249724502676,7.904555005752193,7.909532874597585,7.908039513943967,0.29627798267533634,0.295834815931186,0.2959677659544311,0.31084960717068943,0.31041561686158814,0.3105458139543186,False,1,spread_hybrid_disc <= 0.12,1.4694114116404497,394,400,6,2,16.9,366,845,4.406020976872784,0.956011216263582,0.0475612925582603,,999,148,2003,8.68,9.02,1154,0.86252,Frankfurter 2026-06-16 (ECB),2026-06-17T06:46:03.034492+00:00,ok,,ok,,best_deal,2026-04-17T07:47:48.625254+00:00,11.32,,50,True,8,0.0202176008208125,13.5275,13.81375,1/1,11.3935,11.412,10.91,11.044,11.625,11.929,10.032,13.384,5.09939878000614,8.943695966998728,0.001703357307425,0.0025186729199235,0.0255886272767658,0.0073413148124449,0.0059443941115362,0.0896647318721303,7,3,2026-06-24T22:38:12.195598+00:00,0.07814123734656916,0.07882019342599603,0.07861650660216797
Desert Eagle | Mulberry (Minimal Wear),A,549023860942420070,52495739438,11.53,10.03,0.14949832856655,517,7.4866736,7.7799304,0.020706506456555,8.09132777028442,8.088126691710212,8.089087015282475,7.923784639566923,7.92064984414688,7.921590282772893,0.29823696701782987,0.2985145974232253,0.2984313083016067,0.3127680277912469,0.31303990944086035,0.3129583449459763,False,1,spread_hybrid_disc <= 0.12,1.4694114116404497,394,400,6,2,16.9,366,845,4.406020976872784,0.956011216263582,0.0475612925582603,,1003,150,2003,8.68,9.02,1154,0.86252,Frankfurter 2026-06-16 (ECB),2026-06-17T06:46:03.034492+00:00,ok,,ok,,best_deal,2026-04-17T07:47:48.625254+00:00,11.32,,50,True,8,0.0202176008208125,13.5275,13.81375,1/1,11.3935,11.412,10.91,11.044,11.625,11.929,10.032,13.384,5.09939878000614,8.943695966998728,0.001703357307425,0.0025186729199235,0.0255886272767658,0.0073413148124449,0.0059443941115362,0.0896647318721303,7,3,2026-06-24T22:38:12.195598+00:00,0.08076406193057765,0.08033649172447041,0.08046476278630257
Desert Eagle | Mulberry (Minimal Wear),A,524255511846660116,52383811490,11.59,10.09,0.1497515141964,76,7.4866736,7.7799304,0.020706506456555,8.093400365824909,8.095878177387645,8.095134833918825,7.925814318894471,7.928240823636084,7.927512872213602,0.3016910814646325,0.3014772927189262,0.30154142934263806,0.31615061959495505,0.3159412576672921,0.31600406624559085,False,1,spread_hybrid_disc <= 0.12,1.4694114116404497,394,400,6,2,16.9,366,845,4.406020976872784,0.956011216263582,0.0475612925582603,,1009,150,2003,8.68,9.02,1154,0.86252,Frankfurter 2026-06-16 (ECB),2026-06-17T06:46:03.034492+00:00,ok,,ok,,best_deal,2026-04-17T07:47:48.625254+00:00,11.32,,50,True,8,0.0202176008208125,13.5275,13.81375,1/1,11.3935,11.412,10.91,11.044,11.625,11.929,10.032,13.384,5.09939878000614,8.943695966998728,0.001703357307425,0.0025186729199235,0.0255886272767658,0.0073413148124449,0.0059443941115362,0.0896647318721303,7,3,2026-06-24T22:38:12.195598+00:00,0.08104089990311708,0.08137186285076546,0.08127257396647095
Desert Eagle | Mulberry (Minimal Wear),A,540016661676102419,52217262943,11.58,10.08,0.14001841843128,892,7.4866736,7.7799304,0.020706506456555,8.074543703967134,8.076456494547296,8.075882657373246,7.9073481126272025,7.909221295996867,7.908659340985966,0.30271643316346,0.30255125262976723,0.3026008067898752,0.31715473984221054,0.31699297962030515,0.3170415076868769,False,1,spread_hybrid_disc <= 0.12,1.4694114116404497,394,400,6,2,16.9,366,845,4.406020976872784,0.956011216263582,0.0475612925582603,,1008,150,2003,8.68,9.02,1154,0.86252,Frankfurter 2026-06-16 (ECB),2026-06-17T06:46:03.034492+00:00,ok,,ok,,best_deal,2026-04-17T07:47:48.625254+00:00,11.32,,50,True,8,0.0202176008208125,13.5275,13.81375,1/1,11.3935,11.412,10.91,11.044,11.625,11.929,10.032,13.384,5.09939878000614,8.943695966998728,0.001703357307425,0.0025186729199235,0.0255886272767658,0.0073413148124449,0.0059443941115362,0.0896647318721303,7,3,2026-06-24T22:38:12.195598+00:00,0.07852220296703387,0.07877769568414143,0.07870104786900917
Desert Eagle | Mulberry (Minimal Wear),A,534387162169345764,52357980453,11.58,10.08,0.14840605854988,293,7.4866736,7.7799304,0.020706506456555,8.082616714331571,8.071727057199839,8.074993954339357,7.915253959150405,7.904589788774381,7.907789039887186,0.30201928200936345,0.30295966690847675,0.302677551438743,0.3164720242529875,0.3173929370661157,0.31711666322217735,False,1,spread_hybrid_disc <= 0.12,1.4694114116404497,394,400,6,2,16.9,366,845,4.406020976872784,0.956011216263582,0.0475612925582603,,1008,150,2003,8.68,9.02,1154,0.86252,Frankfurter 2026-06-16 (ECB),2026-06-17T06:46:03.034492+00:00,ok,,ok,,best_deal,2026-04-17T07:47:48.625254+00:00,11.32,,50,True,8,0.0202176008208125,13.5275,13.81375,1/1,11.3935,11.412,10.91,11.044,11.625,11.929,10.032,13.384,5.09939878000614,8.943695966998728,0.001703357307425,0.0025186729199235,0.0255886272767658,0.0073413148124449,0.0059443941115362,0.0896647318721303,7,3,2026-06-24T22:38:12.195598+00:00,0.07960052036081434,0.07814598157449244,0.07858234321038901
Desert Eagle | Mulberry (Minimal Wear),A,556904525312357840,52447427004,11.64,10.13,0.12755440175533,910,7.4866736,7.7799304,0.020706506456555,8.111179700821157,8.111446985649405,8.11136680020093,7.943225505975826,7.9434872562690515,7.9434087311810835,0.3031632559431996,0.303140293329089,0.30314718211332226,0.3175923104831765,0.3175698233445833,0.3175765694861612,False,1,spread_hybrid_disc <= 0.12,1.4694114116404497,394,400,6,2,16.9,366,845,4.406020976872784,0.956011216263582,0.0475612925582603,,1013,151,2003,8.68,9.02,1154,0.86252,Frankfurter 2026-06-16 (ECB),2026-06-17T06:46:03.034492+00:00,ok,,ok,,best_deal,2026-04-17T07:47:48.625254+00:00,11.32,,50,True,8,0.0202176008208125,13.5275,13.81375,1/1,11.3935,11.412,10.91,11.044,11.625,11.929,10.032,13.384,5.09939878000614,8.943695966998728,0.001703357307425,0.0025186729199235,0.0255886272767658,0.0073413148124449,0.0059443941115362,0.0896647318721303,7,3,2026-06-24T22:38:12.195598+00:00,0.08341569756976679,0.08345139898304157,0.08344068855905915
AK-47 | Nouveau Rouge (Field-Tested),A,526507311673384831,52507128532,14.89,12.96,0.33044868707657,566,9.8672288,9.8586036,-0.0171427382581651,9.929230100616044,9.923777779511376,9.925413475842777,10.099444293336,10.093898504517734,10.095562241163215,0.33316117524405353,0.33352734858889355,0.3334174965854414,0.3217297318108798,0.3221021823695277,0.32199044720193326,False,1,spread_hybrid_disc <= 0.12,2.653403648131099,269,277,8,2,16.78,428,839,1.6394275061115762,0.9835946573751452,0.0,,1296,193,2003,11.44,11.43,1146,0.86252,Frankfurter 2026-06-16 (ECB),2026-06-17T08:08:19.365684+00:00,ok,,ok,,best_deal,2026-04-17T00:50:36.186748+00:00,15.76,,50,True,8,-0.0028256746364777,16.2475,15.97625,1/1,13.7853,13.776,13.55,13.619,13.898,14.0134,12.956,15.822,2.023895018606777,3.361551797929679,-0.0085383781865969,-0.0200146092037983,-0.0389684813753582,-0.0042353614056228,-0.0190715606016262,0.0591830649970185,7,3,2026-06-25T02:28:31.953567+00:00,0.006283557610019613,0.005730988979537638,0.00589675956868223
AK-47 | Nouveau Rouge (Field-Tested),A,547897961080747620,52080023362,14.95,13.0,0.31065541505814,700,9.8672288,9.8586036,-0.0171427382581651,9.956178690392159,9.950712752842556,9.952352534107437,10.126854855733072,10.12129521704672,10.122963108652627,0.33403487020788236,0.3344004847596952,0.3342908003941514,0.3226184042987912,0.32299028648516914,0.3228787218292557,False,1,spread_hybrid_disc <= 0.12,2.653403648131099,269,277,8,2,16.78,428,839,1.6394275061115762,0.9835946573751452,0.0,,1300,195,2003,11.44,11.43,1146,0.86252,Frankfurter 2026-06-16 (ECB),2026-06-17T08:08:19.365684+00:00,ok,,ok,,best_deal,2026-04-17T00:50:36.186748+00:00,15.76,,50,True,8,-0.0028256746364777,16.2475,15.97625,1/1,13.7853,13.776,13.55,13.619,13.898,14.0134,12.956,15.822,2.023895018606777,3.361551797929679,-0.0085383781865969,-0.0200146092037983,-0.0389684813753582,-0.0042353614056228,-0.0190715606016262,0.0591830649970185,7,3,2026-06-25T02:28:31.953567+00:00,0.009014678000793877,0.008460729403837824,0.008626913982924641
Desert Eagle | Mulberry (Minimal Wear),A,532135362433071046,52731298523,13.15,11.44,0.09535666555166,292,7.4866736,7.7799304,0.020706506456555,9.056718830403735,9.069695139026821,9.065802246439896,8.869185823466777,8.881893438071577,8.878081153690136,0.3112761345700582,0.3102893430397855,0.3105853804988673,0.32553719973636674,0.324570841211287,0.324860748768811,False,1,spread_hybrid_disc <= 0.12,1.4694114116404497,394,400,6,2,16.9,366,845,4.406020976872784,0.956011216263582,0.0475612925582603,,1144,171,2003,8.68,9.02,1154,0.86252,Frankfurter 2026-06-16 (ECB),2026-06-17T06:46:03.034492+00:00,ok,,ok,,best_deal,2026-04-17T07:47:48.625254+00:00,11.32,,50,True,8,0.0202176008208125,13.5275,13.81375,1/1,11.3935,11.412,10.91,11.044,11.625,11.929,10.032,13.384,5.09939878000614,8.943695966998728,0.001703357307425,0.0025186729199235,0.0255886272767658,0.0073413148124449,0.0059443941115362,0.0896647318721303,7,3,2026-06-24T22:38:12.195598+00:00,0.209711991504977,0.2114452457265964,0.21092526946011053
USP-S | Cortex (Well-Worn),A,520877812144637206,52585626870,3.96,3.45,0.42040824890137,536,2.7083128,2.6996876,0.0029992031746486,2.6814016671706646,2.679872113475345,2.6803309795839407,2.6733595987779784,2.6718346325249573,2.6722921224008633,0.32287836687609484,0.3232646178092563,0.3231487425293079,0.32490919222778325,0.3252942847159198,0.32517875696947895,False,1,spread_hybrid_disc <= 0.12,1.2221659882373626,143,145,2,2,17.0,525,850,4.27416052416053,0.9574305378536834,0.0,,345,51,2003,3.14,3.13,375,0.86252,Frankfurter 2026-06-16 (ECB),2026-06-17T07:46:51.026026+00:00,ok,,ok,,best_deal,2026-04-18T22:26:49.389629+00:00,3.77,,50,True,8,0.0013227513227512,3.73375,3.745,1/1,3.9072,3.923,3.756,3.8122,3.979,4.056,3.49,4.357,4.269041769041776,7.678132678132685,-0.0146369519648905,-0.0295315682281059,-0.0189164843649466,-0.0061954440070586,,0.0600734522560337,7,3,2026-06-25T00:02:37.133581+00:00,-0.009936493609355359,-0.010501256178627011,-0.010331827407845516
AK-47 | Nouveau Rouge (Field-Tested),A,555779260478484279,51967839824,14.95,13.0,0.36686378717422,311,9.8672288,9.8586036,-0.0171427382581651,9.901941780816356,9.900621194244502,9.901017370216058,10.07168817701248,10.070344951970677,10.070747919483217,0.33766275713602967,0.3377510906859864,0.33772459062099947,0.3263084831429779,0.326398330971861,0.32637137662319615,False,1,spread_hybrid_disc <= 0.12,2.653403648131099,269,277,8,2,16.78,428,839,1.6394275061115762,0.9835946573751452,0.0,,1300,195,2003,11.44,11.43,1146,0.86252,Frankfurter 2026-06-16 (ECB),2026-06-17T08:08:19.365684+00:00,ok,,ok,,best_deal,2026-04-17T00:50:36.186748+00:00,15.76,,50,True,8,-0.0028256746364777,16.2475,15.97625,1/1,13.7853,13.776,13.55,13.619,13.898,14.0134,12.956,15.822,2.023895018606777,3.361551797929679,-0.0085383781865969,-0.0200146092037983,-0.0389684813753582,-0.0042353614056228,-0.0190715606016262,0.0591830649970185,7,3,2026-06-25T02:28:31.953567+00:00,0.003518007083848652,0.0033841714752274165,0.003424322157813787
Desert Eagle | Mulberry (Minimal Wear),A,556905160390816028,52732822983,13.93,12.12,0.08415657281876,303,7.4866736,7.7799304,0.020706506456555,9.557256885281692,9.581023045594307,9.573893197500523,9.359359483879652,9.382633530040305,9.37565131619211,0.3139083355863824,0.3122022221396764,0.3127140561736882,0.3281148970653516,0.32644411126774553,0.32694534700702726,False,1,spread_hybrid_disc <= 0.12,1.4694114116404497,394,400,6,2,16.9,366,845,4.406020976872784,0.956011216263582,0.0475612925582603,,1212,181,2003,8.68,9.02,1154,0.86252,Frankfurter 2026-06-16 (ECB),2026-06-17T06:46:03.034492+00:00,ok,,ok,,best_deal,2026-04-17T07:47:48.625254+00:00,11.32,,50,True,8,0.0202176008208125,13.5275,13.81375,1/1,11.3935,11.412,10.91,11.044,11.625,11.929,10.032,13.384,5.09939878000614,8.943695966998728,0.001703357307425,0.0025186729199235,0.0255886272767658,0.0073413148124449,0.0059443941115362,0.0896647318721303,7,3,2026-06-24T22:38:12.195598+00:00,0.2765691942656205,0.2797436561938946,0.27879131761541237
AK-47 | Nouveau Rouge (Field-Tested),A,526507311674304811,52025330611,14.97,13.02,0.36901780962944,375,9.8672288,9.8586036,-0.0171427382581651,9.89957604904271,9.895486944685155,9.896713675992421,10.069281890118248,10.065122687314982,10.066370448155961,0.33870567474664603,0.33897882801034374,0.33889688203123436,0.3273692792172179,0.32764711507581956,0.3275637643182391,False,1,spread_hybrid_disc <= 0.12,2.653403648131099,269,277,8,2,16.78,428,839,1.6394275061115762,0.9835946573751452,0.0,,1302,195,2003,11.44,11.43,1146,0.86252,Frankfurter 2026-06-16 (ECB),2026-06-17T08:08:19.365684+00:00,ok,,ok,,best_deal,2026-04-17T00:50:36.186748+00:00,15.76,,50,True,8,-0.0028256746364777,16.2475,15.97625,1/1,13.7853,13.776,13.55,13.619,13.898,14.0134,12.956,15.822,2.023895018606777,3.361551797929679,-0.0085383781865969,-0.0200146092037983,-0.0389684813753582,-0.0042353614056228,-0.0190715606016262,0.0591830649970185,7,3,2026-06-25T02:28:31.953567+00:00,0.0032782506312926648,0.0028638379891581787,0.0029881617817985244
Desert Eagle | Mulberry (Minimal Wear),A,547897961073984660,52389197123,11.78,10.25,0.13703417778015,974,7.4866736,7.7799304,0.020706506456555,8.08113553884309,8.077563511644788,8.078635119804279,7.91380345363174,7.910305390637682,7.911354809535899,0.3139952853274116,0.3142985134427174,0.31420754500812575,0.32820004638100675,0.32849699570138513,0.32840791090527166,False,1,spread_hybrid_disc <= 0.12,1.4694114116404497,394,400,6,2,16.9,366,845,4.406020976872784,0.956011216263582,0.0475612925582603,,1025,153,2003,8.68,9.02,1154,0.86252,Frankfurter 2026-06-16 (ECB),2026-06-17T06:46:03.034492+00:00,ok,,ok,,best_deal,2026-04-17T07:47:48.625254+00:00,11.32,,50,True,8,0.0202176008208125,13.5275,13.81375,1/1,11.3935,11.412,10.91,11.044,11.625,11.929,10.032,13.384,5.09939878000614,8.943695966998728,0.001703357307425,0.0025186729199235,0.0255886272767658,0.0073413148124449,0.0059443941115362,0.0896647318721303,7,3,2026-06-24T22:38:12.195598+00:00,0.07940267876017597,0.0789255606982505,0.07906869611682815
Desert Eagle | Mulberry (Minimal Wear),A,551275660814719147,51938017357,11.84,10.3,0.1269565820694,864,7.4866736,7.7799304,0.020706506456555,8.115518386288933,8.113513003160927,8.114114618099327,7.94747435242495,7.945510493775632,7.946099651370425,0.31456770386073196,0.31473707743573254,0.3146862653632325,0.32876061212627106,0.32892647856624735,0.3288767186342546,False,1,spread_hybrid_disc <= 0.12,1.4694114116404497,394,400,6,2,16.9,366,845,4.406020976872784,0.956011216263582,0.0475612925582603,,1030,154,2003,8.68,9.02,1154,0.86252,Frankfurter 2026-06-16 (ECB),2026-06-17T06:46:03.034492+00:00,ok,,ok,,best_deal,2026-04-17T07:47:48.625254+00:00,11.32,,50,True,8,0.0202176008208125,13.5275,13.81375,1/1,11.3935,11.412,10.91,11.044,11.625,11.929,10.032,13.384,5.09939878000614,8.943695966998728,0.001703357307425,0.0025186729199235,0.0255886272767658,0.0073413148124449,0.0059443941115362,0.0896647318721303,7,3,2026-06-24T22:38:12.195598+00:00,0.08399521868950369,0.08372735832385243,0.0838077164335478
Desert Eagle | Mulberry (Minimal Wear),A,520877812141033714,51995926271,11.84,10.3,0.1271815598011,925,7.4866736,7.7799304,0.020706506456555,8.113699796450277,8.112736356558411,8.113025388525969,7.94569341922853,7.944749928811006,7.945032975936261,0.31472130097548334,0.314802672587972,0.3147782611042256,0.32891102878137424,0.3289907154720434,0.3289668094648428,False,1,spread_hybrid_disc <= 0.12,1.4694114116404497,394,400,6,2,16.9,366,845,4.406020976872784,0.956011216263582,0.0475612925582603,,1030,154,2003,8.68,9.02,1154,0.86252,Frankfurter 2026-06-16 (ECB),2026-06-17T06:46:03.034492+00:00,ok,,ok,,best_deal,2026-04-17T07:47:48.625254+00:00,11.32,,50,True,8,0.0202176008208125,13.5275,13.81375,1/1,11.3935,11.412,10.91,11.044,11.625,11.929,10.032,13.384,5.09939878000614,8.943695966998728,0.001703357307425,0.0025186729199235,0.0255886272767658,0.0073413148124449,0.0059443941115362,0.0896647318721303,7,3,2026-06-24T22:38:12.195598+00:00,0.08375230842844242,0.08362362111771648,0.08366222731093427
Desert Eagle | Mulberry (Minimal Wear),A,554653360571719570,52284753884,12.27,10.68,0.11204905807972,373,7.4866736,7.7799304,0.020706506456555,8.456914685343719,8.370157096211212,8.396184372950964,8.281801526809113,8.196840384256134,8.22232872702203,0.3107648993199903,0.3178356074807488,0.3157143950325212,0.3250365503823053,0.33196084887888067,0.329883559329908,False,1,spread_hybrid_disc <= 0.12,1.4694114116404497,394,400,6,2,16.9,366,845,4.406020976872784,0.956011216263582,0.0475612925582603,,1068,159,2003,8.68,9.02,1154,0.86252,Frankfurter 2026-06-16 (ECB),2026-06-17T06:46:03.034492+00:00,ok,,ok,,best_deal,2026-04-17T07:47:48.625254+00:00,11.32,,50,True,8,0.0202176008208125,13.5275,13.81375,1/1,11.3935,11.412,10.91,11.044,11.625,11.929,10.032,13.384,5.09939878000614,8.943695966998728,0.001703357307425,0.0025186729199235,0.0255886272767658,0.0073413148124449,0.0059443941115362,0.0896647318721303,7,3,2026-06-24T22:38:12.195598+00:00,0.1295957506874241,0.11800748148165738,0.1214839622433874
Desert Eagle | Mulberry (Minimal Wear),A,500611613809115953,51800881238,12.56,10.93,0.10539482533932,572,7.4866736,7.7799304,0.020706506456555,8.589631490211781,8.579407658603646,8.582474808086086,8.411770230300283,8.401758098527353,8.40476173805923,0.31611214249906205,0.31692614183091994,0.3166819420313626,0.3302730708359648,0.3310702150854019,0.3308310718105708,False,1,spread_hybrid_disc <= 0.12,1.4694114116404497,394,400,6,2,16.9,366,845,4.406020976872784,0.956011216263582,0.0475612925582603,,1093,163,2003,8.68,9.02,1154,0.86252,Frankfurter 2026-06-16 (ECB),2026-06-17T06:46:03.034492+00:00,ok,,ok,,best_deal,2026-04-17T07:47:48.625254+00:00,11.32,,50,True,8,0.0202176008208125,13.5275,13.81375,1/1,11.3935,11.412,10.91,11.044,11.625,11.929,10.032,13.384,5.09939878000614,8.943695966998728,0.001703357307425,0.0025186729199235,0.0255886272767658,0.0073413148124449,0.0059443941115362,0.0896647318721303,7,3,2026-06-24T22:38:12.195598+00:00,0.14732282307749905,0.14595721905168216,0.14636690025942722
Desert Eagle | Mulberry (Minimal Wear),A,533261262339892785,50342345679,13.14,11.43,0.09717606008053,389,7.4866736,7.7799304,0.020706506456555,8.965747544617058,8.97943567093897,8.975329233042396,8.780098235196602,8.793502928242452,8.789481520328698,0.317675224914988,0.31663351058303113,0.31694602488261825,0.3318037872757533,0.330783643208337,0.33108968642856185,False,1,spread_hybrid_disc <= 0.12,1.4694114116404497,394,400,6,2,16.9,366,845,4.406020976872784,0.956011216263582,0.0475612925582603,,1143,171,2003,8.68,9.02,1154,0.86252,Frankfurter 2026-06-16 (ECB),2026-06-17T06:46:03.034492+00:00,ok,,ok,,best_deal,2026-04-17T07:47:48.625254+00:00,11.32,,50,True,8,0.0202176008208125,13.5275,13.81375,1/1,11.3935,11.412,10.91,11.044,11.625,11.929,10.032,13.384,5.09939878000614,8.943695966998728,0.001703357307425,0.0025186729199235,0.0255886272767658,0.0073413148124449,0.0059443941115362,0.0896647318721303,7,3,2026-06-24T22:38:12.195598+00:00,0.19756089601890184,0.1993892282066325,0.1988407285503133
AK-47 | Nouveau Rouge (Field-Tested),A,509618813074496647,52366450123,15.1,13.14,0.32673090696335,715,9.8672288,9.8586036,-0.0171427382581651,9.932087867745432,9.925926321317116,9.92777478524561,10.102351050419289,10.096083878213285,10.097964029875087,0.3422458365731502,0.3426538860054891,0.3425314711757874,0.3309701291113054,0.33138517362825926,0.331260660273173,False,1,spread_hybrid_disc <= 0.12,2.653403648131099,269,277,8,2,16.78,428,839,1.6394275061115762,0.9835946573751452,0.0,,1314,196,2003,11.44,11.43,1146,0.86252,Frankfurter 2026-06-16 (ECB),2026-06-17T08:08:19.365684+00:00,ok,,ok,,best_deal,2026-04-17T00:50:36.186748+00:00,15.76,,50,True,8,-0.0028256746364777,16.2475,15.97625,1/1,13.7853,13.776,13.55,13.619,13.898,14.0134,12.956,15.822,2.023895018606777,3.361551797929679,-0.0085383781865969,-0.0200146092037983,-0.0389684813753582,-0.0042353614056228,-0.0190715606016262,0.0591830649970185,7,3,2026-06-25T02:28:31.953567+00:00,0.006573179669800701,0.005948734189392254,0.006136067833514789
AK-47 | Nouveau Rouge (Field-Tested),A,533261262210468861,51940141725,15.1,13.14,0.34334045648575,162,9.8672288,9.8586036,-0.0171427382581651,9.924414007674562,9.926135009937237,9.925618709258433,10.094545639373793,10.0962961443278,10.095770992841597,0.3427540392268502,0.3426400655670704,0.34267425766500437,0.33148704375007987,0.3313711162696821,0.33140589451380154,False,1,spread_hybrid_disc <= 0.12,2.653403648131099,269,277,8,2,16.78,428,839,1.6394275061115762,0.9835946573751452,0.0,,1314,196,2003,11.44,11.43,1146,0.86252,Frankfurter 2026-06-16 (ECB),2026-06-17T08:08:19.365684+00:00,ok,,ok,,best_deal,2026-04-17T00:50:36.186748+00:00,15.76,,50,True,8,-0.0028256746364777,16.2475,15.97625,1/1,13.7853,13.776,13.55,13.619,13.898,14.0134,12.956,15.822,2.023895018606777,3.361551797929679,-0.0085383781865969,-0.0200146092037983,-0.0389684813753582,-0.0042353614056228,-0.0190715606016262,0.0591830649970185,7,3,2026-06-25T02:28:31.953567+00:00,0.0057954678900891685,0.005969883858093647,0.0059175590676923025
AK-47 | Nouveau Rouge (Field-Tested),A,494982114283620336,52613262824,15.1,13.14,0.34451103210449,344,9.8672288,9.8586036,-0.0171427382581651,9.923949793104917,9.92598508570144,9.925374497922483,10.094073466895287,10.09614364998007,10.095522595054634,0.34278478191358164,0.342649994324408,0.34269043060116,0.3315183134506432,0.33138121523310793,0.3314223446983686,False,1,spread_hybrid_disc <= 0.12,2.653403648131099,269,277,8,2,16.78,428,839,1.6394275061115762,0.9835946573751452,0.0,,1314,196,2003,11.44,11.43,1146,0.86252,Frankfurter 2026-06-16 (ECB),2026-06-17T08:08:19.365684+00:00,ok,,ok,,best_deal,2026-04-17T00:50:36.186748+00:00,15.76,,50,True,8,-0.0028256746364777,16.2475,15.97625,1/1,13.7853,13.776,13.55,13.619,13.898,14.0134,12.956,15.822,2.023895018606777,3.361551797929679,-0.0085383781865969,-0.0200146092037983,-0.0389684813753582,-0.0042353614056228,-0.0190715606016262,0.0591830649970185,7,3,2026-06-25T02:28:31.953567+00:00,0.005748421796494547,0.005954689699851637,0.0058928093288445095
Desert Eagle | Mulberry (Minimal Wear),A,524255511844383080,52622422220,14.03,12.2,0.08511416614056,298,7.4866736,7.7799304,0.020706506456555,9.534180480029596,9.588598036691998,9.572272769693278,9.336760910361901,9.390051669535925,9.374064441783718,0.32044330149468314,0.3165646445693515,0.3177282416469509,0.3345145466598787,0.33071620316921413,0.3318557062164136,False,1,spread_hybrid_disc <= 0.12,1.4694114116404497,394,400,6,2,16.9,366,845,4.406020976872784,0.956011216263582,0.0475612925582603,,1220,183,2003,8.68,9.02,1154,0.86252,Frankfurter 2026-06-16 (ECB),2026-06-17T06:46:03.034492+00:00,ok,,ok,,best_deal,2026-04-17T07:47:48.625254+00:00,11.32,,50,True,8,0.0202176008208125,13.5275,13.81375,1/1,11.3935,11.412,10.91,11.044,11.625,11.929,10.032,13.384,5.09939878000614,8.943695966998728,0.001703357307425,0.0025186729199235,0.0255886272767658,0.0073413148124449,0.0059443941115362,0.0896647318721303,7,3,2026-06-24T22:38:12.195598+00:00,0.27348686338210293,0.28075545282112985,0.27857487598942177
Desert Eagle | Mulberry (Minimal Wear),A,524255511844384016,52636734605,14.03,12.2,0.08534750342369,691,7.4866736,7.7799304,0.020706506456555,9.528512055196888,9.589151270168152,9.570959505676774,9.331209858804591,9.390593447479532,9.37277837087705,0.3208473232218896,0.3165252123900105,0.31782184563957416,0.33491020250858217,0.3306775874925494,0.33194737199735913,False,1,spread_hybrid_disc <= 0.12,1.4694114116404497,394,400,6,2,16.9,366,845,4.406020976872784,0.956011216263582,0.0475612925582603,,1220,183,2003,8.68,9.02,1154,0.86252,Frankfurter 2026-06-16 (ECB),2026-06-17T06:46:03.034492+00:00,ok,,ok,,best_deal,2026-04-17T07:47:48.625254+00:00,11.32,,50,True,8,0.0202176008208125,13.5275,13.81375,1/1,11.3935,11.412,10.91,11.044,11.625,11.929,10.032,13.384,5.09939878000614,8.943695966998728,0.001703357307425,0.0025186729199235,0.0255886272767658,0.0073413148124449,0.0059443941115362,0.0896647318721303,7,3,2026-06-24T22:38:12.195598+00:00,0.27272972808603385,0.2808293485865543,0.2783994624363981
Desert Eagle | Mulberry (Minimal Wear),A,542268461592521258,52734026478,14.03,12.2,0.08550603687763,189,7.4866736,7.7799304,0.020706506456555,9.524966090871468,9.589626636714385,9.570228472961508,9.32773731901237,9.391058970845307,9.372062475295424,0.3211000647988975,0.3164913302413125,0.31787395060858814,0.33515771069049394,0.33064440692478203,0.3319983980544957,False,1,spread_hybrid_disc <= 0.12,1.4694114116404497,394,400,6,2,16.9,366,845,4.406020976872784,0.956011216263582,0.0475612925582603,,1220,183,2003,8.68,9.02,1154,0.86252,Frankfurter 2026-06-16 (ECB),2026-06-17T06:46:03.034492+00:00,ok,,ok,,best_deal,2026-04-17T07:47:48.625254+00:00,11.32,,50,True,8,0.0202176008208125,13.5275,13.81375,1/1,11.3935,11.412,10.91,11.044,11.625,11.929,10.032,13.384,5.09939878000614,8.943695966998728,0.001703357307425,0.0025186729199235,0.0255886272767658,0.0073413148124449,0.0059443941115362,0.0896647318721303,7,3,2026-06-24T22:38:12.195598+00:00,0.2722560912594704,0.2808928436140699,0.27830181790769004
Desert Eagle | Mulberry (Minimal Wear),A,507367013252240452,52025792533,11.84,10.3,0.13878056406975,326,7.4866736,7.7799304,0.020706506456555,8.077091931553474,8.075585258788555,8.076037260618032,7.909843575322573,7.90836810048699,7.908810742937665,0.3178131814566323,0.3179404342239396,0.3179022583937473,0.33193888721937725,0.33206350502643667,0.33202611968431883,False,1,spread_hybrid_disc <= 0.12,1.4694114116404497,394,400,6,2,16.9,366,845,4.406020976872784,0.956011216263582,0.0475612925582603,,1030,154,2003,8.68,9.02,1154,0.86252,Frankfurter 2026-06-16 (ECB),2026-06-17T06:46:03.034492+00:00,ok,,ok,,best_deal,2026-04-17T07:47:48.625254+00:00,11.32,,50,True,8,0.0202176008208125,13.5275,13.81375,1/1,11.3935,11.412,10.91,11.044,11.625,11.929,10.032,13.384,5.09939878000614,8.943695966998728,0.001703357307425,0.0025186729199235,0.0255886272767658,0.0073413148124449,0.0059443941115362,0.0896647318721303,7,3,2026-06-24T22:38:12.195598+00:00,0.07886257143005058,0.07866132414114542,0.07872169832781696
Desert Eagle | Mulberry (Minimal Wear),A,522002263250845664,52651572714,14.0,12.19,0.08829599618912,639,7.4866736,7.7799304,0.020706506456555,9.426154793005058,9.594233255121077,9.543809716486273,9.23097205792321,9.395570202278218,9.346190758971717,0.3267032290710673,0.3146976246342088,0.31829930596526623,0.34064485300548497,0.32888784269441296,0.33241494578773445,False,1,spread_hybrid_disc <= 0.12,1.4694114116404497,394,400,6,2,16.9,366,845,4.406020976872784,0.956011216263582,0.0475612925582603,,1219,181,2003,8.68,9.02,1154,0.86252,Frankfurter 2026-06-16 (ECB),2026-06-17T06:46:03.034492+00:00,ok,,ok,,best_deal,2026-04-17T07:47:48.625254+00:00,11.32,,50,True,8,0.0202176008208125,13.5275,13.81375,1/1,11.3935,11.412,10.91,11.044,11.625,11.929,10.032,13.384,5.09939878000614,8.943695966998728,0.001703357307425,0.0025186729199235,0.0255886272767658,0.0073413148124449,0.0059443941115362,0.0896647318721303,7,3,2026-06-24T22:38:12.195598+00:00,0.2590578001163371,0.2815081527156571,0.27477304693586113
Desert Eagle | Mulberry (Minimal Wear),A,517500112420820577,52728257826,11.84,10.3,0.14460276067257,814,7.4866736,7.7799304,0.020706506456555,8.070122453996904,8.06731192029158,8.068155080403177,7.903018411298027,7.900266073927019,7.901091775138321,0.318401819763775,0.3186391959213193,0.318567983074056,0.33251533688361257,0.3327477978102179,0.3326780595322364,False,1,spread_hybrid_disc <= 0.12,1.4694114116404497,394,400,6,2,16.9,366,845,4.406020976872784,0.956011216263582,0.0475612925582603,,1030,154,2003,8.68,9.02,1154,0.86252,Frankfurter 2026-06-16 (ECB),2026-06-17T06:46:03.034492+00:00,ok,,ok,,best_deal,2026-04-17T07:47:48.625254+00:00,11.32,,50,True,8,0.0202176008208125,13.5275,13.81375,1/1,11.3935,11.412,10.91,11.044,11.625,11.929,10.032,13.384,5.09939878000614,8.943695966998728,0.001703357307425,0.0025186729199235,0.0255886272767658,0.0073413148124449,0.0059443941115362,0.0896647318721303,7,3,2026-06-24T22:38:12.195598+00:00,0.07793165365148329,0.07755624878471795,0.07766887024474756
AK-47 | Nouveau Rouge (Field-Tested),A,517500112424223441,52677485816,15.43,13.42,0.27975752949715,780,9.8672288,9.8586036,-0.0171427382581651,10.077632043049517,10.065253605931968,10.068967137067235,10.250390251425612,10.237799614000512,10.241576805228044,0.3468806193746262,0.34768285120337217,0.34744218165474827,0.33568436478123054,0.33650034906023907,0.33625555377653626,False,1,spread_hybrid_disc <= 0.12,2.653403648131099,269,277,8,2,16.78,428,839,1.6394275061115762,0.9835946573751452,0.0,,1342,201,2003,11.44,11.43,1146,0.86252,Frankfurter 2026-06-16 (ECB),2026-06-17T08:08:19.365684+00:00,ok,,ok,,best_deal,2026-04-17T00:50:36.186748+00:00,15.76,,50,True,8,-0.0028256746364777,16.2475,15.97625,1/1,13.7853,13.776,13.55,13.619,13.898,14.0134,12.956,15.822,2.023895018606777,3.361551797929679,-0.0085383781865969,-0.0200146092037983,-0.0389684813753582,-0.0042353614056228,-0.0190715606016262,0.0591830649970185,7,3,2026-06-25T02:28:31.953567+00:00,0.021323438152109984,0.020068938295215104,0.020445288252283568
Desert Eagle | Mulberry (Minimal Wear),A,528757662577331620,52273268027,14.1,12.27,0.08827236294746,925,7.4866736,7.7799304,0.020706506456555,9.427397705136812,9.594254263205515,9.544197295784905,9.232189233686885,9.39559077535862,9.3465703128571,0.3313902336782403,0.3195564352336514,0.323106574767028,0.3452348061214975,0.333646044300807,0.33712267284701414,False,1,spread_hybrid_disc <= 0.12,1.4694114116404497,394,400,6,2,16.9,366,845,4.406020976872784,0.956011216263582,0.0475612925582603,,1227,183,2003,8.68,9.02,1154,0.86252,Frankfurter 2026-06-16 (ECB),2026-06-17T06:46:03.034492+00:00,ok,,ok,,best_deal,2026-04-17T07:47:48.625254+00:00,11.32,,50,True,8,0.0202176008208125,13.5275,13.81375,1/1,11.3935,11.412,10.91,11.044,11.625,11.929,10.032,13.384,5.09939878000614,8.943695966998728,0.001703357307425,0.0025186729199235,0.0255886272767658,0.0073413148124449,0.0059443941115362,0.0896647318721303,7,3,2026-06-24T22:38:12.195598+00:00,0.2592238167210619,0.28151095877954607,0.27482481616200083
AK-47 | Nouveau Rouge (Field-Tested),A,520876363328665152,51553155868,15.45,13.44,0.28036645054817,535,9.8672288,9.8586036,-0.0171427382581651,10.074670143229005,10.061502248919423,10.065452617212296,10.24737757653173,10.233983948456588,10.238002036879129,0.347917790082265,0.3487700809760891,0.348514393707942,0.3367393154348395,0.3376062169283761,0.33734614648031525,False,1,spread_hybrid_disc <= 0.12,2.653403648131099,269,277,8,2,16.78,428,839,1.6394275061115762,0.9835946573751452,0.0,,1344,201,2003,11.44,11.43,1146,0.86252,Frankfurter 2026-06-16 (ECB),2026-06-17T08:08:19.365684+00:00,ok,,ok,,best_deal,2026-04-17T00:50:36.186748+00:00,15.76,,50,True,8,-0.0028256746364777,16.2475,15.97625,1/1,13.7853,13.776,13.55,13.619,13.898,14.0134,12.956,15.822,2.023895018606777,3.361551797929679,-0.0085383781865969,-0.0200146092037983,-0.0389684813753582,-0.0042353614056228,-0.0190715606016262,0.0591830649970185,7,3,2026-06-25T02:28:31.953567+00:00,0.0210232627046214,0.01968875485277314,0.020089107208327617
USP-S | Cortex (Well-Worn),A,522003712053294697,22158152518,4.02,3.5,0.44387963414192,165,2.7083128,2.6996876,0.0029992031746486,2.671712694463672,2.6704812832041607,2.670850706582014,2.663699685268688,2.662471967261735,2.6628402826638204,0.33539485212346454,0.3357011733322983,0.33560927696964815,0.3373881379928636,0.3376935404821554,0.337601919735368,False,1,spread_hybrid_disc <= 0.12,1.2221659882373626,143,145,2,2,17.0,525,850,4.27416052416053,0.9574305378536834,0.0,,350,52,2003,3.14,3.13,375,0.86252,Frankfurter 2026-06-16 (ECB),2026-06-17T07:46:51.026026+00:00,ok,,ok,,best_deal,2026-04-18T22:26:49.389629+00:00,3.77,,50,True,8,0.0013227513227512,3.73375,3.745,1/1,3.9072,3.923,3.756,3.8122,3.979,4.056,3.49,4.357,4.269041769041776,7.678132678132685,-0.0146369519648905,-0.0295315682281059,-0.0189164843649466,-0.0061954440070586,,0.0600734522560337,7,3,2026-06-25T00:02:37.133581+00:00,-0.013513987577922224,-0.013968665951672617,-0.013832262439547499
Desert Eagle | Mulberry (Minimal Wear),A,541142561631222915,52208466165,11.97,10.41,0.13925640285015,233,7.4866736,7.7799304,0.020706506456555,8.07601870271176,8.076313722719108,8.076225216716903,7.9087925693008,7.909081480474462,7.908994807122362,0.325311720742543,0.3252870741253878,0.3252944681105344,0.33928215795314953,0.33925802168133157,0.33926526256287703,False,1,spread_hybrid_disc <= 0.12,1.4694114116404497,394,400,6,2,16.9,366,845,4.406020976872784,0.956011216263582,0.0475612925582603,,1041,156,2003,8.68,9.02,1154,0.86252,Frankfurter 2026-06-16 (ECB),2026-06-17T06:46:03.034492+00:00,ok,,ok,,best_deal,2026-04-17T07:47:48.625254+00:00,11.32,,50,True,8,0.0202176008208125,13.5275,13.81375,1/1,11.3935,11.412,10.91,11.044,11.625,11.929,10.032,13.384,5.09939878000614,8.943695966998728,0.001703357307425,0.0025186729199235,0.0255886272767658,0.0073413148124449,0.0059443941115362,0.0896647318721303,7,3,2026-06-24T22:38:12.195598+00:00,0.07871921953586446,0.07875862555556164,0.07874680374965248
MP7 | Abyssal Apparition (Minimal Wear),A,529885011398981762,51401503732,9.03,7.86,0.11047066748142,788,5.9255124,5.7616336,0.0243195706681342,6.087142871204585,6.082493805114401,6.083888524941456,5.9391061699812955,5.934570167182433,5.935930968022092,0.32589779942363395,0.32641264616673293,0.32625819214380336,0.3422916755280957,0.3427940014194426,0.34264330365203854,False,1,spread_hybrid_disc <= 0.12,1.8123724634126133,207,208,1,2,17.1,266,855,2.2630866943342585,0.9772160664819944,0.0404481792717087,,786,117,2003,6.87,6.68,742,0.86252,Frankfurter 2026-06-16 (ECB),2026-06-17T06:41:44.038225+00:00,ok,,ok,,best_deal,2026-04-18T05:21:43.987429+00:00,9.04,,50,True,8,0.0250463821892393,11.2675,11.54875,1/1,8.7226,8.664,8.4666,8.568,8.86,9.03,7.424,17.448,3.34762570793112,6.45908330085066,0.0268422752221753,0.0301246537396122,0.0019083969465649,0.0039511108897606,0.0100049136639224,0.0404481792717087,7,3,2026-06-24T22:28:10.794316+00:00,0.027277045476199756,0.02649246082320266,0.02672783621910179
Desert Eagle | Mulberry (Minimal Wear),A,535513062019997789,52501476162,13.31,11.59,0.09805452078581,564,7.4866736,7.7799304,0.020706506456555,8.92290701051494,8.935999302144221,8.932071614655436,8.738144778890472,8.750965974898602,8.747119616096162,0.32960878959316753,0.3286251463452877,0.32892023931965164,0.3434902495198744,0.34252697408725763,0.3428159567170427,False,1,spread_hybrid_disc <= 0.12,1.4694114116404497,394,400,6,2,16.9,366,845,4.406020976872784,0.956011216263582,0.0475612925582603,,1159,172,2003,8.68,9.02,1154,0.86252,Frankfurter 2026-06-16 (ECB),2026-06-17T06:46:03.034492+00:00,ok,,ok,,best_deal,2026-04-17T07:47:48.625254+00:00,11.32,,50,True,8,0.0202176008208125,13.5275,13.81375,1/1,11.3935,11.412,10.91,11.044,11.625,11.929,10.032,13.384,5.09939878000614,8.943695966998728,0.001703357307425,0.0025186729199235,0.0255886272767658,0.0073413148124449,0.0059443941115362,0.0896647318721303,7,3,2026-06-24T22:38:12.195598+00:00,0.19183865722621338,0.1935874033755421,0.19306277953074347
Desert Eagle | Mulberry (Minimal Wear),A,512996512783264159,52503162796,12.65,11.0,0.10846373438835,533,7.4866736,7.7799304,0.020706506456555,8.541076188574989,8.448138865219653,8.476020062226254,8.364220339330332,8.273207423261109,8.300511298081876,0.3248161115750997,0.3321629355557587,0.32995888836156095,0.3387968111201318,0.34599150804260015,0.3438330989658597,False,1,spread_hybrid_disc <= 0.12,1.4694114116404497,394,400,6,2,16.9,366,845,4.406020976872784,0.956011216263582,0.0475612925582603,,1100,165,2003,8.68,9.02,1154,0.86252,Frankfurter 2026-06-16 (ECB),2026-06-17T06:46:03.034492+00:00,ok,,ok,,best_deal,2026-04-17T07:47:48.625254+00:00,11.32,,50,True,8,0.0202176008208125,13.5275,13.81375,1/1,11.3935,11.412,10.91,11.044,11.625,11.929,10.032,13.384,5.09939878000614,8.943695966998728,0.001703357307425,0.0025186729199235,0.0255886272767658,0.0073413148124449,0.0059443941115362,0.0896647318721303,7,3,2026-06-24T22:38:12.195598+00:00,0.14083725896304478,0.12842355852399567,0.1321476686557104
AK-47 | Nouveau Rouge (Field-Tested),A,517500112424223153,52677999489,15.43,13.42,0.34294372797012,276,9.8672288,9.8586036,-0.0171427382581651,9.924436060229556,9.926118342188474,9.925613657600799,10.094568069969966,10.096279190848183,10.095765854584718,0.3568090693305537,0.35670004263198485,0.3567327506415555,0.34578301555606183,0.34567211984133617,0.34570538855575383,False,1,spread_hybrid_disc <= 0.12,2.653403648131099,269,277,8,2,16.78,428,839,1.6394275061115762,0.9835946573751452,0.0,,1342,201,2003,11.44,11.43,1146,0.86252,Frankfurter 2026-06-16 (ECB),2026-06-17T08:08:19.365684+00:00,ok,,ok,,best_deal,2026-04-17T00:50:36.186748+00:00,15.76,,50,True,8,-0.0028256746364777,16.2475,15.97625,1/1,13.7853,13.776,13.55,13.619,13.898,14.0134,12.956,15.822,2.023895018606777,3.361551797929679,-0.0085383781865969,-0.0200146092037983,-0.0389684813753582,-0.0042353614056228,-0.0190715606016262,0.0591830649970185,7,3,2026-06-25T02:28:31.953567+00:00,0.005797702819007972,0.0059681946554715915,0.005917047104532506
AK-47 | Nouveau Rouge (Field-Tested),A,517500112424224089,52670947725,15.43,13.42,0.33194702863693,355,9.8672288,9.8586036,-0.0171427382581651,9.928733976312632,9.92330353562062,9.924932667828223,10.09893966410351,10.09341613078809,10.095073190782713,0.3565305264865436,0.3568824669072832,0.3567768847810614,0.3454996977249831,0.34585767136823786,0.3457502792752616,False,1,spread_hybrid_disc <= 0.12,2.653403648131099,269,277,8,2,16.78,428,839,1.6394275061115762,0.9835946573751452,0.0,,1342,201,2003,11.44,11.43,1146,0.86252,Frankfurter 2026-06-16 (ECB),2026-06-17T08:08:19.365684+00:00,ok,,ok,,best_deal,2026-04-17T00:50:36.186748+00:00,15.76,,50,True,8,-0.0028256746364777,16.2475,15.97625,1/1,13.7853,13.776,13.55,13.619,13.898,14.0134,12.956,15.822,2.023895018606777,3.361551797929679,-0.0085383781865969,-0.0200146092037983,-0.0389684813753582,-0.0042353614056228,-0.0190715606016262,0.0591830649970185,7,3,2026-06-25T02:28:31.953567+00:00,0.006233277606031851,0.005682926458604216,0.005848031802832507
USP-S | Cortex (Well-Worn),A,514122412704709168,52813749492,4.1,3.58,0.40358194708824,322,2.7083128,2.6996876,0.0029992031746486,2.6902721865682477,2.690395601991933,2.6903585773648273,2.6822035136856233,2.682326558961378,2.6822896453786513,0.3438360520565249,0.3438059507336748,0.3438149811305299,0.3458040210522869,0.34577401000942,0.3457830133222801,False,1,spread_hybrid_disc <= 0.12,1.2221659882373626,143,145,2,2,17.0,525,850,4.27416052416053,0.9574305378536834,0.0,,358,52,2003,3.14,3.13,375,0.86252,Frankfurter 2026-06-16 (ECB),2026-06-17T07:46:51.026026+00:00,ok,,ok,,best_deal,2026-04-18T22:26:49.389629+00:00,3.77,,50,True,8,0.0013227513227512,3.73375,3.745,1/1,3.9072,3.923,3.756,3.8122,3.979,4.056,3.49,4.357,4.269041769041776,7.678132678132685,-0.0146369519648905,-0.0295315682281059,-0.0189164843649466,-0.0061954440070586,,0.0600734522560337,7,3,2026-06-25T00:02:37.133581+00:00,-0.006661200076945373,-0.006615630959639083,-0.00662930169483097
AK-47 | Nouveau Rouge (Field-Tested),A,529883562603754471,52067274294,15.44,13.43,0.35694873332977,966,9.8672288,9.8586036,-0.0171427382581651,9.912292834817695,9.920070183430333,9.917736978846541,10.08221667642326,10.090127350087506,10.087754147988232,0.3580121220972995,0.35750840780891624,0.3576595220954313,0.3470066919414987,0.34649434261091283,0.3466480474100886,False,1,spread_hybrid_disc <= 0.12,2.653403648131099,269,277,8,2,16.78,428,839,1.6394275061115762,0.9835946573751452,0.0,,1343,201,2003,11.44,11.43,1146,0.86252,Frankfurter 2026-06-16 (ECB),2026-06-17T08:08:19.365684+00:00,ok,,ok,,best_deal,2026-04-17T00:50:36.186748+00:00,15.76,,50,True,8,-0.0028256746364777,16.2475,15.97625,1/1,13.7853,13.776,13.55,13.619,13.898,14.0134,12.956,15.822,2.023895018606777,3.361551797929679,-0.0085383781865969,-0.0200146092037983,-0.0389684813753582,-0.0042353614056228,-0.0190715606016262,0.0591830649970185,7,3,2026-06-25T02:28:31.953567+00:00,0.004567040628235478,0.005355240513966067,0.00511878054824689
Desert Eagle | Mulberry (Minimal Wear),A,505115213428367561,52582172062,12.89,11.21,0.10527569800615,210,7.4866736,7.7799304,0.020706506456555,8.59302923891235,8.584973820579986,8.587390446079697,8.415097623495447,8.40720900473479,8.409575590362989,0.3333569248322459,0.3339818603118708,0.3337943796679832,0.3471607739724246,0.3477727692215058,0.3475891706467813,False,1,spread_hybrid_disc <= 0.12,1.4694114116404497,394,400,6,2,16.9,366,845,4.406020976872784,0.956011216263582,0.0475612925582603,,1121,168,2003,8.68,9.02,1154,0.86252,Frankfurter 2026-06-16 (ECB),2026-06-17T06:46:03.034492+00:00,ok,,ok,,best_deal,2026-04-17T07:47:48.625254+00:00,11.32,,50,True,8,0.0202176008208125,13.5275,13.81375,1/1,11.3935,11.412,10.91,11.044,11.625,11.929,10.032,13.384,5.09939878000614,8.943695966998728,0.001703357307425,0.0025186729199235,0.0255886272767658,0.0073413148124449,0.0059443941115362,0.0896647318721303,7,3,2026-06-24T22:38:12.195598+00:00,0.14777666264392122,0.14670069502963054,0.14702348531391776
AK-47 | Nouveau Rouge (Field-Tested),A,501737513719194812,52656381283,15.45,13.44,0.36848929524422,895,9.8672288,9.8586036,-0.0171427382581651,9.900161097624352,9.896750697735492,9.897773817702149,10.069876968034594,10.066408104553084,10.067448763597536,0.3592128739401713,0.3594336117970556,0.35936739043999033,0.34822802795892593,0.34845254986711427,0.3483851932946578,False,1,spread_hybrid_disc <= 0.12,2.653403648131099,269,277,8,2,16.78,428,839,1.6394275061115762,0.9835946573751452,0.0,,1344,201,2003,11.44,11.43,1146,0.86252,Frankfurter 2026-06-16 (ECB),2026-06-17T08:08:19.365684+00:00,ok,,ok,,best_deal,2026-04-17T00:50:36.186748+00:00,15.76,,50,True,8,-0.0028256746364777,16.2475,15.97625,1/1,13.7853,13.776,13.55,13.619,13.898,14.0134,12.956,15.822,2.023895018606777,3.361551797929679,-0.0085383781865969,-0.0200146092037983,-0.0389684813753582,-0.0042353614056228,-0.0190715606016262,0.0591830649970185,7,3,2026-06-25T02:28:31.953567+00:00,0.0033375427176018284,0.0029919137717260335,0.003095602455488772
Desert Eagle | Mulberry (Minimal Wear),A,526505862841527313,52310311417,13.95,12.14,0.09111407399178,416,7.4866736,7.7799304,0.020706506456555,9.279292780244058,9.28195659015407,9.281157447181066,9.08715104437767,9.089759696090582,9.088977100576708,0.3348177218463041,0.33462676773089095,0.3346840539655149,0.34859132298367956,0.3484043228608902,0.34846042289772705,False,1,spread_hybrid_disc <= 0.12,1.4694114116404497,394,400,6,2,16.9,366,845,4.406020976872784,0.956011216263582,0.0475612925582603,,1214,181,2003,8.68,9.02,1154,0.86252,Frankfurter 2026-06-16 (ECB),2026-06-17T06:46:03.034492+00:00,ok,,ok,,best_deal,2026-04-17T07:47:48.625254+00:00,11.32,,50,True,8,0.0202176008208125,13.5275,13.81375,1/1,11.3935,11.412,10.91,11.044,11.625,11.929,10.032,13.384,5.09939878000614,8.943695966998728,0.001703357307425,0.0025186729199235,0.0255886272767658,0.0073413148124449,0.0059443941115362,0.0896647318721303,7,3,2026-06-24T22:38:12.195598+00:00,0.23944134284738414,0.2397971497186774,0.23969040765728944
USP-S | Cortex (Well-Worn),A,497233914100399241,52387974088,4.11,3.59,0.41216722130775,367,2.7083128,2.6996876,0.0029992031746486,2.683177969269939,2.6818791680145955,2.6822688083911985,2.6751305733863573,2.673835667499862,2.6742241392658106,0.34715864494648685,0.3474746549842834,0.3473798519729444,0.3491166488111054,0.34943171107059323,0.34933719239274685,False,1,spread_hybrid_disc <= 0.12,1.2221659882373626,143,145,2,2,17.0,525,850,4.27416052416053,0.9574305378536834,0.0,,359,52,2003,3.14,3.13,375,0.86252,Frankfurter 2026-06-16 (ECB),2026-06-17T07:46:51.026026+00:00,ok,,ok,,best_deal,2026-04-18T22:26:49.389629+00:00,3.77,,50,True,8,0.0013227513227512,3.73375,3.745,1/1,3.9072,3.923,3.756,3.8122,3.979,4.056,3.49,4.357,4.269041769041776,7.678132678132685,-0.0146369519648905,-0.0295315682281059,-0.0189164843649466,-0.0061954440070586,,0.0600734522560337,7,3,2026-06-25T00:02:37.133581+00:00,-0.009280623246347566,-0.009760184268746395,-0.009616315962026745
USP-S | Cortex (Well-Worn),A,497233914100398845,52548397909,4.11,3.59,0.41228669881821,85,2.7083128,2.6996876,0.0029992031746486,2.683129683755021,2.6818709146707267,2.682248545396015,2.6750824326895093,2.6738274389094485,2.6742039370434667,0.34717039324695353,0.34747666309714687,0.3473847821420889,0.3491283618760318,0.34943371316071814,0.34934210777531227,False,1,spread_hybrid_disc <= 0.12,1.2221659882373626,143,145,2,2,17.0,525,850,4.27416052416053,0.9574305378536834,0.0,,359,52,2003,3.14,3.13,375,0.86252,Frankfurter 2026-06-16 (ECB),2026-06-17T07:46:51.026026+00:00,ok,,ok,,best_deal,2026-04-18T22:26:49.389629+00:00,3.77,,50,True,8,0.0013227513227512,3.73375,3.745,1/1,3.9072,3.923,3.756,3.8122,3.979,4.056,3.49,4.357,4.269041769041776,7.678132678132685,-0.0146369519648905,-0.0295315682281059,-0.0189164843649466,-0.0061954440070586,,0.0600734522560337,7,3,2026-06-25T00:02:37.133581+00:00,-0.009298451879331992,-0.009763231680355871,-0.009623797740048708
USP-S | Cortex (Well-Worn),A,497233914100398665,52601313729,4.11,3.59,0.41571894288063,269,2.7083128,2.6996876,0.0029992031746486,2.6818994878780633,2.6821312864967237,2.6820617469111254,2.673855926419931,2.6740870298274384,2.674017698805186,0.3474697109785735,0.34741331228790184,0.34743023189510336,0.34942678189296084,0.3493705523534214,0.3493874212152833,False,1,spread_hybrid_disc <= 0.12,1.2221659882373626,143,145,2,2,17.0,525,850,4.27416052416053,0.9574305378536834,0.0,,359,52,2003,3.14,3.13,375,0.86252,Frankfurter 2026-06-16 (ECB),2026-06-17T07:46:51.026026+00:00,ok,,ok,,best_deal,2026-04-18T22:26:49.389629+00:00,3.77,,50,True,8,0.0013227513227512,3.73375,3.745,1/1,3.9072,3.923,3.756,3.8122,3.979,4.056,3.49,4.357,4.269041769041776,7.678132678132685,-0.0146369519648905,-0.0295315682281059,-0.0189164843649466,-0.0061954440070586,,0.0600734522560337,7,3,2026-06-25T00:02:37.133581+00:00,-0.009752681493044915,-0.009667093661882842,-0.009692770011231464
USP-S | Cortex (Well-Worn),A,519751912238313738,52479787759,4.14,3.6,0.39517867565155,289,2.7083128,2.6996876,0.0029992031746486,2.6974882044803814,2.702172084626716,2.7007669205828155,2.6893978892939265,2.6940677215320563,2.6926667718606176,0.3484328008501494,0.3473014288341265,0.3476408404389334,0.3503869832623365,0.3492590044608559,0.3495973981013001,False,1,spread_hybrid_disc <= 0.12,1.2221659882373626,143,145,2,2,17.0,525,850,4.27416052416053,0.9574305378536834,0.0,,360,54,2003,3.14,3.13,375,0.86252,Frankfurter 2026-06-16 (ECB),2026-06-17T07:46:51.026026+00:00,ok,,ok,,best_deal,2026-04-18T22:26:49.389629+00:00,3.77,,50,True,8,0.0013227513227512,3.73375,3.745,1/1,3.9072,3.923,3.756,3.8122,3.979,4.056,3.49,4.357,4.269041769041776,7.678132678132685,-0.0146369519648905,-0.0295315682281059,-0.0189164843649466,-0.0061954440070586,,0.0600734522560337,7,3,2026-06-25T00:02:37.133581+00:00,-0.00399680403224417,-0.002267358250968693,-0.002786191985351336
USP-S | Cortex (Well-Worn),A,497233914100399385,52289463656,4.11,3.59,0.42273396253586,640,2.7083128,2.6996876,0.0029992031746486,2.680916469723466,2.681128038950722,2.681064568182545,2.672875856536504,2.6730867912246614,2.673023510818214,0.3477088881451421,0.34765741144751294,0.34767285445680174,0.34966524171861224,0.34961391941005815,0.3496293161026244,False,1,spread_hybrid_disc <= 0.12,1.2221659882373626,143,145,2,2,17.0,525,850,4.27416052416053,0.9574305378536834,0.0,,359,52,2003,3.14,3.13,375,0.86252,Frankfurter 2026-06-16 (ECB),2026-06-17T07:46:51.026026+00:00,ok,,ok,,best_deal,2026-04-18T22:26:49.389629+00:00,3.77,,50,True,8,0.0013227513227512,3.73375,3.745,1/1,3.9072,3.923,3.756,3.8122,3.979,4.056,3.49,4.357,4.269041769041776,7.678132678132685,-0.0146369519648905,-0.0295315682281059,-0.0189164843649466,-0.0061954440070586,,0.0600734522560337,7,3,2026-06-25T00:02:37.133581+00:00,-0.010115644794254874,-0.010037526333471443,-0.010060961871706471
Desert Eagle | Mulberry (Minimal Wear),A,537764861965791727,51163531167,13.15,11.44,0.10210558772087,413,7.4866736,7.7799304,0.020706506456555,8.723570930482959,8.737073958079677,8.73302304980066,8.542936252686697,8.5561596797553,8.55219265163472,0.33661057562867236,0.3355837294235987,0.3358917832851209,0.3503470530276276,0.3493414692201293,0.34964314436237875,False,1,spread_hybrid_disc <= 0.12,1.4694114116404497,394,400,6,2,16.9,366,845,4.406020976872784,0.956011216263582,0.0475612925582603,,1144,171,2003,8.68,9.02,1154,0.86252,Frankfurter 2026-06-16 (ECB),2026-06-17T06:46:03.034492+00:00,ok,,ok,,best_deal,2026-04-17T07:47:48.625254+00:00,11.32,,50,True,8,0.0202176008208125,13.5275,13.81375,1/1,11.3935,11.412,10.91,11.044,11.625,11.929,10.032,13.384,5.09939878000614,8.943695966998728,0.001703357307425,0.0025186729199235,0.0255886272767658,0.0073413148124449,0.0059443941115362,0.0896647318721303,7,3,2026-06-24T22:38:12.195598+00:00,0.16521320369609274,0.1670168121233008,0.16647572959513837
USP-S | Cortex (Well-Worn),A,497233914100399025,52407911851,4.11,3.59,0.42754262685776,68,2.7083128,2.6996876,0.0029992031746486,2.680703745235389,2.679185831506803,2.6796412056253787,2.6726637700523863,2.671150408855474,2.6716044172145477,0.3477606459281293,0.34812996800321105,0.3480191713806865,0.34971684426949246,0.3500850586726342,0.34997459435169165,False,1,spread_hybrid_disc <= 0.12,1.2221659882373626,143,145,2,2,17.0,525,850,4.27416052416053,0.9574305378536834,0.0,,359,52,2003,3.14,3.13,375,0.86252,Frankfurter 2026-06-16 (ECB),2026-06-17T07:46:51.026026+00:00,ok,,ok,,best_deal,2026-04-18T22:26:49.389629+00:00,3.77,,50,True,8,0.0013227513227512,3.73375,3.745,1/1,3.9072,3.923,3.756,3.8122,3.979,4.056,3.49,4.357,4.269041769041776,7.678132678132685,-0.0146369519648905,-0.0295315682281059,-0.0189164843649466,-0.0061954440070586,,0.0600734522560337,7,3,2026-06-25T00:02:37.133581+00:00,-0.010194189816113928,-0.010754654518930474,-0.01058651510808551
USP-S | Cortex (Well-Worn),A,502863413635798086,44878562678,4.11,3.59,0.43601444363594,526,2.7083128,2.6996876,0.0029992031746486,2.678647036034295,2.678538524582284,2.678571078017887,2.6706132293400575,2.670505043335938,2.6705374991371738,0.34826106179214245,0.34828746360528373,0.34827954306134135,0.35021575928465754,0.3502420819133971,0.35023418512477533,False,1,spread_hybrid_disc <= 0.12,1.2221659882373626,143,145,2,2,17.0,525,850,4.27416052416053,0.9574305378536834,0.0,,359,52,2003,3.14,3.13,375,0.86252,Frankfurter 2026-06-16 (ECB),2026-06-17T07:46:51.026026+00:00,ok,,ok,,best_deal,2026-04-18T22:26:49.389629+00:00,3.77,,50,True,8,0.0013227513227512,3.73375,3.745,1/1,3.9072,3.923,3.756,3.8122,3.979,4.056,3.49,4.357,4.269041769041776,7.678132678132685,-0.0146369519648905,-0.0295315682281059,-0.0189164843649466,-0.0061954440070586,,0.0600734522560337,7,3,2026-06-25T00:02:37.133581+00:00,-0.010953595893984248,-0.010993661964643119,-0.010981642143445457
USP-S | Cortex (Well-Worn),A,519751912238314746,52479733303,4.14,3.6,0.39044290781021,408,2.7083128,2.6996876,0.0029992031746486,2.6986732120724,2.6964050983586114,2.697085532472748,2.690579342807413,2.6883180316274755,2.688996424981457,0.34814656713227043,0.3486944206863257,0.34853006462010916,0.350101608017533,0.3506478184474696,0.3504839553184885,False,1,spread_hybrid_disc <= 0.12,1.2221659882373626,143,145,2,2,17.0,525,850,4.27416052416053,0.9574305378536834,0.0,,360,54,2003,3.14,3.13,375,0.86252,Frankfurter 2026-06-16 (ECB),2026-06-17T07:46:51.026026+00:00,ok,,ok,,best_deal,2026-04-18T22:26:49.389629+00:00,3.77,,50,True,8,0.0013227513227512,3.73375,3.745,1/1,3.9072,3.923,3.756,3.8122,3.979,4.056,3.49,4.357,4.269041769041776,7.678132678132685,-0.0146369519648905,-0.0295315682281059,-0.0189164843649466,-0.0061954440070586,,0.0600734522560337,7,3,2026-06-25T00:02:37.133581+00:00,-0.003559259450237707,-0.004396723170746175,-0.004145484054593635
USP-S | Cortex (Well-Worn),A,497233914100399349,52313560911,4.11,3.59,0.44072332978249,922,2.7083128,2.6996876,0.0029992031746486,2.6749411002144003,2.676163710958566,2.6757969277353166,2.6669184083746393,2.66813735226078,2.667771669094938,0.34916274933956204,0.34886527713903503,0.34895451879919304,0.3511147424879224,0.3508181624669636,0.3509071364732512,False,1,spread_hybrid_disc <= 0.12,1.2221659882373626,143,145,2,2,17.0,525,850,4.27416052416053,0.9574305378536834,0.0,,359,52,2003,3.14,3.13,375,0.86252,Frankfurter 2026-06-16 (ECB),2026-06-17T07:46:51.026026+00:00,ok,,ok,,best_deal,2026-04-18T22:26:49.389629+00:00,3.77,,50,True,8,0.0013227513227512,3.73375,3.745,1/1,3.9072,3.923,3.756,3.8122,3.979,4.056,3.49,4.357,4.269041769041776,7.678132678132685,-0.0146369519648905,-0.0295315682281059,-0.0189164843649466,-0.0061954440070586,,0.0600734522560337,7,3,2026-06-25T00:02:37.133581+00:00,-0.012321951801726672,-0.01187052287366274,-0.01200595155208192
USP-S | Cortex (Well-Worn),A,519751912238354130,52420530657,4.14,3.6,0.40109753608704,463,2.7083128,2.6996876,0.0029992031746486,2.69237406615705,2.6922195310687815,2.692265891595262,2.6842990893104903,2.684145017704349,2.684191239186191,0.34966809996206516,0.3497054272780721,0.34969422908326997,0.35161857746123415,0.35165579282503645,0.3516446282158958,False,1,spread_hybrid_disc <= 0.12,1.2221659882373626,143,145,2,2,17.0,525,850,4.27416052416053,0.9574305378536834,0.0,,360,54,2003,3.14,3.13,375,0.86252,Frankfurter 2026-06-16 (ECB),2026-06-17T07:46:51.026026+00:00,ok,,ok,,best_deal,2026-04-18T22:26:49.389629+00:00,3.77,,50,True,8,0.0013227513227512,3.73375,3.745,1/1,3.9072,3.923,3.756,3.8122,3.979,4.056,3.49,4.357,4.269041769041776,7.678132678132685,-0.0146369519648905,-0.0295315682281059,-0.0189164843649466,-0.0061954440070586,,0.0600734522560337,7,3,2026-06-25T00:02:37.133581+00:00,-0.005885115575626961,-0.005942175117740521,-0.0059250572551064525
Desert Eagle | Mulberry (Minimal Wear),A,505115213443825277,52556731411,12.22,10.63,0.14861881732941,996,7.4866736,7.7799304,0.020706506456555,8.084291162287542,8.070963519118422,8.074961812069157,7.916893735138964,7.903842060899176,7.907757563171112,0.33843771176043036,0.3395283535909639,0.33920116104180387,0.35213635555327627,0.3532044140017041,0.35288399646717583,False,1,spread_hybrid_disc <= 0.12,1.4694114116404497,394,400,6,2,16.9,366,845,4.406020976872784,0.956011216263582,0.0475612925582603,,1063,159,2003,8.68,9.02,1154,0.86252,Frankfurter 2026-06-16 (ECB),2026-06-17T06:46:03.034492+00:00,ok,,ok,,best_deal,2026-04-17T07:47:48.625254+00:00,11.32,,50,True,8,0.0202176008208125,13.5275,13.81375,1/1,11.3935,11.412,10.91,11.044,11.625,11.929,10.032,13.384,5.09939878000614,8.943695966998728,0.001703357307425,0.0025186729199235,0.0255886272767658,0.0073413148124449,0.0059443941115362,0.0896647318721303,7,3,2026-06-24T22:38:12.195598+00:00,0.07982417749420012,0.07804399528228688,0.07857804994586086
Desert Eagle | Mulberry (Minimal Wear),A,529883562569177191,51863778638,12.92,11.24,0.10673743486404,594,7.4866736,7.7799304,0.020706506456555,8.568295351318277,8.518352344329443,8.533335246426093,8.390875888304535,8.341967026512375,8.356639685050023,0.3368192452540033,0.34068480307047655,0.33952513572553455,0.35055140183401434,0.35433691745260254,0.353201262767026,False,1,spread_hybrid_disc <= 0.12,1.4694114116404497,394,400,6,2,16.9,366,845,4.406020976872784,0.956011216263582,0.0475612925582603,,1124,168,2003,8.68,9.02,1154,0.86252,Frankfurter 2026-06-16 (ECB),2026-06-17T06:46:03.034492+00:00,ok,,ok,,best_deal,2026-04-17T07:47:48.625254+00:00,11.32,,50,True,8,0.0202176008208125,13.5275,13.81375,1/1,11.3935,11.412,10.91,11.044,11.625,11.929,10.032,13.384,5.09939878000614,8.943695966998728,0.001703357307425,0.0025186729199235,0.0255886272767658,0.0073413148124449,0.0059443941115362,0.0896647318721303,7,3,2026-06-24T22:38:12.195598+00:00,0.14447294073542594,0.1378020198889722,0.13980329614290832
AK-47 | Nouveau Rouge (Field-Tested),A,501737513725092800,52810126352,16.73,14.56,0.2106162160635,200,9.8672288,9.8586036,-0.0171427382581651,10.829090251654696,10.551630091782052,10.634868139743846,11.014730511412859,10.732513924642449,10.817178900673573,0.352714270672164,0.36929885882952473,0.3643234823823165,0.34161802083605153,0.35848691424731327,0.3534262462239347,False,1,spread_hybrid_disc <= 0.12,2.653403648131099,269,277,8,2,16.78,428,839,1.6394275061115762,0.9835946573751452,0.0,,1456,217,2003,11.44,11.43,1146,0.86252,Frankfurter 2026-06-16 (ECB),2026-06-17T08:08:19.365684+00:00,ok,,ok,,best_deal,2026-04-17T00:50:36.186748+00:00,15.76,,50,True,8,-0.0028256746364777,16.2475,15.97625,1/1,13.7853,13.776,13.55,13.619,13.898,14.0134,12.956,15.822,2.023895018606777,3.361551797929679,-0.0085383781865969,-0.0200146092037983,-0.0389684813753582,-0.0042353614056228,-0.0190715606016262,0.0591830649970185,7,3,2026-06-25T02:28:31.953567+00:00,0.09748040418954272,0.06936104408383158,0.07779685211554492
USP-S | Cortex (Well-Worn),A,508492913166598436,52541687019,4.14,3.6,0.41000562906265,365,2.7083128,2.6996876,0.0029992031746486,2.6842929407312743,2.684088812046752,2.6841500506521085,2.676242200821746,2.6760386843606225,2.6760997392989596,0.351620062625296,0.3516693690708328,0.35165457713717185,0.35356468579184874,0.35361384435733745,0.35359909678769086,False,1,spread_hybrid_disc <= 0.12,1.2221659882373626,143,145,2,2,17.0,525,850,4.27416052416053,0.9574305378536834,0.0,,360,54,2003,3.14,3.13,375,0.86252,Frankfurter 2026-06-16 (ECB),2026-06-17T07:46:51.026026+00:00,ok,,ok,,best_deal,2026-04-18T22:26:49.389629+00:00,3.77,,50,True,8,0.0013227513227512,3.73375,3.745,1/1,3.9072,3.923,3.756,3.8122,3.979,4.056,3.49,4.357,4.269041769041776,7.678132678132685,-0.0146369519648905,-0.0295315682281059,-0.0189164843649466,-0.0061954440070586,,0.0600734522560337,7,3,2026-06-25T00:02:37.133581+00:00,-0.00886893835480364,-0.008944309517441212,-0.008921698168649942
USP-S | Cortex (Well-Worn),A,494982114280347288,52549933593,4.15,3.61,0.4034643471241,645,2.7083128,2.6996876,0.0029992031746486,2.6903711291524854,2.6905055708717267,2.6904652383559546,2.6823021595209484,2.6824361980221583,2.6823959864717954,0.3517178002042204,0.3516854046092225,0.3516951232877218,0.3536621302359161,0.35362983180188967,0.35363952133209753,False,1,spread_hybrid_disc <= 0.12,1.2221659882373626,143,145,2,2,17.0,525,850,4.27416052416053,0.9574305378536834,0.0,,361,54,2003,3.14,3.13,375,0.86252,Frankfurter 2026-06-16 (ECB),2026-06-17T07:46:51.026026+00:00,ok,,ok,,best_deal,2026-04-18T22:26:49.389629+00:00,3.77,,50,True,8,0.0013227513227512,3.73375,3.745,1/1,3.9072,3.923,3.756,3.8122,3.979,4.056,3.49,4.357,4.269041769041776,7.678132678132685,-0.0146369519648905,-0.0295315682281059,-0.0189164843649466,-0.0061954440070586,,0.0600734522560337,7,3,2026-06-25T00:02:37.133581+00:00,-0.006624667153481725,-0.0065750267577191135,-0.006589918876447897
USP-S | Cortex (Well-Worn),A,515248312601378506,52364657043,4.14,3.6,0.42377310991287,651,2.7083128,2.6996876,0.0029992031746486,2.680770014969253,2.6832529011255835,2.6825080352786843,2.672729841029854,2.6752052805061424,2.674462648663256,0.35247101087699206,0.3518712799213566,0.35205119920804717,0.35441308187684684,0.3538151496361974,0.35399452930839215,False,1,spread_hybrid_disc <= 0.12,1.2221659882373626,143,145,2,2,17.0,525,850,4.27416052416053,0.9574305378536834,0.0,,360,54,2003,3.14,3.13,375,0.86252,Frankfurter 2026-06-16 (ECB),2026-06-17T07:46:51.026026+00:00,ok,,ok,,best_deal,2026-04-18T22:26:49.389629+00:00,3.77,,50,True,8,0.0013227513227512,3.73375,3.745,1/1,3.9072,3.923,3.756,3.8122,3.979,4.056,3.49,4.357,4.269041769041776,7.678132678132685,-0.0146369519648905,-0.0295315682281059,-0.0189164843649466,-0.0061954440070586,,0.0600734522560337,7,3,2026-06-25T00:02:37.133581+00:00,-0.010169720805789942,-0.009252955889886902,-0.009527985364657814
USP-S | Cortex (Well-Worn),A,519751912238356758,52410062226,4.14,3.6,0.41202703118324,640,2.7083128,2.6996876,0.0029992031746486,2.683254508730699,2.6819061502049313,2.682310657762662,2.675206883289724,2.6738625687651267,2.674265863122506,0.3518708916109422,0.3521965820761035,0.352098874936555,0.3538147624904049,0.3541394761436891,0.35404206204770383,False,1,spread_hybrid_disc <= 0.12,1.2221659882373626,143,145,2,2,17.0,525,850,4.27416052416053,0.9574305378536834,0.0,,360,54,2003,3.14,3.13,375,0.86252,Frankfurter 2026-06-16 (ECB),2026-06-17T07:46:51.026026+00:00,ok,,ok,,best_deal,2026-04-18T22:26:49.389629+00:00,3.77,,50,True,8,0.0013227513227512,3.73375,3.745,1/1,3.9072,3.923,3.756,3.8122,3.979,4.056,3.49,4.357,4.269041769041776,7.678132678132685,-0.0146369519648905,-0.0295315682281059,-0.0189164843649466,-0.0061954440070586,,0.0600734522560337,7,3,2026-06-25T00:02:37.133581+00:00,-0.009252362308113165,-0.009750221538320322,-0.009600863769258176
Desert Eagle | Mulberry (Minimal Wear),A,545646161191512881,51254967027,12.23,10.64,0.14541098475456,352,7.4866736,7.7799304,0.020706506456555,8.068269296419324,8.066369443019083,8.066939399039155,7.901203626139792,7.89934311206625,7.899901266288313,0.34028869203439716,0.34044403573024673,0.3403974326214918,0.3539490084922492,0.3541011355628578,0.3540554974416752,False,1,spread_hybrid_disc <= 0.12,1.4694114116404497,394,400,6,2,16.9,366,845,4.406020976872784,0.956011216263582,0.0475612925582603,,1064,159,2003,8.68,9.02,1154,0.86252,Frankfurter 2026-06-16 (ECB),2026-06-17T06:46:03.034492+00:00,ok,,ok,,best_deal,2026-04-17T07:47:48.625254+00:00,11.32,,50,True,8,0.0202176008208125,13.5275,13.81375,1/1,11.3935,11.412,10.91,11.044,11.625,11.929,10.032,13.384,5.09939878000614,8.943695966998728,0.001703357307425,0.0025186729199235,0.0255886272767658,0.0073413148124449,0.0059443941115362,0.0896647318721303,7,3,2026-06-24T22:38:12.195598+00:00,0.07768412615441458,0.07743036146508143,0.0775064908718814
USP-S | Cortex (Well-Worn),A,527633211585346749,52684380174,4.14,3.6,0.41441491246223,171,2.7083128,2.6996876,0.0029992031746486,2.6823942949097845,2.6819580806975765,2.682088944961239,2.6743492494248318,2.6739143435076738,2.674044815282821,0.35207867272710514,0.35218403847884616,0.35215242875332387,0.35402192042878455,0.3541269701672285,0.3540954552456953,False,1,spread_hybrid_disc <= 0.12,1.2221659882373626,143,145,2,2,17.0,525,850,4.27416052416053,0.9574305378536834,0.0,,360,54,2003,3.14,3.13,375,0.86252,Frankfurter 2026-06-16 (ECB),2026-06-17T07:46:51.026026+00:00,ok,,ok,,best_deal,2026-04-18T22:26:49.389629+00:00,3.77,,50,True,8,0.0013227513227512,3.73375,3.745,1/1,3.9072,3.923,3.756,3.8122,3.979,4.056,3.49,4.357,4.269041769041776,7.678132678132685,-0.0146369519648905,-0.0295315682281059,-0.0189164843649466,-0.0061954440070586,,0.0600734522560337,7,3,2026-06-25T00:02:37.133581+00:00,-0.009569982126959382,-0.009731047057202352,-0.009682727578129461
USP-S | Cortex (Well-Worn),A,519751912238353014,52422735253,4.14,3.6,0.41473072767258,319,2.7083128,2.6996876,0.0029992031746486,2.682262268257801,2.6819854051762184,2.682068464100693,2.674217618747602,2.6739415860346525,2.6740243958485372,0.35211056322275336,0.35217743836323223,0.3521573758210885,0.35405371527835694,0.35412038984670224,0.35410038747619865,False,1,spread_hybrid_disc <= 0.12,1.2221659882373626,143,145,2,2,17.0,525,850,4.27416052416053,0.9574305378536834,0.0,,360,54,2003,3.14,3.13,375,0.86252,Frankfurter 2026-06-16 (ECB),2026-06-17T07:46:51.026026+00:00,ok,,ok,,best_deal,2026-04-18T22:26:49.389629+00:00,3.77,,50,True,8,0.0013227513227512,3.73375,3.745,1/1,3.9072,3.923,3.756,3.8122,3.979,4.056,3.49,4.357,4.269041769041776,7.678132678132685,-0.0146369519648905,-0.0295315682281059,-0.0189164843649466,-0.0061954440070586,,0.0600734522560337,7,3,2026-06-25T00:02:37.133581+00:00,-0.009618730798820176,-0.00972095794244356,-0.009690289799356544
USP-S | Cortex (Well-Worn),A,529885011394092386,52617831798,4.14,3.6,0.42175281047821,894,2.7083128,2.6996876,0.0029992031746486,2.681118231868933,2.6804783863447166,2.6806703400019813,2.6730770135563033,2.6724390870588146,2.672630465008061,0.3523869005147504,0.3525414525737399,0.35249508695604315,0.3543292237786706,0.35448331230463415,0.3544370857468452,False,1,spread_hybrid_disc <= 0.12,1.2221659882373626,143,145,2,2,17.0,525,850,4.27416052416053,0.9574305378536834,0.0,,360,54,2003,3.14,3.13,375,0.86252,Frankfurter 2026-06-16 (ECB),2026-06-17T07:46:51.026026+00:00,ok,,ok,,best_deal,2026-04-18T22:26:49.389629+00:00,3.77,,50,True,8,0.0013227513227512,3.73375,3.745,1/1,3.9072,3.923,3.756,3.8122,3.979,4.056,3.49,4.357,4.269041769041776,7.678132678132685,-0.0146369519648905,-0.0295315682281059,-0.0189164843649466,-0.0061954440070586,,0.0600734522560337,7,3,2026-06-25T00:02:37.133581+00:00,-0.010041147437277942,-0.010277399883530132,-0.010206524149654476
USP-S | Cortex (Well-Worn),A,515248312601380018,52364212687,4.14,3.6,0.4279802441597,939,2.7083128,2.6996876,0.0029992031746486,2.680617937193108,2.6793881587588992,2.6797570922891616,2.672578219365858,2.6713521292870337,2.671719956310681,0.35250774463934587,0.35280479257031416,0.3527156781910237,0.354449705467184,0.35474586249105466,0.3546570153838935,False,1,spread_hybrid_disc <= 0.12,1.2221659882373626,143,145,2,2,17.0,525,850,4.27416052416053,0.9574305378536834,0.0,,360,54,2003,3.14,3.13,375,0.86252,Frankfurter 2026-06-16 (ECB),2026-06-17T07:46:51.026026+00:00,ok,,ok,,best_deal,2026-04-18T22:26:49.389629+00:00,3.77,,50,True,8,0.0013227513227512,3.73375,3.745,1/1,3.9072,3.923,3.756,3.8122,3.979,4.056,3.49,4.357,4.269041769041776,7.678132678132685,-0.0146369519648905,-0.0295315682281059,-0.0189164843649466,-0.0061954440070586,,0.0600734522560337,7,3,2026-06-25T00:02:37.133581+00:00,-0.010225873025779089,-0.010679948505616018,-0.010543725861664938
USP-S | Cortex (Well-Worn),A,515248312601431318,52306197881,4.14,3.6,0.43607324361801,851,2.7083128,2.6996876,0.0029992031746486,2.6786344085456837,2.678532607839862,2.6785631480516083,2.67060063972385,2.670499144339029,2.670529592954475,0.3529868578392068,0.3530114473816758,0.3530040705189351,0.3549273817092149,0.3549518975026499,0.3549445427646195,False,1,spread_hybrid_disc <= 0.12,1.2221659882373626,143,145,2,2,17.0,525,850,4.27416052416053,0.9574305378536834,0.0,,360,54,2003,3.14,3.13,375,0.86252,Frankfurter 2026-06-16 (ECB),2026-06-17T07:46:51.026026+00:00,ok,,ok,,best_deal,2026-04-18T22:26:49.389629+00:00,3.77,,50,True,8,0.0013227513227512,3.73375,3.745,1/1,3.9072,3.923,3.756,3.8122,3.979,4.056,3.49,4.357,4.269041769041776,7.678132678132685,-0.0146369519648905,-0.0295315682281059,-0.0189164843649466,-0.0061954440070586,,0.0600734522560337,7,3,2026-06-25T00:02:37.133581+00:00,-0.010958258386666512,-0.010995846624561895,-0.01098457015319328
AK-47 | Nouveau Rouge (Field-Tested),A,492730314471177837,52680865102,16.75,14.58,0.21147829294205,830,9.8672288,9.8586036,-0.0171427382581651,10.80426088480777,10.543861097149483,10.62198103344697,10.98947550122896,10.724611748168366,10.804070874086545,0.35496949941446154,0.3705157553940607,0.36585187860018087,0.3439119103743905,0.3597246717511423,0.35498084333811675,False,1,spread_hybrid_disc <= 0.12,2.653403648131099,269,277,8,2,16.78,428,839,1.6394275061115762,0.9835946573751452,0.0,,1458,217,2003,11.44,11.43,1146,0.86252,Frankfurter 2026-06-16 (ECB),2026-06-17T08:08:19.365684+00:00,ok,,ok,,best_deal,2026-04-17T00:50:36.186748+00:00,15.76,,50,True,8,-0.0028256746364777,16.2475,15.97625,1/1,13.7853,13.776,13.55,13.619,13.898,14.0134,12.956,15.822,2.023895018606777,3.361551797929679,-0.0085383781865969,-0.0200146092037983,-0.0389684813753582,-0.0042353614056228,-0.0190715606016262,0.0591830649970185,7,3,2026-06-25T02:28:31.953567+00:00,0.09496405767015054,0.06857369083703456,0.07649080088696936
USP-S | Cortex (Well-Worn),A,519751912238326410,52459368768,4.14,3.6,0.439009308815,615,2.7083128,2.6996876,0.0029992031746486,2.6771326694634916,2.677967670964358,2.6777171705140983,2.6691034046622812,2.669935901823995,2.669686152675481,0.35334959674794886,0.35314790556416464,0.35320841291929983,0.35528903269027023,0.35508794641932473,0.3551482723006084,False,1,spread_hybrid_disc <= 0.12,1.2221659882373626,143,145,2,2,17.0,525,850,4.27416052416053,0.9574305378536834,0.0,,360,54,2003,3.14,3.13,375,0.86252,Frankfurter 2026-06-16 (ECB),2026-06-17T07:46:51.026026+00:00,ok,,ok,,best_deal,2026-04-18T22:26:49.389629+00:00,3.77,,50,True,8,0.0013227513227512,3.73375,3.745,1/1,3.9072,3.923,3.756,3.8122,3.979,4.056,3.49,4.357,4.269041769041776,7.678132678132685,-0.0146369519648905,-0.0295315682281059,-0.0189164843649466,-0.0061954440070586,,0.0600734522560337,7,3,2026-06-25T00:02:37.133581+00:00,-0.011512750867074286,-0.01120444028313198,-0.011296933458314671
USP-S | Cortex (Well-Worn),A,494982114280432536,52508485045,4.16,3.62,0.40382567048073,273,2.7083128,2.6996876,0.0029992031746486,2.6900398019251757,2.6901721919718122,2.6901324749578213,2.6819718260113103,2.682103818993299,2.6820642210987025,0.3533558168449097,0.3533239923144682,0.3533335396736007,0.35529523413189656,0.35526350504968773,0.35527302377435044,False,1,spread_hybrid_disc <= 0.12,1.2221659882373626,143,145,2,2,17.0,525,850,4.27416052416053,0.9574305378536834,0.0,,362,54,2003,3.14,3.13,375,0.86252,Frankfurter 2026-06-16 (ECB),2026-06-17T07:46:51.026026+00:00,ok,,ok,,best_deal,2026-04-18T22:26:49.389629+00:00,3.77,,50,True,8,0.0013227513227512,3.73375,3.745,1/1,3.9072,3.923,3.756,3.8122,3.979,4.056,3.49,4.357,4.269041769041776,7.678132678132685,-0.0146369519648905,-0.0295315682281059,-0.0189164843649466,-0.0061954440070586,,0.0600734522560337,7,3,2026-06-25T00:02:37.133581+00:00,-0.006747004287992278,-0.006698121438626877,-0.0067127862934364966
Desert Eagle | Mulberry (Minimal Wear),A,528759111470587313,51712565983,12.27,10.68,0.14101995527744,769,7.4866736,7.7799304,0.020706506456555,8.073369004818161,8.074615307580395,8.074241416751724,7.906197737393743,7.907418233579783,7.90705208472397,0.34202371598873993,0.3419221428214837,0.3419526147716606,0.35564810616187914,0.3555486362200666,0.3555784772026104,False,1,spread_hybrid_disc <= 0.12,1.4694114116404497,394,400,6,2,16.9,366,845,4.406020976872784,0.956011216263582,0.0475612925582603,,1068,159,2003,8.68,9.02,1154,0.86252,Frankfurter 2026-06-16 (ECB),2026-06-17T06:46:03.034492+00:00,ok,,ok,,best_deal,2026-04-17T07:47:48.625254+00:00,11.32,,50,True,8,0.0202176008208125,13.5275,13.81375,1/1,11.3935,11.412,10.91,11.044,11.625,11.929,10.032,13.384,5.09939878000614,8.943695966998728,0.001703357307425,0.0025186729199235,0.0255886272767658,0.0073413148124449,0.0059443941115362,0.0896647318721303,7,3,2026-06-24T22:38:12.195598+00:00,0.07836529761604166,0.07853176710954704,0.07848182626149543
USP-S | Cortex (Well-Worn),A,492730314469513665,52543255914,4.16,3.62,0.4067177772522,605,2.7083128,2.6996876,0.0029992031746486,2.6873086070614183,2.6870127964276485,2.6871015396177795,2.6792488225558593,2.678953899118281,2.6790423761495545,0.35401235407177445,0.3540834623971999,0.3540621298995722,0.3559498022702262,0.3560206973273363,0.3559994288102033,False,1,spread_hybrid_disc <= 0.12,1.2221659882373626,143,145,2,2,17.0,525,850,4.27416052416053,0.9574305378536834,0.0,,362,54,2003,3.14,3.13,375,0.86252,Frankfurter 2026-06-16 (ECB),2026-06-17T07:46:51.026026+00:00,ok,,ok,,best_deal,2026-04-18T22:26:49.389629+00:00,3.77,,50,True,8,0.0013227513227512,3.73375,3.745,1/1,3.9072,3.923,3.756,3.8122,3.979,4.056,3.49,4.357,4.269041769041776,7.678132678132685,-0.0146369519648905,-0.0295315682281059,-0.0189164843649466,-0.0061954440070586,,0.0600734522560337,7,3,2026-06-25T00:02:37.133581+00:00,-0.007755453114049967,-0.007864676329983425,-0.007831909365203386
Desert Eagle | Mulberry (Minimal Wear),A,525379962992532267,51704399602,12.27,10.68,0.14542904496193,986,7.4866736,7.7799304,0.020706506456555,8.06822992242891,8.066381343737609,8.066935917345,7.901165067447166,7.899354766362471,7.899897856687881,0.34244254910929817,0.3425932075193473,0.3425480099963324,0.35605826671172236,0.356205805512431,0.3561615438722183,False,1,spread_hybrid_disc <= 0.12,1.4694114116404497,394,400,6,2,16.9,366,845,4.406020976872784,0.956011216263582,0.0475612925582603,,1068,159,2003,8.68,9.02,1154,0.86252,Frankfurter 2026-06-16 (ECB),2026-06-17T06:46:03.034492+00:00,ok,,ok,,best_deal,2026-04-17T07:47:48.625254+00:00,11.32,,50,True,8,0.0202176008208125,13.5275,13.81375,1/1,11.3935,11.412,10.91,11.044,11.625,11.929,10.032,13.384,5.09939878000614,8.943695966998728,0.001703357307425,0.0025186729199235,0.0255886272767658,0.0073413148124449,0.0059443941115362,0.0896647318721303,7,3,2026-06-24T22:38:12.195598+00:00,0.0776788669441809,0.07743195105201443,0.07750602581966438
AK-47 | Nouveau Rouge (Field-Tested),A,503989313541203688,52396681808,15.76,13.71,0.30385714769363,77,9.8672288,9.8586036,-0.0171427382581651,9.974821154571671,9.97179827764335,9.972705140721848,10.1458169027965,10.14274220548021,10.1436646146751,0.36707987597895486,0.3672716828906504,0.36721414081714165,0.3562298919545368,0.3564249869619156,0.35636645845970183,False,1,spread_hybrid_disc <= 0.12,2.653403648131099,269,277,8,2,16.78,428,839,1.6394275061115762,0.9835946573751452,0.0,,1371,205,2003,11.44,11.43,1146,0.86252,Frankfurter 2026-06-16 (ECB),2026-06-17T08:08:19.365684+00:00,ok,,ok,,best_deal,2026-04-17T00:50:36.186748+00:00,15.76,,50,True,8,-0.0028256746364777,16.2475,15.97625,1/1,13.7853,13.776,13.55,13.619,13.898,14.0134,12.956,15.822,2.023895018606777,3.361551797929679,-0.0085383781865969,-0.0200146092037983,-0.0389684813753582,-0.0042353614056228,-0.0190715606016262,0.0591830649970185,7,3,2026-06-25T02:28:31.953567+00:00,0.010904009297085869,0.010597654089398478,0.010689560651704696
Desert Eagle | Mulberry (Minimal Wear),A,546771426143429478,52271267847,12.28,10.69,0.14400920271873,991,7.4866736,7.7799304,0.020706506456555,8.070924179343473,8.069314268329276,8.069797241633534,7.903803535713531,7.902226960332144,7.902699932946559,0.3427586173173067,0.34288971756276254,0.3428503874891259,0.356367790251341,0.35649617586871785,0.3564576601835049,False,1,spread_hybrid_disc <= 0.12,1.4694114116404497,394,400,6,2,16.9,366,845,4.406020976872784,0.956011216263582,0.0475612925582603,,1069,159,2003,8.68,9.02,1154,0.86252,Frankfurter 2026-06-16 (ECB),2026-06-17T06:46:03.034492+00:00,ok,,ok,,best_deal,2026-04-17T07:47:48.625254+00:00,11.32,,50,True,8,0.0202176008208125,13.5275,13.81375,1/1,11.3935,11.412,10.91,11.044,11.625,11.929,10.032,13.384,5.09939878000614,8.943695966998728,0.001703357307425,0.0025186729199235,0.0255886272767658,0.0073413148124449,0.0059443941115362,0.0896647318721303,7,3,2026-06-24T22:38:12.195598+00:00,0.07803874064223587,0.0778237037513263,0.07788821481859916
AK-47 | Nouveau Rouge (Field-Tested),A,555778625402434347,51382366898,15.69,13.65,0.32971316576004,762,9.8672288,9.8586036,-0.0171427382581651,9.92950437904237,9.924070945767301,9.925700975749823,10.099723273645598,10.094196696446051,10.095854669605915,0.3671443990412766,0.36749069816652,0.3673868084289469,0.35629552111882745,0.3566477567593339,0.35654208606718196,False,1,spread_hybrid_disc <= 0.12,2.653403648131099,269,277,8,2,16.78,428,839,1.6394275061115762,0.9835946573751452,0.0,,1365,204,2003,11.44,11.43,1146,0.86252,Frankfurter 2026-06-16 (ECB),2026-06-17T08:08:19.365684+00:00,ok,,ok,,best_deal,2026-04-17T00:50:36.186748+00:00,15.76,,50,True,8,-0.0028256746364777,16.2475,15.97625,1/1,13.7853,13.776,13.55,13.619,13.898,14.0134,12.956,15.822,2.023895018606777,3.361551797929679,-0.0085383781865969,-0.0200146092037983,-0.0389684813753582,-0.0042353614056228,-0.0190715606016262,0.0591830649970185,7,3,2026-06-25T02:28:31.953567+00:00,0.0063113545155021305,0.005760700083016534,0.005925896412762213
USP-S | Cortex (Well-Worn),A,499485713914185819,45644975526,4.14,3.6,0.44501438736916,348,2.7083128,2.6996876,0.0029992031746486,2.6706785614552393,2.6690998910231234,2.6695734921527583,2.6626686538352566,2.6610947181565123,2.6615668988601358,0.3549085600349663,0.35528988139538076,0.3551754849872564,0.35684332032964805,0.3572234980298279,0.3571094447197739,False,1,spread_hybrid_disc <= 0.12,1.2221659882373626,143,145,2,2,17.0,525,850,4.27416052416053,0.9574305378536834,0.0,,360,54,2003,3.14,3.13,375,0.86252,Frankfurter 2026-06-16 (ECB),2026-06-17T07:46:51.026026+00:00,ok,,ok,,best_deal,2026-04-18T22:26:49.389629+00:00,3.77,,50,True,8,0.0013227513227512,3.73375,3.745,1/1,3.9072,3.923,3.756,3.8122,3.979,4.056,3.49,4.357,4.269041769041776,7.678132678132685,-0.0146369519648905,-0.0295315682281059,-0.0189164843649466,-0.0061954440070586,,0.0600734522560337,7,3,2026-06-25T00:02:37.133581+00:00,-0.013895824199021805,-0.0144787223162983,-0.014303852881115351
USP-S | Cortex (Well-Worn),A,494982114280263696,52601718932,4.16,3.62,0.41378304362297,29,2.7083128,2.6996876,0.0029992031746486,2.6826504938380484,2.6819412850131368,2.6821540476606103,2.674604679960457,2.673897598196904,2.67410972272597,0.3551320928273922,0.35530257571799595,0.3552514308508149,0.35706618270181334,0.3572361542795903,0.35718516280625723,False,1,spread_hybrid_disc <= 0.12,1.2221659882373626,143,145,2,2,17.0,525,850,4.27416052416053,0.9574305378536834,0.0,,362,54,2003,3.14,3.13,375,0.86252,Frankfurter 2026-06-16 (ECB),2026-06-17T07:46:51.026026+00:00,ok,,ok,,best_deal,2026-04-18T22:26:49.389629+00:00,3.77,,50,True,8,0.0013227513227512,3.73375,3.745,1/1,3.9072,3.923,3.756,3.8122,3.979,4.056,3.49,4.357,4.269041769041776,7.678132678132685,-0.0146369519648905,-0.0295315682281059,-0.0189164843649466,-0.0061954440070586,,0.0600734522560337,7,3,2026-06-25T00:02:37.133581+00:00,-0.009475384882407787,-0.009737248587704951,-0.009658689476115803
AK-47 | Nouveau Rouge (Field-Tested),A,556905160379360036,52522487303,15.71,13.67,0.33598393201828,324,9.8672288,9.8586036,-0.0171427382581651,9.926135792065317,9.923939453744028,9.924598355240414,10.096296939863697,10.09406295028944,10.094733147161715,0.3681644944579684,0.36830429957071753,0.3682623580368928,0.357333103764246,0.35747530551945017,0.35743264499288896,False,1,spread_hybrid_disc <= 0.12,2.653403648131099,269,277,8,2,16.78,428,839,1.6394275061115762,0.9835946573751452,0.0,,1367,204,2003,11.44,11.43,1146,0.86252,Frankfurter 2026-06-16 (ECB),2026-06-17T08:08:19.365684+00:00,ok,,ok,,best_deal,2026-04-17T00:50:36.186748+00:00,15.76,,50,True,8,-0.0028256746364777,16.2475,15.97625,1/1,13.7853,13.776,13.55,13.619,13.898,14.0134,12.956,15.822,2.023895018606777,3.361551797929679,-0.0085383781865969,-0.0200146092037983,-0.0389684813753582,-0.0042353614056228,-0.0190715606016262,0.0591830649970185,7,3,2026-06-25T02:28:31.953567+00:00,0.005969963123315758,0.005747373947995205,0.00581415070059137
USP-S | Cortex (Well-Worn),A,529885011394379270,52516498565,4.19,3.65,0.3925085067749,859,2.7083128,2.6996876,0.0029992031746486,2.6983814258022587,2.6974696370516957,2.6977431736768644,2.69028843166358,2.689379377552732,2.6896520937859862,0.35599488644337507,0.3562124971237004,0.3561472139196028,0.35792638862444404,0.3581433466461261,0.35807825923962144,False,1,spread_hybrid_disc <= 0.12,1.2221659882373626,143,145,2,2,17.0,525,850,4.27416052416053,0.9574305378536834,0.0,,365,54,2003,3.14,3.13,375,0.86252,Frankfurter 2026-06-16 (ECB),2026-06-17T07:46:51.026026+00:00,ok,,ok,,best_deal,2026-04-18T22:26:49.389629+00:00,3.77,,50,True,8,0.0013227513227512,3.73375,3.745,1/1,3.9072,3.923,3.756,3.8122,3.979,4.056,3.49,4.357,4.269041769041776,7.678132678132685,-0.0146369519648905,-0.0295315682281059,-0.0189164843649466,-0.0061954440070586,,0.0600734522560337,7,3,2026-06-25T00:02:37.133581+00:00,-0.0036669967360274222,-0.004003659750197315,-0.003902660845946347
USP-S | Cortex (Well-Worn),A,529885011394077338,52626171862,4.16,3.62,0.44509419798851,327,2.7083128,2.6996876,0.0029992031746486,2.6706060025471676,2.669005639887679,2.6694857486855255,2.6625963125460923,2.661000749699373,2.6614794185533888,0.35802740323385396,0.35841210579623095,0.35829669502751793,0.35995280948411246,0.36033635824534305,0.36022129361697386,False,1,spread_hybrid_disc <= 0.12,1.2221659882373626,143,145,2,2,17.0,525,850,4.27416052416053,0.9574305378536834,0.0,,362,54,2003,3.14,3.13,375,0.86252,Frankfurter 2026-06-16 (ECB),2026-06-17T07:46:51.026026+00:00,ok,,ok,,best_deal,2026-04-18T22:26:49.389629+00:00,3.77,,50,True,8,0.0013227513227512,3.73375,3.745,1/1,3.9072,3.923,3.756,3.8122,3.979,4.056,3.49,4.357,4.269041769041776,7.678132678132685,-0.0146369519648905,-0.0295315682281059,-0.0189164843649466,-0.0061954440070586,,0.0600734522560337,7,3,2026-06-25T00:02:37.133581+00:00,-0.013922615383582039,-0.014513522999382064,-0.014336250714642056
Desert Eagle | Mulberry (Minimal Wear),A,534387162161154144,50497556111,13.17,11.46,0.10500878095627,809,7.4866736,7.7799304,0.020706506456555,8.60117741499859,8.597499527788722,8.598602893951682,8.423077079320947,8.419475348306337,8.42055586761072,0.34691135801073725,0.3471906205171813,0.3471068417652481,0.3604345421927906,0.36070802214834197,0.3606259781616765,False,1,spread_hybrid_disc <= 0.12,1.4694114116404497,394,400,6,2,16.9,366,845,4.406020976872784,0.956011216263582,0.0475612925582603,,1146,171,2003,8.68,9.02,1154,0.86252,Frankfurter 2026-06-16 (ECB),2026-06-17T06:46:03.034492+00:00,ok,,ok,,best_deal,2026-04-17T07:47:48.625254+00:00,11.32,,50,True,8,0.0202176008208125,13.5275,13.81375,1/1,11.3935,11.412,10.91,11.044,11.625,11.929,10.032,13.384,5.09939878000614,8.943695966998728,0.001703357307425,0.0025186729199235,0.0255886272767658,0.0073413148124449,0.0059443941115362,0.0896647318721303,7,3,2026-06-24T22:38:12.195598+00:00,0.14886501997343507,0.14837376211896328,0.14852113947530482
Desert Eagle | Mulberry (Minimal Wear),A,559156960188493609,52714727697,14.31,12.45,0.09019321203232,722,7.4866736,7.7799304,0.020706506456555,9.326337982106729,9.328375409328402,9.327764181161902,9.133222104464222,9.135217343685975,9.13461877191945,0.34826429195620345,0.3481219140930537,0.3481646274519985,0.3617594616027797,0.3616200318877726,0.3616618608022746,False,1,spread_hybrid_disc <= 0.12,1.4694114116404497,394,400,6,2,16.9,366,845,4.406020976872784,0.956011216263582,0.0475612925582603,,1245,186,2003,8.68,9.02,1154,0.86252,Frankfurter 2026-06-16 (ECB),2026-06-17T06:46:03.034492+00:00,ok,,ok,,best_deal,2026-04-17T07:47:48.625254+00:00,11.32,,50,True,8,0.0202176008208125,13.5275,13.81375,1/1,11.3935,11.412,10.91,11.044,11.625,11.929,10.032,13.384,5.09939878000614,8.943695966998728,0.001703357307425,0.0025186729199235,0.0255886272767658,0.0073413148124449,0.0059443941115362,0.0896647318721303,7,3,2026-06-24T22:38:12.195598+00:00,0.24572520192502167,0.24599734244169572,0.24591570028669352
USP-S | Cortex (Well-Worn),A,519751912238319498,52467842976,4.19,3.65,0.41256374120712,170,2.7083128,2.6996876,0.0029992031746486,2.683067742886258,2.6819075810283075,2.6822556295856925,2.6750206775939964,2.673863995297173,2.67421099998622,0.3596497033684348,0.35992659164002216,0.359843525158546,0.3615702440109795,0.3618463018383836,0.3617634844901624,False,1,spread_hybrid_disc <= 0.12,1.2221659882373626,143,145,2,2,17.0,525,850,4.27416052416053,0.9574305378536834,0.0,,365,54,2003,3.14,3.13,375,0.86252,Frankfurter 2026-06-16 (ECB),2026-06-17T07:46:51.026026+00:00,ok,,ok,,best_deal,2026-04-18T22:26:49.389629+00:00,3.77,,50,True,8,0.0013227513227512,3.73375,3.745,1/1,3.9072,3.923,3.756,3.8122,3.979,4.056,3.49,4.357,4.269041769041776,7.678132678132685,-0.0146369519648905,-0.0295315682281059,-0.0189164843649466,-0.0061954440070586,,0.0600734522560337,7,3,2026-06-25T00:02:37.133581+00:00,-0.009321322527346809,-0.009749693230299096,-0.00962118201941341
MP7 | Abyssal Apparition (Minimal Wear),A,505115213449867049,44694505239,9.05,7.88,0.12515780329704,855,5.9255124,5.7616336,0.0243195706681342,5.916569596742597,5.916846226855066,5.916763237821325,5.772681164321681,5.772951066908581,5.772870096132511,0.3462354036748513,0.346204836811595,0.3462140068705719,0.3621346779755049,0.36210485448523977,0.3621138015323193,False,1,spread_hybrid_disc <= 0.12,1.8123724634126133,207,208,1,2,17.1,266,855,2.2630866943342585,0.9772160664819944,0.0404481792717087,,788,117,2003,6.87,6.68,742,0.86252,Frankfurter 2026-06-16 (ECB),2026-06-17T06:41:44.038225+00:00,ok,,ok,,best_deal,2026-04-18T05:21:43.987429+00:00,9.04,,50,True,8,0.0250463821892393,11.2675,11.54875,1/1,8.7226,8.664,8.4666,8.568,8.86,9.03,7.424,17.448,3.34762570793112,6.45908330085066,0.0268422752221753,0.0301246537396122,0.0019083969465649,0.0039511108897606,0.0100049136639224,0.0404481792717087,7,3,2026-06-24T22:28:10.794316+00:00,-0.0015092033656706237,-0.001462518776424131,-0.001476524153198079
USP-S | Cortex (Well-Worn),A,506241113348797990,52554786643,4.21,3.67,0.4042152762413,372,2.7083128,2.6996876,0.0029992031746486,2.6896616075000948,2.6898852172900463,2.6898181343530614,2.68159476586815,2.6818177050069094,2.6817508232652822,0.36112550890734085,0.36107239494298193,0.3610883291322895,0.36304162330922807,0.36298866864443957,0.36300455504387596,False,1,spread_hybrid_disc <= 0.12,1.2221659882373626,143,145,2,2,17.0,525,850,4.27416052416053,0.9574305378536834,0.0,,367,54,2003,3.14,3.13,375,0.86252,Frankfurter 2026-06-16 (ECB),2026-06-17T07:46:51.026026+00:00,ok,,ok,,best_deal,2026-04-18T22:26:49.389629+00:00,3.77,,50,True,8,0.0013227513227512,3.73375,3.745,1/1,3.9072,3.923,3.756,3.8122,3.979,4.056,3.49,4.357,4.269041769041776,7.678132678132685,-0.0146369519648905,-0.0295315682281059,-0.0189164843649466,-0.0061954440070586,,0.0600734522560337,7,3,2026-06-25T00:02:37.133581+00:00,-0.006886646365185318,-0.0068040821244699816,-0.006828851396684582
P2000 | Wicked Sick (Minimal Wear),A,554653360462266286,49630457950,9.21,8.01,0.09942170977592,872,4.6834836,4.614482,0.0075716632665433,5.838385424653725,5.939512992820936,5.909174722370772,5.794179136197952,5.894541000472037,5.864432441189811,0.3660819300050244,0.35510173802161393,0.35839579561663715,0.3708817441696035,0.3599846905024934,0.3632538066026265,False,2,"continuity_ratio <= 3.5, spread_hybrid_disc <= 0.12",3.765727899424873,173,174,1,2,16.4,244,820,2.493459777632437,0.9746992948983824,0.0503654485049834,,801,120,2003,5.43,5.35,499,0.86252,Frankfurter 2026-06-16 (ECB),2026-06-17T07:06:27.057725+00:00,ok,,ok,,best_deal,2026-04-18T12:27:48.467385+00:00,6.73,,50,True,8,0.0082241269220509,8.505,8.5775,1/1,7.3392,7.233,7.05,7.181,7.329,7.591,5.672,12.516,2.0165685633311488,7.371375626771314,0.0074480504558709,0.0416666666666667,0.0329444063143444,0.0036594707399529,0.0161115955836705,0.0503654485049834,7,3,2026-06-24T23:34:32.942607+00:00,0.24659034242240652,0.2681827246754821,0.2617050099995594
USP-S | Cortex (Well-Worn),A,514122412704428908,49339996514,4.23,3.69,0.397823959589,508,2.7083128,2.6996876,0.0029992031746486,2.6967231616404237,2.697102092777067,2.696988413436074,2.6886351409728833,2.6890129356180585,2.688899597224506,0.3624767939384341,0.36238721210944047,0.36241408665813857,0.3643888555619662,0.3642995424070784,0.3643263363535447,False,1,spread_hybrid_disc <= 0.12,1.2221659882373626,143,145,2,2,17.0,525,850,4.27416052416053,0.9574305378536834,0.0,,369,54,2003,3.14,3.13,375,0.86252,Frankfurter 2026-06-16 (ECB),2026-06-17T07:46:51.026026+00:00,ok,,ok,,best_deal,2026-04-18T22:26:49.389629+00:00,3.77,,50,True,8,0.0013227513227512,3.73375,3.745,1/1,3.9072,3.923,3.756,3.8122,3.979,4.056,3.49,4.357,4.269041769041776,7.678132678132685,-0.0146369519648905,-0.0295315682281059,-0.0189164843649466,-0.0061954440070586,,0.0600734522560337,7,3,2026-06-25T00:02:37.133581+00:00,-0.004279283530165367,-0.004139369434333023,-0.0041813436630827264
USP-S | Cortex (Well-Worn),A,506241113348799502,52554590789,4.21,3.67,0.41254335641861,584,2.7083128,2.6996876,0.0029992031746486,2.683070791187672,2.6819031993699443,2.6822534769152626,2.675023716752935,2.6738596267802937,2.674208853772086,0.3626910234708617,0.3629683611947876,0.36288515987760983,0.3646024425765,0.36487894850824376,0.36479599672872065,False,1,spread_hybrid_disc <= 0.12,1.2221659882373626,143,145,2,2,17.0,525,850,4.27416052416053,0.9574305378536834,0.0,,367,54,2003,3.14,3.13,375,0.86252,Frankfurter 2026-06-16 (ECB),2026-06-17T07:46:51.026026+00:00,ok,,ok,,best_deal,2026-04-18T22:26:49.389629+00:00,3.77,,50,True,8,0.0013227513227512,3.73375,3.745,1/1,3.9072,3.923,3.756,3.8122,3.979,4.056,3.49,4.357,4.269041769041776,7.678132678132685,-0.0146369519648905,-0.0295315682281059,-0.0189164843649466,-0.0061954440070586,,0.0600734522560337,7,3,2026-06-25T00:02:37.133581+00:00,-0.009320196992137628,-0.009751311085652838,-0.009621976857598276
USP-S | Cortex (Well-Worn),A,519751912238317410,52471786038,4.21,3.67,0.43044096231461,264,2.7083128,2.6996876,0.0029992031746486,2.679899145724324,2.6801608914203485,2.6800823677115413,2.6718615836987296,2.6721225443662315,2.672044256165981,0.3634443834384029,0.3633822110640502,0.36340086277635597,0.3653535430644348,0.3652915571576647,0.3653101529296957,False,1,spread_hybrid_disc <= 0.12,1.2221659882373626,143,145,2,2,17.0,525,850,4.27416052416053,0.9574305378536834,0.0,,367,54,2003,3.14,3.13,375,0.86252,Frankfurter 2026-06-16 (ECB),2026-06-17T07:46:51.026026+00:00,ok,,ok,,best_deal,2026-04-18T22:26:49.389629+00:00,3.77,,50,True,8,0.0013227513227512,3.73375,3.745,1/1,3.9072,3.923,3.756,3.8122,3.979,4.056,3.49,4.357,4.269041769041776,7.678132678132685,-0.0146369519648905,-0.0295315682281059,-0.0189164843649466,-0.0061954440070586,,0.0600734522560337,7,3,2026-06-25T00:02:37.133581+00:00,-0.010491274964869679,-0.010394629667463512,-0.010423623256685362
USP-S | Cortex (Well-Worn),A,506241113345950894,52546648704,4.21,3.67,0.43086609244347,368,2.7083128,2.6996876,0.0029992031746486,2.679819702373282,2.6801240445180787,2.6800327418746397,2.671782378614438,2.672085807975308,2.671994779167047,0.36346325359304466,0.3633909632973684,0.3634126503860713,0.365372356623649,0.36530028314125695,0.3653219051859745,False,1,spread_hybrid_disc <= 0.12,1.2221659882373626,143,145,2,2,17.0,525,850,4.27416052416053,0.9574305378536834,0.0,,367,54,2003,3.14,3.13,375,0.86252,Frankfurter 2026-06-16 (ECB),2026-06-17T07:46:51.026026+00:00,ok,,ok,,best_deal,2026-04-18T22:26:49.389629+00:00,3.77,,50,True,8,0.0013227513227512,3.73375,3.745,1/1,3.9072,3.923,3.756,3.8122,3.979,4.056,3.49,4.357,4.269041769041776,7.678132678132685,-0.0146369519648905,-0.0295315682281059,-0.0189164843649466,-0.0061954440070586,,0.0600734522560337,7,3,2026-06-25T00:02:37.133581+00:00,-0.01052060811687562,-0.010408234780680078,-0.010441946781538742
USP-S | Cortex (Well-Worn),A,506241113348849578,52527441472,4.21,3.67,0.43160092830658,145,2.7083128,2.6996876,0.0029992031746486,2.679726355423097,2.6797515378156227,2.679743983097865,2.6716893116307223,2.6717144184961366,2.6717068864365126,0.3634854262652977,0.363479444699377,0.3634812391691532,0.3653944627955529,0.36538849916956373,0.3653902882573604,False,1,spread_hybrid_disc <= 0.12,1.2221659882373626,143,145,2,2,17.0,525,850,4.27416052416053,0.9574305378536834,0.0,,367,54,2003,3.14,3.13,375,0.86252,Frankfurter 2026-06-16 (ECB),2026-06-17T07:46:51.026026+00:00,ok,,ok,,best_deal,2026-04-18T22:26:49.389629+00:00,3.77,,50,True,8,0.0013227513227512,3.73375,3.745,1/1,3.9072,3.923,3.756,3.8122,3.979,4.056,3.49,4.357,4.269041769041776,7.678132678132685,-0.0146369519648905,-0.0295315682281059,-0.0189164843649466,-0.0061954440070586,,0.0600734522560337,7,3,2026-06-25T00:02:37.133581+00:00,-0.010555074944409363,-0.010545776759751421,-0.010548566215148804
USP-S | Cortex (Well-Worn),A,506241113348818762,52540395331,4.21,3.67,0.42613825201988,286,2.7083128,2.6996876,0.0029992031746486,2.680840048878328,2.678481240413139,2.6791888829526957,2.672799664893007,2.670447930973655,2.671153451149461,0.36322089100277244,0.3637811780491357,0.3636130919352266,0.3651307209280269,0.36568932755970196,0.36552174557019934,False,1,spread_hybrid_disc <= 0.12,1.2221659882373626,143,145,2,2,17.0,525,850,4.27416052416053,0.9574305378536834,0.0,,367,54,2003,3.14,3.13,375,0.86252,Frankfurter 2026-06-16 (ECB),2026-06-17T07:46:51.026026+00:00,ok,,ok,,best_deal,2026-04-18T22:26:49.389629+00:00,3.77,,50,True,8,0.0013227513227512,3.73375,3.745,1/1,3.9072,3.923,3.756,3.8122,3.979,4.056,3.49,4.357,4.269041769041776,7.678132678132685,-0.0146369519648905,-0.0295315682281059,-0.0189164843649466,-0.0061954440070586,,0.0600734522560337,7,3,2026-06-25T00:02:37.133581+00:00,-0.010143861935619825,-0.011014813202840142,-0.010753527822674046
Desert Eagle | Mulberry (Minimal Wear),A,706648668792721086,49544663998,12.48,10.86,0.13583996891975,466,7.4866736,7.7799304,0.020706506456555,8.084382460985182,8.082126303039207,8.082803150422999,7.916983143359532,7.914773702562632,7.915436534801701,0.3522129438313155,0.3523937257180123,0.35233949115200336,0.36562635069234517,0.3658033892177378,0.36575027766012014,False,1,spread_hybrid_disc <= 0.12,1.4694114116404497,394,400,6,2,16.9,366,845,4.406020976872784,0.956011216263582,0.0475612925582603,,1086,162,2003,8.68,9.02,1154,0.86252,Frankfurter 2026-06-16 (ECB),2026-06-17T06:46:03.034492+00:00,ok,,ok,,best_deal,2026-04-17T07:47:48.625254+00:00,11.32,,50,True,8,0.0202176008208125,13.5275,13.81375,1/1,11.3935,11.412,10.91,11.044,11.625,11.929,10.032,13.384,5.09939878000614,8.943695966998728,0.001703357307425,0.0025186729199235,0.0255886272767658,0.0073413148124449,0.0059443941115362,0.0896647318721303,7,3,2026-06-24T22:38:12.195598+00:00,0.07983637232230648,0.0795350157964955,0.07962542275423878
MP7 | Abyssal Apparition (Minimal Wear),A,502863413629191906,52667842032,9.05,7.88,0.13132509589195,787,5.9255124,5.7616336,0.0243195706681342,5.879991693482503,5.878567059205826,5.87899444948883,5.736992819964813,5.735602832182105,5.736019828516918,0.3502771609411599,0.3504345790932789,0.3503873536476432,0.3660781414403522,0.36623173125059627,0.3661856543075229,False,1,spread_hybrid_disc <= 0.12,1.8123724634126133,207,208,1,2,17.1,266,855,2.2630866943342585,0.9772160664819944,0.0404481792717087,,788,117,2003,6.87,6.68,742,0.86252,Frankfurter 2026-06-16 (ECB),2026-06-17T06:41:44.038225+00:00,ok,,ok,,best_deal,2026-04-18T05:21:43.987429+00:00,9.04,,50,True,8,0.0250463821892393,11.2675,11.54875,1/1,8.7226,8.664,8.4666,8.568,8.86,9.03,7.424,17.448,3.34762570793112,6.45908330085066,0.0268422752221753,0.0301246537396122,0.0019083969465649,0.0039511108897606,0.0100049136639224,0.0404481792717087,7,3,2026-06-24T22:28:10.794316+00:00,-0.007682155304830116,-0.007922579116393989,-0.007850451972924827
AK-47 | Nouveau Rouge (Field-Tested),A,531008827460121554,52090276018,16.1,14.0,0.28817927837372,510,9.8672288,9.8586036,-0.0171427382581651,10.035383055094837,10.024901912721923,10.028046255433798,10.207417000128752,10.196756182275493,10.199954427631472,0.37668428229224626,0.3773352849241043,0.37713998413454675,0.3659989440913819,0.3666611066909632,0.3664624579110888,False,1,spread_hybrid_disc <= 0.12,2.653403648131099,269,277,8,2,16.78,428,839,1.6394275061115762,0.9835946573751452,0.0,,1400,210,2003,11.44,11.43,1146,0.86252,Frankfurter 2026-06-16 (ECB),2026-06-17T08:08:19.365684+00:00,ok,,ok,,best_deal,2026-04-17T00:50:36.186748+00:00,15.76,,50,True,8,-0.0028256746364777,16.2475,15.97625,1/1,13.7853,13.776,13.55,13.619,13.898,14.0134,12.956,15.822,2.023895018606777,3.361551797929679,-0.0085383781865969,-0.0200146092037983,-0.0389684813753582,-0.0042353614056228,-0.0190715606016262,0.0591830649970185,7,3,2026-06-25T02:28:31.953567+00:00,0.017041690073593723,0.0159794726480776,0.016298137875732435
USP-S | Cortex (Well-Worn),A,509618813076217771,47500751875,4.23,3.69,0.40693274140358,284,2.7083128,2.6996876,0.0029992031746486,2.687085118015915,2.6868657415761117,2.6869315545080528,2.6790260037994105,2.678807285314122,2.6788729008597087,0.3647552912491927,0.36480715329169944,0.3647915946789474,0.3666605191963569,0.36671222569406103,0.36669671374474977,False,1,spread_hybrid_disc <= 0.12,1.2221659882373626,143,145,2,2,17.0,525,850,4.27416052416053,0.9574305378536834,0.0,,369,54,2003,3.14,3.13,375,0.86252,Frankfurter 2026-06-16 (ECB),2026-06-17T07:46:51.026026+00:00,ok,,ok,,best_deal,2026-04-18T22:26:49.389629+00:00,3.77,,50,True,8,0.0013227513227512,3.73375,3.745,1/1,3.9072,3.923,3.756,3.8122,3.979,4.056,3.49,4.357,4.269041769041776,7.678132678132685,-0.0146369519648905,-0.0295315682281059,-0.0189164843649466,-0.0061954440070586,,0.0600734522560337,7,3,2026-06-25T00:02:37.133581+00:00,-0.007837972771861832,-0.007918973917594777,-0.007894673573874893
USP-S | Cortex (Well-Worn),A,519751912238355246,52414151725,4.22,3.68,0.43592816591263,343,2.7083128,2.6996876,0.0029992031746486,2.6786641453830686,2.678556400914942,2.67858872425538,2.670630287374418,2.6705228660538425,2.6705550924500154,0.36524546317936757,0.3652709950438525,0.36526333548450707,0.36714922100132263,0.36717467629055867,0.3671670397037877,False,1,spread_hybrid_disc <= 0.12,1.2221659882373626,143,145,2,2,17.0,525,850,4.27416052416053,0.9574305378536834,0.0,,368,54,2003,3.14,3.13,375,0.86252,Frankfurter 2026-06-16 (ECB),2026-06-17T07:46:51.026026+00:00,ok,,ok,,best_deal,2026-04-18T22:26:49.389629+00:00,3.77,,50,True,8,0.0013227513227512,3.73375,3.745,1/1,3.9072,3.923,3.756,3.8122,3.979,4.056,3.49,4.357,4.269041769041776,7.678132678132685,-0.0146369519648905,-0.0295315682281059,-0.0189164843649466,-0.0061954440070586,,0.0600734522560337,7,3,2026-06-25T00:02:37.133581+00:00,-0.010947278548080332,-0.01098706142254231,-0.010975126560203717
MP7 | Abyssal Apparition (Minimal Wear),A,527633211586603869,52617329054,9.03,7.86,0.14130617678165,353,5.9255124,5.7616336,0.0243195706681342,5.8537355876894015,5.8565353623102485,5.855695429923994,5.711375251392017,5.714106936696117,5.713287431104887,0.35174578209419693,0.3514357295337487,0.35152874530188327,0.3675110463574732,0.3672085341421797,0.3672992878067677,False,1,spread_hybrid_disc <= 0.12,1.8123724634126133,207,208,1,2,17.1,266,855,2.2630866943342585,0.9772160664819944,0.0404481792717087,,786,117,2003,6.87,6.68,742,0.86252,Frankfurter 2026-06-16 (ECB),2026-06-17T06:41:44.038225+00:00,ok,,ok,,best_deal,2026-04-18T05:21:43.987429+00:00,9.04,,50,True,8,0.0250463821892393,11.2675,11.54875,1/1,8.7226,8.664,8.4666,8.568,8.86,9.03,7.424,17.448,3.34762570793112,6.45908330085066,0.0268422752221753,0.0301246537396122,0.0019083969465649,0.0039511108897606,0.0100049136639224,0.0404481792717087,7,3,2026-06-24T22:28:10.794316+00:00,-0.012113182365561807,-0.011640687426415938,-0.011782435908159698
USP-S | Cortex (Well-Worn),A,506241113348898142,52494983788,4.21,3.67,0.44475385546684,880,2.7083128,2.6996876,0.0029992031746486,2.670915395576347,2.6693954844519396,2.6698514577892616,2.6629047776427166,2.6613894250405785,2.6618440308212197,0.36557829083697213,0.36593931485702147,0.36583100765100673,0.36748105044116,0.36784099167682216,0.3677330093061236,False,1,spread_hybrid_disc <= 0.12,1.2221659882373626,143,145,2,2,17.0,525,850,4.27416052416053,0.9574305378536834,0.0,,367,54,2003,3.14,3.13,375,0.86252,Frankfurter 2026-06-16 (ECB),2026-06-17T07:46:51.026026+00:00,ok,,ok,,best_deal,2026-04-18T22:26:49.389629+00:00,3.77,,50,True,8,0.0013227513227512,3.73375,3.745,1/1,3.9072,3.923,3.756,3.8122,3.979,4.056,3.49,4.357,4.269041769041776,7.678132678132685,-0.0146369519648905,-0.0295315682281059,-0.0189164843649466,-0.0061954440070586,,0.0600734522560337,7,3,2026-06-25T00:02:37.133581+00:00,-0.01380837709132155,-0.014369579299725075,-0.014201218637204017
Desert Eagle | Mulberry (Minimal Wear),A,556905160249247540,52108075636,12.5,10.88,0.14569288492203,778,7.4866736,7.7799304,0.020706506456555,8.067773881800695,8.066740423425,8.067050460937708,7.900718469827163,7.899706410763996,7.900010028482946,0.3545780894559444,0.35466076612600006,0.35463596312498336,0.36794252241382697,0.36802348713888033,0.36799919772136436,False,1,spread_hybrid_disc <= 0.12,1.4694114116404497,394,400,6,2,16.9,366,845,4.406020976872784,0.956011216263582,0.0475612925582603,,1088,162,2003,8.68,9.02,1154,0.86252,Frankfurter 2026-06-16 (ECB),2026-06-17T06:46:03.034492+00:00,ok,,ok,,best_deal,2026-04-17T07:47:48.625254+00:00,11.32,,50,True,8,0.0202176008208125,13.5275,13.81375,1/1,11.3935,11.412,10.91,11.044,11.625,11.929,10.032,13.384,5.09939878000614,8.943695966998728,0.001703357307425,0.0025186729199235,0.0255886272767658,0.0073413148124449,0.0059443941115362,0.0896647318721303,7,3,2026-06-24T22:38:12.195598+00:00,0.07761795329246039,0.07747991356601956,0.07752132548395181
USP-S | Cortex (Well-Worn),A,506241113348800654,52552260779,4.21,3.67,0.44708809256554,153,2.7083128,2.6996876,0.0029992031746486,2.6687953055437914,2.66856439503551,2.6686336681879945,2.660791046190917,2.660560828230165,2.660629893618391,0.3660818751677455,0.366136723269475,0.3661202688389562,0.36798312442020975,0.36803780802133845,0.3680214029409997,False,1,spread_hybrid_disc <= 0.12,1.2221659882373626,143,145,2,2,17.0,525,850,4.27416052416053,0.9574305378536834,0.0,,367,54,2003,3.14,3.13,375,0.86252,Frankfurter 2026-06-16 (ECB),2026-06-17T07:46:51.026026+00:00,ok,,ok,,best_deal,2026-04-18T22:26:49.389629+00:00,3.77,,50,True,8,0.0013227513227512,3.73375,3.745,1/1,3.9072,3.923,3.756,3.8122,3.979,4.056,3.49,4.357,4.269041769041776,7.678132678132685,-0.0146369519648905,-0.0295315682281059,-0.0189164843649466,-0.0061954440070586,,0.0600734522560337,7,3,2026-06-25T00:02:37.133581+00:00,-0.01459118549977251,-0.014676445410770058,-0.014650867437470792
USP-S | Cortex (Well-Worn),A,506241113348795830,52555536830,4.23,3.69,0.43223428726196,524,2.7083128,2.6996876,0.0029992031746486,2.679616784562608,2.679118192888676,2.6792677703908554,2.671580069395506,2.6710829730993053,2.6712321019881653,0.3665208547133315,0.3666387250854194,0.3666033639737931,0.36842078737694905,0.36853830423184275,0.3685030491753747,False,1,spread_hybrid_disc <= 0.12,1.2221659882373626,143,145,2,2,17.0,525,850,4.27416052416053,0.9574305378536834,0.0,,369,54,2003,3.14,3.13,375,0.86252,Frankfurter 2026-06-16 (ECB),2026-06-17T07:46:51.026026+00:00,ok,,ok,,best_deal,2026-04-18T22:26:49.389629+00:00,3.77,,50,True,8,0.0013227513227512,3.73375,3.745,1/1,3.9072,3.923,3.756,3.8122,3.979,4.056,3.49,4.357,4.269041769041776,7.678132678132685,-0.0146369519648905,-0.0295315682281059,-0.0189164843649466,-0.0061954440070586,,0.0600734522560337,7,3,2026-06-25T00:02:37.133581+00:00,-0.010595532184240987,-0.010779628967275813,-0.010724399932365365
USP-S | Cortex (Well-Worn),A,503989313522111484,37453842245,4.23,3.69,0.43760293722153,615,2.7083128,2.6996876,0.0029992031746486,2.6780814710605294,2.6780538737517885,2.6780621529444106,2.670049360610557,2.670021846071752,2.6700301004333933,0.3668838129880546,0.36689033717451813,0.36688837991857914,0.36878265706606217,0.36878916168516507,0.3687872102994343,False,1,spread_hybrid_disc <= 0.12,1.2221659882373626,143,145,2,2,17.0,525,850,4.27416052416053,0.9574305378536834,0.0,,369,54,2003,3.14,3.13,375,0.86252,Frankfurter 2026-06-16 (ECB),2026-06-17T07:46:51.026026+00:00,ok,,ok,,best_deal,2026-04-18T22:26:49.389629+00:00,3.77,,50,True,8,0.0013227513227512,3.73375,3.745,1/1,3.9072,3.923,3.756,3.8122,3.979,4.056,3.49,4.357,4.269041769041776,7.678132678132685,-0.0146369519648905,-0.0295315682281059,-0.0189164843649466,-0.0061954440070586,,0.0600734522560337,7,3,2026-06-25T00:02:37.133581+00:00,-0.01116242146751674,-0.011172611320306648,-0.011169554364469677
AK-47 | Nouveau Rouge (Field-Tested),A,538888858303622479,50374113350,16.0,13.92,0.35040959715843,415,9.8672288,9.8586036,-0.0171427382581651,9.918738060548778,9.924783321195516,9.922969743001493,10.088772390972066,10.094921283939772,10.093076616049458,0.3800788712157014,0.37970104242528024,0.37981439106240666,0.3694517255642459,0.3690674197537642,0.36918271149690884,False,1,spread_hybrid_disc <= 0.12,2.653403648131099,269,277,8,2,16.78,428,839,1.6394275061115762,0.9835946573751452,0.0,,1392,208,2003,11.44,11.43,1146,0.86252,Frankfurter 2026-06-16 (ECB),2026-06-17T08:08:19.365684+00:00,ok,,ok,,best_deal,2026-04-17T00:50:36.186748+00:00,15.76,,50,True,8,-0.0028256746364777,16.2475,15.97625,1/1,13.7853,13.776,13.55,13.619,13.898,14.0134,12.956,15.822,2.023895018606777,3.361551797929679,-0.0085383781865969,-0.0200146092037983,-0.0389684813753582,-0.0042353614056228,-0.0190715606016262,0.0591830649970185,7,3,2026-06-25T02:28:31.953567+00:00,0.0052202357513771065,0.005832896182109076,0.005649098052889484
USP-S | Cortex (Well-Worn),A,529883562626884867,46766679237,4.22,3.68,0.44509992003441,876,2.7083128,2.6996876,0.0029992031746486,2.670600800414847,2.6689988825247175,2.6694794578917564,2.6625911260160238,2.6609940126031155,2.6614731466269883,0.36715620843250063,0.36753580982826595,0.36742192940953633,0.3690542355412265,0.3694326984352806,0.3693191595670643,False,1,spread_hybrid_disc <= 0.12,1.2221659882373626,143,145,2,2,17.0,525,850,4.27416052416053,0.9574305378536834,0.0,,368,54,2003,3.14,3.13,375,0.86252,Frankfurter 2026-06-16 (ECB),2026-06-17T07:46:51.026026+00:00,ok,,ok,,best_deal,2026-04-18T22:26:49.389629+00:00,3.77,,50,True,8,0.0013227513227512,3.73375,3.745,1/1,3.9072,3.923,3.756,3.8122,3.979,4.056,3.49,4.357,4.269041769041776,7.678132678132685,-0.0146369519648905,-0.0295315682281059,-0.0189164843649466,-0.0061954440070586,,0.0600734522560337,7,3,2026-06-25T00:02:37.133581+00:00,-0.013924536185463007,-0.014516018044622636,-0.014338573486874747
Desert Eagle | Mulberry (Minimal Wear),A,529879860455300425,51729621978,12.56,10.93,0.13896284997463,584,7.4866736,7.7799304,0.020706506456555,8.076696932039699,8.075841269783647,8.076097968460461,7.90945675486878,7.908618810388758,7.9088701937327635,0.35695088120703033,0.35701900718283075,0.35699856939009067,0.37026618193719907,0.37033289726204166,0.37031288266458895,False,1,spread_hybrid_disc <= 0.12,1.4694114116404497,394,400,6,2,16.9,366,845,4.406020976872784,0.956011216263582,0.0475612925582603,,1093,163,2003,8.68,9.02,1154,0.86252,Frankfurter 2026-06-16 (ECB),2026-06-17T06:46:03.034492+00:00,ok,,ok,,best_deal,2026-04-17T07:47:48.625254+00:00,11.32,,50,True,8,0.0202176008208125,13.5275,13.81375,1/1,11.3935,11.412,10.91,11.044,11.625,11.929,10.032,13.384,5.09939878000614,8.943695966998728,0.001703357307425,0.0025186729199235,0.0255886272767658,0.0073413148124449,0.0059443941115362,0.0896647318721303,7,3,2026-06-24T22:38:12.195598+00:00,0.07880981108081153,0.07869551970098537,0.07872980711493321
USP-S | Cortex (Well-Worn),A,549023861001905462,51474574166,4.23,3.69,0.44419887661934,173,2.7083128,2.6996876,0.0029992031746486,2.6714204941366533,2.6700827193392724,2.6704840517784865,2.663408361309817,2.6620745987708556,2.662474727532544,0.3684585120244319,0.3687747708417797,0.36867989319657535,0.3703526332600906,0.37066794355298927,0.37057335046511963,False,1,spread_hybrid_disc <= 0.12,1.2221659882373626,143,145,2,2,17.0,525,850,4.27416052416053,0.9574305378536834,0.0,,369,54,2003,3.14,3.13,375,0.86252,Frankfurter 2026-06-16 (ECB),2026-06-17T07:46:51.026026+00:00,ok,,ok,,best_deal,2026-04-18T22:26:49.389629+00:00,3.77,,50,True,8,0.0013227513227512,3.73375,3.745,1/1,3.9072,3.923,3.756,3.8122,3.979,4.056,3.49,4.357,4.269041769041776,7.678132678132685,-0.0146369519648905,-0.0295315682281059,-0.0189164843649466,-0.0061954440070586,,0.0600734522560337,7,3,2026-06-25T00:02:37.133581+00:00,-0.013621877747410437,-0.014115829109816026,-0.013967643701094348
Desert Eagle | Mulberry (Minimal Wear),A,490478514648507743,50447669440,13.72,11.94,0.1003777384758,635,7.4866736,7.7799304,0.020706506456555,8.8089017168656,8.82159024590559,8.817783687193591,8.626500136590163,8.638925930521662,8.635198192342212,0.3579517699077551,0.3570269500068812,0.3573043959771435,0.37124634572957993,0.3703406756179547,0.3706123766514423,False,1,spread_hybrid_disc <= 0.12,1.4694114116404497,394,400,6,2,16.9,366,845,4.406020976872784,0.956011216263582,0.0475612925582603,,1194,178,2003,8.68,9.02,1154,0.86252,Frankfurter 2026-06-16 (ECB),2026-06-17T06:46:03.034492+00:00,ok,,ok,,best_deal,2026-04-17T07:47:48.625254+00:00,11.32,,50,True,8,0.0202176008208125,13.5275,13.81375,1/1,11.3935,11.412,10.91,11.044,11.625,11.929,10.032,13.384,5.09939878000614,8.943695966998728,0.001703357307425,0.0025186729199235,0.0255886272767658,0.0073413148124449,0.0059443941115362,0.0896647318721303,7,3,2026-06-24T22:38:12.195598+00:00,0.17661089390428364,0.17830570921451544,0.1777972646214459
AK-47 | Nouveau Rouge (Field-Tested),A,556905160302627872,52367634536,16.0,13.92,0.3675517141819,351,9.8672288,9.8586036,-0.0171427382581651,9.901191016023075,9.898986117829654,9.89964758728768,10.070924542054854,10.068681845868817,10.069354654724627,0.3811755614985578,0.3813133676356466,0.38127202579452,0.3705672161215716,0.37070738463319897,0.3706653340797108,False,1,spread_hybrid_disc <= 0.12,2.653403648131099,269,277,8,2,16.78,428,839,1.6394275061115762,0.9835946573751452,0.0,,1392,208,2003,11.44,11.43,1146,0.86252,Frankfurter 2026-06-16 (ECB),2026-06-17T08:08:19.365684+00:00,ok,,ok,,best_deal,2026-04-17T00:50:36.186748+00:00,15.76,,50,True,8,-0.0028256746364777,16.2475,15.97625,1/1,13.7853,13.776,13.55,13.619,13.898,14.0134,12.956,15.822,2.023895018606777,3.361551797929679,-0.0085383781865969,-0.0200146092037983,-0.0389684813753582,-0.0042353614056228,-0.0190715606016262,0.0591830649970185,7,3,2026-06-25T02:28:31.953567+00:00,0.0034419203923877427,0.003218463711883693,0.003285500716034908
AK-47 | Nouveau Rouge (Field-Tested),A,525377425237582081,51686550243,16.0,13.92,0.3681056201458,748,9.8672288,9.8586036,-0.0171427382581651,9.900583206153241,9.897666108004614,9.898541237449203,10.070306312659511,10.067339207460849,10.068229339020448,0.3812135496154224,0.3813958682497116,0.3813411726594248,0.37060585545878055,0.37079129953369694,0.370735666311222,False,1,spread_hybrid_disc <= 0.12,2.653403648131099,269,277,8,2,16.78,428,839,1.6394275061115762,0.9835946573751452,0.0,,1392,208,2003,11.44,11.43,1146,0.86252,Frankfurter 2026-06-16 (ECB),2026-06-17T08:08:19.365684+00:00,ok,,ok,,best_deal,2026-04-17T00:50:36.186748+00:00,15.76,,50,True,8,-0.0028256746364777,16.2475,15.97625,1/1,13.7853,13.776,13.55,13.619,13.898,14.0134,12.956,15.822,2.023895018606777,3.361551797929679,-0.0085383781865969,-0.0200146092037983,-0.0389684813753582,-0.0042353614056228,-0.0190715606016262,0.0591830649970185,7,3,2026-06-25T02:28:31.953567+00:00,0.0033803215501847375,0.0030846865540012512,0.0031733770528562973
Desert Eagle | Mulberry (Minimal Wear),A,499485713910857115,52565842117,12.58,10.95,0.13566513359547,236,7.4866736,7.7799304,0.020706506456555,8.084885085484535,8.082702503805086,8.08335727830892,7.917475360261444,7.915337972223632,7.915979188634975,0.35732233024765225,0.35749582640659094,0.3574437775589093,0.370629939565863,0.37079984322546644,0.37074887212758545,False,1,spread_hybrid_disc <= 0.12,1.4694114116404497,394,400,6,2,16.9,366,845,4.406020976872784,0.956011216263582,0.0475612925582603,,1095,163,2003,8.68,9.02,1154,0.86252,Frankfurter 2026-06-16 (ECB),2026-06-17T06:46:03.034492+00:00,ok,,ok,,best_deal,2026-04-17T07:47:48.625254+00:00,11.32,,50,True,8,0.0202176008208125,13.5275,13.81375,1/1,11.3935,11.412,10.91,11.044,11.625,11.929,10.032,13.384,5.09939878000614,8.943695966998728,0.001703357307425,0.0025186729199235,0.0255886272767658,0.0073413148124449,0.0059443941115362,0.0896647318721303,7,3,2026-06-24T22:38:12.195598+00:00,0.07990350821285122,0.07961197931816964,0.07969943798657411
Desert Eagle | Mulberry (Minimal Wear),A,560282860096757145,49075170837,13.08,11.39,0.11221653968096,635,7.4866736,7.7799304,0.020706506456555,8.452138770277605,8.36695942332713,8.392513227412271,8.277124504259152,8.193708924006271,8.218733598082135,0.35381202062097816,0.3603242031095467,0.3583705483629762,0.3671923161881382,0.37356965412796095,0.3716564527460141,False,1,spread_hybrid_disc <= 0.12,1.4694114116404497,394,400,6,2,16.9,366,845,4.406020976872784,0.956011216263582,0.0475612925582603,,1139,169,2003,8.68,9.02,1154,0.86252,Frankfurter 2026-06-16 (ECB),2026-06-17T06:46:03.034492+00:00,ok,,ok,,best_deal,2026-04-17T07:47:48.625254+00:00,11.32,,50,True,8,0.0202176008208125,13.5275,13.81375,1/1,11.3935,11.412,10.91,11.044,11.625,11.929,10.032,13.384,5.09939878000614,8.943695966998728,0.001703357307425,0.0025186729199235,0.0255886272767658,0.0073413148124449,0.0059443941115362,0.0896647318721303,7,3,2026-06-24T22:38:12.195598+00:00,0.12895782851780851,0.11758036617585817,0.12099360487844327
Desert Eagle | Mulberry (Minimal Wear),A,527633211575813085,52228598178,12.61,10.98,0.13739921152592,306,7.4866736,7.7799304,0.020706506456555,8.080265180352475,8.076210280313932,8.077426750325495,7.9129511172248295,7.908980180000115,7.91017146116753,0.3592176700751407,0.3595392323303781,0.3594427636538069,0.3724860335269762,0.3728009373512994,0.3727064662040024,False,1,spread_hybrid_disc <= 0.12,1.4694114116404497,394,400,6,2,16.9,366,845,4.406020976872784,0.956011216263582,0.0475612925582603,,1098,163,2003,8.68,9.02,1154,0.86252,Frankfurter 2026-06-16 (ECB),2026-06-17T06:46:03.034492+00:00,ok,,ok,,best_deal,2026-04-17T07:47:48.625254+00:00,11.32,,50,True,8,0.0202176008208125,13.5275,13.81375,1/1,11.3935,11.412,10.91,11.044,11.625,11.929,10.032,13.384,5.09939878000614,8.943695966998728,0.001703357307425,0.0025186729199235,0.0255886272767658,0.0073413148124449,0.0059443941115362,0.0896647318721303,7,3,2026-06-24T22:38:12.195598+00:00,0.07928642439447013,0.07874480868431777,0.07890729339736348
Desert Eagle | Mulberry (Minimal Wear),A,536638961939301522,51187311131,12.65,11.0,0.14999884366989,446,7.4866736,7.7799304,0.020706506456555,8.0954605743909,8.104345730781935,8.101680183864627,7.9278318677384885,7.936533043581345,7.933922690828489,0.3600426423406403,0.35934025843621065,0.3595509736075394,0.37329392349893376,0.37260608351135616,0.3728124355076293,False,1,spread_hybrid_disc <= 0.12,1.4694114116404497,394,400,6,2,16.9,366,845,4.406020976872784,0.956011216263582,0.0475612925582603,,1100,165,2003,8.68,9.02,1154,0.86252,Frankfurter 2026-06-16 (ECB),2026-06-17T06:46:03.034492+00:00,ok,,ok,,best_deal,2026-04-17T07:47:48.625254+00:00,11.32,,50,True,8,0.0202176008208125,13.5275,13.81375,1/1,11.3935,11.412,10.91,11.044,11.625,11.929,10.032,13.384,5.09939878000614,8.943695966998728,0.001703357307425,0.0025186729199235,0.0255886272767658,0.0073413148124449,0.0059443941115362,0.0896647318721303,7,3,2026-06-24T22:38:12.195598+00:00,0.08131608333918826,0.08250287962092219,0.08214684073640201
AK-47 | Nouveau Rouge (Field-Tested),A,524254062999253361,52574955867,16.1,14.0,0.34101843833923,619,9.8672288,9.8586036,-0.0171427382581651,9.924836020591314,9.925780481569456,9.925497143276013,10.09497488674752,10.095935538373004,10.095647342885359,0.38355055772724755,0.3834918955546922,0.38350949420645886,0.3729829262889739,0.37292325848614893,0.3729411588269964,False,1,spread_hybrid_disc <= 0.12,2.653403648131099,269,277,8,2,16.78,428,839,1.6394275061115762,0.9835946573751452,0.0,,1400,210,2003,11.44,11.43,1146,0.86252,Frankfurter 2026-06-16 (ECB),2026-06-17T08:08:19.365684+00:00,ok,,ok,,best_deal,2026-04-17T00:50:36.186748+00:00,15.76,,50,True,8,-0.0028256746364777,16.2475,15.97625,1/1,13.7853,13.776,13.55,13.619,13.898,14.0134,12.956,15.822,2.023895018606777,3.361551797929679,-0.0085383781865969,-0.0200146092037983,-0.0389684813753582,-0.0042353614056228,-0.0190715606016262,0.0591830649970185,7,3,2026-06-25T02:28:31.953567+00:00,0.005838237032804478,0.00593395397595896,0.005905238893012616
USP-S | Cortex (Well-Worn),A,554653360551881122,52562097741,4.32,3.77,0.42438122630119,577,2.7083128,2.6996876,0.0029992031746486,2.6807315075126494,2.7175877686450716,2.706530890305345,2.6726914490649367,2.709437170781965,2.6984134542668565,0.37946029918688673,0.3709287572580853,0.37348821983672575,0.38132142382756096,0.372815469726397,0.37536725595674625,False,1,spread_hybrid_disc <= 0.12,1.2221659882373626,143,145,2,2,17.0,525,850,4.27416052416053,0.9574305378536834,0.0,,377,55,2003,3.14,3.13,375,0.86252,Frankfurter 2026-06-16 (ECB),2026-06-17T07:46:51.026026+00:00,ok,,ok,,best_deal,2026-04-18T22:26:49.389629+00:00,3.77,,50,True,8,0.0013227513227512,3.73375,3.745,1/1,3.9072,3.923,3.756,3.8122,3.979,4.056,3.49,4.357,4.269041769041776,7.678132678132685,-0.0146369519648905,-0.0295315682281059,-0.0189164843649466,-0.0061954440070586,,0.0600734522560337,7,3,2026-06-25T00:02:37.133581+00:00,-0.010183939051408892,0.003424629771373436,-0.0006579408754612632
P2000 | Wicked Sick (Minimal Wear),A,500611613820091849,52398477321,7.53,6.56,0.12772978842258,767,4.6834836,4.614482,0.0075716632665433,4.732932446099399,4.73101105494802,4.731587472293434,4.697096275354237,4.695189432329659,4.695761485237033,0.37145651446223127,0.37171167928977156,0.3716351298415095,0.37621563408310266,0.37646886688849146,0.37639289704687484,False,2,"continuity_ratio <= 3.5, spread_hybrid_disc <= 0.12",3.765727899424873,173,174,1,2,16.4,244,820,2.493459777632437,0.9746992948983824,0.0503654485049834,,656,97,2003,5.43,5.35,499,0.86252,Frankfurter 2026-06-16 (ECB),2026-06-17T07:06:27.057725+00:00,ok,,ok,,best_deal,2026-04-18T12:27:48.467385+00:00,6.73,,50,True,8,0.0082241269220509,8.505,8.5775,1/1,7.3392,7.233,7.05,7.181,7.329,7.591,5.672,12.516,2.0165685633311488,7.371375626771314,0.0074480504558709,0.0416666666666667,0.0329444063143444,0.0036594707399529,0.0161115955836705,0.0503654485049834,7,3,2026-06-24T23:34:32.942607+00:00,0.010558133714698874,0.010147885421872819,0.010270959909720634
USP-S | Cortex (Well-Worn),A,517500112405095921,52423738369,4.29,3.74,0.42685979604721,45,2.7083128,2.6996876,0.0029992031746486,2.6807710509285525,2.6788612644403313,2.679434200386798,2.6727308738821014,2.6708268152315786,2.6713980328267355,0.3751116431401975,0.37555681481577363,0.3754232633131007,0.37698581028389244,0.3774296467991658,0.3772964958445838,False,1,spread_hybrid_disc <= 0.12,1.2221659882373626,143,145,2,2,17.0,525,850,4.27416052416053,0.9574305378536834,0.0,,374,55,2003,3.14,3.13,375,0.86252,Frankfurter 2026-06-16 (ECB),2026-06-17T07:46:51.026026+00:00,ok,,ok,,best_deal,2026-04-18T22:26:49.389629+00:00,3.77,,50,True,8,0.0013227513227512,3.73375,3.745,1/1,3.9072,3.923,3.756,3.8122,3.979,4.056,3.49,4.357,4.269041769041776,7.678132678132685,-0.0146369519648905,-0.0295315682281059,-0.0189164843649466,-0.0061954440070586,,0.0600734522560337,7,3,2026-06-25T00:02:37.133581+00:00,-0.010169338294840673,-0.010874495575130198,-0.01066294839104334
Desert Eagle | Mulberry (Minimal Wear),A,550149125866148452,50519779646,12.7,11.05,0.14416968822479,326,7.4866736,7.7799304,0.020706506456555,8.070793120191945,8.068591791945446,8.069252190419396,7.903675190339171,7.90151944391022,7.902166167838907,0.36450447872504366,0.36467781165783886,0.36462581177800024,0.37766337083943535,0.3778331146527385,0.3777821915087475,False,1,spread_hybrid_disc <= 0.12,1.4694114116404497,394,400,6,2,16.9,366,845,4.406020976872784,0.956011216263582,0.0475612925582603,,1105,165,2003,8.68,9.02,1154,0.86252,Frankfurter 2026-06-16 (ECB),2026-06-17T06:46:03.034492+00:00,ok,,ok,,best_deal,2026-04-17T07:47:48.625254+00:00,11.32,,50,True,8,0.0202176008208125,13.5275,13.81375,1/1,11.3935,11.412,10.91,11.044,11.625,11.929,10.032,13.384,5.09939878000614,8.943695966998728,0.001703357307425,0.0025186729199235,0.0255886272767658,0.0073413148124449,0.0059443941115362,0.0896647318721303,7,3,2026-06-24T22:38:12.195598+00:00,0.07802123498371115,0.07772720209753056,0.07781541196338473
AK-47 | Nouveau Rouge (Field-Tested),A,537763592476439156,51153994737,16.28,14.17,0.31359368562698,719,9.8672288,9.8586036,-0.0171427382581651,9.950115249577445,9.943082237622688,9.945192141209116,10.120687470939528,10.113533893901664,10.115679967013024,0.388813559608265,0.3892455627995892,0.3891159618421919,0.37833615043368996,0.3787755593426496,0.37864373666996165,False,1,spread_hybrid_disc <= 0.12,2.653403648131099,269,277,8,2,16.78,428,839,1.6394275061115762,0.9835946573751452,0.0,,1417,211,2003,11.44,11.43,1146,0.86252,Frankfurter 2026-06-16 (ECB),2026-06-17T08:08:19.365684+00:00,ok,,ok,,best_deal,2026-04-17T00:50:36.186748+00:00,15.76,,50,True,8,-0.0028256746364777,16.2475,15.97625,1/1,13.7853,13.776,13.55,13.619,13.898,14.0134,12.956,15.822,2.023895018606777,3.361551797929679,-0.0085383781865969,-0.0200146092037983,-0.0389684813753582,-0.0042353614056228,-0.0190715606016262,0.0591830649970185,7,3,2026-06-25T02:28:31.953567+00:00,0.008400175090441428,0.007687410433078147,0.007901239830287132
USP-S | Cortex (Well-Worn),A,505115213448703205,51126170280,4.33,3.78,0.39740526676178,918,2.7083128,2.6996876,0.0029992031746486,2.697200549494351,2.698887931449546,2.6983817168629876,2.6891110970436434,2.6907934181975217,2.690288721851358,0.37708994238005755,0.37670024677839586,0.3768171554588944,0.3789581762023918,0.37856964937701576,0.37868620742462866,False,1,spread_hybrid_disc <= 0.12,1.2221659882373626,143,145,2,2,17.0,525,850,4.27416052416053,0.9574305378536834,0.0,,378,55,2003,3.14,3.13,375,0.86252,Frankfurter 2026-06-16 (ECB),2026-06-17T07:46:51.026026+00:00,ok,,ok,,best_deal,2026-04-18T22:26:49.389629+00:00,3.77,,50,True,8,0.0013227513227512,3.73375,3.745,1/1,3.9072,3.923,3.756,3.8122,3.979,4.056,3.49,4.357,4.269041769041776,7.678132678132685,-0.0146369519648905,-0.0295315682281059,-0.0189164843649466,-0.0061954440070586,,0.0600734522560337,7,3,2026-06-25T00:02:37.133581+00:00,-0.004103015909258604,-0.0034799778483689025,-0.003666889266635813
AK-47 | Nouveau Rouge (Field-Tested),A,493856214359355180,52635400110,16.62,14.46,0.26569700241089,78,9.8672288,9.8586036,-0.0171427382581651,10.152970246291789,10.146224785279928,10.148248423583487,10.327019957766906,10.320158861082488,10.322217190087814,0.38911129685368306,0.38951716093381905,0.38939540170977816,0.37863899171077586,0.3790518134126061,0.378927966902057,False,1,spread_hybrid_disc <= 0.12,2.653403648131099,269,277,8,2,16.78,428,839,1.6394275061115762,0.9835946573751452,0.0,,1446,216,2003,11.44,11.43,1146,0.86252,Frankfurter 2026-06-16 (ECB),2026-06-17T08:08:19.365684+00:00,ok,,ok,,best_deal,2026-04-17T00:50:36.186748+00:00,15.76,,50,True,8,-0.0028256746364777,16.2475,15.97625,1/1,13.7853,13.776,13.55,13.619,13.898,14.0134,12.956,15.822,2.023895018606777,3.361551797929679,-0.0085383781865969,-0.0200146092037983,-0.0389684813753582,-0.0042353614056228,-0.0190715606016262,0.0591830649970185,7,3,2026-06-25T02:28:31.953567+00:00,0.02895863185941214,0.02827500921838661,0.028480096010694272
Desert Eagle | Mulberry (Minimal Wear),A,534387162123624972,51339290419,12.77,11.11,0.14987553656101,383,7.4866736,7.7799304,0.020706506456555,8.094433449081581,8.100124197805686,8.098416973188453,7.926826010606018,7.932398923804925,7.930727049845252,0.36613676984482524,0.3656911356456002,0.3658248259053678,0.3792618629126062,0.37882545624080455,0.3789563782423452,False,1,spread_hybrid_disc <= 0.12,1.4694114116404497,394,400,6,2,16.9,366,845,4.406020976872784,0.956011216263582,0.0475612925582603,,1111,166,2003,8.68,9.02,1154,0.86252,Frankfurter 2026-06-16 (ECB),2026-06-17T06:46:03.034492+00:00,ok,,ok,,best_deal,2026-04-17T07:47:48.625254+00:00,11.32,,50,True,8,0.0202176008208125,13.5275,13.81375,1/1,11.3935,11.412,10.91,11.044,11.625,11.929,10.032,13.384,5.09939878000614,8.943695966998728,0.001703357307425,0.0025186729199235,0.0255886272767658,0.0073413148124449,0.0059443941115362,0.0896647318721303,7,3,2026-06-24T22:38:12.195598+00:00,0.081178889524659,0.08193900663783239,0.08171097150388038
USP-S | Cortex (Well-Worn),A,554653360551880978,52562843912,4.32,3.77,0.40383967757225,589,2.7083128,2.6996876,0.0029992031746486,2.6900254766701415,2.690159276152356,2.6901191363076915,2.681957543720627,2.6820909419110093,2.6820509224538944,0.3773089174374673,0.37727794533510284,0.37728723696581223,0.37917649450911417,0.37914561529837754,0.3791548790615985,False,1,spread_hybrid_disc <= 0.12,1.2221659882373626,143,145,2,2,17.0,525,850,4.27416052416053,0.9574305378536834,0.0,,377,55,2003,3.14,3.13,375,0.86252,Frankfurter 2026-06-16 (ECB),2026-06-17T07:46:51.026026+00:00,ok,,ok,,best_deal,2026-04-18T22:26:49.389629+00:00,3.77,,50,True,8,0.0013227513227512,3.73375,3.745,1/1,3.9072,3.923,3.756,3.8122,3.979,4.056,3.49,4.357,4.269041769041776,7.678132678132685,-0.0146369519648905,-0.0295315682281059,-0.0189164843649466,-0.0061954440070586,,0.0600734522560337,7,3,2026-06-25T00:02:37.133581+00:00,-0.006752293653029452,-0.006702890392735952,-0.006717711370824001
Desert Eagle | Mulberry (Minimal Wear),A,552401560672977201,50494037810,13.24,11.52,0.11221988499165,412,7.4866736,7.7799304,0.020706506456555,8.452043375203715,8.366895552375317,8.392439899223836,8.277031084483976,8.193646375598735,8.218661788264308,0.3616281438667889,0.36805924831002146,0.36612991697705166,0.3748465948274943,0.3811445335650502,0.37925515194378334,False,1,spread_hybrid_disc <= 0.12,1.4694114116404497,394,400,6,2,16.9,366,845,4.406020976872784,0.956011216263582,0.0475612925582603,,1152,172,2003,8.68,9.02,1154,0.86252,Frankfurter 2026-06-16 (ECB),2026-06-17T06:46:03.034492+00:00,ok,,ok,,best_deal,2026-04-17T07:47:48.625254+00:00,11.32,,50,True,8,0.0202176008208125,13.5275,13.81375,1/1,11.3935,11.412,10.91,11.044,11.625,11.929,10.032,13.384,5.09939878000614,8.943695966998728,0.001703357307425,0.0025186729199235,0.0255886272767658,0.0073413148124449,0.0059443941115362,0.0896647318721303,7,3,2026-06-24T22:38:12.195598+00:00,0.12894508653398698,0.11757183489010634,0.12098381038327052
USP-S | Cortex (Well-Worn),A,554653360551881554,52560646260,4.32,3.77,0.40436491370201,925,2.7083128,2.6996876,0.0029992031746486,2.68952141872417,2.6897508210907612,2.689682000380784,2.681454997546847,2.681683711889132,2.681615097586447,0.3774255975175532,0.3773724951178794,0.3773884258377814,0.3792928246419336,0.3792398815071454,0.3792557644475818,False,1,spread_hybrid_disc <= 0.12,1.2221659882373626,143,145,2,2,17.0,525,850,4.27416052416053,0.9574305378536834,0.0,,377,55,2003,3.14,3.13,375,0.86252,Frankfurter 2026-06-16 (ECB),2026-06-17T07:46:51.026026+00:00,ok,,ok,,best_deal,2026-04-18T22:26:49.389629+00:00,3.77,,50,True,8,0.0013227513227512,3.73375,3.745,1/1,3.9072,3.923,3.756,3.8122,3.979,4.056,3.49,4.357,4.269041769041776,7.678132678132685,-0.0146369519648905,-0.0295315682281059,-0.0189164843649466,-0.0061954440070586,,0.0600734522560337,7,3,2026-06-25T00:02:37.133581+00:00,-0.006938408767196196,-0.006853705712736872,-0.006879116629074669
USP-S | Cortex (Well-Worn),A,554653360551869782,52570292788,4.32,3.77,0.40624862909317,681,2.7083128,2.6996876,0.0029992031746486,2.687777300345611,2.6873370816234554,2.687469147240102,2.679716110133666,2.6792772117168995,2.679408881241929,0.3778293286237012,0.3779312311056816,0.3779006603610875,0.37969534487646617,0.37979694173219924,0.3797664626754794,False,1,spread_hybrid_disc <= 0.12,1.2221659882373626,143,145,2,2,17.0,525,850,4.27416052416053,0.9574305378536834,0.0,,377,55,2003,3.14,3.13,375,0.86252,Frankfurter 2026-06-16 (ECB),2026-06-17T07:46:51.026026+00:00,ok,,ok,,best_deal,2026-04-18T22:26:49.389629+00:00,3.77,,50,True,8,0.0013227513227512,3.73375,3.745,1/1,3.9072,3.923,3.756,3.8122,3.979,4.056,3.49,4.357,4.269041769041776,7.678132678132685,-0.0146369519648905,-0.0295315682281059,-0.0189164843649466,-0.0061954440070586,,0.0600734522560337,7,3,2026-06-25T00:02:37.133581+00:00,-0.007582395820153754,-0.007744939349895041,-0.007696176290972656
USP-S | Cortex (Well-Worn),A,503989313530090596,41597488655,4.29,3.74,0.44779059290886,749,2.7083128,2.6996876,0.0029992031746486,2.6681711517187625,2.668905783884714,2.6686853942349287,2.6601687643300216,2.660901193184849,2.660681464528401,0.37804868258303903,0.37787743965391285,0.37792881253265065,0.37991404094871295,0.3797433116119233,0.3797945304129602,False,1,spread_hybrid_disc <= 0.12,1.2221659882373626,143,145,2,2,17.0,525,850,4.27416052416053,0.9574305378536834,0.0,,374,55,2003,3.14,3.13,375,0.86252,Frankfurter 2026-06-16 (ECB),2026-06-17T07:46:51.026026+00:00,ok,,ok,,best_deal,2026-04-18T22:26:49.389629+00:00,3.77,,50,True,8,0.0013227513227512,3.73375,3.745,1/1,3.9072,3.923,3.756,3.8122,3.979,4.056,3.49,4.357,4.269041769041776,7.678132678132685,-0.0146369519648905,-0.0295315682281059,-0.0189164843649466,-0.0061954440070586,,0.0600734522560337,7,3,2026-06-25T00:02:37.133581+00:00,-0.014821644043936644,-0.014550393187701805,-0.014631768444572257
USP-S | Cortex (Well-Worn),A,519751912219009854,52419808621,4.29,3.74,0.44697287678719,789,2.7083128,2.6996876,0.0029992031746486,2.668898951930511,2.668508153917292,2.668625393321258,2.6608943817210644,2.6605047557904875,2.6606216435696606,0.3778790321840301,0.3779701272920065,0.37794279875961356,0.3797448993657193,0.37983572126095866,0.37980847469238677,False,1,spread_hybrid_disc <= 0.12,1.2221659882373626,143,145,2,2,17.0,525,850,4.27416052416053,0.9574305378536834,0.0,,374,55,2003,3.14,3.13,375,0.86252,Frankfurter 2026-06-16 (ECB),2026-06-17T07:46:51.026026+00:00,ok,,ok,,best_deal,2026-04-18T22:26:49.389629+00:00,3.77,,50,True,8,0.0013227513227512,3.73375,3.745,1/1,3.9072,3.923,3.756,3.8122,3.979,4.056,3.49,4.357,4.269041769041776,7.678132678132685,-0.0146369519648905,-0.0295315682281059,-0.0189164843649466,-0.0061954440070586,,0.0600734522560337,7,3,2026-06-25T00:02:37.133581+00:00,-0.014552915774532792,-0.014697211519551124,-0.014653922796045623
USP-S | Cortex (Well-Worn),A,554653360551869134,52572383788,4.32,3.77,0.40691822767258,198,2.7083128,2.6996876,0.0029992031746486,2.687100378288029,2.686875628196118,2.686943053223691,2.679041218302868,2.678817142282146,2.6788843650883627,0.3779860235444378,0.37803804902867644,0.3780224413834049,0.37985156983729906,0.37990343928654036,0.37988787845176797,False,1,spread_hybrid_disc <= 0.12,1.2221659882373626,143,145,2,2,17.0,525,850,4.27416052416053,0.9574305378536834,0.0,,377,55,2003,3.14,3.13,375,0.86252,Frankfurter 2026-06-16 (ECB),2026-06-17T07:46:51.026026+00:00,ok,,ok,,best_deal,2026-04-18T22:26:49.389629+00:00,3.77,,50,True,8,0.0013227513227512,3.73375,3.745,1/1,3.9072,3.923,3.756,3.8122,3.979,4.056,3.49,4.357,4.269041769041776,7.678132678132685,-0.0146369519648905,-0.0295315682281059,-0.0189164843649466,-0.0061954440070586,,0.0600734522560337,7,3,2026-06-25T00:02:37.133581+00:00,-0.007832338167131416,-0.007915323445608677,-0.007890427862065499
Desert Eagle | Mulberry (Minimal Wear),A,537764861864306071,52081914961,13.31,11.59,0.11068099737167,217,7.4866736,7.7799304,0.020706506456555,8.496239025679728,8.398948955500748,8.428135976554442,8.320311597438055,8.225036064725396,8.253618724539194,0.3616649868009221,0.3689745337715441,0.3667816696803575,0.37488267487317395,0.38204086666225423,0.37989340912553016,False,1,spread_hybrid_disc <= 0.12,1.4694114116404497,394,400,6,2,16.9,366,845,4.406020976872784,0.956011216263582,0.0475612925582603,,1159,172,2003,8.68,9.02,1154,0.86252,Frankfurter 2026-06-16 (ECB),2026-06-17T06:46:03.034492+00:00,ok,,ok,,best_deal,2026-04-17T07:47:48.625254+00:00,11.32,,50,True,8,0.0202176008208125,13.5275,13.81375,1/1,11.3935,11.412,10.91,11.044,11.625,11.929,10.032,13.384,5.09939878000614,8.943695966998728,0.001703357307425,0.0025186729199235,0.0255886272767658,0.0073413148124449,0.0059443941115362,0.0896647318721303,7,3,2026-06-24T22:38:12.195598+00:00,0.13484832912706768,0.12185322938357401,0.1257517593066221
P2000 | Wicked Sick (Minimal Wear),A,525381411771544995,52682704241,7.52,6.55,0.13813959062099,12,4.6834836,4.614482,0.0075716632665433,4.699718789808863,4.697808042837526,4.698381266928926,4.664134101684983,4.662237822246301,4.662806706077905,0.37503739497222566,0.3752914836652226,0.3752152570573236,0.3797694013716778,0.3800215661906515,0.37994591674495937,False,2,"continuity_ratio <= 3.5, spread_hybrid_disc <= 0.12",3.765727899424873,173,174,1,2,16.4,244,820,2.493459777632437,0.9746992948983824,0.0503654485049834,,655,97,2003,5.43,5.35,499,0.86252,Frankfurter 2026-06-16 (ECB),2026-06-17T07:06:27.057725+00:00,ok,,ok,,best_deal,2026-04-18T12:27:48.467385+00:00,6.73,,50,True,8,0.0082241269220509,8.505,8.5775,1/1,7.3392,7.233,7.05,7.181,7.329,7.591,5.672,12.516,2.0165685633311488,7.371375626771314,0.0074480504558709,0.0416666666666667,0.0329444063143444,0.0036594707399529,0.0161115955836705,0.0503654485049834,7,3,2026-06-24T23:34:32.942607+00:00,0.0034664773479431334,0.0030585017608529405,0.0031808944369799983
USP-S | Cortex (Well-Worn),A,554653360551875902,52568523625,4.32,3.77,0.41070249676704,868,2.7083128,2.6996876,0.0029992031746486,2.68388195171378,2.6831943181448032,2.6834006082154964,2.675832444443818,2.6751468732276242,2.6753525445924824,0.37873102969588424,0.37889020413314745,0.3788424518019685,0.380594341563931,0.38075303860471665,0.380705429492481,False,1,spread_hybrid_disc <= 0.12,1.2221659882373626,143,145,2,2,17.0,525,850,4.27416052416053,0.9574305378536834,0.0,,377,55,2003,3.14,3.13,375,0.86252,Frankfurter 2026-06-16 (ECB),2026-06-17T07:46:51.026026+00:00,ok,,ok,,best_deal,2026-04-18T22:26:49.389629+00:00,3.77,,50,True,8,0.0013227513227512,3.73375,3.745,1/1,3.9072,3.923,3.756,3.8122,3.979,4.056,3.49,4.357,4.269041769041776,7.678132678132685,-0.0146369519648905,-0.0295315682281059,-0.0189164843649466,-0.0061954440070586,,0.0600734522560337,7,3,2026-06-25T00:02:37.133581+00:00,-0.009020689296384046,-0.0092745866929391,-0.009198417473972584
USP-S | Cortex (Well-Worn),A,554653360551870214,52570089562,4.32,3.77,0.41842263936996,196,2.7083128,2.6996876,0.0029992031746486,2.6815428401781607,2.683664659548855,2.6830281137376466,2.673500348378942,2.6756158039822435,2.674981167301253,0.37927249069949986,0.37878132880813553,0.3789286773755448,0.38113417861598575,0.3806444898189252,0.3807913964580433,False,1,spread_hybrid_disc <= 0.12,1.2221659882373626,143,145,2,2,17.0,525,850,4.27416052416053,0.9574305378536834,0.0,,377,55,2003,3.14,3.13,375,0.86252,Frankfurter 2026-06-16 (ECB),2026-06-17T07:46:51.026026+00:00,ok,,ok,,best_deal,2026-04-18T22:26:49.389629+00:00,3.77,,50,True,8,0.0013227513227512,3.73375,3.745,1/1,3.9072,3.923,3.756,3.8122,3.979,4.056,3.49,4.357,4.269041769041776,7.678132678132685,-0.0146369519648905,-0.0295315682281059,-0.0189164843649466,-0.0061954440070586,,0.0600734522560337,7,3,2026-06-25T00:02:37.133581+00:00,-0.009884367796009097,-0.009100920857865857,-0.009335954939308829
P2000 | Wicked Sick (Minimal Wear),A,516374212508918989,52036980605,7.54,6.57,0.13436684012413,841,4.6834836,4.614482,0.0075716632665433,4.7037938207757835,4.7026889917801675,4.703020440478853,4.668178277889622,4.667081814287128,4.667410753367877,0.3761546656796043,0.3763011947241157,0.3762572360107622,0.38087821248148257,0.3810236320574101,0.3809800061846317,False,2,"continuity_ratio <= 3.5, spread_hybrid_disc <= 0.12",3.765727899424873,173,174,1,2,16.4,244,820,2.493459777632437,0.9746992948983824,0.0503654485049834,,657,97,2003,5.43,5.35,499,0.86252,Frankfurter 2026-06-16 (ECB),2026-06-17T07:06:27.057725+00:00,ok,,ok,,best_deal,2026-04-18T12:27:48.467385+00:00,6.73,,50,True,8,0.0082241269220509,8.505,8.5775,1/1,7.3392,7.233,7.05,7.181,7.329,7.591,5.672,12.516,2.0165685633311488,7.371375626771314,0.0074480504558709,0.0416666666666667,0.0329444063143444,0.0036594707399529,0.0161115955836705,0.0503654485049834,7,3,2026-06-24T23:34:32.942607+00:00,0.004336562804614902,0.00410066382642363,0.004171433519881012
P2000 | Wicked Sick (Minimal Wear),A,497233914100868321,34475997301,7.59,6.6,0.12729224562645,141,4.6834836,4.614482,0.0075716632665433,4.735451420389768,4.733629836234819,4.734176311481304,4.699596176819502,4.697788385086386,4.698330722606321,0.37609335699739554,0.3763333549097735,0.3762613555360601,0.3808173680079707,0.38105554873697156,0.3809840945182713,False,2,"continuity_ratio <= 3.5, spread_hybrid_disc <= 0.12",3.765727899424873,173,174,1,2,16.4,244,820,2.493459777632437,0.9746992948983824,0.0503654485049834,,660,99,2003,5.43,5.35,499,0.86252,Frankfurter 2026-06-16 (ECB),2026-06-17T07:06:27.057725+00:00,ok,,ok,,best_deal,2026-04-18T12:27:48.467385+00:00,6.73,,50,True,8,0.0082241269220509,8.505,8.5775,1/1,7.3392,7.233,7.05,7.181,7.329,7.591,5.672,12.516,2.0165685633311488,7.371375626771314,0.0074480504558709,0.0416666666666667,0.0329444063143444,0.0036594707399529,0.0161115955836705,0.0503654485049834,7,3,2026-06-24T23:34:32.942607+00:00,0.011095975736899726,0.010707037862760761,0.010823719225002451
Desert Eagle | Mulberry (Minimal Wear),A,523128163047068994,50379027566,12.78,11.12,0.13808865845203,543,7.4866736,7.7799304,0.020706506456555,8.07860421584647,8.075077288910988,8.076135366991632,7.911324545491092,7.907870648890972,7.908906817871008,0.36787134461295223,0.3681473169866206,0.36806452527452016,0.3809605206970976,0.3812307786470288,0.3811497012620494,False,1,spread_hybrid_disc <= 0.12,1.4694114116404497,394,400,6,2,16.9,366,845,4.406020976872784,0.956011216263582,0.0475612925582603,,1112,166,2003,8.68,9.02,1154,0.86252,Frankfurter 2026-06-16 (ECB),2026-06-17T06:46:03.034492+00:00,ok,,ok,,best_deal,2026-04-17T07:47:48.625254+00:00,11.32,,50,True,8,0.0202176008208125,13.5275,13.81375,1/1,11.3935,11.412,10.91,11.044,11.625,11.929,10.032,13.384,5.09939878000614,8.943695966998728,0.001703357307425,0.0025186729199235,0.0255886272767658,0.0073413148124449,0.0059443941115362,0.0896647318721303,7,3,2026-06-24T22:38:12.195598+00:00,0.07906456825451434,0.07859347426485751,0.07873480246175456
USP-S | Cortex (Well-Worn),A,534387162105278508,30521371674,4.38,3.81,0.42463248968124,151,2.7083128,2.6996876,0.0029992031746486,2.6807381886840167,2.7323008210283892,2.7168320313250773,2.6726981101981138,2.724106095731866,2.70868370007174,0.38795931765205094,0.3761870271624682,0.379718714309343,0.38979495200956304,0.37805796901098954,0.3815790639105616,False,1,spread_hybrid_disc <= 0.12,1.2221659882373626,143,145,2,2,17.0,525,850,4.27416052416053,0.9574305378536834,0.0,,381,57,2003,3.14,3.13,375,0.86252,Frankfurter 2026-06-16 (ECB),2026-06-17T07:46:51.026026+00:00,ok,,ok,,best_deal,2026-04-18T22:26:49.389629+00:00,3.77,,50,True,8,0.0013227513227512,3.73375,3.745,1/1,3.9072,3.923,3.756,3.8122,3.979,4.056,3.49,4.357,4.269041769041776,7.678132678132685,-0.0146369519648905,-0.0295315682281059,-0.0189164843649466,-0.0061954440070586,,0.0600734522560337,7,3,2026-06-25T00:02:37.133581+00:00,-0.010181472138662643,0.008857182607706567,0.0031455861837958025
MP7 | Abyssal Apparition (Minimal Wear),A,492730314465197085,52295219039,10.06,8.76,0.1016368418932,279,5.9255124,5.7616336,0.0243195706681342,6.388575801643351,6.370355371981067,6.375821500879752,6.233208380966554,6.215431064331046,6.220764259321697,0.364952703613981,0.3667638795247449,0.36622052675151573,0.38039678121604836,0.38216391010625783,0.3816337714391951,False,1,spread_hybrid_disc <= 0.12,1.8123724634126133,207,208,1,2,17.1,266,855,2.2630866943342585,0.9772160664819944,0.0404481792717087,,876,130,2003,6.87,6.68,742,0.86252,Frankfurter 2026-06-16 (ECB),2026-06-17T06:41:44.038225+00:00,ok,,ok,,best_deal,2026-04-18T05:21:43.987429+00:00,9.04,,50,True,8,0.0250463821892393,11.2675,11.54875,1/1,8.7226,8.664,8.4666,8.568,8.86,9.03,7.424,17.448,3.34762570793112,6.45908330085066,0.0268422752221753,0.0301246537396122,0.0019083969465649,0.0039511108897606,0.0100049136639224,0.0404481792717087,7,3,2026-06-24T22:28:10.794316+00:00,0.07814740234841985,0.07507249026785733,0.07599496389202609
USP-S | Cortex (Well-Worn),A,554653360551872050,52569703429,4.32,3.77,0.42561733722687,286,2.7083128,2.6996876,0.0029992031746486,2.6807988489308823,2.6782040943542773,2.6789825207272586,2.672758588512574,2.670171616132133,2.670947707846265,0.37944471089562914,0.38004534852910254,0.37986515723906056,0.38130588228875606,0.38190471848793217,0.38172506762817937,False,1,spread_hybrid_disc <= 0.12,1.2221659882373626,143,145,2,2,17.0,525,850,4.27416052416053,0.9574305378536834,0.0,,377,55,2003,3.14,3.13,375,0.86252,Frankfurter 2026-06-16 (ECB),2026-06-17T07:46:51.026026+00:00,ok,,ok,,best_deal,2026-04-18T22:26:49.389629+00:00,3.77,,50,True,8,0.0013227513227512,3.73375,3.745,1/1,3.9072,3.923,3.756,3.8122,3.979,4.056,3.49,4.357,4.269041769041776,7.678132678132685,-0.0146369519648905,-0.0295315682281059,-0.0189164843649466,-0.0061954440070586,,0.0600734522560337,7,3,2026-06-25T00:02:37.133581+00:00,-0.010159074339240912,-0.011117144831174056,-0.010829723683594111
USP-S | Cortex (Well-Worn),A,554653360551877198,52567580283,4.32,3.77,0.425502628088,165,2.7083128,2.6996876,0.0029992031746486,2.6807861823942245,2.6781440235414316,2.678936671197269,2.6727459599654337,2.67011172548386,2.6709019958283315,0.3794476429642999,0.38005925380985384,0.3798757705561877,0.38130880556355706,0.3819185820639214,0.3817356491138122,False,1,spread_hybrid_disc <= 0.12,1.2221659882373626,143,145,2,2,17.0,525,850,4.27416052416053,0.9574305378536834,0.0,,377,55,2003,3.14,3.13,375,0.86252,Frankfurter 2026-06-16 (ECB),2026-06-17T07:46:51.026026+00:00,ok,,ok,,best_deal,2026-04-18T22:26:49.389629+00:00,3.77,,50,True,8,0.0013227513227512,3.73375,3.745,1/1,3.9072,3.923,3.756,3.8122,3.979,4.056,3.49,4.357,4.269041769041776,7.678132678132685,-0.0146369519648905,-0.0295315682281059,-0.0189164843649466,-0.0061954440070586,,0.0600734522560337,7,3,2026-06-25T00:02:37.133581+00:00,-0.010163751249772812,-0.011139324991769162,-0.010846652869170257
USP-S | Cortex (Well-Worn),A,554653360551881230,52561964078,4.32,3.77,0.43478712439537,390,2.7083128,2.6996876,0.0029992031746486,2.6789691458664575,2.6785056010391695,2.6786446644873556,2.670934373099389,2.6704722185372187,2.6706108649058695,0.3798682532716534,0.37997555531500715,0.3799433647020011,0.3817281543751414,0.3818351345978661,0.38180304053104874,False,1,spread_hybrid_disc <= 0.12,1.2221659882373626,143,145,2,2,17.0,525,850,4.27416052416053,0.9574305378536834,0.0,,377,55,2003,3.14,3.13,375,0.86252,Frankfurter 2026-06-16 (ECB),2026-06-17T07:46:51.026026+00:00,ok,,ok,,best_deal,2026-04-18T22:26:49.389629+00:00,3.77,,50,True,8,0.0013227513227512,3.73375,3.745,1/1,3.9072,3.923,3.756,3.8122,3.979,4.056,3.49,4.357,4.269041769041776,7.678132678132685,-0.0146369519648905,-0.0295315682281059,-0.0189164843649466,-0.0061954440070586,,0.0600734522560337,7,3,2026-06-25T00:02:37.133581+00:00,-0.010834662131177149,-0.011005818441957802,-0.010954471548723607
USP-S | Cortex (Well-Worn),A,554653360551868846,52573376938,4.32,3.77,0.43456530570984,540,2.7083128,2.6996876,0.0029992031746486,2.6790259982160864,2.6783965847451956,2.6785854087864633,2.6709910549372706,2.6703635292052597,2.6705517869248636,0.37985509300553555,0.38000079056824176,0.37995708129942984,0.38171503357933556,0.3818602941654492,0.381816715989615,False,1,spread_hybrid_disc <= 0.12,1.2221659882373626,143,145,2,2,17.0,525,850,4.27416052416053,0.9574305378536834,0.0,,377,55,2003,3.14,3.13,375,0.86252,Frankfurter 2026-06-16 (ECB),2026-06-17T07:46:51.026026+00:00,ok,,ok,,best_deal,2026-04-18T22:26:49.389629+00:00,3.77,,50,True,8,0.0013227513227512,3.73375,3.745,1/1,3.9072,3.923,3.756,3.8122,3.979,4.056,3.49,4.357,4.269041769041776,7.678132678132685,-0.0146369519648905,-0.0295315682281059,-0.0189164843649466,-0.0061954440070586,,0.0600734522560337,7,3,2026-06-25T00:02:37.133581+00:00,-0.010813670335240914,-0.011046070917216053,-0.01097635074262351
USP-S | Cortex (Well-Worn),A,554653360551872806,52569620833,4.32,3.77,0.43705630302429,23,2.7083128,2.6996876,0.0029992031746486,2.6783579946450637,2.6782290488196177,2.6782677325672513,2.6703250548446786,2.6701964957539617,2.6702350634811767,0.38000972346179085,0.38003957203249594,0.3800306174612845,0.38186920026743554,0.38189895931621265,0.3818900316015795,False,1,spread_hybrid_disc <= 0.12,1.2221659882373626,143,145,2,2,17.0,525,850,4.27416052416053,0.9574305378536834,0.0,,377,55,2003,3.14,3.13,375,0.86252,Frankfurter 2026-06-16 (ECB),2026-06-17T07:46:51.026026+00:00,ok,,ok,,best_deal,2026-04-18T22:26:49.389629+00:00,3.77,,50,True,8,0.0013227513227512,3.73375,3.745,1/1,3.9072,3.923,3.756,3.8122,3.979,4.056,3.49,4.357,4.269041769041776,7.678132678132685,-0.0146369519648905,-0.0295315682281059,-0.0189164843649466,-0.0061954440070586,,0.0600734522560337,7,3,2026-06-25T00:02:37.133581+00:00,-0.011060319677600104,-0.01110793080488427,-0.01109364746669902
USP-S | Cortex (Well-Worn),A,554653360551868558,52574373067,4.32,3.77,0.438999325037,999,2.7083128,2.6996876,0.0029992031746486,2.6771389036789413,2.6779676729371897,2.6777190421597155,2.669109620180052,2.6699359037909103,2.669688018707653,0.3802919204446895,0.38010007570898385,0.38015762912969553,0.3821505508842473,0.3819592815298819,0.38201666233619147,False,1,spread_hybrid_disc <= 0.12,1.2221659882373626,143,145,2,2,17.0,525,850,4.27416052416053,0.9574305378536834,0.0,,377,55,2003,3.14,3.13,375,0.86252,Frankfurter 2026-06-16 (ECB),2026-06-17T07:46:51.026026+00:00,ok,,ok,,best_deal,2026-04-18T22:26:49.389629+00:00,3.77,,50,True,8,0.0013227513227512,3.73375,3.745,1/1,3.9072,3.923,3.756,3.8122,3.979,4.056,3.49,4.357,4.269041769041776,7.678132678132685,-0.0146369519648905,-0.0295315682281059,-0.0189164843649466,-0.0061954440070586,,0.0600734522560337,7,3,2026-06-25T00:02:37.133581+00:00,-0.011510448985456362,-0.011204439554696155,-0.011296242383924219
USP-S | Cortex (Well-Worn),A,554653360551881302,52561053681,4.32,3.77,0.44020247459412,188,2.7083128,2.6996876,0.0029992031746486,2.6755441552613313,2.6771452743009774,2.676664938589083,2.667519654736959,2.669115971695298,2.668637076607796,0.38066107517098813,0.38029044576366267,0.3804016345858604,0.38251859844051883,0.38214908062608843,0.38225993597041763,False,1,spread_hybrid_disc <= 0.12,1.2221659882373626,143,145,2,2,17.0,525,850,4.27416052416053,0.9574305378536834,0.0,,377,55,2003,3.14,3.13,375,0.86252,Frankfurter 2026-06-16 (ECB),2026-06-17T07:46:51.026026+00:00,ok,,ok,,best_deal,2026-04-18T22:26:49.389629+00:00,3.77,,50,True,8,0.0013227513227512,3.73375,3.745,1/1,3.9072,3.923,3.756,3.8122,3.979,4.056,3.49,4.357,4.269041769041776,7.678132678132685,-0.0146369519648905,-0.0295315682281059,-0.0189164843649466,-0.0061954440070586,,0.0600734522560337,7,3,2026-06-25T00:02:37.133581+00:00,-0.012099283634692667,-0.011508096737947948,-0.011685452806971365
USP-S | Cortex (Well-Worn),A,558031060264727788,52558324271,4.4,3.83,0.4248583316803,145,2.7083128,2.6996876,0.0029992031746486,2.680758600137772,2.7455190543965644,2.7260909181189263,2.672718460433772,2.73728468493256,2.717914817582923,0.39073668178687004,0.3760183967280536,0.38043388224569863,0.39256398626505185,0.37788984433350914,0.3822920869129721,False,1,spread_hybrid_disc <= 0.12,1.2221659882373626,143,145,2,2,17.0,525,850,4.27416052416053,0.9574305378536834,0.0,,383,57,2003,3.14,3.13,375,0.86252,Frankfurter 2026-06-16 (ECB),2026-06-17T07:46:51.026026+00:00,ok,,ok,,best_deal,2026-04-18T22:26:49.389629+00:00,3.77,,50,True,8,0.0013227513227512,3.73375,3.745,1/1,3.9072,3.923,3.756,3.8122,3.979,4.056,3.49,4.357,4.269041769041776,7.678132678132685,-0.0146369519648905,-0.0295315682281059,-0.0189164843649466,-0.0061954440070586,,0.0600734522560337,7,3,2026-06-25T00:02:37.133581+00:00,-0.010173935544752453,0.013737798084683724,0.006564277995852869
USP-S | Cortex (Well-Worn),A,555779260441174059,50054447916,4.32,3.77,0.44256284832954,749,2.7083128,2.6996876,0.0029992031746486,2.6730229207604084,2.6731563373501603,2.6731163123732347,2.6650059819305554,2.6651389983768476,2.6650990934429597,0.381244694268424,0.3812138107985741,0.3812230758395291,0.3831004671457048,0.38306967630165567,0.38307891355487045,False,1,spread_hybrid_disc <= 0.12,1.2221659882373626,143,145,2,2,17.0,525,850,4.27416052416053,0.9574305378536834,0.0,,377,55,2003,3.14,3.13,375,0.86252,Frankfurter 2026-06-16 (ECB),2026-06-17T07:46:51.026026+00:00,ok,,ok,,best_deal,2026-04-18T22:26:49.389629+00:00,3.77,,50,True,8,0.0013227513227512,3.73375,3.745,1/1,3.9072,3.923,3.756,3.8122,3.979,4.056,3.49,4.357,4.269041769041776,7.678132678132685,-0.0146369519648905,-0.0295315682281059,-0.0189164843649466,-0.0061954440070586,,0.0600734522560337,7,3,2026-06-25T00:02:37.133581+00:00,-0.013030208046718741,-0.012980946163175645,-0.012995724728238574
USP-S | Cortex (Well-Worn),A,526505227795805113,24448749253,4.34,3.79,0.40986353158951,481,2.7083128,2.6996876,0.0029992031746486,2.684391193986851,2.684275879771665,2.684310474036221,2.676340159395847,2.676225191031421,2.676259681540749,0.38147668341316787,0.38150325350883296,0.3814952824801334,0.3833317605078693,0.3833582509144191,0.38335030379245405,False,1,spread_hybrid_disc <= 0.12,1.2221659882373626,143,145,2,2,17.0,525,850,4.27416052416053,0.9574305378536834,0.0,,379,55,2003,3.14,3.13,375,0.86252,Frankfurter 2026-06-16 (ECB),2026-06-17T07:46:51.026026+00:00,ok,,ok,,best_deal,2026-04-18T22:26:49.389629+00:00,3.77,,50,True,8,0.0013227513227512,3.73375,3.745,1/1,3.9072,3.923,3.756,3.8122,3.979,4.056,3.49,4.357,4.269041769041776,7.678132678132685,-0.0146369519648905,-0.0295315682281059,-0.0189164843649466,-0.0061954440070586,,0.0600734522560337,7,3,2026-06-25T00:02:37.133581+00:00,-0.008832659954621328,-0.008875237833803765,-0.008862464470049033
USP-S | Cortex (Well-Worn),A,558031060264727104,52558324279,4.4,3.83,0.42471268773079,287,2.7083128,2.6996876,0.0029992031746486,2.6807429692247835,2.7369711409503754,2.7201026894326974,2.6727028764010674,2.7287624084155153,2.7119445488111804,0.3907402342670947,0.3779611043294602,0.38179484331075064,0.39256752809066653,0.3798267253601102,0.38364896617927724,False,1,spread_hybrid_disc <= 0.12,1.2221659882373626,143,145,2,2,17.0,525,850,4.27416052416053,0.9574305378536834,0.0,,383,57,2003,3.14,3.13,375,0.86252,Frankfurter 2026-06-16 (ECB),2026-06-17T07:46:51.026026+00:00,ok,,ok,,best_deal,2026-04-18T22:26:49.389629+00:00,3.77,,50,True,8,0.0013227513227512,3.73375,3.745,1/1,3.9072,3.923,3.756,3.8122,3.979,4.056,3.49,4.357,4.269041769041776,7.678132678132685,-0.0146369519648905,-0.0295315682281059,-0.0189164843649466,-0.0061954440070586,,0.0600734522560337,7,3,2026-06-25T00:02:37.133581+00:00,-0.010179707002535466,0.010581621498955213,0.004353222948508008
USP-S | Cortex (Well-Worn),A,552401560757753097,51528040852,4.32,3.77,0.44742828607559,857,2.7083128,2.6996876,0.0029992031746486,2.6684911747417366,2.6687281490213186,2.668657056737444,2.660487827538929,2.6607240910844996,2.660653212020829,0.382293709550524,0.38223885439321337,0.38225531094040655,0.38414633621784056,0.3840916455822918,0.38410805277295634,False,1,spread_hybrid_disc <= 0.12,1.2221659882373626,143,145,2,2,17.0,525,850,4.27416052416053,0.9574305378536834,0.0,,377,55,2003,3.14,3.13,375,0.86252,Frankfurter 2026-06-16 (ECB),2026-06-17T07:46:51.026026+00:00,ok,,ok,,best_deal,2026-04-18T22:26:49.389629+00:00,3.77,,50,True,8,0.0013227513227512,3.73375,3.745,1/1,3.9072,3.923,3.756,3.8122,3.979,4.056,3.49,4.357,4.269041769041776,7.678132678132685,-0.0146369519648905,-0.0295315682281059,-0.0189164843649466,-0.0061954440070586,,0.0600734522560337,7,3,2026-06-25T00:02:37.133581+00:00,-0.014703480801133253,-0.014615981942219209,-0.014642231599893422
USP-S | Cortex (Well-Worn),A,554653360551940738,52575093686,4.32,3.77,0.44670316576958,714,2.7083128,2.6996876,0.0029992031746486,2.6691426142060806,2.6683693041274097,2.668601297151011,2.6611373132039637,2.660366322439336,2.6605976196687244,0.38214291337822215,0.3823219203408774,0.3822682182520808,0.38399599231389736,0.3841744623983019,0.3841209213729805,False,1,spread_hybrid_disc <= 0.12,1.2221659882373626,143,145,2,2,17.0,525,850,4.27416052416053,0.9574305378536834,0.0,,377,55,2003,3.14,3.13,375,0.86252,Frankfurter 2026-06-16 (ECB),2026-06-17T07:46:51.026026+00:00,ok,,ok,,best_deal,2026-04-18T22:26:49.389629+00:00,3.77,,50,True,8,0.0013227513227512,3.73375,3.745,1/1,3.9072,3.923,3.756,3.8122,3.979,4.056,3.49,4.357,4.269041769041776,7.678132678132685,-0.0146369519648905,-0.0295315682281059,-0.0189164843649466,-0.0061954440070586,,0.0600734522560337,7,3,2026-06-25T00:02:37.133581+00:00,-0.014462947482993638,-0.01474847952296717,-0.014662819910975112
MP7 | Abyssal Apparition (Minimal Wear),A,526507311677179375,52631630569,9.46,8.23,0.11856810748577,297,5.9255124,5.7616336,0.0243195706681342,5.971135774034742,5.970374421183789,5.970602827039075,5.82592031560908,5.825177478532589,5.825400329655537,0.36880171521831484,0.3688821964922,0.3688580521100344,0.38415218651066807,0.3842307105145255,0.3842071533133683,False,1,spread_hybrid_disc <= 0.12,1.8123724634126133,207,208,1,2,17.1,266,855,2.2630866943342585,0.9772160664819944,0.0404481792717087,,823,123,2003,6.87,6.68,742,0.86252,Frankfurter 2026-06-16 (ECB),2026-06-17T06:41:44.038225+00:00,ok,,ok,,best_deal,2026-04-18T05:21:43.987429+00:00,9.04,,50,True,8,0.0250463821892393,11.2675,11.54875,1/1,8.7226,8.664,8.4666,8.568,8.86,9.03,7.424,17.448,3.34762570793112,6.45908330085066,0.0268422752221753,0.0301246537396122,0.0019083969465649,0.0039511108897606,0.0100049136639224,0.0404481792717087,7,3,2026-06-24T22:28:10.794316+00:00,0.0076994816574415415,0.007570994397680961,0.007609540575609135
USP-S | Cortex (Well-Worn),A,556903981183002121,23109973726,4.34,3.79,0.43427324295044,489,2.7083128,2.6996876,0.0029992031746486,2.67911095997719,2.6782585235854697,2.6785142545029856,2.67107576188079,2.6702258821190026,2.6704808460475387,0.3826933271941959,0.3828897411093387,0.3828308169347959,0.3845447553270068,0.3847405801569118,0.38468183270794043,False,1,spread_hybrid_disc <= 0.12,1.2221659882373626,143,145,2,2,17.0,525,850,4.27416052416053,0.9574305378536834,0.0,,379,55,2003,3.14,3.13,375,0.86252,Frankfurter 2026-06-16 (ECB),2026-06-17T07:46:51.026026+00:00,ok,,ok,,best_deal,2026-04-18T22:26:49.389629+00:00,3.77,,50,True,8,0.0013227513227512,3.73375,3.745,1/1,3.9072,3.923,3.756,3.8122,3.979,4.056,3.49,4.357,4.269041769041776,7.678132678132685,-0.0146369519648905,-0.0295315682281059,-0.0189164843649466,-0.0061954440070586,,0.0600734522560337,7,3,2026-06-25T00:02:37.133581+00:00,-0.010782299600995205,-0.011097047731905394,-0.011002623292632338
MP7 | Abyssal Apparition (Minimal Wear),A,525381411763325403,52646117193,9.66,8.4,0.11018525063992,792,5.9255124,5.7616336,0.0243195706681342,6.093893195827544,6.087600742687058,6.089488478629203,5.945692329607554,5.939552906225893,5.941394733240392,0.36916219504890846,0.3698135877135551,0.3696181699141612,0.3845038996265472,0.3851394507012533,0.3849487853788415,False,1,spread_hybrid_disc <= 0.12,1.8123724634126133,207,208,1,2,17.1,266,855,2.2630866943342585,0.9772160664819944,0.0404481792717087,,840,126,2003,6.87,6.68,742,0.86252,Frankfurter 2026-06-16 (ECB),2026-06-17T06:41:44.038225+00:00,ok,,ok,,best_deal,2026-04-18T05:21:43.987429+00:00,9.04,,50,True,8,0.0250463821892393,11.2675,11.54875,1/1,8.7226,8.664,8.4666,8.568,8.86,9.03,7.424,17.448,3.34762570793112,6.45908330085066,0.0268422752221753,0.0301246537396122,0.0019083969465649,0.0039511108897606,0.0100049136639224,0.0404481792717087,7,3,2026-06-24T22:28:10.794316+00:00,0.028416242252323056,0.027354316681044866,0.027672894352428326
USP-S | Cortex (Well-Worn),A,525381411759823935,50134969597,4.37,3.8,0.40007200837135,660,2.7083128,2.6996876,0.0029992031746486,2.6934500709495306,2.6926382927627133,2.6928818262187586,2.685371866945981,2.684562523446879,2.6848053264966096,0.38364986934793355,0.38383563094674755,0.38377990246710336,0.3854984286164803,0.3856836330785175,0.3856280717399063,False,1,spread_hybrid_disc <= 0.12,1.2221659882373626,143,145,2,2,17.0,525,850,4.27416052416053,0.9574305378536834,0.0,,380,57,2003,3.14,3.13,375,0.86252,Frankfurter 2026-06-16 (ECB),2026-06-17T07:46:51.026026+00:00,ok,,ok,,best_deal,2026-04-18T22:26:49.389629+00:00,3.77,,50,True,8,0.0013227513227512,3.73375,3.745,1/1,3.9072,3.923,3.756,3.8122,3.979,4.056,3.49,4.357,4.269041769041776,7.678132678132685,-0.0146369519648905,-0.0295315682281059,-0.0189164843649466,-0.0061954440070586,,0.0600734522560337,7,3,2026-06-25T00:02:37.133581+00:00,-0.005487818486280188,-0.005787554243101737,-0.005697633516055272
AK-47 | Nouveau Rouge (Field-Tested),A,492725059979500637,51024124586,16.42,14.29,0.36455675959587,515,9.8672288,9.8586036,-0.0171427382581651,9.90442636386569,9.906051290949824,9.905563812824584,10.07421535261871,10.075868135402535,10.075372300567386,0.39680716419819184,0.39670820396164297,0.3967378920326077,0.3864667872948411,0.38636613060885905,0.3863963276146538,False,1,spread_hybrid_disc <= 0.12,2.653403648131099,269,277,8,2,16.78,428,839,1.6394275061115762,0.9835946573751452,0.0,,1429,213,2003,11.44,11.43,1146,0.86252,Frankfurter 2026-06-16 (ECB),2026-06-17T08:08:19.365684+00:00,ok,,ok,,best_deal,2026-04-17T00:50:36.186748+00:00,15.76,,50,True,8,-0.0028256746364777,16.2475,15.97625,1/1,13.7853,13.776,13.55,13.619,13.898,14.0134,12.956,15.822,2.023895018606777,3.361551797929679,-0.0085383781865969,-0.0200146092037983,-0.0389684813753582,-0.0042353614056228,-0.0190715606016262,0.0591830649970185,7,3,2026-06-25T02:28:31.953567+00:00,0.0037698085875631526,0.00393448776112536,0.0038850840090566977
P2000 | Wicked Sick (Minimal Wear),A,492730314467071641,52569771919,7.6,6.61,0.14297062158585,440,4.6834836,4.614482,0.0075716632665433,4.695980644187263,4.697914494976658,4.6973343397398395,4.660424260043272,4.662343468365681,4.661767705868959,0.3821078099753601,0.38185335592412395,0.3819296921394948,0.3867862815732537,0.3865337541624103,0.3866095123856632,False,2,"continuity_ratio <= 3.5, spread_hybrid_disc <= 0.12",3.765727899424873,173,174,1,2,16.4,244,820,2.493459777632437,0.9746992948983824,0.0503654485049834,,661,99,2003,5.43,5.35,499,0.86252,Frankfurter 2026-06-16 (ECB),2026-06-17T07:06:27.057725+00:00,ok,,ok,,best_deal,2026-04-18T12:27:48.467385+00:00,6.73,,50,True,8,0.0082241269220509,8.505,8.5775,1/1,7.3392,7.233,7.05,7.181,7.329,7.591,5.672,12.516,2.0165685633311488,7.371375626771314,0.0074480504558709,0.0416666666666667,0.0329444063143444,0.0036594707399529,0.0161115955836705,0.0503654485049834,7,3,2026-06-24T23:34:32.942607+00:00,0.002668322397299167,0.003081231025695986,0.0029573584371769403
Desert Eagle | Mulberry (Minimal Wear),A,528757027639460488,52414895532,12.88,11.2,0.14533030986786,685,7.4866736,7.7799304,0.020706506456555,8.068445179904517,8.066316282548714,8.066954951755454,7.9013758676924635,7.899291052363504,7.899916496962191,0.3735679208148668,0.37373320787665265,0.373683621758117,0.38653914070710693,0.3867010052512808,0.3866524458880287,False,1,spread_hybrid_disc <= 0.12,1.4694114116404497,394,400,6,2,16.9,366,845,4.406020976872784,0.956011216263582,0.0475612925582603,,1120,168,2003,8.68,9.02,1154,0.86252,Frankfurter 2026-06-16 (ECB),2026-06-17T06:46:03.034492+00:00,ok,,ok,,best_deal,2026-04-17T07:47:48.625254+00:00,11.32,,50,True,8,0.0202176008208125,13.5275,13.81375,1/1,11.3935,11.412,10.91,11.044,11.625,11.929,10.032,13.384,5.09939878000614,8.943695966998728,0.001703357307425,0.0025186729199235,0.0255886272767658,0.0073413148124449,0.0059443941115362,0.0896647318721303,7,3,2026-06-24T22:38:12.195598+00:00,0.07770761902916637,0.07742326078549941,0.0775085682585995
USP-S | Cortex (Well-Worn),A,506241113344006102,52794155726,4.39,3.82,0.39388313889503,936,2.7083128,2.6996876,0.0029992031746486,2.6979577784165527,2.6998393740574738,2.6992748953651975,2.689866054882458,2.691742007235759,2.6911792215297687,0.38543102997345036,0.3850024204880469,0.3851310033336679,0.3872742471793945,0.3868469231809204,0.38697512038046267,False,1,spread_hybrid_disc <= 0.12,1.2221659882373626,143,145,2,2,17.0,525,850,4.27416052416053,0.9574305378536834,0.0,,382,57,2003,3.14,3.13,375,0.86252,Frankfurter 2026-06-16 (ECB),2026-06-17T07:46:51.026026+00:00,ok,,ok,,best_deal,2026-04-18T22:26:49.389629+00:00,3.77,,50,True,8,0.0013227513227512,3.73375,3.745,1/1,3.9072,3.923,3.756,3.8122,3.979,4.056,3.49,4.357,4.269041769041776,7.678132678132685,-0.0146369519648905,-0.0295315682281059,-0.0189164843649466,-0.0061954440070586,,0.0600734522560337,7,3,2026-06-25T00:02:37.133581+00:00,-0.0038234215720750987,-0.003128673298935705,-0.003337097780877523
P2000 | Wicked Sick (Minimal Wear),A,492730314461511765,52569670689,7.72,6.72,0.1226848512888,154,4.6834836,4.614482,0.0075716632665433,4.7726061918782765,4.764814680653388,4.767152134020855,4.736469624889555,4.728737108363998,4.731056863321665,0.38178676271006784,0.38279602582209993,0.3824932468884903,0.38646766516974673,0.3874692864813474,0.38716880008786714,False,2,"continuity_ratio <= 3.5, spread_hybrid_disc <= 0.12",3.765727899424873,173,174,1,2,16.4,244,820,2.493459777632437,0.9746992948983824,0.0503654485049834,,672,100,2003,5.43,5.35,499,0.86252,Frankfurter 2026-06-16 (ECB),2026-06-17T07:06:27.057725+00:00,ok,,ok,,best_deal,2026-04-18T12:27:48.467385+00:00,6.73,,50,True,8,0.0082241269220509,8.505,8.5775,1/1,7.3392,7.233,7.05,7.181,7.329,7.591,5.672,12.516,2.0165685633311488,7.371375626771314,0.0074480504558709,0.0416666666666667,0.0329444063143444,0.0036594707399529,0.0161115955836705,0.0503654485049834,7,3,2026-06-24T23:34:32.942607+00:00,0.019029124363385552,0.017365509863937367,0.017864594213771824
P2000 | Wicked Sick (Minimal Wear),A,508492913165229428,52674940545,7.6,6.61,0.14716476202011,232,4.6834836,4.614482,0.0075716632665433,4.688693736935511,4.687922869013111,4.68815412938983,4.653192526799484,4.652427495629416,4.652657004980436,0.38306661356111704,0.3831680435509065,0.38313761455396966,0.38773782542112056,0.3878384874171821,0.3878082888183636,False,2,"continuity_ratio <= 3.5, spread_hybrid_disc <= 0.12",3.765727899424873,173,174,1,2,16.4,244,820,2.493459777632437,0.9746992948983824,0.0503654485049834,,661,99,2003,5.43,5.35,499,0.86252,Frankfurter 2026-06-16 (ECB),2026-06-17T07:06:27.057725+00:00,ok,,ok,,best_deal,2026-04-18T12:27:48.467385+00:00,6.73,,50,True,8,0.0082241269220509,8.505,8.5775,1/1,7.3392,7.233,7.05,7.181,7.329,7.591,5.672,12.516,2.0165685633311488,7.371375626771314,0.0074480504558709,0.0416666666666667,0.0329444063143444,0.0036594707399529,0.0161115955836705,0.0503654485049834,7,3,2026-06-24T23:34:32.942607+00:00,0.0011124490615300228,0.0009478562096620341,0.0009972340652224306
USP-S | Cortex (Well-Worn),A,528757662714531400,46863703050,4.39,3.82,0.39862847328186,32,2.7083128,2.6996876,0.0029992031746486,2.6955757408503014,2.6939531164003703,2.6944399037353493,2.6874911615308372,2.685873403661308,2.686358731022166,0.385973635341617,0.38634325366734157,0.38623236816962425,0.3878152251638184,0.388183734929087,0.3880731819995066,False,1,spread_hybrid_disc <= 0.12,1.2221659882373626,143,145,2,2,17.0,525,850,4.27416052416053,0.9574305378536834,0.0,,382,57,2003,3.14,3.13,375,0.86252,Frankfurter 2026-06-16 (ECB),2026-06-17T07:46:51.026026+00:00,ok,,ok,,best_deal,2026-04-18T22:26:49.389629+00:00,3.77,,50,True,8,0.0013227513227512,3.73375,3.745,1/1,3.9072,3.923,3.756,3.8122,3.979,4.056,3.49,4.357,4.269041769041776,7.678132678132685,-0.0146369519648905,-0.0295315682281059,-0.0189164843649466,-0.0061954440070586,,0.0600734522560337,7,3,2026-06-25T00:02:37.133581+00:00,-0.004702949803175882,-0.005302077219304136,-0.005122338994465661
Desert Eagle | Mulberry (Minimal Wear),A,542268461541958286,51941389186,13.15,11.44,0.12106747180223,815,7.4866736,7.7799304,0.020706506456555,8.234497560407425,8.208175370197207,8.216072027260273,8.06398988350636,8.038212733897682,8.045945878780287,0.3738024668891693,0.3758041543576268,0.3752036481170895,0.38676883015160757,0.3887290696655755,0.388140997811385,False,1,spread_hybrid_disc <= 0.12,1.4694114116404497,394,400,6,2,16.9,366,845,4.406020976872784,0.956011216263582,0.0475612925582603,,1144,171,2003,8.68,9.02,1154,0.86252,Frankfurter 2026-06-16 (ECB),2026-06-17T06:46:03.034492+00:00,ok,,ok,,best_deal,2026-04-17T07:47:48.625254+00:00,11.32,,50,True,8,0.0202176008208125,13.5275,13.81375,1/1,11.3935,11.412,10.91,11.044,11.625,11.929,10.032,13.384,5.09939878000614,8.943695966998728,0.001703357307425,0.0025186729199235,0.0255886272767658,0.0073413148124449,0.0059443941115362,0.0896647318721303,7,3,2026-06-24T22:38:12.195598+00:00,0.09988734655233591,0.09637147400111142,0.09742623576647876
USP-S | Cortex (Well-Worn),A,527631762749127227,49642446254,4.39,3.82,0.40301507711411,132,2.7083128,2.6996876,0.0029992031746486,2.6907711198450266,2.6912019262247093,2.6910726843108046,2.6827009505601347,2.6831304648639556,2.6830016105728096,0.3870680820398572,0.38696994846817556,0.38699938853967997,0.38890638939404676,0.3888085501448848,0.3888379019196333,False,1,spread_hybrid_disc <= 0.12,1.2221659882373626,143,145,2,2,17.0,525,850,4.27416052416053,0.9574305378536834,0.0,,382,57,2003,3.14,3.13,375,0.86252,Frankfurter 2026-06-16 (ECB),2026-06-17T07:46:51.026026+00:00,ok,,ok,,best_deal,2026-04-18T22:26:49.389629+00:00,3.77,,50,True,8,0.0013227513227512,3.73375,3.745,1/1,3.9072,3.923,3.756,3.8122,3.979,4.056,3.49,4.357,4.269041769041776,7.678132678132685,-0.0146369519648905,-0.0295315682281059,-0.0189164843649466,-0.0061954440070586,,0.0600734522560337,7,3,2026-06-25T00:02:37.133581+00:00,-0.006476977162672359,-0.006317908985731097,-0.006365629438813476
USP-S | Cortex (Well-Worn),A,494982114281679828,52328070744,4.46,3.89,0.42499753832817,29,2.7083128,2.6996876,0.0029992031746486,2.680775269504153,2.7537461717659584,2.7318549010874165,2.6727350798053364,2.7454871275054216,2.723661513195396,0.3989293117703693,0.3825681229224308,0.3874764795768124,0.4007320448866959,0.38441992656829116,0.3893135620638126,False,1,spread_hybrid_disc <= 0.12,1.2221659882373626,143,145,2,2,17.0,525,850,4.27416052416053,0.9574305378536834,0.0,,389,57,2003,3.14,3.13,375,0.86252,Frankfurter 2026-06-16 (ECB),2026-06-17T07:46:51.026026+00:00,ok,,ok,,best_deal,2026-04-18T22:26:49.389629+00:00,3.77,,50,True,8,0.0013227513227512,3.73375,3.745,1/1,3.9072,3.923,3.756,3.8122,3.979,4.056,3.49,4.357,4.269041769041776,7.678132678132685,-0.0146369519648905,-0.0295315682281059,-0.0189164843649466,-0.0061954440070586,,0.0600734522560337,7,3,2026-06-25T00:02:37.133581+00:00,-0.010167780655117344,0.01677552599018783,0.008692533996596277
P2000 | Wicked Sick (Minimal Wear),A,518626012314607326,51336369972,7.64,6.65,0.13939943909645,668,4.6834836,4.614482,0.0075716632665433,4.699357594156375,4.698427566833675,4.698706575030484,4.663775640884349,4.6628526554153655,4.66312955105606,0.3849008384612075,0.3850225697861682,0.38498605038868006,0.3895581621879124,0.38967897180427147,0.3896427289193638,False,2,"continuity_ratio <= 3.5, spread_hybrid_disc <= 0.12",3.765727899424873,173,174,1,2,16.4,244,820,2.493459777632437,0.9746992948983824,0.0503654485049834,,665,99,2003,5.43,5.35,499,0.86252,Frankfurter 2026-06-16 (ECB),2026-06-17T07:06:27.057725+00:00,ok,,ok,,best_deal,2026-04-18T12:27:48.467385+00:00,6.73,,50,True,8,0.0082241269220509,8.505,8.5775,1/1,7.3392,7.233,7.05,7.181,7.329,7.591,5.672,12.516,2.0165685633311488,7.371375626771314,0.0074480504558709,0.0416666666666667,0.0329444063143444,0.0036594707399529,0.0161115955836705,0.0503654485049834,7,3,2026-06-24T23:34:32.942607+00:00,0.0033893561955411038,0.0031907802204483877,0.0032503530129762027
P2000 | Wicked Sick (Minimal Wear),A,492730314464158341,52630533172,7.63,6.64,0.14480677247047,369,4.6834836,4.614482,0.0075716632665433,4.692963742810522,4.690650136947555,4.691344218706446,4.657430201627864,4.655134113609423,4.655822940014955,0.38493266804580306,0.3852358929295472,0.3851449254644239,0.38958975076961144,0.3898906797366418,0.3898004010465327,False,2,"continuity_ratio <= 3.5, spread_hybrid_disc <= 0.12",3.765727899424873,173,174,1,2,16.4,244,820,2.493459777632437,0.9746992948983824,0.0503654485049834,,664,99,2003,5.43,5.35,499,0.86252,Frankfurter 2026-06-16 (ECB),2026-06-17T07:06:27.057725+00:00,ok,,ok,,best_deal,2026-04-18T12:27:48.467385+00:00,6.73,,50,True,8,0.0082241269220509,8.505,8.5775,1/1,7.3392,7.233,7.05,7.181,7.329,7.591,5.672,12.516,2.0165685633311488,7.371375626771314,0.0074480504558709,0.0416666666666667,0.0329444063143444,0.0036594707399529,0.0161115955836705,0.0503654485049834,7,3,2026-06-24T23:34:32.942607+00:00,0.0020241648354491167,0.001530172316084479,0.0016783700718938702
USP-S | Cortex (Well-Worn),A,538890761836678654,50171130830,4.38,3.81,0.4388045668602,211,2.7083128,2.6996876,0.0029992031746486,2.6772698041934055,2.677967709409874,2.6777583378449337,2.669240128097278,2.6699359401542053,2.6697271965371274,0.3887511862572133,0.38859184716669537,0.3886396488938507,0.3905844456398908,0.3904255844396791,0.3904732427997426,False,1,spread_hybrid_disc <= 0.12,1.2221659882373626,143,145,2,2,17.0,525,850,4.27416052416053,0.9574305378536834,0.0,,381,57,2003,3.14,3.13,375,0.86252,Frankfurter 2026-06-16 (ECB),2026-06-17T07:46:51.026026+00:00,ok,,ok,,best_deal,2026-04-18T22:26:49.389629+00:00,3.77,,50,True,8,0.0013227513227512,3.73375,3.745,1/1,3.9072,3.923,3.756,3.8122,3.979,4.056,3.49,4.357,4.269041769041776,7.678132678132685,-0.0146369519648905,-0.0295315682281059,-0.0189164843649466,-0.0061954440070586,,0.0600734522560337,7,3,2026-06-25T00:02:37.133581+00:00,-0.011462116121370616,-0.011204426087756764,-0.011281733097840918
USP-S | Cortex (Well-Worn),A,515248312601419942,52321449620,4.39,3.82,0.41133952140808,309,2.7083128,2.6996876,0.0029992031746486,2.6835762641055023,2.682449410616148,2.6827874666629543,2.6755276736547855,2.6744041998279937,2.6747412419760312,0.3887070013427101,0.3889636877867544,0.38888668185354114,0.3905403932449235,0.3907963098341699,0.3907195348573961,False,1,spread_hybrid_disc <= 0.12,1.2221659882373626,143,145,2,2,17.0,525,850,4.27416052416053,0.9574305378536834,0.0,,382,57,2003,3.14,3.13,375,0.86252,Frankfurter 2026-06-16 (ECB),2026-06-17T07:46:51.026026+00:00,ok,,ok,,best_deal,2026-04-18T22:26:49.389629+00:00,3.77,,50,True,8,0.0013227513227512,3.73375,3.745,1/1,3.9072,3.923,3.756,3.8122,3.979,4.056,3.49,4.357,4.269041769041776,7.678132678132685,-0.0146369519648905,-0.0295315682281059,-0.0189164843649466,-0.0061954440070586,,0.0600734522560337,7,3,2026-06-25T00:02:37.133581+00:00,-0.009133559422861875,-0.00954963155801363,-0.009424809917468104
AK-47 | Nouveau Rouge (Field-Tested),A,547897961134484172,52562139004,17.62,15.33,0.21706822514534,465,9.8672288,9.8586036,-0.0171427382581651,10.65385482465591,10.494204291052904,10.542099451133808,10.836491069355475,10.674103688442136,10.72281990271614,0.39535443673916515,0.4044151934703233,0.40169696645097575,0.3849891561092239,0.3942052390214452,0.39144041414777875,False,1,spread_hybrid_disc <= 0.12,2.653403648131099,269,277,8,2,16.78,428,839,1.6394275061115762,0.9835946573751452,0.0,,1533,229,2003,11.44,11.43,1146,0.86252,Frankfurter 2026-06-16 (ECB),2026-06-17T08:08:19.365684+00:00,ok,,ok,,best_deal,2026-04-17T00:50:36.186748+00:00,15.76,,50,True,8,-0.0028256746364777,16.2475,15.97625,1/1,13.7853,13.776,13.55,13.619,13.898,14.0134,12.956,15.822,2.023895018606777,3.361551797929679,-0.0085383781865969,-0.0200146092037983,-0.0389684813753582,-0.0042353614056228,-0.0190715606016262,0.0591830649970185,7,3,2026-06-25T02:28:31.953567+00:00,0.07972106866072798,0.0635411931517089,0.06839515580441463
USP-S | Cortex (Well-Worn),A,524254063035716789,52530880431,4.39,3.82,0.42603400349617,478,2.7083128,2.6996876,0.0029992031746486,2.6808343364778433,2.67842541133274,2.679148088876271,2.6727939696251717,2.6703922693360114,2.671112779422759,0.3893315862237259,0.3898803163251161,0.3897156972946991,0.3911631048689813,0.3917101892173095,0.3915460639128111,False,1,spread_hybrid_disc <= 0.12,1.2221659882373626,143,145,2,2,17.0,525,850,4.27416052416053,0.9574305378536834,0.0,,382,57,2003,3.14,3.13,375,0.86252,Frankfurter 2026-06-16 (ECB),2026-06-17T07:46:51.026026+00:00,ok,,ok,,best_deal,2026-04-18T22:26:49.389629+00:00,3.77,,50,True,8,0.0013227513227512,3.73375,3.745,1/1,3.9072,3.923,3.756,3.8122,3.979,4.056,3.49,4.357,4.269041769041776,7.678132678132685,-0.0146369519648905,-0.0295315682281059,-0.0189164843649466,-0.0061954440070586,,0.0600734522560337,7,3,2026-06-25T00:02:37.133581+00:00,-0.010145971145636002,-0.011035427173426822,-0.010768590365089576
Desert Eagle | Mulberry (Minimal Wear),A,526505862903476545,52518766761,12.99,11.3,0.1467712521553,65,7.4866736,7.7799304,0.020706506456555,8.07062940029961,8.069089431600043,8.069551422209914,7.903514860513844,7.902006779186096,7.902459203584422,0.3787044341570739,0.3788229844803662,0.37878741938337845,0.3915692948026295,0.3916853903628872,0.3916505616948097,False,1,spread_hybrid_disc <= 0.12,1.4694114116404497,394,400,6,2,16.9,366,845,4.406020976872784,0.956011216263582,0.0475612925582603,,1130,169,2003,8.68,9.02,1154,0.86252,Frankfurter 2026-06-16 (ECB),2026-06-17T06:46:03.034492+00:00,ok,,ok,,best_deal,2026-04-17T07:47:48.625254+00:00,11.32,,50,True,8,0.0202176008208125,13.5275,13.81375,1/1,11.3935,11.412,10.91,11.044,11.625,11.929,10.032,13.384,5.09939878000614,8.943695966998728,0.001703357307425,0.0025186729199235,0.0255886272767658,0.0073413148124449,0.0059443941115362,0.0896647318721303,7,3,2026-06-24T22:38:12.195598+00:00,0.07799936680819247,0.07779367215902702,0.07785538055377667
USP-S | Cortex (Well-Worn),A,558031060264726852,52558324284,4.4,3.83,0.41577932238579,76,2.7083128,2.6996876,0.0029992031746486,2.681881134314054,2.6821417538754875,2.6820635680070577,2.673837627901989,2.6740974658124066,2.6740195144392813,0.3904815603831696,0.390422328664662,0.3904400981802142,0.39230963002227526,0.39225057595172586,0.3922682921728906,False,1,spread_hybrid_disc <= 0.12,1.2221659882373626,143,145,2,2,17.0,525,850,4.27416052416053,0.9574305378536834,0.0,,383,57,2003,3.14,3.13,375,0.86252,Frankfurter 2026-06-16 (ECB),2026-06-17T07:46:51.026026+00:00,ok,,ok,,best_deal,2026-04-18T22:26:49.389629+00:00,3.77,,50,True,8,0.0013227513227512,3.73375,3.745,1/1,3.9072,3.923,3.756,3.8122,3.979,4.056,3.49,4.357,4.269041769041776,7.678132678132685,-0.0146369519648905,-0.0295315682281059,-0.0189164843649466,-0.0061954440070586,,0.0600734522560337,7,3,2026-06-25T00:02:37.133581+00:00,-0.009759458244980413,-0.009663228754268036,-0.00969209760148175
Desert Eagle | Mulberry (Minimal Wear),A,556905160302517712,51659574718,13.02,11.33,0.14152818918228,613,7.4866736,7.7799304,0.020706506456555,8.072918876383794,8.074590005331277,8.074088666647032,7.905756929546707,7.90739345525185,7.906902497540308,0.3799601477431802,0.3798317968255547,0.3798703021008424,0.39279900694725745,0.3926733137287365,0.39271102169429273,False,1,spread_hybrid_disc <= 0.12,1.4694114116404497,394,400,6,2,16.9,366,845,4.406020976872784,0.956011216263582,0.0475612925582603,,1133,169,2003,8.68,9.02,1154,0.86252,Frankfurter 2026-06-16 (ECB),2026-06-17T06:46:03.034492+00:00,ok,,ok,,best_deal,2026-04-17T07:47:48.625254+00:00,11.32,,50,True,8,0.0202176008208125,13.5275,13.81375,1/1,11.3935,11.412,10.91,11.044,11.625,11.929,10.032,13.384,5.09939878000614,8.943695966998728,0.001703357307425,0.0025186729199235,0.0255886272767658,0.0073413148124449,0.0059443941115362,0.0896647318721303,7,3,2026-06-24T22:38:12.195598+00:00,0.07830517366000757,0.07852838747120992,0.07846142332784921
USP-S | Cortex (Well-Worn),A,558031060264727968,52558324270,4.4,3.83,0.43295738101006,811,2.7083128,2.6996876,0.0029992031746486,2.6794810160243605,2.678807945764539,2.6790098668424855,2.6714447080546897,2.6707736564693283,2.6709749719449367,0.39102704181264536,0.3911800123262412,0.3911341211721624,0.392853475442116,0.39300598716606183,0.3929602336488781,False,1,spread_hybrid_disc <= 0.12,1.2221659882373626,143,145,2,2,17.0,525,850,4.27416052416053,0.9574305378536834,0.0,,383,57,2003,3.14,3.13,375,0.86252,Frankfurter 2026-06-16 (ECB),2026-06-17T07:46:51.026026+00:00,ok,,ok,,best_deal,2026-04-18T22:26:49.389629+00:00,3.77,,50,True,8,0.0013227513227512,3.73375,3.745,1/1,3.9072,3.923,3.756,3.8122,3.979,4.056,3.49,4.357,4.269041769041776,7.678132678132685,-0.0146369519648905,-0.0295315682281059,-0.0189164843649466,-0.0061954440070586,,0.0600734522560337,7,3,2026-06-25T00:02:37.133581+00:00,-0.01064566248612029,-0.01089418262006551,-0.010819626579881945
USP-S | Cortex (Well-Worn),A,558031060264727644,52558324272,4.4,3.83,0.43341040611267,358,2.7083128,2.6996876,0.0029992031746486,2.679367796017887,2.678684409906803,2.6788894257401283,2.671331827618019,2.6706504911207287,2.670854892069916,0.3910527736322984,0.39120808865754486,0.3911614941499709,0.39287913008681397,0.3930339792907436,0.39298752452956465,False,1,spread_hybrid_disc <= 0.12,1.2221659882373626,143,145,2,2,17.0,525,850,4.27416052416053,0.9574305378536834,0.0,,383,57,2003,3.14,3.13,375,0.86252,Frankfurter 2026-06-16 (ECB),2026-06-17T07:46:51.026026+00:00,ok,,ok,,best_deal,2026-04-18T22:26:49.389629+00:00,3.77,,50,True,8,0.0013227513227512,3.73375,3.745,1/1,3.9072,3.923,3.756,3.8122,3.979,4.056,3.49,4.357,4.269041769041776,7.678132678132685,-0.0146369519648905,-0.0295315682281059,-0.0189164843649466,-0.0061954440070586,,0.0600734522560337,7,3,2026-06-25T00:02:37.133581+00:00,-0.010687467113146151,-0.01093979620566609,-0.010864097477910109
USP-S | Cortex (Well-Worn),A,558031060264727320,52558324276,4.4,3.83,0.43492925167084,843,2.7083128,2.6996876,0.0029992031746486,2.678935136541019,2.678549693669519,2.678665326530969,2.670900465774827,2.670516178924811,2.670631464979816,0.3911511053315866,0.3912387059842003,0.3912124257884162,0.39297716686935746,0.3930645047898157,0.3930383034136782,False,1,spread_hybrid_disc <= 0.12,1.2221659882373626,143,145,2,2,17.0,525,850,4.27416052416053,0.9574305378536834,0.0,,383,57,2003,3.14,3.13,375,0.86252,Frankfurter 2026-06-16 (ECB),2026-06-17T07:46:51.026026+00:00,ok,,ok,,best_deal,2026-04-18T22:26:49.389629+00:00,3.77,,50,True,8,0.0013227513227512,3.73375,3.745,1/1,3.9072,3.923,3.756,3.8122,3.979,4.056,3.49,4.357,4.269041769041776,7.678132678132685,-0.0146369519648905,-0.0295315682281059,-0.0189164843649466,-0.0061954440070586,,0.0600734522560337,7,3,2026-06-25T00:02:37.133581+00:00,-0.010847219515774066,-0.010989537962705345,-0.010946842428625961
P2000 | Wicked Sick (Minimal Wear),A,492730314467062533,52638370559,7.72,6.72,0.13709393143654,359,4.6834836,4.614482,0.0075716632665433,4.700297317908528,4.6987792196885385,4.699234649154534,4.664708249364688,4.663201645673226,4.663653626780663,0.3911531971621077,0.3913498420092566,0.3912908485551121,0.3957631801341077,0.39595833605269093,0.3958997892771162,False,2,"continuity_ratio <= 3.5, spread_hybrid_disc <= 0.12",3.765727899424873,173,174,1,2,16.4,244,820,2.493459777632437,0.9746992948983824,0.0503654485049834,,672,100,2003,5.43,5.35,499,0.86252,Frankfurter 2026-06-16 (ECB),2026-06-17T07:06:27.057725+00:00,ok,,ok,,best_deal,2026-04-18T12:27:48.467385+00:00,6.73,,50,True,8,0.0082241269220509,8.505,8.5775,1/1,7.3392,7.233,7.05,7.181,7.329,7.591,5.672,12.516,2.0165685633311488,7.371375626771314,0.0074480504558709,0.0416666666666667,0.0329444063143444,0.0036594707399529,0.0161115955836705,0.0503654485049834,7,3,2026-06-24T23:34:32.942607+00:00,0.0035900025161884723,0.0032658638301922395,0.0033631054359911094
Desert Eagle | Mulberry (Minimal Wear),A,556903981177240465,50865549792,13.08,11.39,0.1444041877985,873,7.4866736,7.7799304,0.020706506456555,8.070488139288814,8.067791162106545,8.068600255261227,7.90337652452508,7.900735392318248,7.901527731980299,0.3829902034182864,0.38319639433436203,0.38313453705953915,0.3957663207549633,0.3959682421775039,0.39590766575074166,False,1,spread_hybrid_disc <= 0.12,1.4694114116404497,394,400,6,2,16.9,366,845,4.406020976872784,0.956011216263582,0.0475612925582603,,1139,169,2003,8.68,9.02,1154,0.86252,Frankfurter 2026-06-16 (ECB),2026-06-17T06:46:03.034492+00:00,ok,,ok,,best_deal,2026-04-17T07:47:48.625254+00:00,11.32,,50,True,8,0.0202176008208125,13.5275,13.81375,1/1,11.3935,11.412,10.91,11.044,11.625,11.929,10.032,13.384,5.09939878000614,8.943695966998728,0.001703357307425,0.0025186729199235,0.0255886272767658,0.0073413148124449,0.0059443941115362,0.0896647318721303,7,3,2026-06-24T22:38:12.195598+00:00,0.07798049848050219,0.0776202614344702,0.07772833254827981
Desert Eagle | Mulberry (Minimal Wear),A,553527460621736744,51943922942,13.15,11.44,0.12763804197311,474,7.4866736,7.7799304,0.020706506456555,8.11076327604127,8.111157153634661,8.111038990356644,7.942817703898332,7.943203425662793,7.943087709133454,0.3832119181717666,0.3831819655030676,0.3831909513036773,0.3959834445704691,0.3959541121168979,0.3959629118529693,False,1,spread_hybrid_disc <= 0.12,1.4694114116404497,394,400,6,2,16.9,366,845,4.406020976872784,0.956011216263582,0.0475612925582603,,1144,171,2003,8.68,9.02,1154,0.86252,Frankfurter 2026-06-16 (ECB),2026-06-17T06:46:03.034492+00:00,ok,,ok,,best_deal,2026-04-17T07:47:48.625254+00:00,11.32,,50,True,8,0.0202176008208125,13.5275,13.81375,1/1,11.3935,11.412,10.91,11.044,11.625,11.929,10.032,13.384,5.09939878000614,8.943695966998728,0.001703357307425,0.0025186729199235,0.0255886272767658,0.0073413148124449,0.0059443941115362,0.0896647318721303,7,3,2026-06-24T22:38:12.195598+00:00,0.0833600754334037,0.08341268592698654,0.0833969027789117
Desert Eagle | Mulberry (Minimal Wear),A,528757662704757868,50829227713,13.15,11.44,0.12957262992859,326,7.4866736,7.7799304,0.020706506456555,8.10383591936146,8.104394227660253,8.104226735170615,7.936033788574339,7.936580536258738,7.936416511953419,0.38373871335654297,0.3836962564516918,0.38370899352314713,0.39649933166735063,0.3964577538966739,0.39647022722787695,False,1,spread_hybrid_disc <= 0.12,1.4694114116404497,394,400,6,2,16.9,366,845,4.406020976872784,0.956011216263582,0.0475612925582603,,1144,171,2003,8.68,9.02,1154,0.86252,Frankfurter 2026-06-16 (ECB),2026-06-17T06:46:03.034492+00:00,ok,,ok,,best_deal,2026-04-17T07:47:48.625254+00:00,11.32,,50,True,8,0.0202176008208125,13.5275,13.81375,1/1,11.3935,11.412,10.91,11.044,11.625,11.929,10.032,13.384,5.09939878000614,8.943695966998728,0.001703357307425,0.0025186729199235,0.0255886272767658,0.0073413148124449,0.0059443941115362,0.0896647318721303,7,3,2026-06-24T22:38:12.195598+00:00,0.0824347837685165,0.08250935738139475,0.08248698529753128
USP-S | Cortex (Well-Worn),A,706648668798129942,49497583164,4.41,3.84,0.44864901900291,832,2.7083128,2.6996876,0.0029992031746486,2.667435080557545,2.669367888812532,2.6687880463360356,2.6594349007957674,2.6613619121661003,2.660783808755,0.395139437515296,0.3947011589994259,0.39483264255418693,0.39695353723451987,0.3965165732049659,0.3966476624138322,False,1,spread_hybrid_disc <= 0.12,1.2221659882373626,143,145,2,2,17.0,525,850,4.27416052416053,0.9574305378536834,0.0,,384,57,2003,3.14,3.13,375,0.86252,Frankfurter 2026-06-16 (ECB),2026-06-17T07:46:51.026026+00:00,ok,,ok,,best_deal,2026-04-18T22:26:49.389629+00:00,3.77,,50,True,8,0.0013227513227512,3.73375,3.745,1/1,3.9072,3.923,3.756,3.8122,3.979,4.056,3.49,4.357,4.269041769041776,7.678132678132685,-0.0146369519648905,-0.0295315682281059,-0.0189164843649466,-0.0061954440070586,,0.0600734522560337,7,3,2026-06-25T00:02:37.133581+00:00,-0.015093426225528624,-0.014379768536141074,-0.014593865842957339
P2000 | Wicked Sick (Minimal Wear),A,560282859993715209,51158028387,7.72,6.72,0.14476685225964,462,4.6834836,4.614482,0.0075716632665433,4.693033475377354,4.690783891306155,4.691458766527515,4.657499406203181,4.655266855225059,4.655936620518496,0.39209410940707845,0.3923855063074929,0.3922980872373685,0.3966969681083963,0.39698615864960374,0.39689940148724145,False,2,"continuity_ratio <= 3.5, spread_hybrid_disc <= 0.12",3.765727899424873,173,174,1,2,16.4,244,820,2.493459777632437,0.9746992948983824,0.0503654485049834,,672,100,2003,5.43,5.35,499,0.86252,Frankfurter 2026-06-16 (ECB),2026-06-17T07:06:27.057725+00:00,ok,,ok,,best_deal,2026-04-18T12:27:48.467385+00:00,6.73,,50,True,8,0.0082241269220509,8.505,8.5775,1/1,7.3392,7.233,7.05,7.181,7.329,7.591,5.672,12.516,2.0165685633311488,7.371375626771314,0.0074480504558709,0.0416666666666667,0.0329444063143444,0.0036594707399529,0.0161115955836705,0.0503654485049834,7,3,2026-06-24T23:34:32.942607+00:00,0.002039053873777815,0.001558731049288807,0.0017028278966355094
USP-S | Cortex (Well-Worn),A,494982114281674392,52335651796,4.46,3.89,0.3925361931324,190,2.7083128,2.6996876,0.0029992031746486,2.698374995101411,2.6974888384083475,2.6977546854162666,2.69028202024971,2.689398521320614,2.689663570999343,0.39498318495484064,0.3951818747963346,0.3951222678438864,0.3967977533072399,0.39699584723753045,0.39693641905844335,False,1,spread_hybrid_disc <= 0.12,1.2221659882373626,143,145,2,2,17.0,525,850,4.27416052416053,0.9574305378536834,0.0,,389,57,2003,3.14,3.13,375,0.86252,Frankfurter 2026-06-16 (ECB),2026-06-17T07:46:51.026026+00:00,ok,,ok,,best_deal,2026-04-18T22:26:49.389629+00:00,3.77,,50,True,8,0.0013227513227512,3.73375,3.745,1/1,3.9072,3.923,3.756,3.8122,3.979,4.056,3.49,4.357,4.269041769041776,7.678132678132685,-0.0146369519648905,-0.0295315682281059,-0.0189164843649466,-0.0061954440070586,,0.0600734522560337,7,3,2026-06-25T00:02:37.133581+00:00,-0.0036693711666499454,-0.003996569964758916,-0.003898410325326225
Desert Eagle | Mulberry (Minimal Wear),A,535513062151457945,50946245081,13.76,11.98,0.10868610441685,415,7.4866736,7.7799304,0.020706506456555,8.538308662456888,8.441957092683648,8.470862563615619,8.361510119009665,8.267153653638033,8.295460593249521,0.3794833820888889,0.3864856764038046,0.3843849881093301,0.39233211344406504,0.39918941470653824,0.3971322243277965,False,1,spread_hybrid_disc <= 0.12,1.4694114116404497,394,400,6,2,16.9,366,845,4.406020976872784,0.956011216263582,0.0475612925582603,,1198,178,2003,8.68,9.02,1154,0.86252,Frankfurter 2026-06-16 (ECB),2026-06-17T06:46:03.034492+00:00,ok,,ok,,best_deal,2026-04-17T07:47:48.625254+00:00,11.32,,50,True,8,0.0202176008208125,13.5275,13.81375,1/1,11.3935,11.412,10.91,11.044,11.625,11.929,10.032,13.384,5.09939878000614,8.943695966998728,0.001703357307425,0.0025186729199235,0.0255886272767658,0.0073413148124449,0.0059443941115362,0.0896647318721303,7,3,2026-06-24T22:38:12.195598+00:00,0.14046759864846903,0.12759785503185928,0.1314587781168422
USP-S | Cortex (Well-Worn),A,541142561624970291,39365806482,4.44,3.87,0.4239322245121,380,2.7083128,2.6996876,0.0029992031746486,2.680752721941131,2.685739270342163,2.6842433058218536,2.672712599867037,2.6776841925962747,2.6761927147775033,0.3962268644276733,0.39510376794095425,0.3954406968869699,0.3980377027326494,0.39691797464047873,0.39725389306812997,False,1,spread_hybrid_disc <= 0.12,1.2221659882373626,143,145,2,2,17.0,525,850,4.27416052416053,0.9574305378536834,0.0,,387,57,2003,3.14,3.13,375,0.86252,Frankfurter 2026-06-16 (ECB),2026-06-17T07:46:51.026026+00:00,ok,,ok,,best_deal,2026-04-18T22:26:49.389629+00:00,3.77,,50,True,8,0.0013227513227512,3.73375,3.745,1/1,3.9072,3.923,3.756,3.8122,3.979,4.056,3.49,4.357,4.269041769041776,7.678132678132685,-0.0146369519648905,-0.0295315682281059,-0.0189164843649466,-0.0061954440070586,,0.0600734522560337,7,3,2026-06-25T00:02:37.133581+00:00,-0.010176105972275069,-0.008334904911218683,-0.008887265229535599
Desert Eagle | Mulberry (Minimal Wear),A,525378059408516045,51642470624,13.13,11.42,0.13679602742195,819,7.4866736,7.7799304,0.020706506456555,8.081724532733295,8.078614332847142,8.079547392812987,7.914380251516154,7.911334453004025,7.912248192557663,0.38448404168063255,0.38472091905200756,0.3846498558405951,0.3972292268456852,0.3974611993142404,0.39739160757367387,False,1,spread_hybrid_disc <= 0.12,1.4694114116404497,394,400,6,2,16.9,366,845,4.406020976872784,0.956011216263582,0.0475612925582603,,1142,171,2003,8.68,9.02,1154,0.86252,Frankfurter 2026-06-16 (ECB),2026-06-17T06:46:03.034492+00:00,ok,,ok,,best_deal,2026-04-17T07:47:48.625254+00:00,11.32,,50,True,8,0.0202176008208125,13.5275,13.81375,1/1,11.3935,11.412,10.91,11.044,11.625,11.929,10.032,13.384,5.09939878000614,8.943695966998728,0.001703357307425,0.0025186729199235,0.0255886272767658,0.0073413148124449,0.0059443941115362,0.0896647318721303,7,3,2026-06-24T22:38:12.195598+00:00,0.07948135106802257,0.07906591958906053,0.07919054903274914
AK-47 | Nouveau Rouge (Field-Tested),A,553526191178305053,52338947143,16.74,14.57,0.35721826553345,880,9.8672288,9.8586036,-0.0171427382581651,9.912021814166009,9.919668107105391,9.917374219223575,10.081941009735479,10.089718381073366,10.087385169671998,0.4078840015432491,0.4074272337451976,0.4075642640846131,0.39773351196323303,0.3972689139143747,0.39740829332903227,False,1,spread_hybrid_disc <= 0.12,2.653403648131099,269,277,8,2,16.78,428,839,1.6394275061115762,0.9835946573751452,0.0,,1457,217,2003,11.44,11.43,1146,0.86252,Frankfurter 2026-06-16 (ECB),2026-06-17T08:08:19.365684+00:00,ok,,ok,,best_deal,2026-04-17T00:50:36.186748+00:00,15.76,,50,True,8,-0.0028256746364777,16.2475,15.97625,1/1,13.7853,13.776,13.55,13.619,13.898,14.0134,12.956,15.822,2.023895018606777,3.361551797929679,-0.0085383781865969,-0.0200146092037983,-0.0389684813753582,-0.0042353614056228,-0.0190715606016262,0.0591830649970185,7,3,2026-06-25T02:28:31.953567+00:00,0.004539573883804967,0.005314491856658891,0.005082016464802714
USP-S | Cortex (Well-Worn),A,494982114280344012,52556744198,4.52,3.94,0.42498564720154,318,2.7083128,2.6996876,0.0029992031746486,2.680773776950172,2.7530411427013175,2.731360932975974,2.672733591727828,2.7447842129661892,2.723169026594681,0.40690845642695306,0.3909201011722748,0.39571660774867834,0.4086872584672946,0.3927468555384537,0.39752897641710594,False,1,spread_hybrid_disc <= 0.12,1.2221659882373626,143,145,2,2,17.0,525,850,4.27416052416053,0.9574305378536834,0.0,,394,58,2003,3.14,3.13,375,0.86252,Frankfurter 2026-06-16 (ECB),2026-06-17T07:46:51.026026+00:00,ok,,ok,,best_deal,2026-04-18T22:26:49.389629+00:00,3.77,,50,True,8,0.0013227513227512,3.73375,3.745,1/1,3.9072,3.923,3.756,3.8122,3.979,4.056,3.49,4.357,4.269041769041776,7.678132678132685,-0.0146369519648905,-0.0295315682281059,-0.0189164843649466,-0.0061954440070586,,0.0600734522560337,7,3,2026-06-25T00:02:37.133581+00:00,-0.010168331756150062,0.016515205592691436,0.008510144388038985
MP7 | Abyssal Apparition (Minimal Wear),A,499485713900379423,48517789773,11.33,9.86,0.09019707143307,336,5.9255124,5.7616336,0.0243195706681342,7.212352839613927,6.902841610780689,6.9956949794306595,7.036951515047418,6.734967466416371,6.825562681005684,0.3634286990632015,0.3907465480334785,0.3825511933423954,0.37890983980164006,0.405563330413383,0.3975672832298601,False,1,spread_hybrid_disc <= 0.12,1.8123724634126133,207,208,1,2,17.1,266,855,2.2630866943342585,0.9772160664819944,0.0404481792717087,,986,147,2003,6.87,6.68,742,0.86252,Frankfurter 2026-06-16 (ECB),2026-06-17T06:41:44.038225+00:00,ok,,ok,,best_deal,2026-04-18T05:21:43.987429+00:00,9.04,,50,True,8,0.0250463821892393,11.2675,11.54875,1/1,8.7226,8.664,8.4666,8.568,8.86,9.03,7.424,17.448,3.34762570793112,6.45908330085066,0.0268422752221753,0.0301246537396122,0.0019083969465649,0.0039511108897606,0.0100049136639224,0.0404481792717087,7,3,2026-06-24T22:28:10.794316+00:00,0.21716947881400542,0.1649358139526783,0.18060591341107643
USP-S | Cortex (Well-Worn),A,543394361395713301,25102471126,4.44,3.87,0.41239219903946,538,2.7083128,2.6996876,0.0029992031746486,2.6830933949665807,2.6818707084763465,2.6822375144234165,2.675046252738518,2.673827233333487,2.674192939154996,0.3956996858183377,0.3959750656584806,0.3958924517064377,0.39751210523907254,0.3977866591591246,0.39770429298310905,False,1,spread_hybrid_disc <= 0.12,1.2221659882373626,143,145,2,2,17.0,525,850,4.27416052416053,0.9574305378536834,0.0,,387,57,2003,3.14,3.13,375,0.86252,Frankfurter 2026-06-16 (ECB),2026-06-17T07:46:51.026026+00:00,ok,,ok,,best_deal,2026-04-18T22:26:49.389629+00:00,3.77,,50,True,8,0.0013227513227512,3.73375,3.745,1/1,3.9072,3.923,3.756,3.8122,3.979,4.056,3.49,4.357,4.269041769041776,7.678132678132685,-0.0146369519648905,-0.0295315682281059,-0.0189164843649466,-0.0061954440070586,,0.0600734522560337,7,3,2026-06-25T00:02:37.133581+00:00,-0.009311850918187575,-0.009763307814242657,-0.009627870745426132
AK-47 | Nouveau Rouge (Field-Tested),A,529883562609423895,52547845015,17.52,15.24,0.23237398266792,673,9.8672288,9.8586036,-0.0171427382581651,10.386137388105878,10.363503137077085,10.370293412385722,10.564184222863519,10.541161958793671,10.548068638014623,0.40718393903505257,0.408475848340349,0.40808827554876015,0.39702144846669407,0.3983355046350644,0.3979412877845535,False,1,spread_hybrid_disc <= 0.12,2.653403648131099,269,277,8,2,16.78,428,839,1.6394275061115762,0.9835946573751452,0.0,,1524,228,2003,11.44,11.43,1146,0.86252,Frankfurter 2026-06-16 (ECB),2026-06-17T08:08:19.365684+00:00,ok,,ok,,best_deal,2026-04-17T00:50:36.186748+00:00,15.76,,50,True,8,-0.0028256746364777,16.2475,15.97625,1/1,13.7853,13.776,13.55,13.619,13.898,14.0134,12.956,15.822,2.023895018606777,3.361551797929679,-0.0085383781865969,-0.0200146092037983,-0.0389684813753582,-0.0042353614056228,-0.0190715606016262,0.0591830649970185,7,3,2026-06-25T02:28:31.953567+00:00,0.0525890904755222,0.05029520923616223,0.05098337360797022
USP-S | Cortex (Well-Worn),A,533261262231930729,48136625204,4.44,3.87,0.422682762146,36,2.7083128,2.6996876,0.0029992031746486,2.680925543654312,2.681167448894254,2.6810948773222716,2.6728849032527875,2.673126082969766,2.6730537290546725,0.39618794061839824,0.39613345745624917,0.39614980240489384,0.39799889566378666,0.3979445759077104,0.3979608718345332,False,1,spread_hybrid_disc <= 0.12,1.2221659882373626,143,145,2,2,17.0,525,850,4.27416052416053,0.9574305378536834,0.0,,387,57,2003,3.14,3.13,375,0.86252,Frankfurter 2026-06-16 (ECB),2026-06-17T07:46:51.026026+00:00,ok,,ok,,best_deal,2026-04-18T22:26:49.389629+00:00,3.77,,50,True,8,0.0013227513227512,3.73375,3.745,1/1,3.9072,3.923,3.756,3.8122,3.979,4.056,3.49,4.357,4.269041769041776,7.678132678132685,-0.0146369519648905,-0.0295315682281059,-0.0189164843649466,-0.0061954440070586,,0.0600734522560337,7,3,2026-06-25T00:02:37.133581+00:00,-0.010112294394387478,-0.010022974859383207,-0.010049770719884488
USP-S | Cortex (Well-Worn),A,494982114281669604,52339452089,4.46,3.89,0.40324467420578,530,2.7083128,2.6996876,0.0029992031746486,2.690567154193052,2.6908096427654913,2.6907368961937594,2.6824975966425906,2.682739357942534,2.682666829552551,0.396733821929809,0.3966794522947329,0.3966957631852557,0.39854313976623534,0.3984889331967413,0.39850519516758953,False,1,spread_hybrid_disc <= 0.12,1.2221659882373626,143,145,2,2,17.0,525,850,4.27416052416053,0.9574305378536834,0.0,,389,57,2003,3.14,3.13,375,0.86252,Frankfurter 2026-06-16 (ECB),2026-06-17T07:46:51.026026+00:00,ok,,ok,,best_deal,2026-04-18T22:26:49.389629+00:00,3.77,,50,True,8,0.0013227513227512,3.73375,3.745,1/1,3.9072,3.923,3.756,3.8122,3.979,4.056,3.49,4.357,4.269041769041776,7.678132678132685,-0.0146369519648905,-0.0295315682281059,-0.0189164843649466,-0.0061954440070586,,0.0600734522560337,7,3,2026-06-25T00:02:37.133581+00:00,-0.006552288128220703,-0.006462753207276701,-0.006489613683559901
Desert Eagle | Mulberry (Minimal Wear),A,523128163060441950,52528992971,13.15,11.44,0.14681713283062,678,7.4866736,7.7799304,0.020706506456555,8.070929347924894,8.06929548718346,8.06978564540589,7.903808597271688,7.902208568078246,7.902688576836278,0.38624111422624385,0.38636536219137185,0.3863280878018335,0.39894991655728607,0.39907159178112206,0.39903508921397124,False,1,spread_hybrid_disc <= 0.12,1.4694114116404497,394,400,6,2,16.9,366,845,4.406020976872784,0.956011216263582,0.0475612925582603,,1144,171,2003,8.68,9.02,1154,0.86252,Frankfurter 2026-06-16 (ECB),2026-06-17T06:46:03.034492+00:00,ok,,ok,,best_deal,2026-04-17T07:47:48.625254+00:00,11.32,,50,True,8,0.0202176008208125,13.5275,13.81375,1/1,11.3935,11.412,10.91,11.044,11.625,11.929,10.032,13.384,5.09939878000614,8.943695966998728,0.001703357307425,0.0025186729199235,0.0255886272767658,0.0073413148124449,0.0059443941115362,0.0896647318721303,7,3,2026-06-24T22:38:12.195598+00:00,0.07803943101311304,0.0778211951411186,0.07788666590271694
AK-47 | Nouveau Rouge (Field-Tested),A,551275660811885839,52548216761,17.52,15.24,0.23762914538383,95,9.8672288,9.8586036,-0.0171427382581651,10.335790852641496,10.327213191469605,10.329786489821174,10.512974609919466,10.504249904147237,10.506867315878909,0.4100575997350744,0.41054719226771663,0.4104003145079238,0.3999443715799391,0.4004423570692216,0.40029296142243675,False,1,spread_hybrid_disc <= 0.12,2.653403648131099,269,277,8,2,16.78,428,839,1.6394275061115762,0.9835946573751452,0.0,,1524,228,2003,11.44,11.43,1146,0.86252,Frankfurter 2026-06-16 (ECB),2026-06-17T08:08:19.365684+00:00,ok,,ok,,best_deal,2026-04-17T00:50:36.186748+00:00,15.76,,50,True,8,-0.0028256746364777,16.2475,15.97625,1/1,13.7853,13.776,13.55,13.619,13.898,14.0134,12.956,15.822,2.023895018606777,3.361551797929679,-0.0085383781865969,-0.0200146092037983,-0.0389684813753582,-0.0042353614056228,-0.0190715606016262,0.0591830649970185,7,3,2026-06-25T02:28:31.953567+00:00,0.047486691769172126,0.04661738374502946,0.046878176152272265
USP-S | Cortex (Well-Worn),A,494982114281706324,52288711014,4.46,3.89,0.41321507096291,68,2.7083128,2.6996876,0.0029992031746486,2.68285762289152,2.6819510177735895,2.682222999308969,2.6748111877918133,2.673907301766831,2.674178467574326,0.39846241639203583,0.39866569108215477,0.3986047086751191,0.40026654982246335,0.40046921485048637,0.4004084153420794,False,1,spread_hybrid_disc <= 0.12,1.2221659882373626,143,145,2,2,17.0,525,850,4.27416052416053,0.9574305378536834,0.0,,389,57,2003,3.14,3.13,375,0.86252,Frankfurter 2026-06-16 (ECB),2026-06-17T07:46:51.026026+00:00,ok,,ok,,best_deal,2026-04-18T22:26:49.389629+00:00,3.77,,50,True,8,0.0013227513227512,3.73375,3.745,1/1,3.9072,3.923,3.756,3.8122,3.979,4.056,3.49,4.357,4.269041769041776,7.678132678132685,-0.0146369519648905,-0.0295315682281059,-0.0189164843649466,-0.0061954440070586,,0.0600734522560337,7,3,2026-06-25T00:02:37.133581+00:00,-0.00939890588283582,-0.00973365492583068,-0.009633230212932222
Desert Eagle | Mulberry (Minimal Wear),A,525379962992692323,51609725675,13.19,11.48,0.14828166365623,698,7.4866736,7.7799304,0.020706506456555,8.081645998855281,8.072038564893043,8.074920795081713,7.914303343800392,7.9048948462315245,7.907717395502183,0.38728991669027435,0.38801830440537954,0.38779978809084814,0.3999770019863236,0.400690307336503,0.4004763157314494,False,1,spread_hybrid_disc <= 0.12,1.4694114116404497,394,400,6,2,16.9,366,845,4.406020976872784,0.956011216263582,0.0475612925582603,,1148,171,2003,8.68,9.02,1154,0.86252,Frankfurter 2026-06-16 (ECB),2026-06-17T06:46:03.034492+00:00,ok,,ok,,best_deal,2026-04-17T07:47:48.625254+00:00,11.32,,50,True,8,0.0202176008208125,13.5275,13.81375,1/1,11.3935,11.412,10.91,11.044,11.625,11.929,10.032,13.384,5.09939878000614,8.943695966998728,0.001703357307425,0.0025186729199235,0.0255886272767658,0.0073413148124449,0.0059443941115362,0.0896647318721303,7,3,2026-06-24T22:38:12.195598+00:00,0.07947086124541095,0.07818758986541664,0.07857257127941493
USP-S | Cortex (Well-Worn),A,494982114281671476,52339256853,4.46,3.89,0.41885530948639,68,2.7083128,2.6996876,0.0029992031746486,2.6815375173507143,2.6808009101740238,2.681021892327031,2.6734950415157366,2.672760643573629,2.6729809629562613,0.39875840418145414,0.3989235627412503,0.39887401517331145,0.40056164988436394,0.4007263131000832,0.40067691413536743,False,1,spread_hybrid_disc <= 0.12,1.2221659882373626,143,145,2,2,17.0,525,850,4.27416052416053,0.9574305378536834,0.0,,389,57,2003,3.14,3.13,375,0.86252,Frankfurter 2026-06-16 (ECB),2026-06-17T07:46:51.026026+00:00,ok,,ok,,best_deal,2026-04-18T22:26:49.389629+00:00,3.77,,50,True,8,0.0013227513227512,3.73375,3.745,1/1,3.9072,3.923,3.756,3.8122,3.979,4.056,3.49,4.357,4.269041769041776,7.678132678132685,-0.0146369519648905,-0.0295315682281059,-0.0189164843649466,-0.0061954440070586,,0.0600734522560337,7,3,2026-06-25T00:02:37.133581+00:00,-0.009886333162582105,-0.010158313259080037,-0.010076719230130659
USP-S | Cortex (Well-Worn),A,547897961106413316,52529778793,4.46,3.89,0.43558949232101,448,2.7083128,2.6996876,0.0029992031746486,2.6787432857353934,2.6786142456845647,2.6786529576998133,2.670709190368747,2.6705805373352485,2.670619133245298,0.3993849135122436,0.3994138462590662,0.39940516643501944,0.4011862801863796,0.401215126158016,0.40120647236652507,False,1,spread_hybrid_disc <= 0.12,1.2221659882373626,143,145,2,2,17.0,525,850,4.27416052416053,0.9574305378536834,0.0,,389,57,2003,3.14,3.13,375,0.86252,Frankfurter 2026-06-16 (ECB),2026-06-17T07:46:51.026026+00:00,ok,,ok,,best_deal,2026-04-18T22:26:49.389629+00:00,3.77,,50,True,8,0.0013227513227512,3.73375,3.745,1/1,3.9072,3.923,3.756,3.8122,3.979,4.056,3.49,4.357,4.269041769041776,7.678132678132685,-0.0146369519648905,-0.0295315682281059,-0.0189164843649466,-0.0061954440070586,,0.0600734522560337,7,3,2026-06-25T00:02:37.133581+00:00,-0.010918057273371978,-0.01096570319183047,-0.010951409416292922
Desert Eagle | Mulberry (Minimal Wear),A,558030425204895532,51849242758,13.25,11.53,0.14994689822197,627,7.4866736,7.7799304,0.020706506456555,8.095027878460007,8.102567330304037,8.100305494750828,7.927408131428682,7.934791467564425,7.9325764667237015,0.3890544997388674,0.3884854845053557,0.3886561890754092,0.4017050466846278,0.40114781376872266,0.40131498364349427,False,1,spread_hybrid_disc <= 0.12,1.4694114116404497,394,400,6,2,16.9,366,845,4.406020976872784,0.956011216263582,0.0475612925582603,,1153,172,2003,8.68,9.02,1154,0.86252,Frankfurter 2026-06-16 (ECB),2026-06-17T06:46:03.034492+00:00,ok,,ok,,best_deal,2026-04-17T07:47:48.625254+00:00,11.32,,50,True,8,0.0202176008208125,13.5275,13.81375,1/1,11.3935,11.412,10.91,11.044,11.625,11.929,10.032,13.384,5.09939878000614,8.943695966998728,0.001703357307425,0.0025186729199235,0.0255886272767658,0.0073413148124449,0.0059443941115362,0.0896647318721303,7,3,2026-06-24T22:38:12.195598+00:00,0.08125828785430253,0.0822653374796569,0.08196322259205059
Desert Eagle | Mulberry (Minimal Wear),A,525379962922602771,52437152355,13.22,11.5,0.14870284497738,563,7.4866736,7.7799304,0.020706506456555,8.084954938392238,8.071325676574498,8.07541445511982,7.917543766759463,7.9041967193395495,7.908200833565523,0.38843003491737993,0.3894609926948187,0.38915170536158705,0.4010935123479983,0.4021031225915621,0.401800239518493,False,1,spread_hybrid_disc <= 0.12,1.4694114116404497,394,400,6,2,16.9,366,845,4.406020976872784,0.956011216263582,0.0475612925582603,,1150,172,2003,8.68,9.02,1154,0.86252,Frankfurter 2026-06-16 (ECB),2026-06-17T06:46:03.034492+00:00,ok,,ok,,best_deal,2026-04-17T07:47:48.625254+00:00,11.32,,50,True,8,0.0202176008208125,13.5275,13.81375,1/1,11.3935,11.412,10.91,11.044,11.625,11.929,10.032,13.384,5.09939878000614,8.943695966998728,0.001703357307425,0.0025186729199235,0.0255886272767658,0.0073413148124449,0.0059443941115362,0.0896647318721303,7,3,2026-06-24T22:38:12.195598+00:00,0.07991283851245205,0.07809236889591369,0.07863850978087521
Desert Eagle | Mulberry (Minimal Wear),A,558030425204895388,51849242760,13.25,11.53,0.1424810141325,450,7.4866736,7.7799304,0.020706506456555,8.072048759842902,8.076874324711895,8.075426655251196,7.904904830079588,7.9096304743584644,7.9082127810748,0.39078877284204516,0.3904245792670268,0.3905338373395324,0.40340340905059713,0.40304675665219136,0.40315375237171325,False,1,spread_hybrid_disc <= 0.12,1.4694114116404497,394,400,6,2,16.9,366,845,4.406020976872784,0.956011216263582,0.0475612925582603,,1153,172,2003,8.68,9.02,1154,0.86252,Frankfurter 2026-06-16 (ECB),2026-06-17T06:46:03.034492+00:00,ok,,ok,,best_deal,2026-04-17T07:47:48.625254+00:00,11.32,,50,True,8,0.0202176008208125,13.5275,13.81375,1/1,11.3935,11.412,10.91,11.044,11.625,11.929,10.032,13.384,5.09939878000614,8.943695966998728,0.001703357307425,0.0025186729199235,0.0255886272767658,0.0073413148124449,0.0059443941115362,0.0896647318721303,7,3,2026-06-24T22:38:12.195598+00:00,0.07818895161168798,0.07883350553868082,0.07864013936058296
Desert Eagle | Mulberry (Minimal Wear),A,558030425204895424,51849242759,13.25,11.53,0.14122737944126,995,7.4866736,7.7799304,0.020706506456555,8.073176531418213,8.074538473168246,8.074129890643237,7.906009249445493,7.907342990139886,7.906942867931568,0.3907036580061727,0.39060086994956633,0.3906317063665482,0.4033200566456232,0.40321939697057463,0.4032495948730892,False,1,spread_hybrid_disc <= 0.12,1.4694114116404497,394,400,6,2,16.9,366,845,4.406020976872784,0.956011216263582,0.0475612925582603,,1153,172,2003,8.68,9.02,1154,0.86252,Frankfurter 2026-06-16 (ECB),2026-06-17T06:46:03.034492+00:00,ok,,ok,,best_deal,2026-04-17T07:47:48.625254+00:00,11.32,,50,True,8,0.0202176008208125,13.5275,13.81375,1/1,11.3935,11.412,10.91,11.044,11.625,11.929,10.032,13.384,5.09939878000614,8.943695966998728,0.001703357307425,0.0025186729199235,0.0255886272767658,0.0073413148124449,0.0059443941115362,0.0896647318721303,7,3,2026-06-24T22:38:12.195598+00:00,0.07833958881528004,0.07852150428572799,0.0784669296445936
Desert Eagle | Mulberry (Minimal Wear),A,558030425204895568,51849242757,13.25,11.53,0.14720901846886,131,7.4866736,7.7799304,0.020706506456555,8.073601370569374,8.07114789558868,8.07188393808289,7.906425291662028,7.904022619576863,7.904743421202413,0.39067159467400947,0.3908567625970807,0.3908012122201593,0.4032886572330545,0.4034699909753311,0.4034155908526481,False,1,spread_hybrid_disc <= 0.12,1.4694114116404497,394,400,6,2,16.9,366,845,4.406020976872784,0.956011216263582,0.0475612925582603,,1153,172,2003,8.68,9.02,1154,0.86252,Frankfurter 2026-06-16 (ECB),2026-06-17T06:46:03.034492+00:00,ok,,ok,,best_deal,2026-04-17T07:47:48.625254+00:00,11.32,,50,True,8,0.0202176008208125,13.5275,13.81375,1/1,11.3935,11.412,10.91,11.044,11.625,11.929,10.032,13.384,5.09939878000614,8.943695966998728,0.001703357307425,0.0025186729199235,0.0255886272767658,0.0073413148124449,0.0059443941115362,0.0896647318721303,7,3,2026-06-24T22:38:12.195598+00:00,0.07839633486484253,0.07806862257073431,0.07816693625896677
USP-S | Cortex (Well-Worn),A,544519626310680179,35963009000,4.5,3.92,0.40272983908653,659,2.7083128,2.6996876,0.0029992031746486,2.6909942309038852,2.6918393858160115,2.6915858393423733,2.6829233924635973,2.683766012584428,2.6835132265481785,0.4020012820213589,0.40181346981866417,0.4018698134794726,0.4037948016747561,0.40360755275901594,0.40366372743373813,False,1,spread_hybrid_disc <= 0.12,1.2221659882373626,143,145,2,2,17.0,525,850,4.27416052416053,0.9574305378536834,0.0,,392,58,2003,3.14,3.13,375,0.86252,Frankfurter 2026-06-16 (ECB),2026-06-17T07:46:51.026026+00:00,ok,,ok,,best_deal,2026-04-18T22:26:49.389629+00:00,3.77,,50,True,8,0.0013227513227512,3.73375,3.745,1/1,3.9072,3.923,3.756,3.8122,3.979,4.056,3.49,4.357,4.269041769041776,7.678132678132685,-0.0146369519648905,-0.0295315682281059,-0.0189164843649466,-0.0061954440070586,,0.0600734522560337,7,3,2026-06-25T00:02:37.133581+00:00,-0.006394597070218332,-0.006082537506003198,-0.006176155375267739
P2000 | Wicked Sick (Minimal Wear),A,535513062038732873,52174763050,9.82,8.55,0.09973822534084,876,4.6834836,4.614482,0.0075716632665433,5.815704295625493,5.933030917347679,5.897832930831023,5.771669741041228,5.8881080050915315,5.8531765258764406,0.407769419997404,0.39582169884443186,0.3994060151903235,0.4122535905253333,0.40039633349373405,0.40395351060321383,False,2,"continuity_ratio <= 3.5, spread_hybrid_disc <= 0.12",3.765727899424873,173,174,1,2,16.4,244,820,2.493459777632437,0.9746992948983824,0.0503654485049834,,855,127,2003,5.43,5.35,499,0.86252,Frankfurter 2026-06-16 (ECB),2026-06-17T07:06:27.057725+00:00,ok,,ok,,best_deal,2026-04-18T12:27:48.467385+00:00,6.73,,50,True,8,0.0082241269220509,8.505,8.5775,1/1,7.3392,7.233,7.05,7.181,7.329,7.591,5.672,12.516,2.0165685633311488,7.371375626771314,0.0074480504558709,0.0416666666666667,0.0329444063143444,0.0036594707399529,0.0161115955836705,0.0503654485049834,7,3,2026-06-24T23:34:32.942607+00:00,0.24174755210533735,0.26679869602781986,0.2592833528510751
AK-47 | Nouveau Rouge (Field-Tested),A,515244326090843560,50355407282,16.95,14.75,0.32693567872047,619,9.8672288,9.8586036,-0.0171427382581651,9.93185255936528,9.925773097202093,9.92759693585105,10.102111708209167,10.095928027417365,10.097783131654905,0.41404999649762353,0.41440866683173494,0.4143010657315015,0.4040052089552114,0.4043700278809814,0.40426058220325034,False,1,spread_hybrid_disc <= 0.12,2.653403648131099,269,277,8,2,16.78,428,839,1.6394275061115762,0.9835946573751452,0.0,,1475,220,2003,11.44,11.43,1146,0.86252,Frankfurter 2026-06-16 (ECB),2026-06-17T08:08:19.365684+00:00,ok,,ok,,best_deal,2026-04-17T00:50:36.186748+00:00,15.76,,50,True,8,-0.0028256746364777,16.2475,15.97625,1/1,13.7853,13.776,13.55,13.619,13.898,14.0134,12.956,15.822,2.023895018606777,3.361551797929679,-0.0085383781865969,-0.0200146092037983,-0.0389684813753582,-0.0042353614056228,-0.0190715606016262,0.0591830649970185,7,3,2026-06-25T02:28:31.953567+00:00,0.006549332206148864,0.005933205602984809,0.006118043583934025
P2000 | Wicked Sick (Minimal Wear),A,494982114269301912,52609029210,7.86,6.84,0.13171404600143,389,4.6834836,4.614482,0.0075716632665433,4.712670685146377,4.710103650246273,4.7108737607163045,4.676987929632339,4.674440331456092,4.675204610908966,0.40042357695338715,0.40075017172439276,0.4006521932930911,0.40496336773125463,0.40528748963662964,0.4051902530650171,False,2,"continuity_ratio <= 3.5, spread_hybrid_disc <= 0.12",3.765727899424873,173,174,1,2,16.4,244,820,2.493459777632437,0.9746992948983824,0.0503654485049834,,684,102,2003,5.43,5.35,499,0.86252,Frankfurter 2026-06-16 (ECB),2026-06-17T07:06:27.057725+00:00,ok,,ok,,best_deal,2026-04-18T12:27:48.467385+00:00,6.73,,50,True,8,0.0082241269220509,8.505,8.5775,1/1,7.3392,7.233,7.05,7.181,7.329,7.591,5.672,12.516,2.0165685633311488,7.371375626771314,0.0074480504558709,0.0416666666666667,0.0329444063143444,0.0036594707399529,0.0161115955836705,0.0503654485049834,7,3,2026-06-24T23:34:32.942607+00:00,0.00623191787121407,0.0056838141263638045,0.005848245249818884
P2000 | Wicked Sick (Minimal Wear),A,490478514641959523,50495227522,7.85,6.83,0.13512122631073,692,4.6834836,4.614482,0.0075716632665433,4.702199084174652,4.701487281237934,4.7017008221189505,4.666595616097033,4.665889202692464,4.666101126713836,0.4009937472388978,0.40108442277223777,0.40105722011223555,0.40552922087935883,0.40561920984809374,0.40559221315747307,False,2,"continuity_ratio <= 3.5, spread_hybrid_disc <= 0.12",3.765727899424873,173,174,1,2,16.4,244,820,2.493459777632437,0.9746992948983824,0.0503654485049834,,683,102,2003,5.43,5.35,499,0.86252,Frankfurter 2026-06-16 (ECB),2026-06-17T07:06:27.057725+00:00,ok,,ok,,best_deal,2026-04-18T12:27:48.467385+00:00,6.73,,50,True,8,0.0082241269220509,8.505,8.5775,1/1,7.3392,7.233,7.05,7.181,7.329,7.591,5.672,12.516,2.0165685633311488,7.371375626771314,0.0074480504558709,0.0416666666666667,0.0329444063143444,0.0036594707399529,0.0161115955836705,0.0503654485049834,7,3,2026-06-24T23:34:32.942607+00:00,0.003996060576501741,0.0038440790607091593,0.0038896735154469336
P2000 | Wicked Sick (Minimal Wear),A,528759111478123769,52649454149,7.88,6.86,0.12991791963577,676,4.6834836,4.614482,0.0075716632665433,4.72139543247807,4.7181332345781115,4.719111893948099,4.68564661611515,4.682409118479199,4.683380367769985,0.4008381430865394,0.4012521275916102,0.4011279322400889,0.4053747949092449,0.4057856448630458,0.4056623898769055,False,2,"continuity_ratio <= 3.5, spread_hybrid_disc <= 0.12",3.765727899424873,173,174,1,2,16.4,244,820,2.493459777632437,0.9746992948983824,0.0503654485049834,,686,102,2003,5.43,5.35,499,0.86252,Frankfurter 2026-06-16 (ECB),2026-06-17T07:06:27.057725+00:00,ok,,ok,,best_deal,2026-04-18T12:27:48.467385+00:00,6.73,,50,True,8,0.0082241269220509,8.505,8.5775,1/1,7.3392,7.233,7.05,7.181,7.329,7.591,5.672,12.516,2.0165685633311488,7.371375626771314,0.0074480504558709,0.0416666666666667,0.0329444063143444,0.0036594707399529,0.0161115955836705,0.0503654485049834,7,3,2026-06-24T23:34:32.942607+00:00,0.00809479347340305,0.007398261110194222,0.007607220819156871
USP-S | Cortex (Well-Worn),A,558030425191087300,38011306963,4.52,3.94,0.42414870858192,110,2.7083128,2.6996876,0.0029992031746486,2.680736783729587,2.6984843757694743,2.693160098157508,2.6726967094574277,2.690391072862927,2.6850827638412773,0.40691664076779044,0.4029901823518861,0.40416811987665746,0.408695418261631,0.40478073609227283,0.40595514074308015,False,1,spread_hybrid_disc <= 0.12,1.2221659882373626,143,145,2,2,17.0,525,850,4.27416052416053,0.9574305378536834,0.0,,394,58,2003,3.14,3.13,375,0.86252,Frankfurter 2026-06-16 (ECB),2026-06-17T07:46:51.026026+00:00,ok,,ok,,best_deal,2026-04-18T22:26:49.389629+00:00,3.77,,50,True,8,0.0013227513227512,3.73375,3.745,1/1,3.9072,3.923,3.756,3.8122,3.979,4.056,3.49,4.357,4.269041769041776,7.678132678132685,-0.0146369519648905,-0.0295315682281059,-0.0189164843649466,-0.0061954440070586,,0.0600734522560337,7,3,2026-06-25T00:02:37.133581+00:00,-0.010181990895000216,-0.003628984152246261,-0.005594886175072448
MP7 | Abyssal Apparition (Minimal Wear),A,490478514659094695,52560473840,9.62,8.38,0.14117440581322,29,5.9255124,5.7616336,0.0243195706681342,5.8541701300895745,5.856850309460818,5.856046255649445,5.711799225907581,5.714414224467203,5.713629724899316,0.39145840643559515,0.39117980151134935,0.3912633829886232,0.40625787672478364,0.4059860473526816,0.4060675961643122,False,1,spread_hybrid_disc <= 0.12,1.8123724634126133,207,208,1,2,17.1,266,855,2.2630866943342585,0.9772160664819944,0.0404481792717087,,838,124,2003,6.87,6.68,742,0.86252,Frankfurter 2026-06-16 (ECB),2026-06-17T06:41:44.038225+00:00,ok,,ok,,best_deal,2026-04-18T05:21:43.987429+00:00,9.04,,50,True,8,0.0250463821892393,11.2675,11.54875,1/1,8.7226,8.664,8.4666,8.568,8.86,9.03,7.424,17.448,3.34762570793112,6.45908330085066,0.0268422752221753,0.0301246537396122,0.0019083969465649,0.0039511108897606,0.0100049136639224,0.0404481792717087,7,3,2026-06-24T22:28:10.794316+00:00,-0.012039848218092427,-0.011587536385744692,-0.011723229935449012
AK-47 | Nouveau Rouge (Field-Tested),A,490473260182805956,51531348511,16.99,14.79,0.3538726568222,769,9.8672288,9.8586036,-0.0171427382581651,9.915351007933774,9.922529928211443,9.920376252128142,10.085327275000616,10.09262926162958,10.09043866564089,0.4164007646890068,0.41597822670915574,0.41610498810311114,0.40639627575040516,0.4059664943125614,0.4060954287439146,False,1,spread_hybrid_disc <= 0.12,2.653403648131099,269,277,8,2,16.78,428,839,1.6394275061115762,0.9835946573751452,0.0,,1479,220,2003,11.44,11.43,1146,0.86252,Frankfurter 2026-06-16 (ECB),2026-06-17T08:08:19.365684+00:00,ok,,ok,,best_deal,2026-04-17T00:50:36.186748+00:00,15.76,,50,True,8,-0.0028256746364777,16.2475,15.97625,1/1,13.7853,13.776,13.55,13.619,13.898,14.0134,12.956,15.822,2.023895018606777,3.361551797929679,-0.0085383781865969,-0.0200146092037983,-0.0389684813753582,-0.0042353614056228,-0.0190715606016262,0.0591830649970185,7,3,2026-06-25T02:28:31.953567+00:00,0.004876972948450784,0.005604524769045929,0.005386259222867385
AK-47 | Nouveau Rouge (Field-Tested),A,508487658678900117,50728804403,17.09,14.87,0.32350957393646,566,9.8672288,9.8586036,-0.0171427382581651,9.935519258811535,9.928447044791694,9.930568708997646,10.1058412649243,10.09864781379061,10.100805849130715,0.41863550270266037,0.41904932447093657,0.4189251779404537,0.4086693232929023,0.40909023909943765,0.40896396435747717,False,1,spread_hybrid_disc <= 0.12,2.653403648131099,269,277,8,2,16.78,428,839,1.6394275061115762,0.9835946573751452,0.0,,1487,222,2003,11.44,11.43,1146,0.86252,Frankfurter 2026-06-16 (ECB),2026-06-17T08:08:19.365684+00:00,ok,,ok,,best_deal,2026-04-17T00:50:36.186748+00:00,15.76,,50,True,8,-0.0028256746364777,16.2475,15.97625,1/1,13.7853,13.776,13.55,13.619,13.898,14.0134,12.956,15.822,2.023895018606777,3.361551797929679,-0.0085383781865969,-0.0200146092037983,-0.0389684813753582,-0.0042353614056228,-0.0190715606016262,0.0591830649970185,7,3,2026-06-25T02:28:31.953567+00:00,0.006920935978654478,0.006204198365370259,0.006419219649355525
USP-S | Cortex (Well-Worn),A,494982114281684580,52323548264,4.52,3.94,0.43813076615334,722,2.7083128,2.6996876,0.0029992031746486,2.6776751053409606,2.67798148612722,2.6778895718913422,2.6696442136643443,2.669949675552377,2.6698580369859672,0.4075940032431502,0.40752621988335835,0.4075465548912959,0.4093707491893043,0.4093031691255803,0.4093234431446975,False,1,spread_hybrid_disc <= 0.12,1.2221659882373626,143,145,2,2,17.0,525,850,4.27416052416053,0.9574305378536834,0.0,,394,58,2003,3.14,3.13,375,0.86252,Frankfurter 2026-06-16 (ECB),2026-06-17T07:46:51.026026+00:00,ok,,ok,,best_deal,2026-04-18T22:26:49.389629+00:00,3.77,,50,True,8,0.0013227513227512,3.73375,3.745,1/1,3.9072,3.923,3.756,3.8122,3.979,4.056,3.49,4.357,4.269041769041776,7.678132678132685,-0.0146369519648905,-0.0295315682281059,-0.0189164843649466,-0.0061954440070586,,0.0600734522560337,7,3,2026-06-25T00:02:37.133581+00:00,-0.011312465332305587,-0.011199339261247701,-0.011233277082565067
USP-S | Cortex (Well-Worn),A,558030425191088020,38011306960,4.52,3.94,0.43843698501587,655,2.7083128,2.6996876,0.0029992031746486,2.677515255315961,2.677967767200766,2.6778320136353244,2.669484843062047,2.6699359977717707,2.6698006513588535,0.40762936829292895,0.40752925504407833,0.4075592890187335,0.4094060081721135,0.4093061951832365,0.40933613907989963,False,1,spread_hybrid_disc <= 0.12,1.2221659882373626,143,145,2,2,17.0,525,850,4.27416052416053,0.9574305378536834,0.0,,394,58,2003,3.14,3.13,375,0.86252,Frankfurter 2026-06-16 (ECB),2026-06-17T07:46:51.026026+00:00,ok,,ok,,best_deal,2026-04-18T22:26:49.389629+00:00,3.77,,50,True,8,0.0013227513227512,3.73375,3.745,1/1,3.9072,3.923,3.756,3.8122,3.979,4.056,3.49,4.357,4.269041769041776,7.678132678132685,-0.0146369519648905,-0.0295315682281059,-0.0189164843649466,-0.0061954440070586,,0.0600734522560337,7,3,2026-06-25T00:02:37.133581+00:00,-0.011371487327475269,-0.011204404749419642,-0.011254529522836329
AK-47 | Nouveau Rouge (Field-Tested),A,547896057553536952,52144600692,17.07,14.85,0.36127644777298,779,9.8672288,9.8586036,-0.0171427382581651,9.907876191862604,9.913328254949395,9.911692636023359,10.07772432011401,10.083269846491264,10.081606188578089,0.41957374388619784,0.4192543494464327,0.4193501677783621,0.4096236484994722,0.4092987787644251,0.4093962396849391,False,1,spread_hybrid_disc <= 0.12,2.653403648131099,269,277,8,2,16.78,428,839,1.6394275061115762,0.9835946573751452,0.0,,1485,222,2003,11.44,11.43,1146,0.86252,Frankfurter 2026-06-16 (ECB),2026-06-17T08:08:19.365684+00:00,ok,,ok,,best_deal,2026-04-17T00:50:36.186748+00:00,15.76,,50,True,8,-0.0028256746364777,16.2475,15.97625,1/1,13.7853,13.776,13.55,13.619,13.898,14.0134,12.956,15.822,2.023895018606777,3.361551797929679,-0.0085383781865969,-0.0200146092037983,-0.0389684813753582,-0.0042353614056228,-0.0190715606016262,0.0591830649970185,7,3,2026-06-25T02:28:31.953567+00:00,0.004119433397815195,0.004671975879326581,0.004506213134873166
MP7 | Abyssal Apparition (Minimal Wear),A,523129611948034910,41277445107,9.68,8.42,0.14029356837273,120,5.9255124,5.7616336,0.0243195706681342,5.8573864813718215,5.859355563394624,5.858764838787784,5.714937356907526,5.716858551700923,5.716282193262905,0.3948980907673738,0.39469467320303464,0.3947556984723364,0.40961390941037956,0.40941543887387155,0.40947498003482385,False,1,spread_hybrid_disc <= 0.12,1.8123724634126133,207,208,1,2,17.1,266,855,2.2630866943342585,0.9772160664819944,0.0404481792717087,,842,126,2003,6.87,6.68,742,0.86252,Frankfurter 2026-06-16 (ECB),2026-06-17T06:41:44.038225+00:00,ok,,ok,,best_deal,2026-04-18T05:21:43.987429+00:00,9.04,,50,True,8,0.0250463821892393,11.2675,11.54875,1/1,8.7226,8.664,8.4666,8.568,8.86,9.03,7.424,17.448,3.34762570793112,6.45908330085066,0.0268422752221753,0.0301246537396122,0.0019083969465649,0.0039511108897606,0.0100049136639224,0.0404481792717087,7,3,2026-06-24T22:28:10.794316+00:00,-0.01149705106147067,-0.011164745280994733,-0.011264437015137515
P2000 | Wicked Sick (Minimal Wear),A,516374212516009369,52586883521,7.88,6.86,0.14807866513729,479,4.6834836,4.614482,0.0075716632665433,4.687055825324693,4.687651913238776,4.687473086864551,4.651567016903844,4.652158591440965,4.651981119079828,0.40519596125321156,0.40512031557883554,0.4051430092811483,0.40969961714418224,0.40962454423338013,0.4096470661066208,False,2,"continuity_ratio <= 3.5, spread_hybrid_disc <= 0.12",3.765727899424873,173,174,1,2,16.4,244,820,2.493459777632437,0.9746992948983824,0.0503654485049834,,686,102,2003,5.43,5.35,499,0.86252,Frankfurter 2026-06-16 (ECB),2026-06-17T07:06:27.057725+00:00,ok,,ok,,best_deal,2026-04-18T12:27:48.467385+00:00,6.73,,50,True,8,0.0082241269220509,8.505,8.5775,1/1,7.3392,7.233,7.05,7.181,7.329,7.591,5.672,12.516,2.0165685633311488,7.371375626771314,0.0074480504558709,0.0416666666666667,0.0329444063143444,0.0036594707399529,0.0161115955836705,0.0503654485049834,7,3,2026-06-24T23:34:32.942607+00:00,0.0007627282659201026,0.000890002740433786,0.000851820398079681
P2000 | Wicked Sick (Minimal Wear),A,518626012311798246,51915499142,7.99,6.96,0.12793822586536,7,4.6834836,4.614482,0.0075716632665433,4.731913619638642,4.729747111619139,4.7303970640249915,4.696085163104368,4.693935059154053,4.694580090339149,0.4077705106835241,0.4080416631265157,0.40796031739361815,0.41225467295314544,0.4125237723211448,0.4124430425107448,False,2,"continuity_ratio <= 3.5, spread_hybrid_disc <= 0.12",3.765727899424873,173,174,1,2,16.4,244,820,2.493459777632437,0.9746992948983824,0.0503654485049834,,696,103,2003,5.43,5.35,499,0.86252,Frankfurter 2026-06-16 (ECB),2026-06-17T07:06:27.057725+00:00,ok,,ok,,best_deal,2026-04-18T12:27:48.467385+00:00,6.73,,50,True,8,0.0082241269220509,8.505,8.5775,1/1,7.3392,7.233,7.05,7.181,7.329,7.591,5.672,12.516,2.0165685633311488,7.371375626771314,0.0074480504558709,0.0416666666666667,0.0329444063143444,0.0036594707399529,0.0161115955836705,0.0503654485049834,7,3,2026-06-24T23:34:32.942607+00:00,0.010340597677899842,0.009878012943002596,0.01001678836347177
AK-47 | Nouveau Rouge (Field-Tested),A,677372747555331906,51739379614,17.18,14.95,0.35202452540398,865,9.8672288,9.8586036,-0.0171427382581651,9.91716388077949,9.92364411194082,9.921700042592423,10.087171225451021,10.093762545519002,10.09178514949861,0.42274948307453486,0.4223722868486135,0.4224854457163898,0.4128538285534912,0.41247016615139687,0.41258526487202496,False,1,spread_hybrid_disc <= 0.12,2.653403648131099,269,277,8,2,16.78,428,839,1.6394275061115762,0.9835946573751452,0.0,,1495,223,2003,11.44,11.43,1146,0.86252,Frankfurter 2026-06-16 (ECB),2026-06-17T08:08:19.365684+00:00,ok,,ok,,best_deal,2026-04-17T00:50:36.186748+00:00,15.76,,50,True,8,-0.0028256746364777,16.2475,15.97625,1/1,13.7853,13.776,13.55,13.619,13.898,14.0134,12.956,15.822,2.023895018606777,3.361551797929679,-0.0085383781865969,-0.0200146092037983,-0.0389684813753582,-0.0042353614056228,-0.0190715606016262,0.0591830649970185,7,3,2026-06-25T02:28:31.953567+00:00,0.0050606995937393226,0.005717442362421057,0.005520419531816537
MP7 | Abyssal Apparition (Minimal Wear),A,500611613821438897,50638057798,9.79,8.52,0.13164794445038,953,5.9255124,5.7616336,0.0243195706681342,5.879122746157347,5.877012136248565,5.877645319221199,5.736145005065539,5.734085724283585,5.734703508518171,0.3994767368582893,0.39969232520443665,0.39962764870059253,0.4140812047941227,0.4142915501242507,0.4142284465252123,False,1,spread_hybrid_disc <= 0.12,1.8123724634126133,207,208,1,2,17.1,266,855,2.2630866943342585,0.9772160664819944,0.0404481792717087,,852,127,2003,6.87,6.68,742,0.86252,Frankfurter 2026-06-16 (ECB),2026-06-17T06:41:44.038225+00:00,ok,,ok,,best_deal,2026-04-18T05:21:43.987429+00:00,9.04,,50,True,8,0.0250463821892393,11.2675,11.54875,1/1,8.7226,8.664,8.4666,8.568,8.86,9.03,7.424,17.448,3.34762570793112,6.45908330085066,0.0268422752221753,0.0301246537396122,0.0019083969465649,0.0039511108897606,0.0100049136639224,0.0404481792717087,7,3,2026-06-24T22:28:10.794316+00:00,-0.007828800399211517,-0.008184990677166656,-0.008078133593780115
AK-47 | Nouveau Rouge (Field-Tested),A,529883562488318023,52222229356,17.31,15.06,0.30512255430222,192,9.8672288,9.8586036,-0.0171427382581651,9.971011613418872,9.967445450934724,9.96851529967997,10.141942055676836,10.138314759402636,10.139402948284896,0.4239739102588751,0.42417992773340696,0.4241181224910473,0.4140992457725686,0.41430879495074313,0.4142459301972907,False,1,spread_hybrid_disc <= 0.12,2.653403648131099,269,277,8,2,16.78,428,839,1.6394275061115762,0.9835946573751452,0.0,,1506,225,2003,11.44,11.43,1146,0.86252,Frankfurter 2026-06-16 (ECB),2026-06-17T08:08:19.365684+00:00,ok,,ok,,best_deal,2026-04-17T00:50:36.186748+00:00,15.76,,50,True,8,-0.0028256746364777,16.2475,15.97625,1/1,13.7853,13.776,13.55,13.619,13.898,14.0134,12.956,15.822,2.023895018606777,3.361551797929679,-0.0085383781865969,-0.0200146092037983,-0.0389684813753582,-0.0042353614056228,-0.0190715606016262,0.0591830649970185,7,3,2026-06-25T02:28:31.953567+00:00,0.010517929149354724,0.010156514353323248,0.01026493879213269
P2000 | Wicked Sick (Minimal Wear),A,502863413617247106,32687935573,8.05,7.0,0.12474575638771,278,4.6834836,4.614482,0.0075716632665433,4.754361027981189,4.749943862274018,4.75126901198617,4.718362607229738,4.713978886813895,4.7152940029386485,0.4093961455923989,0.40994486182931456,0.4097802469582398,0.41386799910189587,0.4144125606442367,0.41424919218153444,False,2,"continuity_ratio <= 3.5, spread_hybrid_disc <= 0.12",3.765727899424873,173,174,1,2,16.4,244,820,2.493459777632437,0.9746992948983824,0.0503654485049834,,700,105,2003,5.43,5.35,499,0.86252,Frankfurter 2026-06-16 (ECB),2026-06-17T07:06:27.057725+00:00,ok,,ok,,best_deal,2026-04-18T12:27:48.467385+00:00,6.73,,50,True,8,0.0082241269220509,8.505,8.5775,1/1,7.3392,7.233,7.05,7.181,7.329,7.591,5.672,12.516,2.0165685633311488,7.371375626771314,0.0074480504558709,0.0416666666666667,0.0329444063143444,0.0036594707399529,0.0161115955836705,0.0503654485049834,7,3,2026-06-24T23:34:32.942607+00:00,0.015133484823388568,0.014190348029406828,0.014473289067601352
AK-47 | Nouveau Rouge (Field-Tested),A,512996512785196603,52660760130,18.23,15.86,0.22074213624001,641,9.8672288,9.8586036,-0.0171427382581651,10.571397575921408,10.461932158359938,10.494771783628378,10.752620277588429,10.641278323025382,10.674680909394295,0.42010984224238024,0.4261145277915558,0.42431312212680317,0.41016893704945534,0.416276559351323,0.4144442726607628,False,1,spread_hybrid_disc <= 0.12,2.653403648131099,269,277,8,2,16.78,428,839,1.6394275061115762,0.9835946573751452,0.0,,1586,237,2003,11.44,11.43,1146,0.86252,Frankfurter 2026-06-16 (ECB),2026-06-17T08:08:19.365684+00:00,ok,,ok,,best_deal,2026-04-17T00:50:36.186748+00:00,15.76,,50,True,8,-0.0028256746364777,16.2475,15.97625,1/1,13.7853,13.776,13.55,13.619,13.898,14.0134,12.956,15.822,2.023895018606777,3.361551797929679,-0.0085383781865969,-0.0200146092037983,-0.0389684813753582,-0.0042353614056228,-0.0190715606016262,0.0591830649970185,7,3,2026-06-25T02:28:31.953567+00:00,0.07136439117753199,0.06027055523025255,0.06359870601443637
AK-47 | Nouveau Rouge (Field-Tested),A,502863413633486310,52670870329,17.34,15.09,0.30168205499649,681,9.8672288,9.8586036,-0.0171427382581651,9.981444084124407,9.979291739354725,9.97993744278563,10.152553367497061,10.150364125644352,10.151020898200166,0.4243688532800227,0.4244929792759674,0.424455741477184,0.4145009591985547,0.414627213053959,0.41458933689733757,False,1,spread_hybrid_disc <= 0.12,2.653403648131099,269,277,8,2,16.78,428,839,1.6394275061115762,0.9835946573751452,0.0,,1509,225,2003,11.44,11.43,1146,0.86252,Frankfurter 2026-06-16 (ECB),2026-06-17T08:08:19.365684+00:00,ok,,ok,,best_deal,2026-04-17T00:50:36.186748+00:00,15.76,,50,True,8,-0.0028256746364777,16.2475,15.97625,1/1,13.7853,13.776,13.55,13.619,13.898,14.0134,12.956,15.822,2.023895018606777,3.361551797929679,-0.0085383781865969,-0.0200146092037983,-0.0389684813753582,-0.0042353614056228,-0.0190715606016262,0.0591830649970185,7,3,2026-06-25T02:28:31.953567+00:00,0.011575213916637638,0.011357083293206468,0.011422522480235819
AK-47 | Nouveau Rouge (Field-Tested),A,549023860937966078,50012092752,17.25,15.0,0.34952092170715,971,9.8672288,9.8586036,-0.0171427382581651,9.919599920609715,9.925016677198348,9.923391650221758,10.089649025674442,10.095158640303483,10.09350575591477,0.42495072924001653,0.42463671436531314,0.4247309188277242,0.41509281010582944,0.4147734121563198,0.41486923154117283,False,1,spread_hybrid_disc <= 0.12,2.653403648131099,269,277,8,2,16.78,428,839,1.6394275061115762,0.9835946573751452,0.0,,1500,225,2003,11.44,11.43,1146,0.86252,Frankfurter 2026-06-16 (ECB),2026-06-17T08:08:19.365684+00:00,ok,,ok,,best_deal,2026-04-17T00:50:36.186748+00:00,15.76,,50,True,8,-0.0028256746364777,16.2475,15.97625,1/1,13.7853,13.776,13.55,13.619,13.898,14.0134,12.956,15.822,2.023895018606777,3.361551797929679,-0.0085383781865969,-0.0200146092037983,-0.0389684813753582,-0.0042353614056228,-0.0190715606016262,0.0591830649970185,7,3,2026-06-25T02:28:31.953567+00:00,0.005307581456884469,0.005856545780954099,0.005691856483733209
AK-47 | Nouveau Rouge (Field-Tested),A,555779260415718063,52264804512,17.25,15.0,0.35091346502304,722,9.8672288,9.8586036,-0.0171427382581651,9.918248046017068,9.924471980653962,9.922604800262894,10.088273976249495,10.094604606168806,10.092705417193013,0.4250290987816193,0.4246682909765819,0.42477653331809306,0.4151725231159713,0.4148055300771707,0.4149156279888109,False,1,spread_hybrid_disc <= 0.12,2.653403648131099,269,277,8,2,16.78,428,839,1.6394275061115762,0.9835946573751452,0.0,,1500,225,2003,11.44,11.43,1146,0.86252,Frankfurter 2026-06-16 (ECB),2026-06-17T08:08:19.365684+00:00,ok,,ok,,best_deal,2026-04-17T00:50:36.186748+00:00,15.76,,50,True,8,-0.0028256746364777,16.2475,15.97625,1/1,13.7853,13.776,13.55,13.619,13.898,14.0134,12.956,15.822,2.023895018606777,3.361551797929679,-0.0085383781865969,-0.0200146092037983,-0.0389684813753582,-0.0042353614056228,-0.0190715606016262,0.0591830649970185,7,3,2026-06-25T02:28:31.953567+00:00,0.0051705749457302145,0.005801343195159653,0.005612112720330821
MP7 | Abyssal Apparition (Minimal Wear),A,492730314464874345,52482536416,10.06,8.76,0.11383428424597,393,5.9255124,5.7616336,0.0243195706681342,6.033966359873723,6.028208951565506,6.029936174057972,5.8872228885756295,5.881605497965629,5.883290715148631,0.4002021511059918,0.4007744580948802,0.40060276599821354,0.4147889772787645,0.41534736600739275,0.41517984938880415,False,1,spread_hybrid_disc <= 0.12,1.8123724634126133,207,208,1,2,17.1,266,855,2.2630866943342585,0.9772160664819944,0.0404481792717087,,876,130,2003,6.87,6.68,742,0.86252,Frankfurter 2026-06-16 (ECB),2026-06-17T06:41:44.038225+00:00,ok,,ok,,best_deal,2026-04-18T05:21:43.987429+00:00,9.04,,50,True,8,0.0250463821892393,11.2675,11.54875,1/1,8.7226,8.664,8.4666,8.568,8.86,9.03,7.424,17.448,3.34762570793112,6.45908330085066,0.0268422752221753,0.0301246537396122,0.0019083969465649,0.0039511108897606,0.0100049136639224,0.0404481792717087,7,3,2026-06-24T22:28:10.794316+00:00,0.01830288294962044,0.017331252494806486,0.01762274163125067
P2000 | Wicked Sick (Minimal Wear),A,497233914089839361,50880565690,8.06,7.01,0.12560054659843,876,4.6834836,4.614482,0.0075716632665433,4.7476584373600215,4.744372977227816,4.745358615267477,4.711710766367768,4.708450182633359,4.709428357753682,0.41096049164267723,0.41136811696925357,0.41124582937128074,0.41542050045064915,0.41582503937551374,0.4157036776980544,False,2,"continuity_ratio <= 3.5, spread_hybrid_disc <= 0.12",3.765727899424873,173,174,1,2,16.4,244,820,2.493459777632437,0.9746992948983824,0.0503654485049834,,701,105,2003,5.43,5.35,499,0.86252,Frankfurter 2026-06-16 (ECB),2026-06-17T07:06:27.057725+00:00,ok,,ok,,best_deal,2026-04-18T12:27:48.467385+00:00,6.73,,50,True,8,0.0082241269220509,8.505,8.5775,1/1,7.3392,7.233,7.05,7.181,7.329,7.591,5.672,12.516,2.0165685633311488,7.371375626771314,0.0074480504558709,0.0416666666666667,0.0329444063143444,0.0036594707399529,0.0161115955836705,0.0503654485049834,7,3,2026-06-24T23:34:32.942607+00:00,0.013702372601458911,0.013000873372934721,0.01321132314149198
AK-47 | Nouveau Rouge (Field-Tested),A,490473260171642500,49955938081,17.25,15.0,0.36537253856659,838,9.8672288,9.8586036,-0.0171427382581651,9.903553583541774,9.904143007697224,9.90396618045059,10.073327610450143,10.073927138949612,10.073747280399774,0.42588095167873774,0.42584678216247984,0.4258570330173571,0.4160389791043395,0.41600422382900804,0.41601465041160735,False,1,spread_hybrid_disc <= 0.12,2.653403648131099,269,277,8,2,16.78,428,839,1.6394275061115762,0.9835946573751452,0.0,,1500,225,2003,11.44,11.43,1146,0.86252,Frankfurter 2026-06-16 (ECB),2026-06-17T08:08:19.365684+00:00,ok,,ok,,best_deal,2026-04-17T00:50:36.186748+00:00,15.76,,50,True,8,-0.0028256746364777,16.2475,15.97625,1/1,13.7853,13.776,13.55,13.619,13.898,14.0134,12.956,15.822,2.023895018606777,3.361551797929679,-0.0085383781865969,-0.0200146092037983,-0.0389684813753582,-0.0042353614056228,-0.0190715606016262,0.0591830649970185,7,3,2026-06-25T02:28:31.953567+00:00,0.003681356161699124,0.003741091693062323,0.0037231710336533635
AK-47 | Nouveau Rouge (Field-Tested),A,527628590824322841,50650887372,17.25,15.0,0.36622321605682,557,9.8672288,9.8586036,-0.0171427382581651,9.902637022719603,9.902138831865189,9.902288289121513,10.0723953372657,10.071888606055866,10.072040625418817,0.42593408563944335,0.4259629662686847,0.42595430207991225,0.41609302392662606,0.41612239964893527,0.41611358693224254,False,1,spread_hybrid_disc <= 0.12,2.653403648131099,269,277,8,2,16.78,428,839,1.6394275061115762,0.9835946573751452,0.0,,1500,225,2003,11.44,11.43,1146,0.86252,Frankfurter 2026-06-16 (ECB),2026-06-17T08:08:19.365684+00:00,ok,,ok,,best_deal,2026-04-17T00:50:36.186748+00:00,15.76,,50,True,8,-0.0028256746364777,16.2475,15.97625,1/1,13.7853,13.776,13.55,13.619,13.898,14.0134,12.956,15.822,2.023895018606777,3.361551797929679,-0.0085383781865969,-0.0200146092037983,-0.0389684813753582,-0.0042353614056228,-0.0190715606016262,0.0591830649970185,7,3,2026-06-25T02:28:31.953567+00:00,0.0035884667759605946,0.003537977336168502,0.00355312416810613
Desert Eagle | Mulberry (Minimal Wear),A,503989313531827056,50991731719,13.57,11.8,0.13340820372105,382,7.4866736,7.7799304,0.020706506456555,8.091823713538481,8.090296259245406,8.090754495533329,7.924270313568791,7.922774487517898,7.923223235333166,0.403697589274983,0.40381015038722134,0.4037763820535498,0.41604492899271983,0.416155159357561,0.41612209024810864,False,1,spread_hybrid_disc <= 0.12,1.4694114116404497,394,400,6,2,16.9,366,845,4.406020976872784,0.956011216263582,0.0475612925582603,,1180,177,2003,8.68,9.02,1154,0.86252,Frankfurter 2026-06-16 (ECB),2026-06-17T06:46:03.034492+00:00,ok,,ok,,best_deal,2026-04-17T07:47:48.625254+00:00,11.32,,50,True,8,0.0202176008208125,13.5275,13.81375,1/1,11.3935,11.412,10.91,11.044,11.625,11.929,10.032,13.384,5.09939878000614,8.943695966998728,0.001703357307425,0.0025186729199235,0.0255886272767658,0.0073413148124449,0.0059443941115362,0.0896647318721303,7,3,2026-06-24T22:38:12.195598+00:00,0.08083030540272022,0.08062628231119974,0.08068748923865589
P2000 | Wicked Sick (Minimal Wear),A,501737513722494968,52615839061,8.05,7.0,0.12708294391632,98,4.6834836,4.614482,0.0075716632665433,4.736748560645943,4.734911576001102,4.735462671394554,4.7008834955664485,4.699060419950764,4.699607342635469,0.41158402973342323,0.4118122265837141,0.41174376752862685,0.41603931732093813,0.41626578634152,0.41619784563534556,False,2,"continuity_ratio <= 3.5, spread_hybrid_disc <= 0.12",3.765727899424873,173,174,1,2,16.4,244,820,2.493459777632437,0.9746992948983824,0.0503654485049834,,700,105,2003,5.43,5.35,499,0.86252,Frankfurter 2026-06-16 (ECB),2026-06-17T07:06:27.057725+00:00,ok,,ok,,best_deal,2026-04-18T12:27:48.467385+00:00,6.73,,50,True,8,0.0082241269220509,8.505,8.5775,1/1,7.3392,7.233,7.05,7.181,7.329,7.591,5.672,12.516,2.0165685633311488,7.371375626771314,0.0074480504558709,0.0416666666666667,0.0329444063143444,0.0036594707399529,0.0161115955836705,0.0503654485049834,7,3,2026-06-24T23:34:32.942607+00:00,0.011372936300223924,0.010980710170758915,0.011098378009598418
P2000 | Wicked Sick (Minimal Wear),A,558030425185592728,49732980267,8.0,6.97,0.13812616467476,84,4.6834836,4.614482,0.0075716632665433,4.699725398808756,4.697819815026649,4.69839149016128,4.6641406606437545,4.662249505300372,4.662816851903386,0.41253432514890553,0.4127725231216689,0.41270106372983995,0.4169824174195307,0.41721881183745346,0.4171478935120767,False,2,"continuity_ratio <= 3.5, spread_hybrid_disc <= 0.12",3.765727899424873,173,174,1,2,16.4,244,820,2.493459777632437,0.9746992948983824,0.0503654485049834,,697,103,2003,5.43,5.35,499,0.86252,Frankfurter 2026-06-16 (ECB),2026-06-17T07:06:27.057725+00:00,ok,,ok,,best_deal,2026-04-18T12:27:48.467385+00:00,6.73,,50,True,8,0.0082241269220509,8.505,8.5775,1/1,7.3392,7.233,7.05,7.181,7.329,7.591,5.672,12.516,2.0165685633311488,7.371375626771314,0.0074480504558709,0.0416666666666667,0.0329444063143444,0.0036594707399529,0.0161115955836705,0.0503654485049834,7,3,2026-06-24T23:34:32.942607+00:00,0.0034678884770206384,0.003061015314892683,0.0031830772635310697
AK-47 | Nouveau Rouge (Field-Tested),A,500611613809276873,52560812765,17.71,15.4,0.26650133728981,273,9.8672288,9.8586036,-0.0171427382581651,10.148130452036929,10.141413092472352,10.143428300341725,10.322097196185911,10.315264682684534,10.317314436734947,0.4269830348934541,0.4273623324408611,0.42724854317663896,0.4171599550431445,0.4175457547891286,0.4174300148653334,False,1,spread_hybrid_disc <= 0.12,2.653403648131099,269,277,8,2,16.78,428,839,1.6394275061115762,0.9835946573751452,0.0,,1540,231,2003,11.44,11.43,1146,0.86252,Frankfurter 2026-06-16 (ECB),2026-06-17T08:08:19.365684+00:00,ok,,ok,,best_deal,2026-04-17T00:50:36.186748+00:00,15.76,,50,True,8,-0.0028256746364777,16.2475,15.97625,1/1,13.7853,13.776,13.55,13.619,13.898,14.0134,12.956,15.822,2.023895018606777,3.361551797929679,-0.0085383781865969,-0.0200146092037983,-0.0389684813753582,-0.0042353614056228,-0.0190715606016262,0.0591830649970185,7,3,2026-06-25T02:28:31.953567+00:00,0.028468140116192316,0.027787365432567393,0.02799159783765487
P2000 | Wicked Sick (Minimal Wear),A,524255511856885196,52617807669,8.11,7.06,0.12393837422132,192,4.6834836,4.614482,0.0075716632665433,4.761543373871016,4.755328092149448,4.757192676665918,4.725490570815023,4.719322349113758,4.721172815624137,0.4128799785609105,0.4136463511529658,0.4134164393753492,0.41732545366029306,0.4180860235371444,0.41785785257408903,False,2,"continuity_ratio <= 3.5, spread_hybrid_disc <= 0.12",3.765727899424873,173,174,1,2,16.4,244,820,2.493459777632437,0.9746992948983824,0.0503654485049834,,706,105,2003,5.43,5.35,499,0.86252,Frankfurter 2026-06-16 (ECB),2026-06-17T07:06:27.057725+00:00,ok,,ok,,best_deal,2026-04-18T12:27:48.467385+00:00,6.73,,50,True,8,0.0082241269220509,8.505,8.5775,1/1,7.3392,7.233,7.05,7.181,7.329,7.591,5.672,12.516,2.0165685633311488,7.371375626771314,0.0074480504558709,0.0416666666666667,0.0329444063143444,0.0036594707399529,0.0161115955836705,0.0503654485049834,7,3,2026-06-24T23:34:32.942607+00:00,0.016667032606031924,0.01533996876800163,0.01573808791941072
Desert Eagle | Mulberry (Minimal Wear),A,551275660832975539,52583996857,13.59,11.82,0.13884009420872,576,7.4866736,7.7799304,0.020706506456555,8.076962934328135,8.075668865747227,8.076057086321498,7.9097172491791135,7.908449976237632,7.908830158120075,0.40566865825400034,0.4057638803718008,0.40573531373646077,0.417975184019197,0.4180684344196003,0.4180404592994794,False,1,spread_hybrid_disc <= 0.12,1.4694114116404497,394,400,6,2,16.9,366,845,4.406020976872784,0.956011216263582,0.0475612925582603,,1182,177,2003,8.68,9.02,1154,0.86252,Frankfurter 2026-06-16 (ECB),2026-06-17T06:46:03.034492+00:00,ok,,ok,,best_deal,2026-04-17T07:47:48.625254+00:00,11.32,,50,True,8,0.0202176008208125,13.5275,13.81375,1/1,11.3935,11.412,10.91,11.044,11.625,11.929,10.032,13.384,5.09939878000614,8.943695966998728,0.001703357307425,0.0025186729199235,0.0255886272767658,0.0073413148124449,0.0059443941115362,0.0896647318721303,7,3,2026-06-24T22:38:12.195598+00:00,0.07884534118438581,0.07867249157853323,0.078724346460289
P2000 | Wicked Sick (Minimal Wear),A,491604414559218998,52414155431,8.06,7.01,0.12917006015778,431,4.6834836,4.614482,0.0075716632665433,4.725422966042799,4.721972639186315,4.723007737243259,4.689643654551932,4.686219452408565,4.687246713051574,0.41371923498228313,0.41414731523743,0.41401889116088597,0.41815835551464864,0.4185831944902525,0.4184557427975715,False,2,"continuity_ratio <= 3.5, spread_hybrid_disc <= 0.12",3.765727899424873,173,174,1,2,16.4,244,820,2.493459777632437,0.9746992948983824,0.0503654485049834,,701,105,2003,5.43,5.35,499,0.86252,Frankfurter 2026-06-16 (ECB),2026-06-17T07:06:27.057725+00:00,ok,,ok,,best_deal,2026-04-18T12:27:48.467385+00:00,6.73,,50,True,8,0.0082241269220509,8.505,8.5775,1/1,7.3392,7.233,7.05,7.181,7.329,7.591,5.672,12.516,2.0165685633311488,7.371375626771314,0.0074480504558709,0.0416666666666667,0.0329444063143444,0.0036594707399529,0.0161115955836705,0.0503654485049834,7,3,2026-06-24T23:34:32.942607+00:00,0.008954737461405647,0.008218036503066767,0.00843904679056843
P2000 | Wicked Sick (Minimal Wear),A,490478514659092139,49938679088,8.55,7.44,0.11092828214169,26,4.6834836,4.614482,0.0075716632665433,5.202729930623862,4.910746847028049,4.998341772106793,5.1633366115224115,4.8735643255151135,4.960496011317303,0.39149357536563023,0.42564364362245044,0.41539862314540443,0.3961009811084899,0.42999247654794004,0.419825027916105,False,2,"continuity_ratio <= 3.5, spread_hybrid_disc <= 0.12",3.765727899424873,173,174,1,2,16.4,244,820,2.493459777632437,0.9746992948983824,0.0503654485049834,,744,111,2003,5.43,5.35,499,0.86252,Frankfurter 2026-06-16 (ECB),2026-06-17T07:06:27.057725+00:00,ok,,ok,,best_deal,2026-04-18T12:27:48.467385+00:00,6.73,,50,True,8,0.0082241269220509,8.505,8.5775,1/1,7.3392,7.233,7.05,7.181,7.329,7.591,5.672,12.516,2.0165685633311488,7.371375626771314,0.0074480504558709,0.0416666666666667,0.0329444063143444,0.0036594707399529,0.0161115955836705,0.0503654485049834,7,3,2026-06-24T23:34:32.942607+00:00,0.11086754539374559,0.04852440329417395,0.06722734592404545
P2000 | Wicked Sick (Minimal Wear),A,523129611940890206,52644852317,8.06,7.01,0.13156934082508,925,4.6834836,4.614482,0.0075716632665433,4.713301382420839,4.710724910193206,4.711497851861496,4.677613851479416,4.675056887431905,4.675823976646158,0.41522315354580164,0.41554281511250546,0.41544691664249433,0.41965088691322383,0.41996812811018547,0.41987295575109707,False,2,"continuity_ratio <= 3.5, spread_hybrid_disc <= 0.12",3.765727899424873,173,174,1,2,16.4,244,820,2.493459777632437,0.9746992948983824,0.0503654485049834,,701,105,2003,5.43,5.35,499,0.86252,Frankfurter 2026-06-16 (ECB),2026-06-17T07:06:27.057725+00:00,ok,,ok,,best_deal,2026-04-18T12:27:48.467385+00:00,6.73,,50,True,8,0.0082241269220509,8.505,8.5775,1/1,7.3392,7.233,7.05,7.181,7.329,7.591,5.672,12.516,2.0165685633311488,7.371375626771314,0.0074480504558709,0.0416666666666667,0.0329444063143444,0.0036594707399529,0.0161115955836705,0.0503654485049834,7,3,2026-06-24T23:34:32.942607+00:00,0.0063665820076405895,0.0058164632397145885,0.005981498870092389
AK-47 | Nouveau Rouge (Field-Tested),A,524255511862424552,52791771801,17.71,15.4,0.27584618330002,90,9.8672288,9.8586036,-0.0171427382581651,10.097213737026012,10.08764418630697,10.090515051522683,10.270307629256598,10.26057403023433,10.26349410994101,0.4298580611504228,0.4303984084524579,0.43023630426184745,0.42008426712272173,0.4206338774571242,0.4204689943568035,False,1,spread_hybrid_disc <= 0.12,2.653403648131099,269,277,8,2,16.78,428,839,1.6394275061115762,0.9835946573751452,0.0,,1540,231,2003,11.44,11.43,1146,0.86252,Frankfurter 2026-06-16 (ECB),2026-06-17T08:08:19.365684+00:00,ok,,ok,,best_deal,2026-04-17T00:50:36.186748+00:00,15.76,,50,True,8,-0.0028256746364777,16.2475,15.97625,1/1,13.7853,13.776,13.55,13.619,13.898,14.0134,12.956,15.822,2.023895018606777,3.361551797929679,-0.0085383781865969,-0.0200146092037983,-0.0389684813753582,-0.0042353614056228,-0.0190715606016262,0.0591830649970185,7,3,2026-06-25T02:28:31.953567+00:00,0.023307956234481033,0.022338124591473125,0.0226290740843755
Desert Eagle | Mulberry (Minimal Wear),A,509614826546307504,51382893016,13.82,12.02,0.12272667884827,608,7.4866736,7.7799304,0.020706506456555,8.19966837733008,8.167184565791572,8.176929709253125,8.029881891133284,7.998070705848133,8.007614061433678,0.40668101466497253,0.4090315075404072,0.40832635967777675,0.418966578065609,0.42126840044514235,0.4205778537312823,False,1,spread_hybrid_disc <= 0.12,1.4694114116404497,394,400,6,2,16.9,366,845,4.406020976872784,0.956011216263582,0.0475612925582603,,1202,180,2003,8.68,9.02,1154,0.86252,Frankfurter 2026-06-16 (ECB),2026-06-17T06:46:03.034492+00:00,ok,,ok,,best_deal,2026-04-17T07:47:48.625254+00:00,11.32,,50,True,8,0.0202176008208125,13.5275,13.81375,1/1,11.3935,11.412,10.91,11.044,11.625,11.929,10.032,13.384,5.09939878000614,8.943695966998728,0.001703357307425,0.0025186729199235,0.0255886272767658,0.0073413148124449,0.0059443941115362,0.0896647318721303,7,3,2026-06-24T22:38:12.195598+00:00,0.09523518927418972,0.09089630484112121,0.09219797017104177
P2000 | Wicked Sick (Minimal Wear),A,496104027643656727,49077331341,8.05,7.0,0.14077451825142,959,4.6834836,4.614482,0.0075716632665433,4.698138204432992,4.6997947070259665,4.6992977562480736,4.662565483969343,4.664209444082483,4.663716256048541,0.41638034727540485,0.41617457055578067,0.41623630357166796,0.4207993187615724,0.42059510011397727,0.42065636570825593,False,2,"continuity_ratio <= 3.5, spread_hybrid_disc <= 0.12",3.765727899424873,173,174,1,2,16.4,244,820,2.493459777632437,0.9746992948983824,0.0503654485049834,,700,105,2003,5.43,5.35,499,0.86252,Frankfurter 2026-06-16 (ECB),2026-06-17T07:06:27.057725+00:00,ok,,ok,,best_deal,2026-04-18T12:27:48.467385+00:00,6.73,,50,True,8,0.0082241269220509,8.505,8.5775,1/1,7.3392,7.233,7.05,7.181,7.329,7.591,5.672,12.516,2.0165685633311488,7.371375626771314,0.0074480504558709,0.0416666666666667,0.0329444063143444,0.0036594707399529,0.0161115955836705,0.0503654485049834,7,3,2026-06-24T23:34:32.942607+00:00,0.003128996636817932,0.003482686909796505,0.003376579827902933
P2000 | Wicked Sick (Minimal Wear),A,606438509289918185,50990700745,8.05,7.0,0.13849511742592,470,4.6834836,4.614482,0.0075716632665433,4.6996091471951695,4.697505187985329,4.69813637574828,4.664025289248241,4.661937260509064,4.662563669130816,0.41619762146643857,0.41645898285896543,0.41638057444120746,0.4206179764909018,0.4208773589429734,0.4207995442073521,False,2,"continuity_ratio <= 3.5, spread_hybrid_disc <= 0.12",3.765727899424873,173,174,1,2,16.4,244,820,2.493459777632437,0.9746992948983824,0.0503654485049834,,700,105,2003,5.43,5.35,499,0.86252,Frankfurter 2026-06-16 (ECB),2026-06-17T07:06:27.057725+00:00,ok,,ok,,best_deal,2026-04-18T12:27:48.467385+00:00,6.73,,50,True,8,0.0082241269220509,8.505,8.5775,1/1,7.3392,7.233,7.05,7.181,7.329,7.591,5.672,12.516,2.0165685633311488,7.371375626771314,0.0074480504558709,0.0416666666666667,0.0329444063143444,0.0036594707399529,0.0161115955836705,0.0503654485049834,7,3,2026-06-24T23:34:32.942607+00:00,0.0034430668648374363,0.0029938373191546875,0.0031286061828595126
USP-S | Cortex (Well-Worn),A,549023860950453290,50085851551,4.61,4.01,0.44029060006142,710,2.7083128,2.6996876,0.0029992031746486,2.675415756768295,2.6769924105596634,2.676519414422253,2.6673916413370904,2.6689635664234026,2.6684919888975087,0.41964951046240895,0.41930750313239407,0.41941010533139855,0.42139009949303896,0.4210491179124941,0.42115141238665754,False,1,spread_hybrid_disc <= 0.12,1.2221659882373626,143,145,2,2,17.0,525,850,4.27416052416053,0.9574305378536834,0.0,,401,60,2003,3.14,3.13,375,0.86252,Frankfurter 2026-06-16 (ECB),2026-06-17T07:46:51.026026+00:00,ok,,ok,,best_deal,2026-04-18T22:26:49.389629+00:00,3.77,,50,True,8,0.0013227513227512,3.73375,3.745,1/1,3.9072,3.923,3.756,3.8122,3.979,4.056,3.49,4.357,4.269041769041776,7.678132678132685,-0.0146369519648905,-0.0295315682281059,-0.0189164843649466,-0.0061954440070586,,0.0600734522560337,7,3,2026-06-25T00:02:37.133581+00:00,-0.01214669266847788,-0.011564539162661225,-0.011739185214406223
P2000 | Wicked Sick (Minimal Wear),A,560282859985547061,51713925195,8.06,7.01,0.14156800508499,475,4.6834836,4.614482,0.0075716632665433,4.697676744198625,4.7002869513293435,4.699503889190129,4.662107517756481,4.66469796127775,4.66392082822137,0.41716169426816074,0.41683784722961004,0.4169350013411751,0.4215747496580049,0.4212533546801799,0.4213497731735274,False,2,"continuity_ratio <= 3.5, spread_hybrid_disc <= 0.12",3.765727899424873,173,174,1,2,16.4,244,820,2.493459777632437,0.9746992948983824,0.0503654485049834,,701,105,2003,5.43,5.35,499,0.86252,Frankfurter 2026-06-16 (ECB),2026-06-17T07:06:27.057725+00:00,ok,,ok,,best_deal,2026-04-18T12:27:48.467385+00:00,6.73,,50,True,8,0.0082241269220509,8.505,8.5775,1/1,7.3392,7.233,7.05,7.181,7.329,7.591,5.672,12.516,2.0165685633311488,7.371375626771314,0.0074480504558709,0.0416666666666667,0.0329444063143444,0.0036594707399529,0.0161115955836705,0.0503654485049834,7,3,2026-06-24T23:34:32.942607+00:00,0.0030304673637856334,0.003587789082755453,0.0034205925670645074
MP7 | Abyssal Apparition (Minimal Wear),A,492730314467822709,52259242571,10.06,8.76,0.11928376555443,560,5.9255124,5.7616336,0.0243195706681342,5.96475475545249,5.963927611828717,5.964175754915848,5.819694480659174,5.818887452813211,5.819129561166999,0.4070820322611839,0.4071642532973443,0.4071395869864962,0.42150154267801454,0.4215817641338757,0.4215576976971174,False,1,spread_hybrid_disc <= 0.12,1.8123724634126133,207,208,1,2,17.1,266,855,2.2630866943342585,0.9772160664819944,0.0404481792717087,,876,130,2003,6.87,6.68,742,0.86252,Frankfurter 2026-06-16 (ECB),2026-06-17T06:41:44.038225+00:00,ok,,ok,,best_deal,2026-04-18T05:21:43.987429+00:00,9.04,,50,True,8,0.0250463821892393,11.2675,11.54875,1/1,8.7226,8.664,8.4666,8.568,8.86,9.03,7.424,17.448,3.34762570793112,6.45908330085066,0.0268422752221753,0.0301246537396122,0.0019083969465649,0.0039511108897606,0.0100049136639224,0.0404481792717087,7,3,2026-06-24T22:28:10.794316+00:00,0.006622609624863769,0.006483019397397014,0.00652489646563704
AK-47 | Nouveau Rouge (Field-Tested),A,506234592353687652,49455425121,17.4,15.14,0.37090265750885,834,9.8672288,9.8586036,-0.0171427382581651,9.897469694112969,9.890966234996476,9.892917272731424,10.067139426497269,10.06052448028337,10.062508964147538,0.43117990263718564,0.4315536646553749,0.4314415360499181,0.421428768592111,0.4218089379147488,0.42169488711795755,False,1,spread_hybrid_disc <= 0.12,2.653403648131099,269,277,8,2,16.78,428,839,1.6394275061115762,0.9835946573751452,0.0,,1514,226,2003,11.44,11.43,1146,0.86252,Frankfurter 2026-06-16 (ECB),2026-06-17T08:08:19.365684+00:00,ok,,ok,,best_deal,2026-04-17T00:50:36.186748+00:00,15.76,,50,True,8,-0.0028256746364777,16.2475,15.97625,1/1,13.7853,13.776,13.55,13.619,13.898,14.0134,12.956,15.822,2.023895018606777,3.361551797929679,-0.0085383781865969,-0.0200146092037983,-0.0389684813753582,-0.0042353614056228,-0.0190715606016262,0.0591830649970185,7,3,2026-06-25T02:28:31.953567+00:00,0.0030647808747445776,0.002405684055535032,0.0026034131012978956
USP-S | Cortex (Well-Worn),A,528757662633423040,41525955016,4.61,4.01,0.44297385215759,231,2.7083128,2.6996876,0.0029992031746486,2.6725774140498797,2.6723409390174826,2.6724118815272018,2.664561811385167,2.664326045589438,2.6643967753281568,0.4202652030260565,0.42031649912852875,0.42030111029778705,0.4220039454695951,0.42205508772463385,0.42203974504812225,False,1,spread_hybrid_disc <= 0.12,1.2221659882373626,143,145,2,2,17.0,525,850,4.27416052416053,0.9574305378536834,0.0,,401,60,2003,3.14,3.13,375,0.86252,Frankfurter 2026-06-16 (ECB),2026-06-17T07:46:51.026026+00:00,ok,,ok,,best_deal,2026-04-18T22:26:49.389629+00:00,3.77,,50,True,8,0.0013227513227512,3.73375,3.745,1/1,3.9072,3.923,3.756,3.8122,3.979,4.056,3.49,4.357,4.269041769041776,7.678132678132685,-0.0146369519648905,-0.0295315682281059,-0.0189164843649466,-0.0061954440070586,,0.0600734522560337,7,3,2026-06-25T00:02:37.133581+00:00,-0.013194704079277749,-0.013282018599372003,-0.013255824243343726
AK-47 | Nouveau Rouge (Field-Tested),A,543392457919306260,51771630221,17.48,15.2,0.34582167863846,890,9.8672288,9.8586036,-0.0171427382581651,9.922926075091777,9.925737544712478,9.924894103826267,10.093032199552196,10.095891865460725,10.095033965688167,0.43232688357598537,0.4321660443528331,0.4322142961197788,0.42259541192493155,0.4224318154770752,0.4224808944114321,False,1,spread_hybrid_disc <= 0.12,2.653403648131099,269,277,8,2,16.78,428,839,1.6394275061115762,0.9835946573751452,0.0,,1520,228,2003,11.44,11.43,1146,0.86252,Frankfurter 2026-06-16 (ECB),2026-06-17T08:08:19.365684+00:00,ok,,ok,,best_deal,2026-04-17T00:50:36.186748+00:00,15.76,,50,True,8,-0.0028256746364777,16.2475,15.97625,1/1,13.7853,13.776,13.55,13.619,13.898,14.0134,12.956,15.822,2.023895018606777,3.361551797929679,-0.0085383781865969,-0.0200146092037983,-0.0389684813753582,-0.0042353614056228,-0.0190715606016262,0.0591830649970185,7,3,2026-06-25T02:28:31.953567+00:00,0.00564467250336554,0.005929602515397016,0.005844123511787573
USP-S | Cortex (Well-Worn),A,531009462467547782,47670773251,4.61,4.01,0.44843646883965,483,2.7083128,2.6996876,0.0029992031746486,2.6676140356812987,2.6692472693977534,2.668757299282817,2.659613319196746,2.6612416545134536,2.6607531539184412,0.4213418577697834,0.42098757713714685,0.4210938613269378,0.4230773711069965,0.42272415303395805,0.4228301184558696,False,1,spread_hybrid_disc <= 0.12,1.2221659882373626,143,145,2,2,17.0,525,850,4.27416052416053,0.9574305378536834,0.0,,401,60,2003,3.14,3.13,375,0.86252,Frankfurter 2026-06-16 (ECB),2026-06-17T07:46:51.026026+00:00,ok,,ok,,best_deal,2026-04-18T22:26:49.389629+00:00,3.77,,50,True,8,0.0013227513227512,3.73375,3.745,1/1,3.9072,3.923,3.756,3.8122,3.979,4.056,3.49,4.357,4.269041769041776,7.678132678132685,-0.0146369519648905,-0.0295315682281059,-0.0189164843649466,-0.0061954440070586,,0.0600734522560337,7,3,2026-06-25T00:02:37.133581+00:00,-0.015027349986567578,-0.014424305273100768,-0.014605218687140811
AK-47 | Nouveau Rouge (Field-Tested),A,533261262309198861,50643113670,17.52,15.24,0.3178830742836,533,9.8672288,9.8586036,-0.0171427382581651,9.942037396897668,9.93483959530202,9.936998935780714,10.112471141745573,10.105149950121136,10.107346307608468,0.4325321120492198,0.432942945473629,0.4328196954463063,0.42280415857616593,0.4232220348104374,0.4230966719401559,False,1,spread_hybrid_disc <= 0.12,2.653403648131099,269,277,8,2,16.78,428,839,1.6394275061115762,0.9835946573751452,0.0,,1524,228,2003,11.44,11.43,1146,0.86252,Frankfurter 2026-06-16 (ECB),2026-06-17T08:08:19.365684+00:00,ok,,ok,,best_deal,2026-04-17T00:50:36.186748+00:00,15.76,,50,True,8,-0.0028256746364777,16.2475,15.97625,1/1,13.7853,13.776,13.55,13.619,13.898,14.0134,12.956,15.822,2.023895018606777,3.361551797929679,-0.0085383781865969,-0.0200146092037983,-0.0389684813753582,-0.0042353614056228,-0.0190715606016262,0.0591830649970185,7,3,2026-06-25T02:28:31.953567+00:00,0.0075815204465176774,0.006852055087849895,0.00707089469545023
Desert Eagle | Mulberry (Minimal Wear),A,526505862780672733,51898812594,13.75,11.97,0.13300056755543,694,7.4866736,7.7799304,0.020706506456555,8.093099438069345,8.0915935861915,8.092045341754854,7.92551962230142,7.9240449513552065,7.924487352639072,0.41141094995859306,0.4115204664588,0.4114876115087379,0.4235985729235331,0.42370582171962134,0.4236736470807948,False,1,spread_hybrid_disc <= 0.12,1.4694114116404497,394,400,6,2,16.9,366,845,4.406020976872784,0.956011216263582,0.0475612925582603,,1197,178,2003,8.68,9.02,1154,0.86252,Frankfurter 2026-06-16 (ECB),2026-06-17T06:46:03.034492+00:00,ok,,ok,,best_deal,2026-04-17T07:47:48.625254+00:00,11.32,,50,True,8,0.0202176008208125,13.5275,13.81375,1/1,11.3935,11.412,10.91,11.044,11.625,11.929,10.032,13.384,5.09939878000614,8.943695966998728,0.001703357307425,0.0025186729199235,0.0255886272767658,0.0073413148124449,0.0059443941115362,0.0896647318721303,7,3,2026-06-24T22:38:12.195598+00:00,0.08100070478153946,0.08079956713906976,0.08085990843181066
AK-47 | Nouveau Rouge (Field-Tested),A,549022591534216070,48796970752,17.52,15.24,0.34472513198853,342,9.8672288,9.8586036,-0.0171427382581651,9.923785931356083,9.925945151909685,9.925297385743605,10.09390679610738,10.096103031613776,10.095444160961858,0.4335738623655204,0.43345061918323713,0.4334875921379221,0.42386376734546916,0.42373841143756985,0.4237760182099396,False,1,spread_hybrid_disc <= 0.12,2.653403648131099,269,277,8,2,16.78,428,839,1.6394275061115762,0.9835946573751452,0.0,,1524,228,2003,11.44,11.43,1146,0.86252,Frankfurter 2026-06-16 (ECB),2026-06-17T08:08:19.365684+00:00,ok,,ok,,best_deal,2026-04-17T00:50:36.186748+00:00,15.76,,50,True,8,-0.0028256746364777,16.2475,15.97625,1/1,13.7853,13.776,13.55,13.619,13.898,14.0134,12.956,15.822,2.023895018606777,3.361551797929679,-0.0085383781865969,-0.0200146092037983,-0.0389684813753582,-0.0042353614056228,-0.0190715606016262,0.0591830649970185,7,3,2026-06-25T02:28:31.953567+00:00,0.005731815132946182,0.005950642586668854,0.005884994350552053
Desert Eagle | Mulberry (Minimal Wear),A,549023860919179550,52494890114,13.8,12.0,0.12837560474873,312,7.4866736,7.7799304,0.020706506456555,8.107781652468539,8.108595499561364,8.108351345433515,7.9398978193333605,7.940694814496104,7.940455715947279,0.4124795904008306,0.4124206159738142,0.4124383083019192,0.4246450855555536,0.42458733228289103,0.42460465826468996,False,1,spread_hybrid_disc <= 0.12,1.4694114116404497,394,400,6,2,16.9,366,845,4.406020976872784,0.956011216263582,0.0475612925582603,,1200,180,2003,8.68,9.02,1154,0.86252,Frankfurter 2026-06-16 (ECB),2026-06-17T06:46:03.034492+00:00,ok,,ok,,best_deal,2026-04-17T07:47:48.625254+00:00,11.32,,50,True,8,0.0202176008208125,13.5275,13.81375,1/1,11.3935,11.412,10.91,11.044,11.625,11.929,10.032,13.384,5.09939878000614,8.943695966998728,0.001703357307425,0.0025186729199235,0.0255886272767658,0.0073413148124449,0.0059443941115362,0.0896647318721303,7,3,2026-06-24T22:38:12.195598+00:00,0.08296181797862012,0.08307052407912695,0.0830379122489749
P2000 | Wicked Sick (Minimal Wear),A,506235858877607953,50624650532,8.14,7.09,0.13512443006039,886,4.6834836,4.614482,0.0075716632665433,4.70219349139118,4.70148256965844,4.701695846178262,4.666590065660234,4.665884526787464,4.666096188449294,0.42233495191754555,0.4224222887397494,0.42239608769308834,0.4267088371424774,0.42679551267967286,0.42676951001851426,False,2,"continuity_ratio <= 3.5, spread_hybrid_disc <= 0.12",3.765727899424873,173,174,1,2,16.4,244,820,2.493459777632437,0.9746992948983824,0.0503654485049834,,709,105,2003,5.43,5.35,499,0.86252,Frankfurter 2026-06-16 (ECB),2026-06-17T07:06:27.057725+00:00,ok,,ok,,best_deal,2026-04-18T12:27:48.467385+00:00,6.73,,50,True,8,0.0082241269220509,8.505,8.5775,1/1,7.3392,7.233,7.05,7.181,7.329,7.591,5.672,12.516,2.0165685633311488,7.371375626771314,0.0074480504558709,0.0416666666666667,0.0329444063143444,0.0036594707399529,0.0161115955836705,0.0503654485049834,7,3,2026-06-24T23:34:32.942607+00:00,0.003994866426174651,0.003843073061778225,0.003888611071097153
MP7 | Abyssal Apparition (Minimal Wear),A,492730314465100857,52344327423,10.06,8.76,0.12746308743954,193,5.9255124,5.7616336,0.0243195706681342,5.90149580487468,5.901212197592514,5.901297279777165,5.757973960600333,5.757697250525507,5.757780263547956,0.41337019832259636,0.4133983899013406,0.41338993242771727,0.42763678324052357,0.42766428921217625,0.42765603742068037,False,1,spread_hybrid_disc <= 0.12,1.8123724634126133,207,208,1,2,17.1,266,855,2.2630866943342585,0.9772160664819944,0.0404481792717087,,876,130,2003,6.87,6.68,742,0.86252,Frankfurter 2026-06-16 (ECB),2026-06-17T06:41:44.038225+00:00,ok,,ok,,best_deal,2026-04-18T05:21:43.987429+00:00,9.04,,50,True,8,0.0250463821892393,11.2675,11.54875,1/1,8.7226,8.664,8.4666,8.568,8.86,9.03,7.424,17.448,3.34762570793112,6.45908330085066,0.0268422752221753,0.0301246537396122,0.0019083969465649,0.0039511108897606,0.0100049136639224,0.0404481792717087,7,3,2026-06-24T22:28:10.794316+00:00,-0.004053083261680355,-0.004100945330480613,-0.004086586709840536
AK-47 | Nouveau Rouge (Field-Tested),A,627831217896704648,51264678287,17.6,15.31,0.37156954407692,747,9.8672288,9.8586036,-0.0171427382581651,9.896716132851957,9.889360652828351,9.891567296835431,10.066372947132797,10.058891374040384,10.061135845968106,0.43768658336068433,0.4381045083620255,0.4379791308616233,0.4280469916401821,0.42847208102043277,0.42834455420635764,False,1,spread_hybrid_disc <= 0.12,2.653403648131099,269,277,8,2,16.78,428,839,1.6394275061115762,0.9835946573751452,0.0,,1531,229,2003,11.44,11.43,1146,0.86252,Frankfurter 2026-06-16 (ECB),2026-06-17T08:08:19.365684+00:00,ok,,ok,,best_deal,2026-04-17T00:50:36.186748+00:00,15.76,,50,True,8,-0.0028256746364777,16.2475,15.97625,1/1,13.7853,13.776,13.55,13.619,13.898,14.0134,12.956,15.822,2.023895018606777,3.361551797929679,-0.0085383781865969,-0.0200146092037983,-0.0389684813753582,-0.0042353614056228,-0.0190715606016262,0.0591830649970185,7,3,2026-06-25T02:28:31.953567+00:00,0.002988410773646743,0.0022429654036552117,0.002466599014652671
Desert Eagle | Mulberry (Minimal Wear),A,492730314451116225,52750570987,13.93,12.12,0.12469775974751,745,7.4866736,7.7799304,0.020706506456555,8.153288174524855,8.121797085977736,8.131244412541871,7.984462060296902,7.9536230421781084,7.962874747613746,0.4146957520082659,0.4169564188099256,0.4162782187694277,0.4268153581983559,0.4290292144882908,0.4283650576013104,False,1,spread_hybrid_disc <= 0.12,1.4694114116404497,394,400,6,2,16.9,366,845,4.406020976872784,0.956011216263582,0.0475612925582603,,1212,181,2003,8.68,9.02,1154,0.86252,Frankfurter 2026-06-16 (ECB),2026-06-17T06:46:03.034492+00:00,ok,,ok,,best_deal,2026-04-17T07:47:48.625254+00:00,11.32,,50,True,8,0.0202176008208125,13.5275,13.81375,1/1,11.3935,11.412,10.91,11.044,11.625,11.929,10.032,13.384,5.09939878000614,8.943695966998728,0.001703357307425,0.0025186729199235,0.0255886272767658,0.0073413148124449,0.0059443941115362,0.0896647318721303,7,3,2026-06-24T22:38:12.195598+00:00,0.08904015456542068,0.08483386880626616,0.08609575453401251
P2000 | Wicked Sick (Minimal Wear),A,499481093147908545,51309281470,8.14,7.09,0.14685319364071,855,4.6834836,4.614482,0.0075716632665433,4.689260170148907,4.688042436321272,4.688407756469562,4.653754671171326,4.652546157614181,4.652908711681325,0.4239238120210188,0.42407341077134253,0.4240285311462455,0.42828566693226955,0.4284341329712308,0.4283895931595425,False,2,"continuity_ratio <= 3.5, spread_hybrid_disc <= 0.12",3.765727899424873,173,174,1,2,16.4,244,820,2.493459777632437,0.9746992948983824,0.0503654485049834,,709,105,2003,5.43,5.35,499,0.86252,Frankfurter 2026-06-16 (ECB),2026-06-17T07:06:27.057725+00:00,ok,,ok,,best_deal,2026-04-18T12:27:48.467385+00:00,6.73,,50,True,8,0.0082241269220509,8.505,8.5775,1/1,7.3392,7.233,7.05,7.181,7.329,7.591,5.672,12.516,2.0165685633311488,7.371375626771314,0.0074480504558709,0.0416666666666667,0.0329444063143444,0.0036594707399529,0.0161115955836705,0.0503654485049834,7,3,2026-06-24T23:34:32.942607+00:00,0.001233391774641417,0.0009733857766198571,0.001051387576026325
P2000 | Wicked Sick (Minimal Wear),A,526503959306024907,51929479682,8.14,7.09,0.1477392166853,855,4.6834836,4.614482,0.0075716632665433,4.687659374218655,4.687744064571945,4.687718657465958,4.652165995928816,4.652250045035268,4.652224830303333,0.42412046999770825,0.4241100657774024,0.4241131870434941,0.42848083588098085,0.4284705104379277,0.42847360807084367,False,2,"continuity_ratio <= 3.5, spread_hybrid_disc <= 0.12",3.765727899424873,173,174,1,2,16.4,244,820,2.493459777632437,0.9746992948983824,0.0503654485049834,,709,105,2003,5.43,5.35,499,0.86252,Frankfurter 2026-06-16 (ECB),2026-06-17T07:06:27.057725+00:00,ok,,ok,,best_deal,2026-04-18T12:27:48.467385+00:00,6.73,,50,True,8,0.0082241269220509,8.505,8.5775,1/1,7.3392,7.233,7.05,7.181,7.329,7.591,5.672,12.516,2.0165685633311488,7.371375626771314,0.0074480504558709,0.0416666666666667,0.0329444063143444,0.0036594707399529,0.0161115955836705,0.0503654485049834,7,3,2026-06-24T23:34:32.942607+00:00,0.0008915957811095075,0.0009096785503732538,0.00090425371959413
P2000 | Wicked Sick (Minimal Wear),A,549023860998084134,49844651314,8.17,7.11,0.13947543501854,533,4.6834836,4.614482,0.0075716632665433,4.699334940128093,4.698516298779024,4.698761891183745,4.663753158384742,4.662940715512304,4.663184448374035,0.4248060048802824,0.4249062057798012,0.42487614550994557,0.42916118012426663,0.42926062233631523,0.4292307896727007,False,2,"continuity_ratio <= 3.5, spread_hybrid_disc <= 0.12",3.765727899424873,173,174,1,2,16.4,244,820,2.493459777632437,0.9746992948983824,0.0503654485049834,,711,106,2003,5.43,5.35,499,0.86252,Frankfurter 2026-06-16 (ECB),2026-06-17T07:06:27.057725+00:00,ok,,ok,,best_deal,2026-04-18T12:27:48.467385+00:00,6.73,,50,True,8,0.0082241269220509,8.505,8.5775,1/1,7.3392,7.233,7.05,7.181,7.329,7.591,5.672,12.516,2.0165685633311488,7.371375626771314,0.0074480504558709,0.0416666666666667,0.0329444063143444,0.0036594707399529,0.0161115955836705,0.0503654485049834,7,3,2026-06-24T23:34:32.942607+00:00,0.003384519191674596,0.0032097259354180903,0.0032621639122950422
MP7 | Abyssal Apparition (Minimal Wear),A,492730314465156333,52323860782,10.06,8.76,0.13064190745354,431,5.9255124,5.7616336,0.0243195706681342,5.8830284630277925,5.881654298016964,5.882066547520213,5.739955736578543,5.738614990670806,5.739017214443128,0.41520591818809227,0.41534251510765763,0.415301536031788,0.42942785918702353,0.42956113412815056,0.4295211516458124,False,1,spread_hybrid_disc <= 0.12,1.8123724634126133,207,208,1,2,17.1,266,855,2.2630866943342585,0.9772160664819944,0.0404481792717087,,876,130,2003,6.87,6.68,742,0.86252,Frankfurter 2026-06-16 (ECB),2026-06-17T06:41:44.038225+00:00,ok,,ok,,best_deal,2026-04-18T05:21:43.987429+00:00,9.04,,50,True,8,0.0250463821892393,11.2675,11.54875,1/1,8.7226,8.664,8.4666,8.568,8.86,9.03,7.424,17.448,3.34762570793112,6.45908330085066,0.0268422752221753,0.0301246537396122,0.0019083969465649,0.0039511108897606,0.0100049136639224,0.0404481792717087,7,3,2026-06-24T22:28:10.794316+00:00,-0.007169664681185506,-0.007401571209780233,-0.007331999251201814
AK-47 | Nouveau Rouge (Field-Tested),A,538890761881864558,52621763603,18.18,15.81,0.25904592871666,953,9.8672288,9.8586036,-0.0171427382581651,10.195607190689723,10.18771168081125,10.190080333774791,10.370387816142781,10.362356955605048,10.364766213766368,0.43918552306437164,0.439619819537335,0.43948953059544604,0.4295716272748745,0.4300133687786002,0.42988084632748247,False,1,spread_hybrid_disc <= 0.12,2.653403648131099,269,277,8,2,16.78,428,839,1.6394275061115762,0.9835946573751452,0.0,,1581,237,2003,11.44,11.43,1146,0.86252,Frankfurter 2026-06-16 (ECB),2026-06-17T08:08:19.365684+00:00,ok,,ok,,best_deal,2026-04-17T00:50:36.186748+00:00,15.76,,50,True,8,-0.0028256746364777,16.2475,15.97625,1/1,13.7853,13.776,13.55,13.619,13.898,14.0134,12.956,15.822,2.023895018606777,3.361551797929679,-0.0085383781865969,-0.0200146092037983,-0.0389684813753582,-0.0042353614056228,-0.0190715606016262,0.0591830649970185,7,3,2026-06-25T02:28:31.953567+00:00,0.03327969760767306,0.03247952260023091,0.03271957510246355
P2000 | Wicked Sick (Minimal Wear),A,558031060243139848,52524736663,8.16,7.1,0.14903298020363,324,4.6834836,4.614482,0.0075716632665433,4.685399076937395,4.687429541704932,4.686820402274671,4.649922812857453,4.651937903629495,4.651333376397882,0.425808936649829,0.4255601051832191,0.4256347546232021,0.4301565180321749,0.4299095706336403,0.4299836548532008,False,2,"continuity_ratio <= 3.5, spread_hybrid_disc <= 0.12",3.765727899424873,173,174,1,2,16.4,244,820,2.493459777632437,0.9746992948983824,0.0503654485049834,,710,106,2003,5.43,5.35,499,0.86252,Frankfurter 2026-06-16 (ECB),2026-06-17T07:06:27.057725+00:00,ok,,ok,,best_deal,2026-04-18T12:27:48.467385+00:00,6.73,,50,True,8,0.0082241269220509,8.505,8.5775,1/1,7.3392,7.233,7.05,7.181,7.329,7.591,5.672,12.516,2.0165685633311488,7.371375626771314,0.0074480504558709,0.0416666666666667,0.0329444063143444,0.0036594707399529,0.0161115955836705,0.0503654485049834,7,3,2026-06-24T23:34:32.942607+00:00,0.0004089855118517776,0.0008425227975460143,0.0007124616118377434
MP7 | Abyssal Apparition (Minimal Wear),A,502859427100214602,51767725166,10.06,8.76,0.13818855583668,641,5.9255124,5.7616336,0.0243195706681342,5.861928022609663,5.862214608321658,5.8621286326080595,5.719368449812292,5.719648065882811,5.719564181061655,0.41730337747418855,0.4172748898288611,0.41728343612245933,0.43147430916378815,0.4314465143257644,0.43145485277717155,False,1,spread_hybrid_disc <= 0.12,1.8123724634126133,207,208,1,2,17.1,266,855,2.2630866943342585,0.9772160664819944,0.0404481792717087,,876,130,2003,6.87,6.68,742,0.86252,Frankfurter 2026-06-16 (ECB),2026-06-17T06:41:44.038225+00:00,ok,,ok,,best_deal,2026-04-18T05:21:43.987429+00:00,9.04,,50,True,8,0.0250463821892393,11.2675,11.54875,1/1,8.7226,8.664,8.4666,8.568,8.86,9.03,7.424,17.448,3.34762570793112,6.45908330085066,0.0268422752221753,0.0301246537396122,0.0019083969465649,0.0039511108897606,0.0100049136639224,0.0404481792717087,7,3,2026-06-24T22:28:10.794316+00:00,-0.010730612493585654,-0.010682247779675871,-0.010696757193848806
MP7 | Abyssal Apparition (Minimal Wear),A,491597893788061166,25794853437,10.06,8.76,0.13830442726612,640,5.9255124,5.7616336,0.0243195706681342,5.86177974004342,5.862098211273717,5.862002669904628,5.719223773414397,5.719534499561103,5.719441281717091,0.4173181172919066,0.4172864601119566,0.4172959572659416,0.43148869051546757,0.4314578032245424,0.43146706941182,False,1,spread_hybrid_disc <= 0.12,1.8123724634126133,207,208,1,2,17.1,266,855,2.2630866943342585,0.9772160664819944,0.0404481792717087,,876,130,2003,6.87,6.68,742,0.86252,Frankfurter 2026-06-16 (ECB),2026-06-17T06:41:44.038225+00:00,ok,,ok,,best_deal,2026-04-18T05:21:43.987429+00:00,9.04,,50,True,8,0.0250463821892393,11.2675,11.54875,1/1,8.7226,8.664,8.4666,8.568,8.86,9.03,7.424,17.448,3.34762570793112,6.45908330085066,0.0268422752221753,0.0301246537396122,0.0019083969465649,0.0039511108897606,0.0100049136639224,0.0404481792717087,7,3,2026-06-24T22:28:10.794316+00:00,-0.010755636922906407,-0.010701891152279475,-0.010718014883467554
MP7 | Abyssal Apparition (Minimal Wear),A,546770157653898577,52013578367,10.06,8.76,0.13872310519218,983,5.9255124,5.7616336,0.0243195706681342,5.861080608388517,5.861643548453926,5.861474666434304,5.718541644341181,5.7190908939458875,5.718926119064476,0.41738761348026676,0.41733165522326787,0.4173484427003674,0.43155649658636375,0.43150189921015036,0.43151827842301427,False,1,spread_hybrid_disc <= 0.12,1.8123724634126133,207,208,1,2,17.1,266,855,2.2630866943342585,0.9772160664819944,0.0404481792717087,,876,130,2003,6.87,6.68,742,0.86252,Frankfurter 2026-06-16 (ECB),2026-06-17T06:41:44.038225+00:00,ok,,ok,,best_deal,2026-04-18T05:21:43.987429+00:00,9.04,,50,True,8,0.0250463821892393,11.2675,11.54875,1/1,8.7226,8.664,8.4666,8.568,8.86,9.03,7.424,17.448,3.34762570793112,6.45908330085066,0.0268422752221753,0.0301246537396122,0.0019083969465649,0.0039511108897606,0.0100049136639224,0.0404481792717087,7,3,2026-06-24T22:28:10.794316+00:00,-0.01087362362307816,-0.010778620857509918,-0.01080712168718039
MP7 | Abyssal Apparition (Minimal Wear),A,492730314464575725,52550883295,10.06,8.76,0.13978347182274,218,5.9255124,5.7616336,0.0243195706681342,5.85857981701613,5.860228732188581,5.859734057636846,5.716101671141302,5.717710485404691,5.717227841125674,0.41763620109183597,0.4174722930230039,0.41752146544365354,0.4317990386539462,0.43163911675897704,0.4316870933274678,False,1,spread_hybrid_disc <= 0.12,1.8123724634126133,207,208,1,2,17.1,266,855,2.2630866943342585,0.9772160664819944,0.0404481792717087,,876,130,2003,6.87,6.68,742,0.86252,Frankfurter 2026-06-16 (ECB),2026-06-17T06:41:44.038225+00:00,ok,,ok,,best_deal,2026-04-18T05:21:43.987429+00:00,9.04,,50,True,8,0.0250463821892393,11.2675,11.54875,1/1,8.7226,8.664,8.4666,8.568,8.86,9.03,7.424,17.448,3.34762570793112,6.45908330085066,0.0268422752221753,0.0301246537396122,0.0019083969465649,0.0039511108897606,0.0100049136639224,0.0404481792717087,7,3,2026-06-24T22:28:10.794316+00:00,-0.01129566161803491,-0.011017387764038445,-0.011100869920237384
MP7 | Abyssal Apparition (Minimal Wear),A,541142561635162035,50633346396,10.06,8.76,0.14039486646652,229,5.9255124,5.7616336,0.0243195706681342,5.857012634719327,5.859102738165293,5.858475707131503,5.7145726020451155,5.7166118750726245,5.7160000931643715,0.4177919846203453,0.4175842208583208,0.4176465499869282,0.43195103359392495,0.43174832255739326,0.4318091358683528,False,1,spread_hybrid_disc <= 0.12,1.8123724634126133,207,208,1,2,17.1,266,855,2.2630866943342585,0.9772160664819944,0.0404481792717087,,876,130,2003,6.87,6.68,742,0.86252,Frankfurter 2026-06-16 (ECB),2026-06-17T06:41:44.038225+00:00,ok,,ok,,best_deal,2026-04-18T05:21:43.987429+00:00,9.04,,50,True,8,0.0250463821892393,11.2675,11.54875,1/1,8.7226,8.664,8.4666,8.568,8.86,9.03,7.424,17.448,3.34762570793112,6.45908330085066,0.0268422752221753,0.0301246537396122,0.0019083969465649,0.0039511108897606,0.0100049136639224,0.0404481792717087,7,3,2026-06-24T22:28:10.794316+00:00,-0.011560142086728691,-0.011207412515870534,-0.01131323138712798
Desert Eagle | Mulberry (Minimal Wear),A,540016661749604375,52390755940,14.0,12.19,0.12568092346191,960,7.4866736,7.7799304,0.020706506456555,8.132871427360914,8.117903222109794,8.12239368368513,7.964468072639933,7.9498098066274885,7.954207286431222,0.4190806123313633,0.4201497698493004,0.4198290225939193,0.43110942338286196,0.43215644238375084,0.43184233668348415,False,1,spread_hybrid_disc <= 0.12,1.4694114116404497,394,400,6,2,16.9,366,845,4.406020976872784,0.956011216263582,0.0475612925582603,,1219,181,2003,8.68,9.02,1154,0.86252,Frankfurter 2026-06-16 (ECB),2026-06-17T06:46:03.034492+00:00,ok,,ok,,best_deal,2026-04-17T07:47:48.625254+00:00,11.32,,50,True,8,0.0202176008208125,13.5275,13.81375,1/1,11.3935,11.412,10.91,11.044,11.625,11.929,10.032,13.384,5.09939878000614,8.943695966998728,0.001703357307425,0.0025186729199235,0.0255886272767658,0.0073413148124449,0.0059443941115362,0.0896647318721303,7,3,2026-06-24T22:38:12.195598+00:00,0.08631307599157453,0.08431376280512545,0.08491355676106019
MP7 | Abyssal Apparition (Minimal Wear),A,525376791010760730,51047792116,10.06,8.76,0.14517858624458,972,5.9255124,5.7616336,0.0243195706681342,5.841094274951945,5.840357645888442,5.8405786346074935,5.699041369953017,5.69832265539208,5.698538269760362,0.4193743265455323,0.41944755011049284,0.41942558304100463,0.43349489364284133,0.43356633644213916,0.43354490360234976,False,1,spread_hybrid_disc <= 0.12,1.8123724634126133,207,208,1,2,17.1,266,855,2.2630866943342585,0.9772160664819944,0.0404481792717087,,876,130,2003,6.87,6.68,742,0.86252,Frankfurter 2026-06-16 (ECB),2026-06-17T06:41:44.038225+00:00,ok,,ok,,best_deal,2026-04-18T05:21:43.987429+00:00,9.04,,50,True,8,0.0250463821892393,11.2675,11.54875,1/1,8.7226,8.664,8.4666,8.568,8.86,9.03,7.424,17.448,3.34762570793112,6.45908330085066,0.0268422752221753,0.0301246537396122,0.0019083969465649,0.0039511108897606,0.0100049136639224,0.0404481792717087,7,3,2026-06-24T22:28:10.794316+00:00,-0.014246552761927267,-0.014370867591392982,-0.014333573142553267
P2000 | Wicked Sick (Minimal Wear),A,490478514651229703,52669136078,8.25,7.19,0.13452282547951,231,4.6834836,4.614482,0.0075716632665433,4.703442502323777,4.702466018750951,4.7027589638228,4.667829619502633,4.666860529534606,4.667151256525015,0.4298857572940876,0.4300041189392786,0.4299686104457212,0.43420247036331716,0.4343199358139871,0.43428469617878607,False,2,"continuity_ratio <= 3.5, spread_hybrid_disc <= 0.12",3.765727899424873,173,174,1,2,16.4,244,820,2.493459777632437,0.9746992948983824,0.0503654485049834,,719,106,2003,5.43,5.35,499,0.86252,Frankfurter 2026-06-16 (ECB),2026-06-17T07:06:27.057725+00:00,ok,,ok,,best_deal,2026-04-18T12:27:48.467385+00:00,6.73,,50,True,8,0.0082241269220509,8.505,8.5775,1/1,7.3392,7.233,7.05,7.181,7.329,7.591,5.672,12.516,2.0165685633311488,7.371375626771314,0.0074480504558709,0.0416666666666667,0.0329444063143444,0.0036594707399529,0.0161115955836705,0.0503654485049834,7,3,2026-06-24T23:34:32.942607+00:00,0.004261550595325659,0.0040530554544809146,0.004115603996734338
P2000 | Wicked Sick (Minimal Wear),A,558030425206960744,51892172045,8.25,7.19,0.13459679484367,480,4.6834836,4.614482,0.0075716632665433,4.703282426893506,4.702360180742833,4.702636854588035,4.667670756109618,4.666755492896246,4.667030071860258,0.4299051603765447,0.43001694778874755,0.4299834115650867,0.4342217265321675,0.4343326675277278,0.43429938522905964,False,2,"continuity_ratio <= 3.5, spread_hybrid_disc <= 0.12",3.765727899424873,173,174,1,2,16.4,244,820,2.493459777632437,0.9746992948983824,0.0503654485049834,,719,106,2003,5.43,5.35,499,0.86252,Frankfurter 2026-06-16 (ECB),2026-06-17T07:06:27.057725+00:00,ok,,ok,,best_deal,2026-04-18T12:27:48.467385+00:00,6.73,,50,True,8,0.0082241269220509,8.505,8.5775,1/1,7.3392,7.233,7.05,7.181,7.329,7.591,5.672,12.516,2.0165685633311488,7.371375626771314,0.0074480504558709,0.0416666666666667,0.0329444063143444,0.0036594707399529,0.0161115955836705,0.0503654485049834,7,3,2026-06-24T23:34:32.942607+00:00,0.0042273718847879805,0.004030457316607929,0.004089531687061945
P2000 | Wicked Sick (Minimal Wear),A,497233914084158453,52638445064,8.33,7.25,0.12611690163612,190,4.6834836,4.614482,0.0075716632665433,4.743623805960143,4.740980975580793,4.741773824694598,4.707706683838254,4.705083864080606,4.705870710007901,0.43053735822807404,0.43085462478021697,0.43075944481457407,0.4348491375944472,0.4351640019110917,0.4350695426160983,False,2,"continuity_ratio <= 3.5, spread_hybrid_disc <= 0.12",3.765727899424873,173,174,1,2,16.4,244,820,2.493459777632437,0.9746992948983824,0.0503654485049834,,725,108,2003,5.43,5.35,499,0.86252,Frankfurter 2026-06-16 (ECB),2026-06-17T07:06:27.057725+00:00,ok,,ok,,best_deal,2026-04-18T12:27:48.467385+00:00,6.73,,50,True,8,0.0082241269220509,8.505,8.5775,1/1,7.3392,7.233,7.05,7.181,7.329,7.591,5.672,12.516,2.0165685633311488,7.371375626771314,0.0074480504558709,0.0416666666666667,0.0329444063143444,0.0036594707399529,0.0161115955836705,0.0503654485049834,7,3,2026-06-24T23:34:32.942607+00:00,0.012840913110092661,0.01227662579640344,0.012445911990510207
P2000 | Wicked Sick (Minimal Wear),A,559156960071893965,51779434415,8.29,7.21,0.14319159090519,459,4.6834836,4.614482,0.0075716632665433,4.69568419088255,4.6970466112759235,4.696637885157911,4.660130051383156,4.661482155988083,4.661076524606606,0.43357247395867915,0.4334081289172589,0.43345743242968493,0.4378612724507652,0.4376981717746582,0.4377471019774902,False,2,"continuity_ratio <= 3.5, spread_hybrid_disc <= 0.12",3.765727899424873,173,174,1,2,16.4,244,820,2.493459777632437,0.9746992948983824,0.0503654485049834,,721,108,2003,5.43,5.35,499,0.86252,Frankfurter 2026-06-16 (ECB),2026-06-17T07:06:27.057725+00:00,ok,,ok,,best_deal,2026-04-18T12:27:48.467385+00:00,6.73,,50,True,8,0.0082241269220509,8.505,8.5775,1/1,7.3392,7.233,7.05,7.181,7.329,7.591,5.672,12.516,2.0165685633311488,7.371375626771314,0.0074480504558709,0.0416666666666667,0.0329444063143444,0.0036594707399529,0.0161115955836705,0.0503654485049834,7,3,2026-06-24T23:34:32.942607+00:00,0.002605024790211614,0.002895923725648005,0.0028086540450170876
P2000 | Wicked Sick (Minimal Wear),A,722411267464965922,50710259330,8.3,7.22,0.14126080274582,584,4.6834836,4.614482,0.0075716632665433,4.697840568815364,4.7002092859305025,4.69949867079596,4.662270101948388,4.664620883935156,4.663915649339125,0.43399511219092,0.43370972458668655,0.4337953408679567,0.43828071060862805,0.4379974838632342,0.43808245188685246,False,2,"continuity_ratio <= 3.5, spread_hybrid_disc <= 0.12",3.765727899424873,173,174,1,2,16.4,244,820,2.493459777632437,0.9746992948983824,0.0503654485049834,,722,108,2003,5.43,5.35,499,0.86252,Frankfurter 2026-06-16 (ECB),2026-06-17T07:06:27.057725+00:00,ok,,ok,,best_deal,2026-04-18T12:27:48.467385+00:00,6.73,,50,True,8,0.0082241269220509,8.505,8.5775,1/1,7.3392,7.233,7.05,7.181,7.329,7.591,5.672,12.516,2.0165685633311488,7.371375626771314,0.0074480504558709,0.0416666666666667,0.0329444063143444,0.0036594707399529,0.0161115955836705,0.0503654485049834,7,3,2026-06-24T23:34:32.942607+00:00,0.00306544658667408,0.003571206255639036,0.003419478354949549
Desert Eagle | Mulberry (Minimal Wear),A,532135362434430982,52489020171,14.1,12.27,0.13686707615852,989,7.4866736,7.7799304,0.020706506456555,8.081579075515732,8.078308452878902,8.07928963966995,7.914237806209406,7.911034906741322,7.911995776581746,0.4268383634386006,0.42707032249085797,0.42700073477518086,0.4387065385667088,0.4389336945573531,0.43886554776015985,False,1,spread_hybrid_disc <= 0.12,1.4694114116404497,394,400,6,2,16.9,366,845,4.406020976872784,0.956011216263582,0.0475612925582603,,1227,183,2003,8.68,9.02,1154,0.86252,Frankfurter 2026-06-16 (ECB),2026-06-17T06:46:03.034492+00:00,ok,,ok,,best_deal,2026-04-17T07:47:48.625254+00:00,11.32,,50,True,8,0.0202176008208125,13.5275,13.81375,1/1,11.3935,11.412,10.91,11.044,11.625,11.929,10.032,13.384,5.09939878000614,8.943695966998728,0.001703357307425,0.0025186729199235,0.0255886272767658,0.0073413148124449,0.0059443941115362,0.0896647318721303,7,3,2026-06-24T22:38:12.195598+00:00,0.07946192225018746,0.07902506299712353,0.07915612077304271
MP7 | Abyssal Apparition (Minimal Wear),A,560282860063989729,47621642009,10.17,8.85,0.14356160163879,983,5.9255124,5.7616336,0.0243195706681342,5.846116037472019,5.846802291460083,5.846596415263663,5.703941005364605,5.704610569950311,5.704409700574598,0.4251606649486708,0.4250931866804245,0.4251134301608984,0.43914051078027483,0.4390746735545418,0.4390944247222617,False,1,spread_hybrid_disc <= 0.12,1.8123724634126133,207,208,1,2,17.1,266,855,2.2630866943342585,0.9772160664819944,0.0404481792717087,,885,132,2003,6.87,6.68,742,0.86252,Frankfurter 2026-06-16 (ECB),2026-06-17T06:41:44.038225+00:00,ok,,ok,,best_deal,2026-04-18T05:21:43.987429+00:00,9.04,,50,True,8,0.0250463821892393,11.2675,11.54875,1/1,8.7226,8.664,8.4666,8.568,8.86,9.03,7.424,17.448,3.34762570793112,6.45908330085066,0.0268422752221753,0.0301246537396122,0.0019083969465649,0.0039511108897606,0.0100049136639224,0.0404481792717087,7,3,2026-06-24T22:28:10.794316+00:00,-0.013399071197282614,-0.013283257755045292,-0.013318001787716489
AK-47 | Nouveau Rouge (Field-Tested),A,545639912141247854,44511843572,18.0,15.66,0.33462938666344,323,9.8672288,9.8586036,-0.0171427382581651,9.926739892521992,9.923526982111667,9.924490855234765,10.096911396256381,10.093643407763846,10.094623804311608,0.4485144504154449,0.4486929454382407,0.448639396931402,0.43906047798575665,0.4392420329020086,0.43918756642713286,False,1,spread_hybrid_disc <= 0.12,2.653403648131099,269,277,8,2,16.78,428,839,1.6394275061115762,0.9835946573751452,0.0,,1566,234,2003,11.44,11.43,1146,0.86252,Frankfurter 2026-06-16 (ECB),2026-06-17T08:08:19.365684+00:00,ok,,ok,,best_deal,2026-04-17T00:50:36.186748+00:00,15.76,,50,True,8,-0.0028256746364777,16.2475,15.97625,1/1,13.7853,13.776,13.55,13.619,13.898,14.0134,12.956,15.822,2.023895018606777,3.361551797929679,-0.0085383781865969,-0.0200146092037983,-0.0389684813753582,-0.0042353614056228,-0.0190715606016262,0.0591830649970185,7,3,2026-06-25T02:28:31.953567+00:00,0.006031186032900344,0.005705571772255529,0.005803256050448973
MP7 | Abyssal Apparition (Minimal Wear),A,558031060269436336,52560717978,10.29,8.96,0.1259358227253,534,5.9255124,5.7616336,0.0243195706681342,5.91151690691617,5.9115349683057286,5.9115295498888605,5.767751353742552,5.767768975886871,5.767763689243575,0.42550856103827295,0.4255068058011925,0.42550733237231675,0.4394799461863409,0.4394782336358726,0.4394787474010131,False,1,spread_hybrid_disc <= 0.12,1.8123724634126133,207,208,1,2,17.1,266,855,2.2630866943342585,0.9772160664819944,0.0404481792717087,,896,133,2003,6.87,6.68,742,0.86252,Frankfurter 2026-06-16 (ECB),2026-06-17T06:41:44.038225+00:00,ok,,ok,,best_deal,2026-04-18T05:21:43.987429+00:00,9.04,,50,True,8,0.0250463821892393,11.2675,11.54875,1/1,8.7226,8.664,8.4666,8.568,8.86,9.03,7.424,17.448,3.34762570793112,6.45908330085066,0.0268422752221753,0.0301246537396122,0.0019083969465649,0.0039511108897606,0.0100049136639224,0.0404481792717087,7,3,2026-06-24T22:28:10.794316+00:00,-0.0023619042774814577,-0.002358856205291447,-0.0023597706269484504
P2000 | Wicked Sick (Minimal Wear),A,527633211586146273,51033245350,8.46,7.37,0.12171232700348,916,4.6834836,4.614482,0.0075716632665433,4.781387425344646,4.773227752710377,4.775675654500658,4.745184369813052,4.737086479472334,4.73951584657455,0.43482418140134216,0.43578868171272145,0.43549933161930765,0.43910350238616414,0.4400606998259653,0.43977354059402485,False,2,"continuity_ratio <= 3.5, spread_hybrid_disc <= 0.12",3.765727899424873,173,174,1,2,16.4,244,820,2.493459777632437,0.9746992948983824,0.0503654485049834,,737,109,2003,5.43,5.35,499,0.86252,Frankfurter 2026-06-16 (ECB),2026-06-17T07:06:27.057725+00:00,ok,,ok,,best_deal,2026-04-18T12:27:48.467385+00:00,6.73,,50,True,8,0.0082241269220509,8.505,8.5775,1/1,7.3392,7.233,7.05,7.181,7.329,7.591,5.672,12.516,2.0165685633311488,7.371375626771314,0.0074480504558709,0.0416666666666667,0.0329444063143444,0.0036594707399529,0.0161115955836705,0.0503654485049834,7,3,2026-06-24T23:34:32.942607+00:00,0.020904060674974172,0.01916183772061848,0.019684504606925186
AK-47 | Nouveau Rouge (Field-Tested),A,524252793562865751,50569172797,18.12,15.77,0.30248603224754,148,9.8672288,9.8586036,-0.0171427382581651,9.979097448835802,9.976547466297065,9.977312461058684,10.150166504453916,10.147572808231955,10.148350917098542,0.449277182735331,0.4494179102485064,0.44937569199455385,0.4398362856261636,0.43997942559426306,0.4399364836038333,False,1,spread_hybrid_disc <= 0.12,2.653403648131099,269,277,8,2,16.78,428,839,1.6394275061115762,0.9835946573751452,0.0,,1577,235,2003,11.44,11.43,1146,0.86252,Frankfurter 2026-06-16 (ECB),2026-06-17T08:08:19.365684+00:00,ok,,ok,,best_deal,2026-04-17T00:50:36.186748+00:00,15.76,,50,True,8,-0.0028256746364777,16.2475,15.97625,1/1,13.7853,13.776,13.55,13.619,13.898,14.0134,12.956,15.822,2.023895018606777,3.361551797929679,-0.0085383781865969,-0.0200146092037983,-0.0389684813753582,-0.0042353614056228,-0.0190715606016262,0.0591830649970185,7,3,2026-06-25T02:28:31.953567+00:00,0.0113373928083843,0.011078963355655079,0.011156492191473846
MP7 | Abyssal Apparition (Minimal Wear),A,641341310141969654,50909074468,10.35,9.0,0.1217639669776,695,5.9255124,5.7616336,0.0243195706681342,5.942334195926778,5.940094134795987,5.9407661531352245,5.797819179515266,5.795633595709447,5.796289270851193,0.4258614303452388,0.42607786137236836,0.4260129320642295,0.4398242338632593,0.4400354013807297,0.43997205112548865,False,1,spread_hybrid_disc <= 0.12,1.8123724634126133,207,208,1,2,17.1,266,855,2.2630866943342585,0.9772160664819944,0.0404481792717087,,900,135,2003,6.87,6.68,742,0.86252,Frankfurter 2026-06-16 (ECB),2026-06-17T06:41:44.038225+00:00,ok,,ok,,best_deal,2026-04-18T05:21:43.987429+00:00,9.04,,50,True,8,0.0250463821892393,11.2675,11.54875,1/1,8.7226,8.664,8.4666,8.568,8.86,9.03,7.424,17.448,3.34762570793112,6.45908330085066,0.0268422752221753,0.0301246537396122,0.0019083969465649,0.0039511108897606,0.0100049136639224,0.0404481792717087,7,3,2026-06-24T22:28:10.794316+00:00,0.0028388761665199655,0.0024608394703530758,0.0025742504792031426
AK-47 | Nouveau Rouge (Field-Tested),A,550147857359109262,52052720569,18.03,15.69,0.35634914040565,493,9.8672288,9.8586036,-0.0171427382581651,9.91289379892098,9.92080088259691,9.918428757494128,10.08282794269687,10.090870575438641,10.088457785616107,0.4502000111524693,0.44976145964520753,0.44989302509738616,0.440774933849314,0.4403288643683505,0.44046268521263965,False,1,spread_hybrid_disc <= 0.12,2.653403648131099,269,277,8,2,16.78,428,839,1.6394275061115762,0.9835946573751452,0.0,,1569,234,2003,11.44,11.43,1146,0.86252,Frankfurter 2026-06-16 (ECB),2026-06-17T08:08:19.365684+00:00,ok,,ok,,best_deal,2026-04-17T00:50:36.186748+00:00,15.76,,50,True,8,-0.0028256746364777,16.2475,15.97625,1/1,13.7853,13.776,13.55,13.619,13.898,14.0134,12.956,15.822,2.023895018606777,3.361551797929679,-0.0085383781865969,-0.0200146092037983,-0.0389684813753582,-0.0042353614056228,-0.0190715606016262,0.0591830649970185,7,3,2026-06-25T02:28:31.953567+00:00,0.004627945682275009,0.005429293642903006,0.0051888892547146065
MP7 | Abyssal Apparition (Minimal Wear),A,533261262242185581,50866957971,10.37,9.02,0.12138090282679,525,5.9255124,5.7616336,0.0243195706681342,5.946007949030975,5.943195313662304,5.944039104272906,5.801403588521229,5.79865935523717,5.799482625222388,0.42661446971736006,0.42688569781462826,0.42680432938544777,0.4405589596411543,0.4408235915875438,0.44074420200362696,False,1,spread_hybrid_disc <= 0.12,1.8123724634126133,207,208,1,2,17.1,266,855,2.2630866943342585,0.9772160664819944,0.0404481792717087,,902,135,2003,6.87,6.68,742,0.86252,Frankfurter 2026-06-16 (ECB),2026-06-17T06:41:44.038225+00:00,ok,,ok,,best_deal,2026-04-18T05:21:43.987429+00:00,9.04,,50,True,8,0.0250463821892393,11.2675,11.54875,1/1,8.7226,8.664,8.4666,8.568,8.86,9.03,7.424,17.448,3.34762570793112,6.45908330085066,0.0268422752221753,0.0301246537396122,0.0019083969465649,0.0039511108897606,0.0100049136639224,0.0404481792717087,7,3,2026-06-24T22:28:10.794316+00:00,0.0034588652672426943,0.00298419992544525,0.0031265995279844833
MP7 | Abyssal Apparition (Minimal Wear),A,519746277043202876,40051399838,10.35,9.0,0.12282563745975,600,5.9255124,5.7616336,0.0243195706681342,5.933084209147315,5.932336517120827,5.932560824728774,5.788794148442966,5.788064639965555,5.788283492508778,0.4267551488746556,0.42682738965016154,0.4268057174175097,0.4406962175417424,0.44076670145260344,0.4407455562793451,False,1,spread_hybrid_disc <= 0.12,1.8123724634126133,207,208,1,2,17.1,266,855,2.2630866943342585,0.9772160664819944,0.0404481792717087,,900,135,2003,6.87,6.68,742,0.86252,Frankfurter 2026-06-16 (ECB),2026-06-17T06:41:44.038225+00:00,ok,,ok,,best_deal,2026-04-18T05:21:43.987429+00:00,9.04,,50,True,8,0.0250463821892393,11.2675,11.54875,1/1,8.7226,8.664,8.4666,8.568,8.86,9.03,7.424,17.448,3.34762570793112,6.45908330085066,0.0268422752221753,0.0301246537396122,0.0019083969465649,0.0039511108897606,0.0100049136639224,0.0404481792717087,7,3,2026-06-24T22:28:10.794316+00:00,0.0012778319639184957,0.0011516501291647986,0.0011895046795909077
P2000 | Wicked Sick (Minimal Wear),A,490472843633591643,51402759906,8.36,7.28,0.13171291351318,674,4.6834836,4.614482,0.0075716632665433,4.712675621094563,4.710108512336268,4.710878644963756,4.6769928282071875,4.674445156731978,4.675209458174541,0.43628282044323397,0.43658989086886746,0.4364977697411775,0.4405510971044033,0.4408558424961748,0.44076441887864337,False,2,"continuity_ratio <= 3.5, spread_hybrid_disc <= 0.12",3.765727899424873,173,174,1,2,16.4,244,820,2.493459777632437,0.9746992948983824,0.0503654485049834,,728,108,2003,5.43,5.35,499,0.86252,Frankfurter 2026-06-16 (ECB),2026-06-17T07:06:27.057725+00:00,ok,,ok,,best_deal,2026-04-18T12:27:48.467385+00:00,6.73,,50,True,8,0.0082241269220509,8.505,8.5775,1/1,7.3392,7.233,7.05,7.181,7.329,7.591,5.672,12.516,2.0165685633311488,7.371375626771314,0.0074480504558709,0.0416666666666667,0.0329444063143444,0.0036594707399529,0.0161115955836705,0.0503654485049834,7,3,2026-06-24T23:34:32.942607+00:00,0.006232971776513409,0.005684852261736911,0.0058492881161698596
MP7 | Abyssal Apparition (Minimal Wear),A,528757662665366668,52296904348,10.35,9.0,0.12334325164557,325,5.9255124,5.7616336,0.0243195706681342,5.929288382206397,5.928884553635893,5.929005702207044,5.7850906343835815,5.784696626750535,5.784814829040449,0.4271218954389955,0.42716091269218426,0.42714920751622765,0.44105404498709355,0.44109211335743614,0.44108069284633344,False,1,spread_hybrid_disc <= 0.12,1.8123724634126133,207,208,1,2,17.1,266,855,2.2630866943342585,0.9772160664819944,0.0404481792717087,,900,135,2003,6.87,6.68,742,0.86252,Frankfurter 2026-06-16 (ECB),2026-06-17T06:41:44.038225+00:00,ok,,ok,,best_deal,2026-04-18T05:21:43.987429+00:00,9.04,,50,True,8,0.0250463821892393,11.2675,11.54875,1/1,8.7226,8.664,8.4666,8.568,8.86,9.03,7.424,17.448,3.34762570793112,6.45908330085066,0.0268422752221753,0.0301246537396122,0.0019083969465649,0.0039511108897606,0.0100049136639224,0.0404481792717087,7,3,2026-06-24T22:28:10.794316+00:00,0.0006372414656321181,0.0005690906386245267,0.0005895358867268042
MP7 | Abyssal Apparition (Minimal Wear),A,642467916643281365,50883859053,10.18,8.86,0.14971402287483,520,5.9255124,5.7616336,0.0243195706681342,5.826887504163459,5.8292389857659,5.828533541285168,5.685180101730688,5.687474396310123,5.686786107936293,0.42761419409003354,0.4273832037558055,0.4274525008560739,0.4415343711462979,0.4413089983978268,0.44137661022236807,False,1,spread_hybrid_disc <= 0.12,1.8123724634126133,207,208,1,2,17.1,266,855,2.2630866943342585,0.9772160664819944,0.0404481792717087,,886,132,2003,6.87,6.68,742,0.86252,Frankfurter 2026-06-16 (ECB),2026-06-17T06:41:44.038225+00:00,ok,,ok,,best_deal,2026-04-18T05:21:43.987429+00:00,9.04,,50,True,8,0.0250463821892393,11.2675,11.54875,1/1,8.7226,8.664,8.4666,8.568,8.86,9.03,7.424,17.448,3.34762570793112,6.45908330085066,0.0268422752221753,0.0301246537396122,0.0019083969465649,0.0039511108897606,0.0100049136639224,0.0404481792717087,7,3,2026-06-24T22:28:10.794316+00:00,-0.01664411264020658,-0.016247272427292347,-0.016366324491166616
AK-47 | Nouveau Rouge (Field-Tested),A,498354559513252987,50825649227,18.12,15.77,0.31646206974983,740,9.8672288,9.8586036,-0.0171427382581651,9.944225088856603,9.937315668266578,9.939388494443588,10.11469633673515,10.107668469756435,10.10977682985005,0.451201705912991,0.4515830205150896,0.4514686261344599,0.44179380040092997,0.44218165177944624,0.4420652963658913,False,1,spread_hybrid_disc <= 0.12,2.653403648131099,269,277,8,2,16.78,428,839,1.6394275061115762,0.9835946573751452,0.0,,1577,235,2003,11.44,11.43,1146,0.86252,Frankfurter 2026-06-16 (ECB),2026-06-17T08:08:19.365684+00:00,ok,,ok,,best_deal,2026-04-17T00:50:36.186748+00:00,15.76,,50,True,8,-0.0028256746364777,16.2475,15.97625,1/1,13.7853,13.776,13.55,13.619,13.898,14.0134,12.956,15.822,2.023895018606777,3.361551797929679,-0.0085383781865969,-0.0200146092037983,-0.0389684813753582,-0.0042353614056228,-0.0190715606016262,0.0591830649970185,7,3,2026-06-25T02:28:31.953567+00:00,0.007803233351253088,0.00710299413210927,0.007313065897852416
MP7 | Abyssal Apparition (Minimal Wear),A,508488292425008838,51709653550,10.23,8.9,0.14440792798996,531,5.9255124,5.7616336,0.0243195706681342,5.843498128450865,5.842935100239957,5.8431040087032295,5.701386762766894,5.700837427160351,5.701002227842313,0.4287880617350083,0.42884309870577153,0.4288265876145426,0.4426796908341257,0.442733389329389,0.4427172797808101,False,1,spread_hybrid_disc <= 0.12,1.8123724634126133,207,208,1,2,17.1,266,855,2.2630866943342585,0.9772160664819944,0.0404481792717087,,890,133,2003,6.87,6.68,742,0.86252,Frankfurter 2026-06-16 (ECB),2026-06-17T06:41:44.038225+00:00,ok,,ok,,best_deal,2026-04-18T05:21:43.987429+00:00,9.04,,50,True,8,0.0250463821892393,11.2675,11.54875,1/1,8.7226,8.664,8.4666,8.568,8.86,9.03,7.424,17.448,3.34762570793112,6.45908330085066,0.0268422752221753,0.0301246537396122,0.0019083969465649,0.0039511108897606,0.0100049136639224,0.0404481792717087,7,3,2026-06-24T22:28:10.794316+00:00,-0.013840874174718604,-0.013935891815877774,-0.013907386523530022
AK-47 | Nouveau Rouge (Field-Tested),A,560282860074435813,51937379155,18.13,15.78,0.37163954973221,470,9.8672288,9.8586036,-0.0171427382581651,9.896636665800598,9.889191826610045,9.89142527836721,10.066292117798577,10.058719653678406,10.060991392914456,0.4541292517484502,0.4545398882178684,0.45441669727704304,0.4447715323883852,0.4451892082913179,0.4450639055204382,False,1,spread_hybrid_disc <= 0.12,2.653403648131099,269,277,8,2,16.78,428,839,1.6394275061115762,0.9835946573751452,0.0,,1578,235,2003,11.44,11.43,1146,0.86252,Frankfurter 2026-06-16 (ECB),2026-06-17T08:08:19.365684+00:00,ok,,ok,,best_deal,2026-04-17T00:50:36.186748+00:00,15.76,,50,True,8,-0.0028256746364777,16.2475,15.97625,1/1,13.7853,13.776,13.55,13.619,13.898,14.0134,12.956,15.822,2.023895018606777,3.361551797929679,-0.0085383781865969,-0.0200146092037983,-0.0389684813753582,-0.0042353614056228,-0.0190715606016262,0.0591830649970185,7,3,2026-06-25T02:28:31.953567+00:00,0.002980357139443143,0.002225855613081974,0.002452206070990325
MP7 | Abyssal Apparition (Minimal Wear),A,560282225012093997,49828776476,10.29,8.96,0.14349263906479,827,5.9255124,5.7616336,0.0243195706681342,5.846332485378526,5.847080126330025,5.846855834044575,5.704152189350954,5.7048816479954985,5.7046628104021355,0.43184329588158143,0.4317706388406195,0.43179243595290806,0.4456606229979636,0.4455897329450438,0.4456109999609197,False,1,spread_hybrid_disc <= 0.12,1.8123724634126133,207,208,1,2,17.1,266,855,2.2630866943342585,0.9772160664819944,0.0404481792717087,,896,133,2003,6.87,6.68,742,0.86252,Frankfurter 2026-06-16 (ECB),2026-06-17T06:41:44.038225+00:00,ok,,ok,,best_deal,2026-04-18T05:21:43.987429+00:00,9.04,,50,True,8,0.0250463821892393,11.2675,11.54875,1/1,8.7226,8.664,8.4666,8.568,8.86,9.03,7.424,17.448,3.34762570793112,6.45908330085066,0.0268422752221753,0.0301246537396122,0.0019083969465649,0.0039511108897606,0.0100049136639224,0.0404481792717087,7,3,2026-06-24T22:28:10.794316+00:00,-0.013362543064035011,-0.013236369848787205,-0.013274221813361547
MP7 | Abyssal Apparition (Minimal Wear),A,547897326064405740,51373270579,10.52,9.16,0.11801944673061,364,5.9255124,5.7616336,0.0243195706681342,5.976248633020609,5.975180024855531,5.9755006073050545,5.830908832059524,5.829866211986233,5.83017899800822,0.43191552918055043,0.4320171079034666,0.4319866342865918,0.4457310996141136,0.4458302079860995,0.44580047547450374,False,1,spread_hybrid_disc <= 0.12,1.8123724634126133,207,208,1,2,17.1,266,855,2.2630866943342585,0.9772160664819944,0.0404481792717087,,916,136,2003,6.87,6.68,742,0.86252,Frankfurter 2026-06-16 (ECB),2026-06-17T06:41:44.038225+00:00,ok,,ok,,best_deal,2026-04-18T05:21:43.987429+00:00,9.04,,50,True,8,0.0250463821892393,11.2675,11.54875,1/1,8.7226,8.664,8.4666,8.568,8.86,9.03,7.424,17.448,3.34762570793112,6.45908330085066,0.0268422752221753,0.0301246537396122,0.0019083969465649,0.0039511108897606,0.0100049136639224,0.0404481792717087,7,3,2026-06-24T22:28:10.794316+00:00,0.008562336823497196,0.008381996611049434,0.008436098674783763
MP7 | Abyssal Apparition (Minimal Wear),A,516367691484465182,51101587555,10.35,9.0,0.13274863362312,134,5.9255124,5.7616336,0.0243195706681342,5.8751854936984005,5.872588109616423,5.873367324841015,5.732303504896006,5.729769288079762,5.730529553124634,0.43234922766199024,0.43260018264575617,0.4325248961506265,0.4461542507346854,0.44639910260098914,0.4463256470410981,False,1,spread_hybrid_disc <= 0.12,1.8123724634126133,207,208,1,2,17.1,266,855,2.2630866943342585,0.9772160664819944,0.0404481792717087,,900,135,2003,6.87,6.68,742,0.86252,Frankfurter 2026-06-16 (ECB),2026-06-17T06:41:44.038225+00:00,ok,,ok,,best_deal,2026-04-18T05:21:43.987429+00:00,9.04,,50,True,8,0.0250463821892393,11.2675,11.54875,1/1,8.7226,8.664,8.4666,8.568,8.86,9.03,7.424,17.448,3.34762570793112,6.45908330085066,0.0268422752221753,0.0301246537396122,0.0019083969465649,0.0039511108897606,0.0100049136639224,0.0404481792717087,7,3,2026-06-24T22:28:10.794316+00:00,-0.008493258119179604,-0.008931597271415214,-0.00880009552574453
P2000 | Wicked Sick (Minimal Wear),A,511865992143141124,48013582960,8.43,7.34,0.13823118805885,307,4.6834836,4.614482,0.0075716632665433,4.699673700438881,4.6977277280244625,4.698311519748788,4.664089353716528,4.662158115549958,4.662737486999929,0.4425060853571908,0.4427369243150103,0.4426676726276645,0.44672724155201327,0.44695633267497537,0.4468876053380867,False,2,"continuity_ratio <= 3.5, spread_hybrid_disc <= 0.12",3.765727899424873,173,174,1,2,16.4,244,820,2.493459777632437,0.9746992948983824,0.0503654485049834,,734,109,2003,5.43,5.35,499,0.86252,Frankfurter 2026-06-16 (ECB),2026-06-17T07:06:27.057725+00:00,ok,,ok,,best_deal,2026-04-18T12:27:48.467385+00:00,6.73,,50,True,8,0.0082241269220509,8.505,8.5775,1/1,7.3392,7.233,7.05,7.181,7.329,7.591,5.672,12.516,2.0165685633311488,7.371375626771314,0.0074480504558709,0.0416666666666667,0.0329444063143444,0.0036594707399529,0.0161115955836705,0.0503654485049834,7,3,2026-06-24T23:34:32.942607+00:00,0.003456850033355764,0.003041353240665308,0.003166002278472445
P2000 | Wicked Sick (Minimal Wear),A,558030425200201024,51933163546,8.46,7.37,0.13543227314949,76,4.6834836,4.614482,0.0075716632665433,4.701702578823574,4.701046289462658,4.701243176270933,4.6661028701172835,4.665451549958414,4.665646946006075,0.44424319399248535,0.4443207695670618,0.4442974968946889,0.44845119738566397,0.4485281855841119,0.4485050891245774,False,2,"continuity_ratio <= 3.5, spread_hybrid_disc <= 0.12",3.765727899424873,173,174,1,2,16.4,244,820,2.493459777632437,0.9746992948983824,0.0503654485049834,,737,109,2003,5.43,5.35,499,0.86252,Frankfurter 2026-06-16 (ECB),2026-06-17T07:06:27.057725+00:00,ok,,ok,,best_deal,2026-04-18T12:27:48.467385+00:00,6.73,,50,True,8,0.0082241269220509,8.505,8.5775,1/1,7.3392,7.233,7.05,7.181,7.329,7.591,5.672,12.516,2.0165685633311488,7.371375626771314,0.0074480504558709,0.0416666666666667,0.0329444063143444,0.0036594707399529,0.0161115955836705,0.0503654485049834,7,3,2026-06-24T23:34:32.942607+00:00,0.003890048600484817,0.003749920136937914,0.003791958676001985
P2000 | Wicked Sick (Minimal Wear),A,509612292228517527,45501068441,8.46,7.37,0.14159971475601,10,4.6834836,4.614482,0.0075716632665433,4.6976445292148545,4.700266598700725,4.699479977854963,4.66207554669372,4.664677762752381,4.663897097934783,0.4447228688871331,0.4444129315956591,0.44450591278310125,0.44892724034353193,0.44861964979286273,0.4487119269580635,False,2,"continuity_ratio <= 3.5, spread_hybrid_disc <= 0.12",3.765727899424873,173,174,1,2,16.4,244,820,2.493459777632437,0.9746992948983824,0.0503654485049834,,737,109,2003,5.43,5.35,499,0.86252,Frankfurter 2026-06-16 (ECB),2026-06-17T07:06:27.057725+00:00,ok,,ok,,best_deal,2026-04-18T12:27:48.467385+00:00,6.73,,50,True,8,0.0082241269220509,8.505,8.5775,1/1,7.3392,7.233,7.05,7.181,7.329,7.591,5.672,12.516,2.0165685633311488,7.371375626771314,0.0074480504558709,0.0416666666666667,0.0329444063143444,0.0036594707399529,0.0161115955836705,0.0503654485049834,7,3,2026-06-24T23:34:32.942607+00:00,0.003023588940261202,0.0035834434651858217,0.0034154871077084355
P2000 | Wicked Sick (Minimal Wear),A,523128163104633642,52453649825,8.46,7.37,0.14297503232956,575,4.6834836,4.614482,0.0075716632665433,4.6959747914748,4.697897290308761,4.697320540658573,4.660418451645577,4.662326393965737,4.661754011269689,0.4449202374143263,0.4446929916892718,0.4447611654067881,0.4491231144626978,0.4488975893657522,0.44896524689483586,False,2,"continuity_ratio <= 3.5, spread_hybrid_disc <= 0.12",3.765727899424873,173,174,1,2,16.4,244,820,2.493459777632437,0.9746992948983824,0.0503654485049834,,737,109,2003,5.43,5.35,499,0.86252,Frankfurter 2026-06-16 (ECB),2026-06-17T07:06:27.057725+00:00,ok,,ok,,best_deal,2026-04-18T12:27:48.467385+00:00,6.73,,50,True,8,0.0082241269220509,8.505,8.5775,1/1,7.3392,7.233,7.05,7.181,7.329,7.591,5.672,12.516,2.0165685633311488,7.371375626771314,0.0074480504558709,0.0416666666666667,0.0329444063143444,0.0036594707399529,0.0161115955836705,0.0503654485049834,7,3,2026-06-24T23:34:32.942607+00:00,0.0026670727479006905,0.003077557548992331,0.002954412108664839
MP7 | Abyssal Apparition (Minimal Wear),A,553527460654864088,28286100723,10.37,9.02,0.14099372923374,676,5.9255124,5.7616336,0.0243195706681342,5.854804430983096,5.857271620465924,5.856531463621075,5.712418100875698,5.714825289369546,5.714103132821391,0.43540940877694345,0.43517149272266886,0.43524286753895125,0.4491400095587562,0.4489078795207766,0.4489775185321706,False,1,spread_hybrid_disc <= 0.12,1.8123724634126133,207,208,1,2,17.1,266,855,2.2630866943342585,0.9772160664819944,0.0404481792717087,,902,135,2003,6.87,6.68,742,0.86252,Frankfurter 2026-06-16 (ECB),2026-06-17T06:41:44.038225+00:00,ok,,ok,,best_deal,2026-04-18T05:21:43.987429+00:00,9.04,,50,True,8,0.0250463821892393,11.2675,11.54875,1/1,8.7226,8.664,8.4666,8.568,8.86,9.03,7.424,17.448,3.34762570793112,6.45908330085066,0.0268422752221753,0.0301246537396122,0.0019083969465649,0.0039511108897606,0.0100049136639224,0.0404481792717087,7,3,2026-06-24T22:28:10.794316+00:00,-0.01193280247239108,-0.01151643519201401,-0.011641345376127132
MP7 | Abyssal Apparition (Minimal Wear),A,512991163851977195,50482362301,10.35,9.0,0.14410606026649,736,5.9255124,5.7616336,0.0243195706681342,5.844429975436961,5.844248733648849,5.844303106185283,5.702295947634361,5.702119113568722,5.702172163788414,0.4353207753201004,0.435338286603976,0.4353330332188132,0.4490535316295303,0.4490706170465003,0.4490654914214093,False,1,spread_hybrid_disc <= 0.12,1.8123724634126133,207,208,1,2,17.1,266,855,2.2630866943342585,0.9772160664819944,0.0404481792717087,,900,135,2003,6.87,6.68,742,0.86252,Frankfurter 2026-06-16 (ECB),2026-06-17T06:41:44.038225+00:00,ok,,ok,,best_deal,2026-04-18T05:21:43.987429+00:00,9.04,,50,True,8,0.0250463821892393,11.2675,11.54875,1/1,8.7226,8.664,8.4666,8.568,8.86,9.03,7.424,17.448,3.34762570793112,6.45908330085066,0.0268422752221753,0.0301246537396122,0.0019083969465649,0.0039511108897606,0.0100049136639224,0.0404481792717087,7,3,2026-06-24T22:28:10.794316+00:00,-0.013683614021808168,-0.01371420070796764,-0.013705024702119798
MP7 | Abyssal Apparition (Minimal Wear),A,526502160723141831,51431724240,10.51,9.15,0.12271440029144,519,5.9255124,5.7616336,0.0243195706681342,5.933883870862129,5.933086754006299,5.933325889063047,5.789574362728196,5.788796631412072,5.789029950806908,0.43540591143081553,0.4354817550897908,0.4354590019920983,0.4491365972665846,0.4492105964403357,0.4491883966882104,False,1,spread_hybrid_disc <= 0.12,1.8123724634126133,207,208,1,2,17.1,266,855,2.2630866943342585,0.9772160664819944,0.0404481792717087,,915,136,2003,6.87,6.68,742,0.86252,Frankfurter 2026-06-16 (ECB),2026-06-17T06:41:44.038225+00:00,ok,,ok,,best_deal,2026-04-18T05:21:43.987429+00:00,9.04,,50,True,8,0.0250463821892393,11.2675,11.54875,1/1,8.7226,8.664,8.4666,8.568,8.86,9.03,7.424,17.448,3.34762570793112,6.45908330085066,0.0268422752221753,0.0301246537396122,0.0019083969465649,0.0039511108897606,0.0100049136639224,0.0404481792717087,7,3,2026-06-24T22:28:10.794316+00:00,0.0014127842956043223,0.001278261438841709,0.0013186182958704932
P2000 | Wicked Sick (Minimal Wear),A,535513062146413733,52576010920,8.48,7.39,0.14148950576782,72,4.6834836,4.614482,0.0075716632665433,4.697727369535067,4.700290809950451,4.6995217778258365,4.662157759774923,4.6647017906826775,4.663938581410352,0.4460227158567138,0.4457204233548997,0.4458111111054438,0.4502172453095611,0.44991724166477864,0.45000724275821324,False,2,"continuity_ratio <= 3.5, spread_hybrid_disc <= 0.12",3.765727899424873,173,174,1,2,16.4,244,820,2.493459777632437,0.9746992948983824,0.0503654485049834,,739,109,2003,5.43,5.35,499,0.86252,Frankfurter 2026-06-16 (ECB),2026-06-17T07:06:27.057725+00:00,ok,,ok,,best_deal,2026-04-18T12:27:48.467385+00:00,6.73,,50,True,8,0.0082241269220509,8.505,8.5775,1/1,7.3392,7.233,7.05,7.181,7.329,7.591,5.672,12.516,2.0165685633311488,7.371375626771314,0.0074480504558709,0.0416666666666667,0.0329444063143444,0.0036594707399529,0.0161115955836705,0.0503654485049834,7,3,2026-06-24T23:34:32.942607+00:00,0.0030412766973429164,0.0035886129611835873,0.003424412082031386
Desert Eagle | Mulberry (Minimal Wear),A,534387162131837076,51791889427,14.45,12.58,0.1302977502346,375,7.4866736,7.7799304,0.020706506456555,8.101538067507343,8.101790903319817,8.101715052576074,7.933783517204477,7.934031117670566,7.933956837530738,0.43933992612405925,0.4393224288359988,0.439327678022417,0.450949237563704,0.4509321025833518,0.45093724307745753,False,1,spread_hybrid_disc <= 0.12,1.4694114116404497,394,400,6,2,16.9,366,845,4.406020976872784,0.956011216263582,0.0475612925582603,,1258,187,2003,8.68,9.02,1154,0.86252,Frankfurter 2026-06-16 (ECB),2026-06-17T06:46:03.034492+00:00,ok,,ok,,best_deal,2026-04-17T07:47:48.625254+00:00,11.32,,50,True,8,0.0202176008208125,13.5275,13.81375,1/1,11.3935,11.412,10.91,11.044,11.625,11.929,10.032,13.384,5.09939878000614,8.943695966998728,0.001703357307425,0.0025186729199235,0.0255886272767658,0.0073413148124449,0.0059443941115362,0.0896647318721303,7,3,2026-06-24T22:38:12.195598+00:00,0.0821278581595094,0.08216162960808329,0.08215149817351113
P2000 | Wicked Sick (Minimal Wear),A,503989313528847156,52636307181,8.48,7.39,0.14711162447929,990,4.6834836,4.614482,0.0075716632665433,4.6887899714370205,4.687941104513741,4.688195764590725,4.6532880326457535,4.652445593056976,4.65269832493361,0.4470766543116721,0.4471767565431909,0.4471467258737353,0.4512632036974348,0.4513625479885641,0.4513327447012253,False,2,"continuity_ratio <= 3.5, spread_hybrid_disc <= 0.12",3.765727899424873,173,174,1,2,16.4,244,820,2.493459777632437,0.9746992948983824,0.0503654485049834,,739,109,2003,5.43,5.35,499,0.86252,Frankfurter 2026-06-16 (ECB),2026-06-17T07:06:27.057725+00:00,ok,,ok,,best_deal,2026-04-18T12:27:48.467385+00:00,6.73,,50,True,8,0.0082241269220509,8.505,8.5775,1/1,7.3392,7.233,7.05,7.181,7.329,7.591,5.672,12.516,2.0165685633311488,7.371375626771314,0.0074480504558709,0.0416666666666667,0.0329444063143444,0.0036594707399529,0.0161115955836705,0.0503654485049834,7,3,2026-06-24T23:34:32.942607+00:00,0.0011329966943881325,0.0009517497859375078,0.001006123858472695
MP7 | Abyssal Apparition (Minimal Wear),A,528756483510488747,34265520361,10.37,9.02,0.14868769049644,184,5.9255124,5.7616336,0.0243195706681342,5.829949186449207,5.83119018124318,5.830817882804989,5.688167325217725,5.689378139551106,5.689014895251092,0.43780625010133,0.43768657847221015,0.43772247996094604,0.4514785607311741,0.45136179946469557,0.4513968278446391,False,1,spread_hybrid_disc <= 0.12,1.8123724634126133,207,208,1,2,17.1,266,855,2.2630866943342585,0.9772160664819944,0.0404481792717087,,902,135,2003,6.87,6.68,742,0.86252,Frankfurter 2026-06-16 (ECB),2026-06-17T06:41:44.038225+00:00,ok,,ok,,best_deal,2026-04-18T05:21:43.987429+00:00,9.04,,50,True,8,0.0250463821892393,11.2675,11.54875,1/1,8.7226,8.664,8.4666,8.568,8.86,9.03,7.424,17.448,3.34762570793112,6.45908330085066,0.0268422752221753,0.0301246537396122,0.0019083969465649,0.0039511108897606,0.0100049136639224,0.0404481792717087,7,3,2026-06-24T22:28:10.794316+00:00,-0.01612741769822175,-0.015917985212016345,-0.015980814957877967
P2000 | Wicked Sick (Minimal Wear),A,572661512515663933,51170292881,8.48,7.39,0.14878267049789,637,4.6834836,4.614482,0.0075716632665433,4.685827317190401,4.687482005329428,4.68698559888772,4.650347810619465,4.651989970017092,4.651497322197804,0.4474260239162263,0.4472308955979448,0.44728943409342925,0.4516099279929876,0.45141627712062593,0.45147437238233445,False,2,"continuity_ratio <= 3.5, spread_hybrid_disc <= 0.12",3.765727899424873,173,174,1,2,16.4,244,820,2.493459777632437,0.9746992948983824,0.0503654485049834,,739,109,2003,5.43,5.35,499,0.86252,Frankfurter 2026-06-16 (ECB),2026-06-17T07:06:27.057725+00:00,ok,,ok,,best_deal,2026-04-18T12:27:48.467385+00:00,6.73,,50,True,8,0.0082241269220509,8.505,8.5775,1/1,7.3392,7.233,7.05,7.181,7.329,7.591,5.672,12.516,2.0165685633311488,7.371375626771314,0.0074480504558709,0.0416666666666667,0.0329444063143444,0.0036594707399529,0.0161115955836705,0.0503654485049834,7,3,2026-06-24T23:34:32.942607+00:00,0.0005004217780118542,0.0008537246355316376,0.0007477337782757026
P2000 | Wicked Sick (Minimal Wear),A,535513062146410673,52575615920,8.51,7.4,0.13956044614315,328,4.6834836,4.614482,0.0075716632665433,4.699300347839471,4.698620848387445,4.698824698223053,4.663718828017281,4.663044473506295,4.663246779859591,0.44779079343837,0.44787064061252113,0.4478466864602758,0.45197193560313975,0.4520511782013754,0.45202740542190467,False,2,"continuity_ratio <= 3.5, spread_hybrid_disc <= 0.12",3.765727899424873,173,174,1,2,16.4,244,820,2.493459777632437,0.9746992948983824,0.0503654485049834,,740,111,2003,5.43,5.35,499,0.86252,Frankfurter 2026-06-16 (ECB),2026-06-17T07:06:27.057725+00:00,ok,,ok,,best_deal,2026-04-18T12:27:48.467385+00:00,6.73,,50,True,8,0.0082241269220509,8.505,8.5775,1/1,7.3392,7.233,7.05,7.181,7.329,7.591,5.672,12.516,2.0165685633311488,7.371375626771314,0.0074480504558709,0.0416666666666667,0.0329444063143444,0.0036594707399529,0.0161115955836705,0.0503654485049834,7,3,2026-06-24T23:34:32.942607+00:00,0.0033771331748598124,0.0032320489789790015,0.003275574237743245
Desert Eagle | Mulberry (Minimal Wear),A,556905160295305004,51531172469,14.45,12.58,0.13691835105419,416,7.4866736,7.7799304,0.020706506456555,8.081460455846285,8.078084268643721,8.079097124804491,7.91412164273891,7.910815364578454,7.911807248026592,0.44072938021825014,0.4409630263914379,0.4408929325394816,0.4523099209177225,0.45253872909491666,0.45247008664175836,False,1,spread_hybrid_disc <= 0.12,1.4694114116404497,394,400,6,2,16.9,366,845,4.406020976872784,0.956011216263582,0.0475612925582603,,1258,187,2003,8.68,9.02,1154,0.86252,Frankfurter 2026-06-16 (ECB),2026-06-17T06:46:03.034492+00:00,ok,,ok,,best_deal,2026-04-17T07:47:48.625254+00:00,11.32,,50,True,8,0.0202176008208125,13.5275,13.81375,1/1,11.3935,11.412,10.91,11.044,11.625,11.929,10.032,13.384,5.09939878000614,8.943695966998728,0.001703357307425,0.0025186729199235,0.0255886272767658,0.0073413148124449,0.0059443941115362,0.0896647318721303,7,3,2026-06-24T22:38:12.195598+00:00,0.07944607814160431,0.07899511855889135,0.07913040643370524
MP7 | Abyssal Apparition (Minimal Wear),A,538890761738705698,50466253812,10.66,9.28,0.11798396706581,232,5.9255124,5.7616336,0.0243195706681342,5.976597841806592,5.975486725796621,5.975820060599612,5.831249548237759,5.830165454092112,5.830490682335806,0.43934354204440973,0.43944777431551396,0.4394165046341827,0.45297846639420647,0.45308016378122773,0.45304965456512136,False,1,spread_hybrid_disc <= 0.12,1.8123724634126133,207,208,1,2,17.1,266,855,2.2630866943342585,0.9772160664819944,0.0404481792717087,,928,138,2003,6.87,6.68,742,0.86252,Frankfurter 2026-06-16 (ECB),2026-06-17T06:41:44.038225+00:00,ok,,ok,,best_deal,2026-04-18T05:21:43.987429+00:00,9.04,,50,True,8,0.0250463821892393,11.2675,11.54875,1/1,8.7226,8.664,8.4666,8.568,8.86,9.03,7.424,17.448,3.34762570793112,6.45908330085066,0.0268422752221753,0.0301246537396122,0.0019083969465649,0.0039511108897606,0.0100049136639224,0.0404481792717087,7,3,2026-06-24T22:28:10.794316+00:00,0.008621269918630532,0.008433756006758386,0.008490010180320029
MP7 | Abyssal Apparition (Minimal Wear),A,523129611935275970,52562187840,11.98,10.42,0.09464435279369,786,5.9255124,5.7616336,0.0243195706681342,6.7698107187618275,6.687529406257433,6.71221380000875,6.605171828577007,6.524891562266729,6.548975642159812,0.43490728557914626,0.44177550865964677,0.4397150417354967,0.44865009778155196,0.4553512886254817,0.4533409313723029,False,1,spread_hybrid_disc <= 0.12,1.8123724634126133,207,208,1,2,17.1,266,855,2.2630866943342585,0.9772160664819944,0.0404481792717087,,1042,156,2003,6.87,6.68,742,0.86252,Frankfurter 2026-06-16 (ECB),2026-06-17T06:41:44.038225+00:00,ok,,ok,,best_deal,2026-04-18T05:21:43.987429+00:00,9.04,,50,True,8,0.0250463821892393,11.2675,11.54875,1/1,8.7226,8.664,8.4666,8.568,8.86,9.03,7.424,17.448,3.34762570793112,6.45908330085066,0.0268422752221753,0.0301246537396122,0.0019083969465649,0.0039511108897606,0.0100049136639224,0.0404481792717087,7,3,2026-06-24T22:28:10.794316+00:00,0.14248528427040807,0.1285993437896497,0.13276512593387724
P2000 | Wicked Sick (Minimal Wear),A,556905160271889992,45758443303,8.53,7.42,0.13920497894287,173,4.6834836,4.614482,0.0075716632665433,4.699409589162751,4.6981871018426995,4.698553848038715,4.6638272422020455,4.6626140111443295,4.662977980461645,0.4490727328062425,0.4492160490219578,0.4491730541572432,0.4532441685577906,0.45338639963137983,0.453343730309303,False,2,"continuity_ratio <= 3.5, spread_hybrid_disc <= 0.12",3.765727899424873,173,174,1,2,16.4,244,820,2.493459777632437,0.9746992948983824,0.0503654485049834,,742,111,2003,5.43,5.35,499,0.86252,Frankfurter 2026-06-16 (ECB),2026-06-17T07:06:27.057725+00:00,ok,,ok,,best_deal,2026-04-18T12:27:48.467385+00:00,6.73,,50,True,8,0.0082241269220509,8.505,8.5775,1/1,7.3392,7.233,7.05,7.181,7.329,7.591,5.672,12.516,2.0165685633311488,7.371375626771314,0.0074480504558709,0.0416666666666667,0.0329444063143444,0.0036594707399529,0.0161115955836705,0.0503654485049834,7,3,2026-06-24T23:34:32.942607+00:00,0.0034004579759286456,0.003139437029885172,0.003217743313698214
MP7 | Abyssal Apparition (Minimal Wear),A,626705318040279935,51015867770,10.5,9.14,0.13049377501011,88,5.9255124,5.7616336,0.0243195706681342,5.883709954324258,5.882447615080349,5.882826316853523,5.740620654299265,5.739389014603805,5.739758506512444,0.43964667101673727,0.4397668938018715,0.43973082696633115,0.45327422340006995,0.4533915224186852,0.4533563327131006,False,1,spread_hybrid_disc <= 0.12,1.8123724634126133,207,208,1,2,17.1,266,855,2.2630866943342585,0.9772160664819944,0.0404481792717087,,914,136,2003,6.87,6.68,742,0.86252,Frankfurter 2026-06-16 (ECB),2026-06-17T06:41:44.038225+00:00,ok,,ok,,best_deal,2026-04-18T05:21:43.987429+00:00,9.04,,50,True,8,0.0250463821892393,11.2675,11.54875,1/1,8.7226,8.664,8.4666,8.568,8.86,9.03,7.424,17.448,3.34762570793112,6.45908330085066,0.0268422752221753,0.0301246537396122,0.0019083969465649,0.0039511108897606,0.0100049136639224,0.0404481792717087,7,3,2026-06-24T22:28:10.794316+00:00,-0.007054654999243875,-0.007267689612741341,-0.007203779228692101
MP7 | Abyssal Apparition (Minimal Wear),A,498354559513729339,50210580272,10.49,9.13,0.13311639428139,116,5.9255124,5.7616336,0.0243195706681342,5.8741678089600935,5.871695717532936,5.872437344961083,5.731310569813609,5.728898598588613,5.729622189956112,0.44002213451286054,0.4402577962313693,0.44018709771581666,0.45364055578516593,0.45387048631185767,0.45380150715385015,False,1,spread_hybrid_disc <= 0.12,1.8123724634126133,207,208,1,2,17.1,266,855,2.2630866943342585,0.9772160664819944,0.0404481792717087,,913,136,2003,6.87,6.68,742,0.86252,Frankfurter 2026-06-16 (ECB),2026-06-17T06:41:44.038225+00:00,ok,,ok,,best_deal,2026-04-18T05:21:43.987429+00:00,9.04,,50,True,8,0.0250463821892393,11.2675,11.54875,1/1,8.7226,8.664,8.4666,8.568,8.86,9.03,7.424,17.448,3.34762570793112,6.45908330085066,0.0268422752221753,0.0301246537396122,0.0019083969465649,0.0039511108897606,0.0100049136639224,0.0404481792717087,7,3,2026-06-24T22:28:10.794316+00:00,-0.008665004403653916,-0.009082198944864868,-0.008957040582501583
MP7 | Abyssal Apparition (Minimal Wear),A,555777356882802429,43008167269,10.51,9.15,0.13083280622959,317,5.9255124,5.7616336,0.0243195706681342,5.882005609890814,5.880785831616447,5.881151765098757,5.738957758790712,5.737767645000289,5.738124679137416,0.44034199715596445,0.4404580559832115,0.4404232383350374,0.45395263950611686,0.454065875832513,0.4540319049345941,False,1,spread_hybrid_disc <= 0.12,1.8123724634126133,207,208,1,2,17.1,266,855,2.2630866943342585,0.9772160664819944,0.0404481792717087,,915,136,2003,6.87,6.68,742,0.86252,Frankfurter 2026-06-16 (ECB),2026-06-17T06:41:44.038225+00:00,ok,,ok,,best_deal,2026-04-18T05:21:43.987429+00:00,9.04,,50,True,8,0.0250463821892393,11.2675,11.54875,1/1,8.7226,8.664,8.4666,8.568,8.86,9.03,7.424,17.448,3.34762570793112,6.45908330085066,0.0268422752221753,0.0301246537396122,0.0019083969465649,0.0039511108897606,0.0100049136639224,0.0404481792717087,7,3,2026-06-24T22:28:10.794316+00:00,-0.007342283193802086,-0.007548135142465096,-0.007486379557866193
MP7 | Abyssal Apparition (Minimal Wear),A,525374890918581943,26565461319,10.49,9.13,0.13419306278229,330,5.9255124,5.7616336,0.0243195706681342,5.87026348626062,5.869107478626069,5.869454280916434,5.727501198565937,5.726373304540748,5.726711672748304,0.440394329241123,0.440504530159574,0.44047146988403874,0.4540036988974321,0.4541112197768591,0.4540789635130311,False,1,spread_hybrid_disc <= 0.12,1.8123724634126133,207,208,1,2,17.1,266,855,2.2630866943342585,0.9772160664819944,0.0404481792717087,,913,136,2003,6.87,6.68,742,0.86252,Frankfurter 2026-06-16 (ECB),2026-06-17T06:41:44.038225+00:00,ok,,ok,,best_deal,2026-04-18T05:21:43.987429+00:00,9.04,,50,True,8,0.0250463821892393,11.2675,11.54875,1/1,8.7226,8.664,8.4666,8.568,8.86,9.03,7.424,17.448,3.34762570793112,6.45908330085066,0.0268422752221753,0.0301246537396122,0.0019083969465649,0.0039511108897606,0.0100049136639224,0.0404481792717087,7,3,2026-06-24T22:28:10.794316+00:00,-0.009323904838909734,-0.009518994741101338,-0.009460467770443856
P2000 | Wicked Sick (Minimal Wear),A,519747925702013373,50684443295,8.55,7.44,0.14320945739746,207,4.6834836,4.614482,0.0075716632665433,4.69565796898129,4.696972297819518,4.69657799916805,4.6601040280253025,4.661408405208146,4.661017092053294,0.45080023754604803,0.45064651487491025,0.4506926316762515,0.4549585932134149,0.4548060344785795,0.45485180209903,False,2,"continuity_ratio <= 3.5, spread_hybrid_disc <= 0.12",3.765727899424873,173,174,1,2,16.4,244,820,2.493459777632437,0.9746992948983824,0.0503654485049834,,744,111,2003,5.43,5.35,499,0.86252,Frankfurter 2026-06-16 (ECB),2026-06-17T07:06:27.057725+00:00,ok,,ok,,best_deal,2026-04-18T12:27:48.467385+00:00,6.73,,50,True,8,0.0082241269220509,8.505,8.5775,1/1,7.3392,7.233,7.05,7.181,7.329,7.591,5.672,12.516,2.0165685633311488,7.371375626771314,0.0074480504558709,0.0416666666666667,0.0329444063143444,0.0036594707399529,0.0161115955836705,0.0503654485049834,7,3,2026-06-24T23:34:32.942607+00:00,0.0025994259873760024,0.002880056592814485,0.00279586741118294
MP7 | Abyssal Apparition (Minimal Wear),A,524248990829476395,49061433331,10.5,9.14,0.13712367415428,459,5.9255124,5.7616336,0.0243195706681342,5.8636900750729914,5.863293145333159,5.863412224255109,5.721087649916217,5.720700373337243,5.720816556310935,0.4415533261835246,0.4415911290158896,0.44157978816618004,0.4551345095317889,0.4551713930155007,0.4551603279703871,False,1,spread_hybrid_disc <= 0.12,1.8123724634126133,207,208,1,2,17.1,266,855,2.2630866943342585,0.9772160664819944,0.0404481792717087,,914,136,2003,6.87,6.68,742,0.86252,Frankfurter 2026-06-16 (ECB),2026-06-17T06:41:44.038225+00:00,ok,,ok,,best_deal,2026-04-18T05:21:43.987429+00:00,9.04,,50,True,8,0.0250463821892393,11.2675,11.54875,1/1,8.7226,8.664,8.4666,8.568,8.86,9.03,7.424,17.448,3.34762570793112,6.45908330085066,0.0268422752221753,0.0301246537396122,0.0019083969465649,0.0039511108897606,0.0100049136639224,0.0404481792717087,7,3,2026-06-24T22:28:10.794316+00:00,-0.010433245389379018,-0.010500231957465843,-0.010480135987039797
MP7 | Abyssal Apparition (Minimal Wear),A,526501587737542661,50231351382,10.5,9.14,0.13884249329567,668,5.9255124,5.7616336,0.0243195706681342,5.860915039061348,5.861542145576724,5.861354013622111,5.7183801015889655,5.718991957143124,5.718808400476876,0.44181761532749064,0.4417578908974549,0.44177580822646567,0.4553923712772414,0.4553340993197025,0.45535158090696426,False,1,spread_hybrid_disc <= 0.12,1.8123724634126133,207,208,1,2,17.1,266,855,2.2630866943342585,0.9772160664819944,0.0404481792717087,,914,136,2003,6.87,6.68,742,0.86252,Frankfurter 2026-06-16 (ECB),2026-06-17T06:41:44.038225+00:00,ok,,ok,,best_deal,2026-04-18T05:21:43.987429+00:00,9.04,,50,True,8,0.0250463821892393,11.2675,11.54875,1/1,8.7226,8.664,8.4666,8.568,8.86,9.03,7.424,17.448,3.34762570793112,6.45908330085066,0.0268422752221753,0.0301246537396122,0.0019083969465649,0.0039511108897606,0.0100049136639224,0.0404481792717087,7,3,2026-06-24T22:28:10.794316+00:00,-0.010901565396884666,-0.010795733787220728,-0.01082748327011991
MP7 | Abyssal Apparition (Minimal Wear),A,547896691609325667,50984098659,10.51,9.15,0.14063273370266,419,5.9255124,5.7616336,0.0243195706681342,5.856061410590077,5.858284684111844,5.857617702055314,5.713644511278298,5.715813715742538,5.715162954403266,0.44281052230351314,0.4425989834336971,0.4426624450946419,0.4563611311818936,0.45615473684657104,0.4562166551471678,False,1,spread_hybrid_disc <= 0.12,1.8123724634126133,207,208,1,2,17.1,266,855,2.2630866943342585,0.9772160664819944,0.0404481792717087,,915,136,2003,6.87,6.68,742,0.86252,Frankfurter 2026-06-16 (ECB),2026-06-17T06:41:44.038225+00:00,ok,,ok,,best_deal,2026-04-18T05:21:43.987429+00:00,9.04,,50,True,8,0.0250463821892393,11.2675,11.54875,1/1,8.7226,8.664,8.4666,8.568,8.86,9.03,7.424,17.448,3.34762570793112,6.45908330085066,0.0268422752221753,0.0301246537396122,0.0019083969465649,0.0039511108897606,0.0100049136639224,0.0404481792717087,7,3,2026-06-24T22:28:10.794316+00:00,-0.011720672360743532,-0.01134546877130084,-0.011458029848133646
P2000 | Wicked Sick (Minimal Wear),A,559156960071896305,51779424963,8.58,7.47,0.14300867915154,800,4.6834836,4.614482,0.0075716632665433,4.695930144769548,4.697766046592055,4.697215276045303,4.660374142990143,4.66219614398226,4.661649543684624,0.4526887943159035,0.45247481974451575,0.45253901211593206,0.4568328504673492,0.4566204960393637,0.4566842023677594,False,2,"continuity_ratio <= 3.5, spread_hybrid_disc <= 0.12",3.765727899424873,173,174,1,2,16.4,244,820,2.493459777632437,0.9746992948983824,0.0503654485049834,,747,111,2003,5.43,5.35,499,0.86252,Frankfurter 2026-06-16 (ECB),2026-06-17T07:06:27.057725+00:00,ok,,ok,,best_deal,2026-04-18T12:27:48.467385+00:00,6.73,,50,True,8,0.0082241269220509,8.505,8.5775,1/1,7.3392,7.233,7.05,7.181,7.329,7.591,5.672,12.516,2.0165685633311488,7.371375626771314,0.0074480504558709,0.0416666666666667,0.0329444063143444,0.0036594707399529,0.0161115955836705,0.0503654485049834,7,3,2026-06-24T23:34:32.942607+00:00,0.0026575399494402608,0.0030495348787075963,0.0029319363999273955
MP7 | Abyssal Apparition (Minimal Wear),A,501730992845010641,50840000215,10.51,9.15,0.14242598414421,302,5.9255124,5.7616336,0.0243195706681342,5.849946755367788,5.852091875960592,5.85144833978275,5.707678561845799,5.709771514026754,5.709143628372467,0.44339231633037224,0.4431882135146915,0.44324944435939584,0.45692877622780215,0.45672963710497105,0.45678937884182047,False,1,spread_hybrid_disc <= 0.12,1.8123724634126133,207,208,1,2,17.1,266,855,2.2630866943342585,0.9772160664819944,0.0404481792717087,,915,136,2003,6.87,6.68,742,0.86252,Frankfurter 2026-06-16 (ECB),2026-06-17T06:41:44.038225+00:00,ok,,ok,,best_deal,2026-04-18T05:21:43.987429+00:00,9.04,,50,True,8,0.0250463821892393,11.2675,11.54875,1/1,8.7226,8.664,8.4666,8.568,8.86,9.03,7.424,17.448,3.34762570793112,6.45908330085066,0.0268422752221753,0.0301246537396122,0.0019083969465649,0.0039511108897606,0.0100049136639224,0.0404481792717087,7,3,2026-06-24T22:28:10.794316+00:00,-0.01275259243946772,-0.012390578077164751,-0.01249918238585564
MP7 | Abyssal Apparition (Minimal Wear),A,508486392211545506,32338885118,10.51,9.15,0.14306879043579,620,5.9255124,5.7616336,0.0243195706681342,5.8476911542307946,5.849022886048114,5.848623366502918,5.705477815960056,5.706777160631333,5.706387357229949,0.4436069310912659,0.44348022016668753,0.44351823344406105,0.45713817164985193,0.45701454228055827,0.4570516310913464,False,1,spread_hybrid_disc <= 0.12,1.8123724634126133,207,208,1,2,17.1,266,855,2.2630866943342585,0.9772160664819944,0.0404481792717087,,915,136,2003,6.87,6.68,742,0.86252,Frankfurter 2026-06-16 (ECB),2026-06-17T06:41:44.038225+00:00,ok,,ok,,best_deal,2026-04-18T05:21:43.987429+00:00,9.04,,50,True,8,0.0250463821892393,11.2675,11.54875,1/1,8.7226,8.664,8.4666,8.568,8.86,9.03,7.424,17.448,3.34762570793112,6.45908330085066,0.0268422752221753,0.0301246537396122,0.0019083969465649,0.0039511108897606,0.0100049136639224,0.0404481792717087,7,3,2026-06-24T22:28:10.794316+00:00,-0.013133251694689681,-0.012908506267219335,-0.012975929895460439
MP7 | Abyssal Apparition (Minimal Wear),A,541140658109719679,51990489856,10.66,9.28,0.12357683479786,928,5.9255124,5.7616336,0.0243195706681342,5.92742398458789,5.927412447428634,5.927415908576411,5.783271578114712,5.7832603215342155,5.783263698508365,0.44395647424128604,0.44395755652639457,0.443957231840862,0.4574792140605336,0.45748027002493286,0.4574799532356131,False,1,spread_hybrid_disc <= 0.12,1.8123724634126133,207,208,1,2,17.1,266,855,2.2630866943342585,0.9772160664819944,0.0404481792717087,,928,138,2003,6.87,6.68,742,0.86252,Frankfurter 2026-06-16 (ECB),2026-06-17T06:41:44.038225+00:00,ok,,ok,,best_deal,2026-04-18T05:21:43.987429+00:00,9.04,,50,True,8,0.0250463821892393,11.2675,11.54875,1/1,8.7226,8.664,8.4666,8.568,8.86,9.03,7.424,17.448,3.34762570793112,6.45908330085066,0.0268422752221753,0.0301246537396122,0.0019083969465649,0.0039511108897606,0.0100049136639224,0.0404481792717087,7,3,2026-06-24T22:28:10.794316+00:00,0.00032260241120927026,0.00032065537971621294,0.0003212394891641302
MP7 | Abyssal Apparition (Minimal Wear),A,522002263279704308,52622841133,10.59,9.21,0.12992227077484,270,5.9255124,5.7616336,0.0243195706681342,5.886602366351572,5.885624213483308,5.885917659343788,5.743442724107879,5.742488359497419,5.742774668880558,0.4441357538855928,0.44422811959553277,0.4442004098825507,0.4576541337008613,0.457744253116391,0.457717217291732,False,1,spread_hybrid_disc <= 0.12,1.8123724634126133,207,208,1,2,17.1,266,855,2.2630866943342585,0.9772160664819944,0.0404481792717087,,921,138,2003,6.87,6.68,742,0.86252,Frankfurter 2026-06-16 (ECB),2026-06-17T06:41:44.038225+00:00,ok,,ok,,best_deal,2026-04-18T05:21:43.987429+00:00,9.04,,50,True,8,0.0250463821892393,11.2675,11.54875,1/1,8.7226,8.664,8.4666,8.568,8.86,9.03,7.424,17.448,3.34762570793112,6.45908330085066,0.0268422752221753,0.0301246537396122,0.0019083969465649,0.0039511108897606,0.0100049136639224,0.0404481792717087,7,3,2026-06-24T22:28:10.794316+00:00,-0.006566526406801115,-0.006731601222653911,-0.0066820787778980725
P2000 | Wicked Sick (Minimal Wear),A,559156960160926789,51777731055,8.58,7.47,0.14872631430626,214,4.6834836,4.614482,0.0075716632665433,4.685924193819585,4.687494179278878,4.68702318364109,4.650443953731434,4.652002051789497,4.651534622372077,0.4538549890653164,0.4536720070770538,0.4537269016735327,0.45799021518281646,0.45780861867255285,0.45786309762563204,False,2,"continuity_ratio <= 3.5, spread_hybrid_disc <= 0.12",3.765727899424873,173,174,1,2,16.4,244,820,2.493459777632437,0.9746992948983824,0.0503654485049834,,747,111,2003,5.43,5.35,499,0.86252,Frankfurter 2026-06-16 (ECB),2026-06-17T07:06:27.057725+00:00,ok,,ok,,best_deal,2026-04-18T12:27:48.467385+00:00,6.73,,50,True,8,0.0082241269220509,8.505,8.5775,1/1,7.3392,7.233,7.05,7.181,7.329,7.591,5.672,12.516,2.0165685633311488,7.371375626771314,0.0074480504558709,0.0416666666666667,0.0329444063143444,0.0036594707399529,0.0161115955836705,0.0503654485049834,7,3,2026-06-24T23:34:32.942607+00:00,0.0005211065155828988,0.0008563239719422074,0.0007557587350344148
MP7 | Abyssal Apparition (Minimal Wear),A,509614826551732164,51845426166,10.51,9.15,0.14926615357399,364,5.9255124,5.7616336,0.0243195706681342,5.8282065323653365,5.8300505677848955,5.829497357159028,5.686467051732996,5.688266241002855,5.687726484221897,0.44546084373307926,0.4452853884124742,0.4453380250086558,0.4589469979321602,0.4587758096096237,0.45882716610638463,False,1,spread_hybrid_disc <= 0.12,1.8123724634126133,207,208,1,2,17.1,266,855,2.2630866943342585,0.9772160664819944,0.0404481792717087,,915,136,2003,6.87,6.68,742,0.86252,Frankfurter 2026-06-16 (ECB),2026-06-17T06:41:44.038225+00:00,ok,,ok,,best_deal,2026-04-18T05:21:43.987429+00:00,9.04,,50,True,8,0.0250463821892393,11.2675,11.54875,1/1,8.7226,8.664,8.4666,8.568,8.86,9.03,7.424,17.448,3.34762570793112,6.45908330085066,0.0268422752221753,0.0301246537396122,0.0019083969465649,0.0039511108897606,0.0100049136639224,0.0404481792717087,7,3,2026-06-24T22:28:10.794316+00:00,-0.01642151109744765,-0.016110308403895015,-0.016203669211960803
MP7 | Abyssal Apparition (Minimal Wear),A,535513062020578145,39267131722,10.58,9.2,0.13515150547028,807,5.9255124,5.7616336,0.0243195706681342,5.867658756373371,5.866970542613508,5.867177006741468,5.724959814591252,5.724288337894557,5.724489780903567,0.4454008736887173,0.44546592224825066,0.44544640768039057,0.4588884863335301,0.458951952940023,0.4589329129580749,False,1,spread_hybrid_disc <= 0.12,1.8123724634126133,207,208,1,2,17.1,266,855,2.2630866943342585,0.9772160664819944,0.0404481792717087,,920,138,2003,6.87,6.68,742,0.86252,Frankfurter 2026-06-16 (ECB),2026-06-17T06:41:44.038225+00:00,ok,,ok,,best_deal,2026-04-18T05:21:43.987429+00:00,9.04,,50,True,8,0.0250463821892393,11.2675,11.54875,1/1,8.7226,8.664,8.4666,8.568,8.86,9.03,7.424,17.448,3.34762570793112,6.45908330085066,0.0268422752221753,0.0301246537396122,0.0019083969465649,0.0039511108897606,0.0100049136639224,0.0404481792717087,7,3,2026-06-24T22:28:10.794316+00:00,-0.009763483682293732,-0.009879627859101422,-0.009844784606059115
P2000 | Wicked Sick (Minimal Wear),A,641340675940598651,50590238678,8.6,7.49,0.14764735102654,442,4.6834836,4.614482,0.0075716632665433,4.68782374519212,4.687770156752467,4.687786233284363,4.652329122340619,4.6522759396545865,4.652291894460396,0.4549042156753348,0.454910446889248,0.45490857752507396,0.4590314974022536,0.45903768143551316,0.4590358262255353,False,2,"continuity_ratio <= 3.5, spread_hybrid_disc <= 0.12",3.765727899424873,173,174,1,2,16.4,244,820,2.493459777632437,0.9746992948983824,0.0503654485049834,,749,111,2003,5.43,5.35,499,0.86252,Frankfurter 2026-06-16 (ECB),2026-06-17T07:06:27.057725+00:00,ok,,ok,,best_deal,2026-04-18T12:27:48.467385+00:00,6.73,,50,True,8,0.0082241269220509,8.505,8.5775,1/1,7.3392,7.233,7.05,7.181,7.329,7.591,5.672,12.516,2.0165685633311488,7.371375626771314,0.0074480504558709,0.0416666666666667,0.0329444063143444,0.0036594707399529,0.0161115955836705,0.0503654485049834,7,3,2026-06-24T23:34:32.942607+00:00,0.0009266916600541061,0.0009152496557195143,0.0009186822570198919
P2000 | Wicked Sick (Minimal Wear),A,644718375650138063,50479514025,8.62,7.5,0.13900104165077,531,4.6834836,4.614482,0.0075716632665433,4.699486963615548,4.69774094972473,4.6982647538919755,4.6639040308015405,4.6621712371399635,4.6626910752384365,0.4548158974923958,0.45501845130803587,0.4549576851633439,0.4589438479348561,0.4591448680812107,0.4590845620373043,False,2,"continuity_ratio <= 3.5, spread_hybrid_disc <= 0.12",3.765727899424873,173,174,1,2,16.4,244,820,2.493459777632437,0.9746992948983824,0.0503654485049834,,750,112,2003,5.43,5.35,499,0.86252,Frankfurter 2026-06-16 (ECB),2026-06-17T07:06:27.057725+00:00,ok,,ok,,best_deal,2026-04-18T12:27:48.467385+00:00,6.73,,50,True,8,0.0082241269220509,8.505,8.5775,1/1,7.3392,7.233,7.05,7.181,7.329,7.591,5.672,12.516,2.0165685633311488,7.371375626771314,0.0074480504558709,0.0416666666666667,0.0329444063143444,0.0036594707399529,0.0161115955836705,0.0503654485049834,7,3,2026-06-24T23:34:32.942607+00:00,0.0034169786813275566,0.0030441762889339813,0.0031560170066520536
P2000 | Wicked Sick (Minimal Wear),A,493850959901180434,46402051344,8.62,7.5,0.14810882508755,225,4.6834836,4.614482,0.0075716632665433,4.6870026433941465,4.687644085446996,4.6874516528311405,4.651514237648968,4.652150822918587,4.651959847337701,0.4562641945018391,0.45618978127065013,0.4562121052400069,0.4603811789270339,0.46030732912777406,0.46032948406755203,False,2,"continuity_ratio <= 3.5, spread_hybrid_disc <= 0.12",3.765727899424873,173,174,1,2,16.4,244,820,2.493459777632437,0.9746992948983824,0.0503654485049834,,750,112,2003,5.43,5.35,499,0.86252,Frankfurter 2026-06-16 (ECB),2026-06-17T07:06:27.057725+00:00,ok,,ok,,best_deal,2026-04-18T12:27:48.467385+00:00,6.73,,50,True,8,0.0082241269220509,8.505,8.5775,1/1,7.3392,7.233,7.05,7.181,7.329,7.591,5.672,12.516,2.0165685633311488,7.371375626771314,0.0074480504558709,0.0416666666666667,0.0329444063143444,0.0036594707399529,0.0161115955836705,0.0503654485049834,7,3,2026-06-24T23:34:32.942607+00:00,0.0007513730578978351,0.0008883313794449556,0.0008472438829808194
MP7 | Abyssal Apparition (Minimal Wear),A,528757662671491924,50796934271,10.58,9.2,0.14237934350967,96,5.9255124,5.7616336,0.0243195706681342,5.850113978831047,5.8522214448916845,5.851589205073493,5.707841718506225,5.709897931897071,5.709281067879817,0.44705917024281216,0.446859976853338,0.4469197348701802,0.46050645382738886,0.46031210473562656,0.46037040946315533,False,1,spread_hybrid_disc <= 0.12,1.8123724634126133,207,208,1,2,17.1,266,855,2.2630866943342585,0.9772160664819944,0.0404481792717087,,920,138,2003,6.87,6.68,742,0.86252,Frankfurter 2026-06-16 (ECB),2026-06-17T06:41:44.038225+00:00,ok,,ok,,best_deal,2026-04-18T05:21:43.987429+00:00,9.04,,50,True,8,0.0250463821892393,11.2675,11.54875,1/1,8.7226,8.664,8.4666,8.568,8.86,9.03,7.424,17.448,3.34762570793112,6.45908330085066,0.0268422752221753,0.0301246537396122,0.0019083969465649,0.0039511108897606,0.0100049136639224,0.0404481792717087,7,3,2026-06-24T22:28:10.794316+00:00,-0.012724371510715659,-0.01236871179415902,-0.012475409709126011
MP7 | Abyssal Apparition (Minimal Wear),A,537764861931919363,52536242126,11.39,9.91,0.10417793691158,175,5.9255124,5.7616336,0.0243195706681342,6.291918074967049,6.276860160106697,6.281377534564802,6.138901328704778,6.1242096158689865,6.128617129719723,0.44759279412054,0.4489148235200442,0.44851821470019304,0.46102710020151205,0.46231697841360964,0.4619300149499804,False,1,spread_hybrid_disc <= 0.12,1.8123724634126133,207,208,1,2,17.1,266,855,2.2630866943342585,0.9772160664819944,0.0404481792717087,,991,148,2003,6.87,6.68,742,0.86252,Frankfurter 2026-06-16 (ECB),2026-06-17T06:41:44.038225+00:00,ok,,ok,,best_deal,2026-04-18T05:21:43.987429+00:00,9.04,,50,True,8,0.0250463821892393,11.2675,11.54875,1/1,8.7226,8.664,8.4666,8.568,8.86,9.03,7.424,17.448,3.34762570793112,6.45908330085066,0.0268422752221753,0.0301246537396122,0.0019083969465649,0.0039511108897606,0.0100049136639224,0.0404481792717087,7,3,2026-06-24T22:28:10.794316+00:00,0.0618352726706049,0.059294072206598866,0.06005643234580068
P2000 | Wicked Sick (Minimal Wear),A,497231286802355617,51747329792,8.67,7.55,0.13830111920834,781,4.6834836,4.614482,0.0075716632665433,4.699641673898948,4.6976667364009534,4.698259217650352,4.664057569670771,4.662097585734484,4.662685580915371,0.45794213680519635,0.45816992659735256,0.4581015896597056,0.4620464164162894,0.46227248146084376,0.46220466194747745,False,2,"continuity_ratio <= 3.5, spread_hybrid_disc <= 0.12",3.765727899424873,173,174,1,2,16.4,244,820,2.493459777632437,0.9746992948983824,0.0503654485049834,,755,112,2003,5.43,5.35,499,0.86252,Frankfurter 2026-06-16 (ECB),2026-06-17T07:06:27.057725+00:00,ok,,ok,,best_deal,2026-04-18T12:27:48.467385+00:00,6.73,,50,True,8,0.0082241269220509,8.505,8.5775,1/1,7.3392,7.233,7.05,7.181,7.329,7.591,5.672,12.516,2.0165685633311488,7.371375626771314,0.0074480504558709,0.0416666666666667,0.0329444063143444,0.0036594707399529,0.0161115955836705,0.0503654485049834,7,3,2026-06-24T23:34:32.942607+00:00,0.0034500118456586995,0.0030283305360465744,0.003154834928930212
P2000 | Wicked Sick (Minimal Wear),A,696510501826521306,48833308711,8.68,7.56,0.14126098155975,357,4.6834836,4.614482,0.0075716632665433,4.697840469375184,4.700209436553177,4.699498746399779,4.662270003261136,4.664621033417367,4.663915724370497,0.458774139472905,0.4585012169869612,0.4585830937327444,0.4628721194399613,0.4626012634311789,0.4626825202338136,False,2,"continuity_ratio <= 3.5, spread_hybrid_disc <= 0.12",3.765727899424873,173,174,1,2,16.4,244,820,2.493459777632437,0.9746992948983824,0.0503654485049834,,756,112,2003,5.43,5.35,499,0.86252,Frankfurter 2026-06-16 (ECB),2026-06-17T07:06:27.057725+00:00,ok,,ok,,best_deal,2026-04-18T12:27:48.467385+00:00,6.73,,50,True,8,0.0082241269220509,8.505,8.5775,1/1,7.3392,7.233,7.05,7.181,7.329,7.591,5.672,12.516,2.0165685633311488,7.371375626771314,0.0074480504558709,0.0416666666666667,0.0329444063143444,0.0036594707399529,0.0161115955836705,0.0503654485049834,7,3,2026-06-24T23:34:32.942607+00:00,0.003065425354576761,0.003571238416032143,0.0034194944975955285
P2000 | Wicked Sick (Minimal Wear),A,619949307105380803,50867793247,8.66,7.54,0.14891242980957,216,4.6834836,4.614482,0.0075716632665433,4.685604781327824,4.687454441413995,4.686899543388145,4.650126959723504,4.6519626148063455,4.651411918281494,0.45893709222542445,0.4587235056103932,0.4587875815949025,0.4630338383691104,0.4628218689600063,0.46288545978273743,False,2,"continuity_ratio <= 3.5, spread_hybrid_disc <= 0.12",3.765727899424873,173,174,1,2,16.4,244,820,2.493459777632437,0.9746992948983824,0.0503654485049834,,754,112,2003,5.43,5.35,499,0.86252,Frankfurter 2026-06-16 (ECB),2026-06-17T07:06:27.057725+00:00,ok,,ok,,best_deal,2026-04-18T12:27:48.467385+00:00,6.73,,50,True,8,0.0082241269220509,8.505,8.5775,1/1,7.3392,7.233,7.05,7.181,7.329,7.591,5.672,12.516,2.0165685633311488,7.371375626771314,0.0074480504558709,0.0416666666666667,0.0329444063143444,0.0036594707399529,0.0161115955836705,0.0503654485049834,7,3,2026-06-24T23:34:32.942607+00:00,0.00045290674826425296,0.0008478392908208835,0.0007293595280538944
P2000 | Wicked Sick (Minimal Wear),A,502856892559211392,51223112612,8.67,7.55,0.14884226024151,533,4.6834836,4.614482,0.0075716632665433,4.685725121403252,4.687469347072903,4.686946079372007,4.650246388624403,4.651977407604623,4.651458101910556,0.4595472755013551,0.45934609607002275,0.4594064498994226,0.46363940154274474,0.46343974537432253,0.4634996422248493,False,2,"continuity_ratio <= 3.5, spread_hybrid_disc <= 0.12",3.765727899424873,173,174,1,2,16.4,244,820,2.493459777632437,0.9746992948983824,0.0503654485049834,,755,112,2003,5.43,5.35,499,0.86252,Frankfurter 2026-06-16 (ECB),2026-06-17T07:06:27.057725+00:00,ok,,ok,,best_deal,2026-04-18T12:27:48.467385+00:00,6.73,,50,True,8,0.0082241269220509,8.505,8.5775,1/1,7.3392,7.233,7.05,7.181,7.329,7.591,5.672,12.516,2.0165685633311488,7.371375626771314,0.0074480504558709,0.0416666666666667,0.0329444063143444,0.0036594707399529,0.0161115955836705,0.0503654485049834,7,3,2026-06-24T23:34:32.942607+00:00,0.00047860131361436424,0.0008510218916754276,0.0007392957182571086
P2000 | Wicked Sick (Minimal Wear),A,722406200549202806,42253617139,8.71,7.59,0.14608010649681,473,4.6834836,4.614482,0.0075716632665433,4.690673067155501,4.68848911467705,4.689144300420585,4.655156870197556,4.652989453871861,4.6536396787695695,0.4614611863196899,0.46171192713237097,0.4616367048885667,0.46553882087284093,0.4657876631605212,0.4657130104742171,False,2,"continuity_ratio <= 3.5, spread_hybrid_disc <= 0.12",3.765727899424873,173,174,1,2,16.4,244,820,2.493459777632437,0.9746992948983824,0.0503654485049834,,759,112,2003,5.43,5.35,499,0.86252,Frankfurter 2026-06-16 (ECB),2026-06-17T07:06:27.057725+00:00,ok,,ok,,best_deal,2026-04-18T12:27:48.467385+00:00,6.73,,50,True,8,0.0082241269220509,8.505,8.5775,1/1,7.3392,7.233,7.05,7.181,7.329,7.591,5.672,12.516,2.0165685633311488,7.371375626771314,0.0074480504558709,0.0416666666666667,0.0329444063143444,0.0036594707399529,0.0161115955836705,0.0503654485049834,7,3,2026-06-24T23:34:32.942607+00:00,0.0015350682888056338,0.0010687588779108882,0.001208651701179312
P2000 | Wicked Sick (Minimal Wear),A,594058678085798230,52055954444,9.11,7.93,0.11319901049137,313,4.6834836,4.614482,0.0075716632665433,4.967468397712796,4.876080472710595,4.903496850211255,4.929856399718119,4.839160433310663,4.866369223232899,0.45472355678234944,0.46475516216129575,0.461745680547612,0.45885220639757196,0.4688078558385661,0.4658211610062679,False,2,"continuity_ratio <= 3.5, spread_hybrid_disc <= 0.12",3.765727899424873,173,174,1,2,16.4,244,820,2.493459777632437,0.9746992948983824,0.0503654485049834,,793,118,2003,5.43,5.35,499,0.86252,Frankfurter 2026-06-16 (ECB),2026-06-17T07:06:27.057725+00:00,ok,,ok,,best_deal,2026-04-18T12:27:48.467385+00:00,6.73,,50,True,8,0.0082241269220509,8.505,8.5775,1/1,7.3392,7.233,7.05,7.181,7.329,7.591,5.672,12.516,2.0165685633311488,7.371375626771314,0.0074480504558709,0.0416666666666667,0.0329444063143444,0.0036594707399529,0.0161115955836705,0.0503654485049834,7,3,2026-06-24T23:34:32.942607+00:00,0.060635377844132136,0.04112256797709185,0.046976410937203936
MP7 | Abyssal Apparition (Minimal Wear),A,529879376341138692,28756933662,10.66,9.28,0.14818093180656,310,5.9255124,5.7616336,0.0243195706681342,5.83151271368453,5.832288452692102,5.83205573098983,5.689692828141957,5.690449701509913,5.690222639499526,0.45295377920407787,0.45288100819023436,0.4529028394943875,0.46625770842946,0.4661867071754303,0.46620800755163927,False,1,spread_hybrid_disc <= 0.12,1.8123724634126133,207,208,1,2,17.1,266,855,2.2630866943342585,0.9772160664819944,0.0404481792717087,,928,138,2003,6.87,6.68,742,0.86252,Frankfurter 2026-06-16 (ECB),2026-06-17T06:41:44.038225+00:00,ok,,ok,,best_deal,2026-04-18T05:21:43.987429+00:00,9.04,,50,True,8,0.0250463821892393,11.2675,11.54875,1/1,8.7226,8.664,8.4666,8.568,8.86,9.03,7.424,17.448,3.34762570793112,6.45908330085066,0.0268422752221753,0.0301246537396122,0.0019083969465649,0.0039511108897606,0.0100049136639224,0.0404481792717087,7,3,2026-06-24T22:28:10.794316+00:00,-0.01586355406419697,-0.015732638971086736,-0.015771913499019807
P2000 | Wicked Sick (Minimal Wear),A,633460645525180297,51056255678,8.74,7.6,0.14416855573654,933,4.6834836,4.614482,0.0075716632665433,4.694061456695344,4.69313118535665,4.693410266758258,4.658519603992787,4.657596376355416,4.657873344646627,0.4629220301263909,0.4630284684946625,0.462996536984181,0.46698860366215245,0.46709423611494094,0.4670625463791045,False,2,"continuity_ratio <= 3.5, spread_hybrid_disc <= 0.12",3.765727899424873,173,174,1,2,16.4,244,820,2.493459777632437,0.9746992948983824,0.0503654485049834,,760,114,2003,5.43,5.35,499,0.86252,Frankfurter 2026-06-16 (ECB),2026-06-17T07:06:27.057725+00:00,ok,,ok,,best_deal,2026-04-18T12:27:48.467385+00:00,6.73,,50,True,8,0.0082241269220509,8.505,8.5775,1/1,7.3392,7.233,7.05,7.181,7.329,7.591,5.672,12.516,2.0165685633311488,7.371375626771314,0.0074480504558709,0.0416666666666667,0.0329444063143444,0.0036594707399529,0.0161115955836705,0.0503654485049834,7,3,2026-06-24T23:34:32.942607+00:00,0.0022585446216453232,0.0020599165451653857,0.002119504968109367
P2000 | Wicked Sick (Minimal Wear),A,526502690933482955,47610437146,8.89,7.74,0.1246297955513,358,4.6834836,4.614482,0.0075716632665433,4.755404418652371,4.750695474234448,4.752108157559825,4.719398097698103,4.714724807821653,4.716126794784588,0.465083867418181,0.46561355745394295,0.4654546504432143,0.4691340722499322,0.46965975165110774,0.469502047830755,False,2,"continuity_ratio <= 3.5, spread_hybrid_disc <= 0.12",3.765727899424873,173,174,1,2,16.4,244,820,2.493459777632437,0.9746992948983824,0.0503654485049834,,774,115,2003,5.43,5.35,499,0.86252,Frankfurter 2026-06-16 (ECB),2026-06-17T07:06:27.057725+00:00,ok,,ok,,best_deal,2026-04-18T12:27:48.467385+00:00,6.73,,50,True,8,0.0082241269220509,8.505,8.5775,1/1,7.3392,7.233,7.05,7.181,7.329,7.591,5.672,12.516,2.0165685633311488,7.371375626771314,0.0074480504558709,0.0416666666666667,0.0329444063143444,0.0036594707399529,0.0161115955836705,0.0503654485049834,7,3,2026-06-24T23:34:32.942607+00:00,0.0153562657190412,0.014350829419888987,0.014652460309634652
P2000 | Wicked Sick (Minimal Wear),A,497228659623196415,51316222532,8.77,7.63,0.14810916781425,259,4.6834836,4.614482,0.0075716632665433,4.68700203905404,4.687643996494819,4.687451409262585,4.651513637884721,4.6521507346399265,4.6519596056133645,0.46556419167000684,0.4654909924179226,0.4655129521935478,0.4696107596482645,0.4695381146362684,0.46955990813986714,False,2,"continuity_ratio <= 3.5, spread_hybrid_disc <= 0.12",3.765727899424873,173,174,1,2,16.4,244,820,2.493459777632437,0.9746992948983824,0.0503654485049834,,763,114,2003,5.43,5.35,499,0.86252,Frankfurter 2026-06-16 (ECB),2026-06-17T07:06:27.057725+00:00,ok,,ok,,best_deal,2026-04-18T12:27:48.467385+00:00,6.73,,50,True,8,0.0082241269220509,8.505,8.5775,1/1,7.3392,7.233,7.05,7.181,7.329,7.591,5.672,12.516,2.0165685633311488,7.371375626771314,0.0074480504558709,0.0416666666666667,0.0329444063143444,0.0036594707399529,0.0161115955836705,0.0503654485049834,7,3,2026-06-24T23:34:32.942607+00:00,0.0007512440214458633,0.0008883123867068623,0.0008471918771285626
P2000 | Wicked Sick (Minimal Wear),A,644718375672293507,42832447089,8.86,7.71,0.12776532769203,963,4.6834836,4.614482,0.0075716632665433,4.732749809431058,4.730807928625418,4.731390492867111,4.696915021549249,4.694987844011173,4.695565997272596,0.4658295926150047,0.46604876652083316,0.4659830143490845,0.46987415106667607,0.47009166546149284,0.4700264111430478,False,2,"continuity_ratio <= 3.5, spread_hybrid_disc <= 0.12",3.765727899424873,173,174,1,2,16.4,244,820,2.493459777632437,0.9746992948983824,0.0503654485049834,,771,115,2003,5.43,5.35,499,0.86252,Frankfurter 2026-06-16 (ECB),2026-06-17T07:06:27.057725+00:00,ok,,ok,,best_deal,2026-04-18T12:27:48.467385+00:00,6.73,,50,True,8,0.0082241269220509,8.505,8.5775,1/1,7.3392,7.233,7.05,7.181,7.329,7.591,5.672,12.516,2.0165685633311488,7.371375626771314,0.0074480504558709,0.0416666666666667,0.0329444063143444,0.0036594707399529,0.0161115955836705,0.0503654485049834,7,3,2026-06-24T23:34:32.942607+00:00,0.010519137812515953,0.010104514644914875,0.010228901595195197
P2000 | Wicked Sick (Minimal Wear),A,524254063082463581,52600326961,9.01,7.84,0.11819808185101,365,4.6834836,4.614482,0.0075716632665433,4.814527320681698,4.808023829338093,4.809974876741174,4.778073341021923,4.771619091924829,4.773555366653957,0.4656462463172366,0.4663680544574814,0.46615151201540794,0.46969219300533593,0.4704085358573996,0.4701936330017805,False,2,"continuity_ratio <= 3.5, spread_hybrid_disc <= 0.12",3.765727899424873,173,174,1,2,16.4,244,820,2.493459777632437,0.9746992948983824,0.0503654485049834,,784,117,2003,5.43,5.35,499,0.86252,Frankfurter 2026-06-16 (ECB),2026-06-17T07:06:27.057725+00:00,ok,,ok,,best_deal,2026-04-18T12:27:48.467385+00:00,6.73,,50,True,8,0.0082241269220509,8.505,8.5775,1/1,7.3392,7.233,7.05,7.181,7.329,7.591,5.672,12.516,2.0165685633311488,7.371375626771314,0.0074480504558709,0.0416666666666667,0.0329444063143444,0.0036594707399529,0.0161115955836705,0.0503654485049834,7,3,2026-06-24T23:34:32.942607+00:00,0.027979967877265192,0.0265913665926135,0.02700794697800901
P2000 | Wicked Sick (Minimal Wear),A,536637692548847400,44707023710,8.88,7.73,0.1265930980444,486,4.6834836,4.614482,0.0075716632665433,4.74013202486404,4.7378979438036914,4.7385681681217955,4.704241341332811,4.702024175981962,4.702689325587216,0.4662013485513469,0.46645293425634105,0.4663774585448429,0.47024309219225113,0.47049277297500436,0.47041786874017844,False,2,"continuity_ratio <= 3.5, spread_hybrid_disc <= 0.12",3.765727899424873,173,174,1,2,16.4,244,820,2.493459777632437,0.9746992948983824,0.0503654485049834,,773,115,2003,5.43,5.35,499,0.86252,Frankfurter 2026-06-16 (ECB),2026-06-17T07:06:27.057725+00:00,ok,,ok,,best_deal,2026-04-18T12:27:48.467385+00:00,6.73,,50,True,8,0.0082241269220509,8.505,8.5775,1/1,7.3392,7.233,7.05,7.181,7.329,7.591,5.672,12.516,2.0165685633311488,7.371375626771314,0.0074480504558709,0.0416666666666667,0.0329444063143444,0.0036594707399529,0.0161115955836705,0.0503654485049834,7,3,2026-06-24T23:34:32.942607+00:00,0.012095360996682163,0.011618348317412971,0.011761452121193729
P2000 | Wicked Sick (Minimal Wear),A,536638961951730306,52364967973,8.88,7.73,0.127216771245,984,4.6834836,4.614482,0.0075716632665433,4.73590682387907,4.734100533995964,4.7346424209608955,4.700048132146932,4.698255518882583,4.698793302861888,0.46667715947307775,0.4668805704959501,0.46681954718908836,0.4707153004339041,0.4709171712970065,0.4708566100380758,False,2,"continuity_ratio <= 3.5, spread_hybrid_disc <= 0.12",3.765727899424873,173,174,1,2,16.4,244,820,2.493459777632437,0.9746992948983824,0.0503654485049834,,773,115,2003,5.43,5.35,499,0.86252,Frankfurter 2026-06-16 (ECB),2026-06-17T07:06:27.057725+00:00,ok,,ok,,best_deal,2026-04-18T12:27:48.467385+00:00,6.73,,50,True,8,0.0082241269220509,8.505,8.5775,1/1,7.3392,7.233,7.05,7.181,7.329,7.591,5.672,12.516,2.0165685633311488,7.371375626771314,0.0074480504558709,0.0416666666666667,0.0329444063143444,0.0036594707399529,0.0161115955836705,0.0503654485049834,7,3,2026-06-24T23:34:32.942607+00:00,0.011193211796251466,0.01080753949815557,0.010923241187584339
MP7 | Abyssal Apparition (Minimal Wear),A,544518357807646469,51589199111,10.82,9.41,0.13719265162945,444,5.9255124,5.7616336,0.0243195706681342,5.863568865768842,5.8632167654778184,5.863322395565126,5.720969388370306,5.720625851007192,5.720728912216126,0.45808051148162277,0.4581130530981684,0.45810329061320465,0.4712597607790845,0.4712915109974869,0.47128198593196624,False,1,spread_hybrid_disc <= 0.12,1.8123724634126133,207,208,1,2,17.1,266,855,2.2630866943342585,0.9772160664819944,0.0404481792717087,,941,141,2003,6.87,6.68,742,0.86252,Frankfurter 2026-06-16 (ECB),2026-06-17T06:41:44.038225+00:00,ok,,ok,,best_deal,2026-04-18T05:21:43.987429+00:00,9.04,,50,True,8,0.0250463821892393,11.2675,11.54875,1/1,8.7226,8.664,8.4666,8.568,8.86,9.03,7.424,17.448,3.34762570793112,6.45908330085066,0.0268422752221753,0.0301246537396122,0.0019083969465649,0.0039511108897606,0.0100049136639224,0.0404481792717087,7,3,2026-06-24T22:28:10.794316+00:00,-0.01045370088689006,-0.010513121957551006,-0.010495295636352722
MP7 | Abyssal Apparition (Minimal Wear),A,625579418042811106,51111638936,11.0,9.58,0.11998281627893,902,5.9255124,5.7616336,0.0243195706681342,5.958813105704122,5.956783480861905,5.9573923683145695,5.813897329281747,5.81191706404431,5.8125111436155406,0.45828971766326165,0.4584742290125541,0.4584188756077664,0.4714638791562048,0.4716439032686991,0.47158989603495083,False,1,spread_hybrid_disc <= 0.12,1.8123724634126133,207,208,1,2,17.1,266,855,2.2630866943342585,0.9772160664819944,0.0404481792717087,,958,142,2003,6.87,6.68,742,0.86252,Frankfurter 2026-06-16 (ECB),2026-06-17T06:41:44.038225+00:00,ok,,ok,,best_deal,2026-04-18T05:21:43.987429+00:00,9.04,,50,True,8,0.0250463821892393,11.2675,11.54875,1/1,8.7226,8.664,8.4666,8.568,8.86,9.03,7.424,17.448,3.34762570793112,6.45908330085066,0.0268422752221753,0.0301246537396122,0.0019083969465649,0.0039511108897606,0.0100049136639224,0.0404481792717087,7,3,2026-06-24T22:28:10.794316+00:00,0.005619886257283272,0.0052773631630414885,0.005380120091314024
MP7 | Abyssal Apparition (Minimal Wear),A,532135362416225134,34056396415,10.83,9.42,0.13604956865311,80,5.9255124,5.7616336,0.0243195706681342,5.86585313119983,5.865011721220955,5.865264144214618,5.7231981014467195,5.722377154197287,5.722623438372117,0.45836997865190854,0.4584476711707336,0.4584243634150861,0.4715421882320665,0.4716179913021896,0.4715952503811527,False,1,spread_hybrid_disc <= 0.12,1.8123724634126133,207,208,1,2,17.1,266,855,2.2630866943342585,0.9772160664819944,0.0404481792717087,,942,141,2003,6.87,6.68,742,0.86252,Frankfurter 2026-06-16 (ECB),2026-06-17T06:41:44.038225+00:00,ok,,ok,,best_deal,2026-04-18T05:21:43.987429+00:00,9.04,,50,True,8,0.0250463821892393,11.2675,11.54875,1/1,8.7226,8.664,8.4666,8.568,8.86,9.03,7.424,17.448,3.34762570793112,6.45908330085066,0.0268422752221753,0.0301246537396122,0.0019083969465649,0.0039511108897606,0.0100049136639224,0.0404481792717087,7,3,2026-06-24T22:28:10.794316+00:00,-0.010068204194487802,-0.010210202037387405,-0.010167602684517526
MP7 | Abyssal Apparition (Minimal Wear),A,554653360500139510,52102828605,10.97,9.55,0.12207259237766,146,5.9255124,5.7616336,0.0243195706681342,5.939715883647665,5.937601497592967,5.938235813409376,5.795264543466656,5.7932015783730355,5.793820467901122,0.4585491446082348,0.4587418871838681,0.45868406441117815,0.4717169969492565,0.471905052108201,0.4718486355605177,False,1,spread_hybrid_disc <= 0.12,1.8123724634126133,207,208,1,2,17.1,266,855,2.2630866943342585,0.9772160664819944,0.0404481792717087,,955,142,2003,6.87,6.68,742,0.86252,Frankfurter 2026-06-16 (ECB),2026-06-17T06:41:44.038225+00:00,ok,,ok,,best_deal,2026-04-18T05:21:43.987429+00:00,9.04,,50,True,8,0.0250463821892393,11.2675,11.54875,1/1,8.7226,8.664,8.4666,8.568,8.86,9.03,7.424,17.448,3.34762570793112,6.45908330085066,0.0268422752221753,0.0301246537396122,0.0019083969465649,0.0039511108897606,0.0100049136639224,0.0404481792717087,7,3,2026-06-24T22:28:10.794316+00:00,0.0023970051345543063,0.0020401775875056602,0.002147225851620254
P2000 | Wicked Sick (Minimal Wear),A,491599065506468930,43577887901,8.83,7.69,0.14388778805733,234,4.6834836,4.614482,0.0075716632665433,4.694536504471377,4.694198572757918,4.6942999522719555,4.658991054867024,4.658655681858706,4.6587562937612015,0.46834241172464586,0.46838068258687227,0.46836920132820437,0.47236794395616943,0.4724059250443142,0.47239453071787074,False,2,"continuity_ratio <= 3.5, spread_hybrid_disc <= 0.12",3.765727899424873,173,174,1,2,16.4,244,820,2.493459777632437,0.9746992948983824,0.0503654485049834,,769,114,2003,5.43,5.35,499,0.86252,Frankfurter 2026-06-16 (ECB),2026-06-17T07:06:27.057725+00:00,ok,,ok,,best_deal,2026-04-18T12:27:48.467385+00:00,6.73,,50,True,8,0.0082241269220509,8.505,8.5775,1/1,7.3392,7.233,7.05,7.181,7.329,7.591,5.672,12.516,2.0165685633311488,7.371375626771314,0.0074480504558709,0.0416666666666667,0.0329444063143444,0.0036594707399529,0.0161115955836705,0.0503654485049834,7,3,2026-06-24T23:34:32.942607+00:00,0.0023599750560410883,0.0022878211333798313,0.002309467310178208
P2000 | Wicked Sick (Minimal Wear),A,506235858866354929,51543944829,8.83,7.69,0.14642494916916,926,4.6834836,4.614482,0.0075716632665433,4.690042482288986,4.688248478410319,4.688786679573919,4.654531059907311,4.652750639621912,4.653284765707531,0.4688513610091749,0.4690545324563625,0.46899358102220623,0.47287303964809624,0.4730746727495003,0.47301418281907914,False,2,"continuity_ratio <= 3.5, spread_hybrid_disc <= 0.12",3.765727899424873,173,174,1,2,16.4,244,820,2.493459777632437,0.9746992948983824,0.0503654485049834,,769,114,2003,5.43,5.35,499,0.86252,Frankfurter 2026-06-16 (ECB),2026-06-17T07:06:27.057725+00:00,ok,,ok,,best_deal,2026-04-18T12:27:48.467385+00:00,6.73,,50,True,8,0.0082241269220509,8.505,8.5775,1/1,7.3392,7.233,7.05,7.181,7.329,7.591,5.672,12.516,2.0165685633311488,7.371375626771314,0.0074480504558709,0.0416666666666667,0.0329444063143444,0.0036594707399529,0.0161115955836705,0.0503654485049834,7,3,2026-06-24T23:34:32.942607+00:00,0.001400428153305698,0.0010173791171851413,0.0011322938280213083
P2000 | Wicked Sick (Minimal Wear),A,506235858866354029,51537792972,8.83,7.69,0.14819422364235,400,4.6834836,4.614482,0.0075716632665433,4.686852057601695,4.687621920884402,4.68739096189959,4.651364792041429,4.652128826178598,4.651899615937448,0.46921267750830187,0.4691254902735672,0.46915164644398755,0.47323162038035915,0.473145093298007,0.47317105142271254,False,2,"continuity_ratio <= 3.5, spread_hybrid_disc <= 0.12",3.765727899424873,173,174,1,2,16.4,244,820,2.493459777632437,0.9746992948983824,0.0503654485049834,,769,114,2003,5.43,5.35,499,0.86252,Frankfurter 2026-06-16 (ECB),2026-06-17T07:06:27.057725+00:00,ok,,ok,,best_deal,2026-04-18T12:27:48.467385+00:00,6.73,,50,True,8,0.0082241269220509,8.505,8.5775,1/1,7.3392,7.233,7.05,7.181,7.329,7.591,5.672,12.516,2.0165685633311488,7.371375626771314,0.0074480504558709,0.0416666666666667,0.0329444063143444,0.0036594707399529,0.0161115955836705,0.0503654485049834,7,3,2026-06-24T23:34:32.942607+00:00,0.000719220539535044,0.0008835988844718264,0.0008342853809907916
MP7 | Abyssal Apparition (Minimal Wear),A,655978715555429573,50234640492,11.2,9.75,0.11282142996788,429,5.9255124,5.7616336,0.0243195706681342,6.048568588999068,6.043694531280779,6.045156748596265,5.901469997757848,5.89671447503068,5.89814113184883,0.4599492331250832,0.4603844168499305,0.4602538617324763,0.47308303591447776,0.473507636157975,0.47338025608492584,False,1,spread_hybrid_disc <= 0.12,1.8123724634126133,207,208,1,2,17.1,266,855,2.2630866943342585,0.9772160664819944,0.0404481792717087,,975,145,2003,6.87,6.68,742,0.86252,Frankfurter 2026-06-16 (ECB),2026-06-17T06:41:44.038225+00:00,ok,,ok,,best_deal,2026-04-18T05:21:43.987429+00:00,9.04,,50,True,8,0.0250463821892393,11.2675,11.54875,1/1,8.7226,8.664,8.4666,8.568,8.86,9.03,7.424,17.448,3.34762570793112,6.45908330085066,0.0268422752221753,0.0301246537396122,0.0019083969465649,0.0039511108897606,0.0100049136639224,0.0404481792717087,7,3,2026-06-24T22:28:10.794316+00:00,0.020767181079406276,0.01994462643952593,0.020191392831490032
P2000 | Wicked Sick (Minimal Wear),A,546772061223209334,52576663927,9.66,8.4,0.10644695162773,76,4.6834836,4.614482,0.0075716632665433,5.443507169488335,4.979605131730849,5.1187757430580945,5.402290766211955,4.941901238473031,5.080018096794708,0.4364899410467562,0.4845129263218583,0.47010603073932766,0.4407566494604601,0.4884160208620051,0.4741182094415416,False,2,"continuity_ratio <= 3.5, spread_hybrid_disc <= 0.12",3.765727899424873,173,174,1,2,16.4,244,820,2.493459777632437,0.9746992948983824,0.0503654485049834,,840,126,2003,5.43,5.35,499,0.86252,Frankfurter 2026-06-16 (ECB),2026-06-17T07:06:27.057725+00:00,ok,,ok,,best_deal,2026-04-18T12:27:48.467385+00:00,6.73,,50,True,8,0.0082241269220509,8.505,8.5775,1/1,7.3392,7.233,7.05,7.181,7.329,7.591,5.672,12.516,2.0165685633311488,7.371375626771314,0.0074480504558709,0.0416666666666667,0.0329444063143444,0.0036594707399529,0.0161115955836705,0.0503654485049834,7,3,2026-06-24T23:34:32.942607+00:00,0.1622774059651529,0.06322676815412535,0.09294195949743363
P2000 | Wicked Sick (Minimal Wear),A,550149760829593840,49846149268,8.88,7.73,0.13482527434826,301,4.6834836,4.614482,0.0075716632665433,4.7028480040918605,4.702025367633185,4.702272158570787,4.667239622611142,4.666423214878722,4.666668137198448,0.47039999953920497,0.47049263878004677,0.47046484700779423,0.47440995240865524,0.47450189021636024,0.47447430887404873,False,2,"continuity_ratio <= 3.5, spread_hybrid_disc <= 0.12",3.765727899424873,173,174,1,2,16.4,244,820,2.493459777632437,0.9746992948983824,0.0503654485049834,,773,115,2003,5.43,5.35,499,0.86252,Frankfurter 2026-06-16 (ECB),2026-06-17T07:06:27.057725+00:00,ok,,ok,,best_deal,2026-04-18T12:27:48.467385+00:00,6.73,,50,True,8,0.0082241269220509,8.505,8.5775,1/1,7.3392,7.233,7.05,7.181,7.329,7.591,5.672,12.516,2.0165685633311488,7.371375626771314,0.0074480504558709,0.0416666666666667,0.0329444063143444,0.0036594707399529,0.0161115955836705,0.0503654485049834,7,3,2026-06-24T23:34:32.942607+00:00,0.00413461554383608,0.003958969266634096,0.004011663149794691
MP7 | Abyssal Apparition (Minimal Wear),A,524248990838527083,49271818287,10.94,9.52,0.13184905052185,511,5.9255124,5.7616336,0.0243195706681342,5.878424940421936,5.8761522499952985,5.876834057123289,5.735464169666022,5.733246750094822,5.733911975966182,0.46266682445868956,0.462874565813958,0.4628122434073776,0.47573453659359943,0.4759372257682978,0.4758764190158883,False,1,spread_hybrid_disc <= 0.12,1.8123724634126133,207,208,1,2,17.1,266,855,2.2630866943342585,0.9772160664819944,0.0404481792717087,,952,142,2003,6.87,6.68,742,0.86252,Frankfurter 2026-06-16 (ECB),2026-06-17T06:41:44.038225+00:00,ok,,ok,,best_deal,2026-04-18T05:21:43.987429+00:00,9.04,,50,True,8,0.0250463821892393,11.2675,11.54875,1/1,8.7226,8.664,8.4666,8.568,8.86,9.03,7.424,17.448,3.34762570793112,6.45908330085066,0.0268422752221753,0.0301246537396122,0.0019083969465649,0.0039511108897606,0.0100049136639224,0.0404481792717087,7,3,2026-06-24T22:28:10.794316+00:00,-0.007946563334854218,-0.008330106608957858,-0.008215043626726766
MP7 | Abyssal Apparition (Minimal Wear),A,550149760895380672,39597226399,10.92,9.5,0.13692523539066,797,5.9255124,5.7616336,0.0243195706681342,5.864087985856496,5.863551505181698,5.8637124493841375,5.721475883680302,5.720952449985187,5.7211094800937214,0.4629956056907971,0.46304473395771995,0.4630299954776431,0.4760553220072984,0.47610325549586197,0.4760888754492929,False,1,spread_hybrid_disc <= 0.12,1.8123724634126133,207,208,1,2,17.1,266,855,2.2630866943342585,0.9772160664819944,0.0404481792717087,,950,142,2003,6.87,6.68,742,0.86252,Frankfurter 2026-06-16 (ECB),2026-06-17T06:41:44.038225+00:00,ok,,ok,,best_deal,2026-04-18T05:21:43.987429+00:00,9.04,,50,True,8,0.0250463821892393,11.2675,11.54875,1/1,8.7226,8.664,8.4666,8.568,8.86,9.03,7.424,17.448,3.34762570793112,6.45908330085066,0.0268422752221753,0.0301246537396122,0.0019083969465649,0.0039511108897606,0.0100049136639224,0.0404481792717087,7,3,2026-06-24T22:28:10.794316+00:00,-0.010366093258619171,-0.010456630690419478,-0.010429469460879387
MP7 | Abyssal Apparition (Minimal Wear),A,517494477429024058,50670645725,11.08,9.64,0.12119752168655,620,5.9255124,5.7616336,0.0243195706681342,5.9478583777962974,5.944907364336952,5.945792668374756,5.803209015653427,5.800329769574448,5.801193543398142,0.463189677094197,0.4634560140490115,0.4633761129625671,0.4762446736774886,0.476504533431909,0.47642657550558287,False,1,spread_hybrid_disc <= 0.12,1.8123724634126133,207,208,1,2,17.1,266,855,2.2630866943342585,0.9772160664819944,0.0404481792717087,,964,144,2003,6.87,6.68,742,0.86252,Frankfurter 2026-06-16 (ECB),2026-06-17T06:41:44.038225+00:00,ok,,ok,,best_deal,2026-04-18T05:21:43.987429+00:00,9.04,,50,True,8,0.0250463821892393,11.2675,11.54875,1/1,8.7226,8.664,8.4666,8.568,8.86,9.03,7.424,17.448,3.34762570793112,6.45908330085066,0.0268422752221753,0.0301246537396122,0.0019083969465649,0.0039511108897606,0.0100049136639224,0.0404481792717087,7,3,2026-06-24T22:28:10.794316+00:00,0.0037711469131847127,0.003273128638960064,0.0034225341212274583
MP7 | Abyssal Apparition (Minimal Wear),A,512993885487454661,37956775766,10.92,9.5,0.14103128015995,902,5.9255124,5.7616336,0.0243195706681342,5.854659390978579,5.85718341420721,5.856426207238621,5.71227658818182,5.714739228249174,5.714000436228968,0.4638590301301667,0.4636278924718672,0.463697233769357,0.4768977483349982,0.4766722318453137,0.476739886792219,False,1,spread_hybrid_disc <= 0.12,1.8123724634126133,207,208,1,2,17.1,266,855,2.2630866943342585,0.9772160664819944,0.0404481792717087,,950,142,2003,6.87,6.68,742,0.86252,Frankfurter 2026-06-16 (ECB),2026-06-17T06:41:44.038225+00:00,ok,,ok,,best_deal,2026-04-18T05:21:43.987429+00:00,9.04,,50,True,8,0.0250463821892393,11.2675,11.54875,1/1,8.7226,8.664,8.4666,8.568,8.86,9.03,7.424,17.448,3.34762570793112,6.45908330085066,0.0268422752221753,0.0301246537396122,0.0019083969465649,0.0039511108897606,0.0100049136639224,0.0404481792717087,7,3,2026-06-24T22:28:10.794316+00:00,-0.011957279681234046,-0.011531321036943553,-0.0116591086302307
MP7 | Abyssal Apparition (Minimal Wear),A,770819894192402013,50843820524,10.93,9.51,0.13970202207565,58,5.9255124,5.7616336,0.0243195706681342,5.858721217978567,5.860345009593115,5.859857872108751,5.71623963329304,5.717823934992668,5.71734864448278,0.46397793065154924,0.4638293678322859,0.46387393667806487,0.4770137572467483,0.47686880741146676,0.47691229236205124,False,1,spread_hybrid_disc <= 0.12,1.8123724634126133,207,208,1,2,17.1,266,855,2.2630866943342585,0.9772160664819944,0.0404481792717087,,951,142,2003,6.87,6.68,742,0.86252,Frankfurter 2026-06-16 (ECB),2026-06-17T06:41:44.038225+00:00,ok,,ok,,best_deal,2026-04-18T05:21:43.987429+00:00,9.04,,50,True,8,0.0250463821892393,11.2675,11.54875,1/1,8.7226,8.664,8.4666,8.568,8.86,9.03,7.424,17.448,3.34762570793112,6.45908330085066,0.0268422752221753,0.0301246537396122,0.0019083969465649,0.0039511108897606,0.0100049136639224,0.0404481792717087,7,3,2026-06-24T22:28:10.794316+00:00,-0.011271798540398484,-0.010997764582668634,-0.011079974769987589
MP7 | Abyssal Apparition (Minimal Wear),A,533261262261812961,52440941304,11.39,9.91,0.11113256216049,165,5.9255124,5.7616336,0.0243195706681342,6.075357911683307,6.071310288958756,6.0725245757761215,5.927607815615917,5.923658629338253,5.9248433852215525,0.46660597790313374,0.46696134425296265,0.46685473434801394,0.47957789151747876,0.47992461551025,0.47982059831241863,False,1,spread_hybrid_disc <= 0.12,1.8123724634126133,207,208,1,2,17.1,266,855,2.2630866943342585,0.9772160664819944,0.0404481792717087,,991,148,2003,6.87,6.68,742,0.86252,Frankfurter 2026-06-16 (ECB),2026-06-17T06:41:44.038225+00:00,ok,,ok,,best_deal,2026-04-18T05:21:43.987429+00:00,9.04,,50,True,8,0.0250463821892393,11.2675,11.54875,1/1,8.7226,8.664,8.4666,8.568,8.86,9.03,7.424,17.448,3.34762570793112,6.45908330085066,0.0268422752221753,0.0301246537396122,0.0019083969465649,0.0039511108897606,0.0100049136639224,0.0404481792717087,7,3,2026-06-24T22:28:10.794316+00:00,0.025288194770009632,0.02460511076793234,0.024810035968555525
MP7 | Abyssal Apparition (Minimal Wear),A,628955776963214072,51023274850,11.0,9.58,0.14202000200748,417,5.9255124,5.7616336,0.0243195706681342,5.85134477133343,5.853322292564089,5.852729036194892,5.709042578663369,5.710972007426712,5.710393178797709,0.4680595662424154,0.46787979158508286,0.4679337239822826,0.48099612921242096,0.4808207265975717,0.4808733473820265,False,1,spread_hybrid_disc <= 0.12,1.8123724634126133,207,208,1,2,17.1,266,855,2.2630866943342585,0.9772160664819944,0.0404481792717087,,958,142,2003,6.87,6.68,742,0.86252,Frankfurter 2026-06-16 (ECB),2026-06-17T06:41:44.038225+00:00,ok,,ok,,best_deal,2026-04-18T05:21:43.987429+00:00,9.04,,50,True,8,0.0250463821892393,11.2675,11.54875,1/1,8.7226,8.664,8.4666,8.568,8.86,9.03,7.424,17.448,3.34762570793112,6.45908330085066,0.0268422752221753,0.0301246537396122,0.0019083969465649,0.0039511108897606,0.0100049136639224,0.0404481792717087,7,3,2026-06-24T22:28:10.794316+00:00,-0.012516660781364613,-0.012182930785177399,-0.012283049784033561
MP7 | Abyssal Apparition (Minimal Wear),A,534387162204808392,51127010727,11.1,9.66,0.12840977311134,517,5.9255124,5.7616336,0.0243195706681342,5.895406105118006,5.894908204707151,5.895057574830408,5.752032359727239,5.751546568040611,5.7516923055466,0.4688823328722517,0.4689271887651215,0.4689137319972605,0.4817988865110595,0.48184265152787287,0.4818295220228288,False,1,spread_hybrid_disc <= 0.12,1.8123724634126133,207,208,1,2,17.1,266,855,2.2630866943342585,0.9772160664819944,0.0404481792717087,,966,144,2003,6.87,6.68,742,0.86252,Frankfurter 2026-06-16 (ECB),2026-06-17T06:41:44.038225+00:00,ok,,ok,,best_deal,2026-04-18T05:21:43.987429+00:00,9.04,,50,True,8,0.0250463821892393,11.2675,11.54875,1/1,8.7226,8.664,8.4666,8.568,8.86,9.03,7.424,17.448,3.34762570793112,6.45908330085066,0.0268422752221753,0.0301246537396122,0.0019083969465649,0.0039511108897606,0.0100049136639224,0.0404481792717087,7,3,2026-06-24T22:28:10.794316+00:00,-0.005080791811690946,-0.005164818369606144,-0.005139610402231584
MP7 | Abyssal Apparition (Minimal Wear),A,643593816538082593,50410290929,11.0,9.58,0.14742136001587,408,5.9255124,5.7616336,0.0243195706681342,5.8339095270458845,5.834109156260473,5.834049267496096,5.692031352031391,5.692226126349188,5.692167694053848,0.46964458845037416,0.46962644033995704,0.46963188477308215,0.48254260436078267,0.48252489760461925,0.4825302096314684,False,1,spread_hybrid_disc <= 0.12,1.8123724634126133,207,208,1,2,17.1,266,855,2.2630866943342585,0.9772160664819944,0.0404481792717087,,958,142,2003,6.87,6.68,742,0.86252,Frankfurter 2026-06-16 (ECB),2026-06-17T06:41:44.038225+00:00,ok,,ok,,best_deal,2026-04-18T05:21:43.987429+00:00,9.04,,50,True,8,0.0250463821892393,11.2675,11.54875,1/1,8.7226,8.664,8.4666,8.568,8.86,9.03,7.424,17.448,3.34762570793112,6.45908330085066,0.0268422752221753,0.0301246537396122,0.0019083969465649,0.0039511108897606,0.0100049136639224,0.0404481792717087,7,3,2026-06-24T22:28:10.794316+00:00,-0.015459063583111431,-0.01542537380219259,-0.015435480736468242
MP7 | Abyssal Apparition (Minimal Wear),A,527626690810769180,40038009142,11.08,9.64,0.13196448981762,946,5.9255124,5.7616336,0.0243195706681342,5.877902542171235,5.875663879365033,5.876335478206894,5.734954475916496,5.732770256428611,5.7334255222749775,0.46950338067046615,0.46970542605008736,0.46964481243620093,0.4824048306934571,0.48260196241619036,0.4825428228993702,False,1,spread_hybrid_disc <= 0.12,1.8123724634126133,207,208,1,2,17.1,266,855,2.2630866943342585,0.9772160664819944,0.0404481792717087,,964,144,2003,6.87,6.68,742,0.86252,Frankfurter 2026-06-16 (ECB),2026-06-17T06:41:44.038225+00:00,ok,,ok,,best_deal,2026-04-18T05:21:43.987429+00:00,9.04,,50,True,8,0.0250463821892393,11.2675,11.54875,1/1,8.7226,8.664,8.4666,8.568,8.86,9.03,7.424,17.448,3.34762570793112,6.45908330085066,0.0268422752221753,0.0301246537396122,0.0019083969465649,0.0039511108897606,0.0100049136639224,0.0404481792717087,7,3,2026-06-24T22:28:10.794316+00:00,-0.008034724191745007,-0.008412524904169728,-0.008299184690442312
MP7 | Abyssal Apparition (Minimal Wear),A,655978715543590937,51071609544,11.08,9.64,0.13211509585381,331,5.9255124,5.7616336,0.0243195706681342,5.877274396434237,5.875130813314785,5.875773888250621,5.734341606414139,5.732250154315843,5.732877589945333,0.4695600725239858,0.46975353670444175,0.4696954974503049,0.48246014382543867,0.48264890304008634,0.48259227527569204,False,1,spread_hybrid_disc <= 0.12,1.8123724634126133,207,208,1,2,17.1,266,855,2.2630866943342585,0.9772160664819944,0.0404481792717087,,964,144,2003,6.87,6.68,742,0.86252,Frankfurter 2026-06-16 (ECB),2026-06-17T06:41:44.038225+00:00,ok,,ok,,best_deal,2026-04-18T05:21:43.987429+00:00,9.04,,50,True,8,0.0250463821892393,11.2675,11.54875,1/1,8.7226,8.664,8.4666,8.568,8.86,9.03,7.424,17.448,3.34762570793112,6.45908330085066,0.0268422752221753,0.0301246537396122,0.0019083969465649,0.0039511108897606,0.0100049136639224,0.0404481792717087,7,3,2026-06-24T22:28:10.794316+00:00,-0.008140731182296046,-0.0085024860778647,-0.008393959609194104
P2000 | Wicked Sick (Minimal Wear),A,528757662684924136,51151482797,9.06,7.89,0.12911845743656,176,4.6834836,4.614482,0.0075716632665433,4.725715918866964,4.722255222343605,4.723293431300612,4.68993438923596,4.686499895941344,4.687530243929728,0.47839780144956245,0.47877977678326655,0.4786651841831554,0.48234719765607514,0.4827262808011762,0.48261255585764595,False,2,"continuity_ratio <= 3.5, spread_hybrid_disc <= 0.12",3.765727899424873,173,174,1,2,16.4,244,820,2.493459777632437,0.9746992948983824,0.0503654485049834,,789,117,2003,5.43,5.35,499,0.86252,Frankfurter 2026-06-16 (ECB),2026-06-17T07:06:27.057725+00:00,ok,,ok,,best_deal,2026-04-18T12:27:48.467385+00:00,6.73,,50,True,8,0.0082241269220509,8.505,8.5775,1/1,7.3392,7.233,7.05,7.181,7.329,7.591,5.672,12.516,2.0165685633311488,7.371375626771314,0.0074480504558709,0.0416666666666667,0.0329444063143444,0.0036594707399529,0.0161115955836705,0.0503654485049834,7,3,2026-06-24T23:34:32.942607+00:00,0.009017287658904869,0.008278372607860834,0.008500047123174044
MP7 | Abyssal Apparition (Minimal Wear),A,503982792712048531,51005428988,11.04,9.6,0.14340877532959,405,5.9255124,5.7616336,0.0243195706681342,5.846595702495624,5.847417994663683,5.847171307013266,5.704409005140772,5.70521129951634,5.70497061120367,0.47041705593336736,0.4703425729471301,0.4703649178430013,0.4832962857662344,0.48322361417424453,0.4832454156518414,False,1,spread_hybrid_disc <= 0.12,1.8123724634126133,207,208,1,2,17.1,266,855,2.2630866943342585,0.9772160664819944,0.0404481792717087,,960,144,2003,6.87,6.68,742,0.86252,Frankfurter 2026-06-16 (ECB),2026-06-17T06:41:44.038225+00:00,ok,,ok,,best_deal,2026-04-18T05:21:43.987429+00:00,9.04,,50,True,8,0.0250463821892393,11.2675,11.54875,1/1,8.7226,8.664,8.4666,8.568,8.86,9.03,7.424,17.448,3.34762570793112,6.45908330085066,0.0268422752221753,0.0301246537396122,0.0019083969465649,0.0039511108897606,0.0100049136639224,0.0404481792717087,7,3,2026-06-24T22:28:10.794316+00:00,-0.013318122075717092,-0.013179350588535825,-0.013220982034690205
P2000 | Wicked Sick (Minimal Wear),A,538890761875801330,41281264457,9.21,8.01,0.1196953356266,368,4.6834836,4.614482,0.0075716632665433,4.800139126653487,4.7927814823437505,4.794988775636671,4.763794089553908,4.756492154849319,4.758682735260695,0.478812255520794,0.4796111311244571,0.4793714684433582,0.4827585136206398,0.4835513404072401,0.4833134923712601,False,2,"continuity_ratio <= 3.5, spread_hybrid_disc <= 0.12",3.765727899424873,173,174,1,2,16.4,244,820,2.493459777632437,0.9746992948983824,0.0503654485049834,,801,120,2003,5.43,5.35,499,0.86252,Frankfurter 2026-06-16 (ECB),2026-06-17T07:06:27.057725+00:00,ok,,ok,,best_deal,2026-04-18T12:27:48.467385+00:00,6.73,,50,True,8,0.0082241269220509,8.505,8.5775,1/1,7.3392,7.233,7.05,7.181,7.329,7.591,5.672,12.516,2.0165685633311488,7.371375626771314,0.0074480504558709,0.0416666666666667,0.0329444063143444,0.0036594707399529,0.0161115955836705,0.0503654485049834,7,3,2026-06-24T23:34:32.942607+00:00,0.024907854199273268,0.02333687734996021,0.023808170404754126
P2000 | Wicked Sick (Minimal Wear),A,547897961089049508,52433585473,9.66,8.4,0.11000691354275,377,4.6834836,4.614482,0.0075716632665433,5.252922220266306,4.924732166950928,5.023189182945542,5.213148862049107,4.887443753304861,4.985155285928135,0.45621923185649005,0.490193357458496,0.4800011197778943,0.4603365567236949,0.4940534416868674,0.4839383761979156,False,2,"continuity_ratio <= 3.5, spread_hybrid_disc <= 0.12",3.765727899424873,173,174,1,2,16.4,244,820,2.493459777632437,0.9746992948983824,0.0503654485049834,,840,126,2003,5.43,5.35,499,0.86252,Frankfurter 2026-06-16 (ECB),2026-06-17T07:06:27.057725+00:00,ok,,ok,,best_deal,2026-04-18T12:27:48.467385+00:00,6.73,,50,True,8,0.0082241269220509,8.505,8.5775,1/1,7.3392,7.233,7.05,7.181,7.329,7.591,5.672,12.516,2.0165685633311488,7.371375626771314,0.0074480504558709,0.0416666666666667,0.0329444063143444,0.0036594707399529,0.0161115955836705,0.0503654485049834,7,3,2026-06-24T23:34:32.942607+00:00,0.12158441640882584,0.05151049679151838,0.07253267267671062
P2000 | Wicked Sick (Minimal Wear),A,502863413633382702,52257443650,9.04,7.87,0.13975167274475,807,4.6834836,4.614482,0.0075716632665433,4.699182429356903,4.6988123012670355,4.698923339693996,4.663601802373756,4.66323447676915,4.663344674450532,0.4801789348056522,0.48021987817842526,0.4802075951665933,0.48411484487015977,0.48415547823350114,0.4841432882244986,False,2,"continuity_ratio <= 3.5, spread_hybrid_disc <= 0.12",3.765727899424873,173,174,1,2,16.4,244,820,2.493459777632437,0.9746992948983824,0.0503654485049834,,787,117,2003,5.43,5.35,499,0.86252,Frankfurter 2026-06-16 (ECB),2026-06-17T07:06:27.057725+00:00,ok,,ok,,best_deal,2026-04-18T12:27:48.467385+00:00,6.73,,50,True,8,0.0082241269220509,8.505,8.5775,1/1,7.3392,7.233,7.05,7.181,7.329,7.591,5.672,12.516,2.0165685633311488,7.371375626771314,0.0074480504558709,0.0416666666666667,0.0329444063143444,0.0036594707399529,0.0161115955836705,0.0503654485049834,7,3,2026-06-24T23:34:32.942607+00:00,0.0033519556590106523,0.0032729272857998015,0.003296635797763057
MP7 | Abyssal Apparition (Minimal Wear),A,537764861888780995,50384491400,11.11,9.67,0.13445435464382,926,5.9255124,5.7616336,0.0243195706681342,5.869364625923125,5.868557920812202,5.868799932345479,5.726624198125941,5.725837111736971,5.7260732376536625,0.4717043541023289,0.47177696482338416,0.47175518160706753,0.48455227739640494,0.4846231222558982,0.4846018687980501,False,1,spread_hybrid_disc <= 0.12,1.8123724634126133,207,208,1,2,17.1,266,855,2.2630866943342585,0.9772160664819944,0.0404481792717087,,967,144,2003,6.87,6.68,742,0.86252,Frankfurter 2026-06-16 (ECB),2026-06-17T06:41:44.038225+00:00,ok,,ok,,best_deal,2026-04-18T05:21:43.987429+00:00,9.04,,50,True,8,0.0250463821892393,11.2675,11.54875,1/1,8.7226,8.664,8.4666,8.568,8.86,9.03,7.424,17.448,3.34762570793112,6.45908330085066,0.0268422752221753,0.0301246537396122,0.0019083969465649,0.0039511108897606,0.0100049136639224,0.0404481792717087,7,3,2026-06-24T22:28:10.794316+00:00,-0.009475598106397396,-0.00961173909412422,-0.009570896797806172
P2000 | Wicked Sick (Minimal Wear),A,507362392522638315,49825379673,9.26,8.06,0.12000188976526,245,4.6834836,4.614482,0.0075716632665433,4.797218117910143,4.789873553754615,4.792076923001273,4.760895197705167,4.753606244116264,4.755792930192935,0.4819418879146714,0.48273503739151025,0.48249709254845863,0.4858644494918827,0.48665159350796283,0.4864154503031388,False,2,"continuity_ratio <= 3.5, spread_hybrid_disc <= 0.12",3.765727899424873,173,174,1,2,16.4,244,820,2.493459777632437,0.9746992948983824,0.0503654485049834,,806,120,2003,5.43,5.35,499,0.86252,Frankfurter 2026-06-16 (ECB),2026-06-17T07:06:27.057725+00:00,ok,,ok,,best_deal,2026-04-18T12:27:48.467385+00:00,6.73,,50,True,8,0.0082241269220509,8.505,8.5775,1/1,7.3392,7.233,7.05,7.181,7.329,7.591,5.672,12.516,2.0165685633311488,7.371375626771314,0.0074480504558709,0.0416666666666667,0.0329444063143444,0.0036594707399529,0.0161115955836705,0.0503654485049834,7,3,2026-06-24T23:34:32.942607+00:00,0.024284171275873213,0.02271598725244081,0.023186442459470533
P2000 | Wicked Sick (Minimal Wear),A,507362392522638351,49809573022,9.26,8.06,0.12213137745857,71,4.6834836,4.614482,0.0075716632665433,4.777572923284538,4.769657761755975,4.772032310214544,4.741398749878072,4.733543519287304,4.735900088464534,0.48406339921333286,0.4849181682768925,0.4846617375578246,0.48796989742137453,0.4888181944614143,0.4885637053494023,False,2,"continuity_ratio <= 3.5, spread_hybrid_disc <= 0.12",3.765727899424873,173,174,1,2,16.4,244,820,2.493459777632437,0.9746992948983824,0.0503654485049834,,806,120,2003,5.43,5.35,499,0.86252,Frankfurter 2026-06-16 (ECB),2026-06-17T07:06:27.057725+00:00,ok,,ok,,best_deal,2026-04-18T12:27:48.467385+00:00,6.73,,50,True,8,0.0082241269220509,8.505,8.5775,1/1,7.3392,7.233,7.05,7.181,7.329,7.591,5.672,12.516,2.0165685633311488,7.371375626771314,0.0074480504558709,0.0416666666666667,0.0329444063143444,0.0036594707399529,0.0161115955836705,0.0503654485049834,7,3,2026-06-24T23:34:32.942607+00:00,0.020089602381556004,0.018399586529133014,0.01890659128485991
P2000 | Wicked Sick (Minimal Wear),A,634586617401673695,50234986365,9.12,7.94,0.13950264453888,65,4.6834836,4.614482,0.0075716632665433,4.699323868170333,4.698549761984104,4.698781993839973,4.663742170260117,4.662973925345263,4.66320439881972,0.4847232600690424,0.48480814013332185,0.484782676114038,0.48862476203288185,0.48870899941389656,0.48868372819959205,False,2,"continuity_ratio <= 3.5, spread_hybrid_disc <= 0.12",3.765727899424873,173,174,1,2,16.4,244,820,2.493459777632437,0.9746992948983824,0.0503654485049834,,794,118,2003,5.43,5.35,499,0.86252,Frankfurter 2026-06-16 (ECB),2026-06-17T07:06:27.057725+00:00,ok,,ok,,best_deal,2026-04-18T12:27:48.467385+00:00,6.73,,50,True,8,0.0082241269220509,8.505,8.5775,1/1,7.3392,7.233,7.05,7.181,7.329,7.591,5.672,12.516,2.0165685633311488,7.371375626771314,0.0074480504558709,0.0416666666666667,0.0329444063143444,0.0036594707399529,0.0161115955836705,0.0503654485049834,7,3,2026-06-24T23:34:32.942607+00:00,0.0033821551484311332,0.0032168708745140945,0.0032664561566892064
P2000 | Wicked Sick (Minimal Wear),A,528755124965019704,51876091288,9.14,7.96,0.13787722587585,128,4.6834836,4.614482,0.0075716632665433,4.699841246360664,4.698075210312231,4.698605021126761,4.664255631037009,4.662502966818852,4.6630287660843,0.4857941743587896,0.48598739493301635,0.4859294287607483,0.4896875677202397,0.4898793252933423,0.48982179802141146,False,2,"continuity_ratio <= 3.5, spread_hybrid_disc <= 0.12",3.765727899424873,173,174,1,2,16.4,244,820,2.493459777632437,0.9746992948983824,0.0503654485049834,,796,118,2003,5.43,5.35,499,0.86252,Frankfurter 2026-06-16 (ECB),2026-06-17T07:06:27.057725+00:00,ok,,ok,,best_deal,2026-04-18T12:27:48.467385+00:00,6.73,,50,True,8,0.0082241269220509,8.505,8.5775,1/1,7.3392,7.233,7.05,7.181,7.329,7.591,5.672,12.516,2.0165685633311488,7.371375626771314,0.0074480504558709,0.0416666666666667,0.0329444063143444,0.0036594707399529,0.0161115955836705,0.0503654485049834,7,3,2026-06-24T23:34:32.942607+00:00,0.003492623815457373,0.003115546366433538,0.003228669601140689
P2000 | Wicked Sick (Minimal Wear),A,630082945808908002,50483758657,9.2,8.0,0.12889866530895,476,4.6834836,4.614482,0.0075716632665433,4.726963499082588,4.7235303610464285,4.724560302457276,4.691172523194293,4.687765379723291,4.688787522764592,0.4861996196649361,0.4865727868427795,0.4864608366894264,0.49008994313105503,0.4904602848126858,0.49034918230819646,False,2,"continuity_ratio <= 3.5, spread_hybrid_disc <= 0.12",3.765727899424873,173,174,1,2,16.4,244,820,2.493459777632437,0.9746992948983824,0.0503654485049834,,800,120,2003,5.43,5.35,499,0.86252,Frankfurter 2026-06-16 (ECB),2026-06-17T07:06:27.057725+00:00,ok,,ok,,best_deal,2026-04-18T12:27:48.467385+00:00,6.73,,50,True,8,0.0082241269220509,8.505,8.5775,1/1,7.3392,7.233,7.05,7.181,7.329,7.591,5.672,12.516,2.0165685633311488,7.371375626771314,0.0074480504558709,0.0416666666666667,0.0329444063143444,0.0036594707399529,0.0161115955836705,0.0503654485049834,7,3,2026-06-24T23:34:32.942607+00:00,0.009283666346688707,0.008550635481338907,0.008770544740943848
MP7 | Abyssal Apparition (Minimal Wear),A,655976740732129040,50197598177,11.2,9.75,0.14507307112217,425,5.9255124,5.7616336,0.0243195706681342,5.841426248326331,5.840674844247791,5.840900265471353,5.6993652698774655,5.698632139623513,5.698852078699699,0.4784440849708632,0.4785111746207329,0.478491047725772,0.49112810090379766,0.4911935589621863,0.49117392154466977,False,1,spread_hybrid_disc <= 0.12,1.8123724634126133,207,208,1,2,17.1,266,855,2.2630866943342585,0.9772160664819944,0.0404481792717087,,975,145,2003,6.87,6.68,742,0.86252,Frankfurter 2026-06-16 (ECB),2026-06-17T06:41:44.038225+00:00,ok,,ok,,best_deal,2026-04-18T05:21:43.987429+00:00,9.04,,50,True,8,0.0250463821892393,11.2675,11.54875,1/1,8.7226,8.664,8.4666,8.568,8.86,9.03,7.424,17.448,3.34762570793112,6.45908330085066,0.0268422752221753,0.0301246537396122,0.0019083969465649,0.0039511108897606,0.0100049136639224,0.0404481792717087,7,3,2026-06-24T22:28:10.794316+00:00,-0.014190528345475758,-0.014317336632728871,-0.014279294146552936
MP7 | Abyssal Apparition (Minimal Wear),A,550147857377785306,46181308733,11.44,9.96,0.1204057559371,861,5.9255124,5.7616336,0.0243195706681342,5.955200303405699,5.952599441729924,5.953379700232656,5.81037238878413,5.807834778947677,5.808596061898612,0.4794405329190822,0.479667880967664,0.47959967655308955,0.4921003156657229,0.49232213470737085,0.49225558899487654,False,1,spread_hybrid_disc <= 0.12,1.8123724634126133,207,208,1,2,17.1,266,855,2.2630866943342585,0.9772160664819944,0.0404481792717087,,996,148,2003,6.87,6.68,742,0.86252,Frankfurter 2026-06-16 (ECB),2026-06-17T06:41:44.038225+00:00,ok,,ok,,best_deal,2026-04-18T05:21:43.987429+00:00,9.04,,50,True,8,0.0250463821892393,11.2675,11.54875,1/1,8.7226,8.664,8.4666,8.568,8.86,9.03,7.424,17.448,3.34762570793112,6.45908330085066,0.0268422752221753,0.0301246537396122,0.0019083969465649,0.0039511108897606,0.0100049136639224,0.0404481792717087,7,3,2026-06-24T22:28:10.794316+00:00,0.005010183322829496,0.004571257285686093,0.004702935096829114
MP7 | Abyssal Apparition (Minimal Wear),A,527631762762974159,38031551085,11.84,10.3,0.10753618180752,521,5.9255124,5.7616336,0.0243195706681342,6.173715623132442,6.1513641904885965,6.15806962028175,6.023573509750709,6.001765654352579,6.0083080109720175,0.47857131561381405,0.4804591055330577,0.4798927685572847,0.4912522373521361,0.4930941170310321,0.49254155312736336,False,1,spread_hybrid_disc <= 0.12,1.8123724634126133,207,208,1,2,17.1,266,855,2.2630866943342585,0.9772160664819944,0.0404481792717087,,1030,154,2003,6.87,6.68,742,0.86252,Frankfurter 2026-06-16 (ECB),2026-06-17T06:41:44.038225+00:00,ok,,ok,,best_deal,2026-04-18T05:21:43.987429+00:00,9.04,,50,True,8,0.0250463821892393,11.2675,11.54875,1/1,8.7226,8.664,8.4666,8.568,8.86,9.03,7.424,17.448,3.34762570793112,6.45908330085066,0.0268422752221753,0.0301246537396122,0.0019083969465649,0.0039511108897606,0.0100049136639224,0.0404481792717087,7,3,2026-06-24T22:28:10.794316+00:00,0.041887216898312776,0.03811514941536488,0.03924676966024925
P2000 | Wicked Sick (Minimal Wear),A,657104615545232280,47367179124,9.28,8.08,0.12588393688202,562,4.6834836,4.614482,0.0075716632665433,4.745300855572807,4.742500434958449,4.743340561142756,4.70937103539597,4.706591818623509,4.7074255836552465,0.48865292504603375,0.4889546945087877,0.48886416366996155,0.49252467290991697,0.4928241574759149,0.4927343121061156,False,2,"continuity_ratio <= 3.5, spread_hybrid_disc <= 0.12",3.765727899424873,173,174,1,2,16.4,244,820,2.493459777632437,0.9746992948983824,0.0503654485049834,,808,120,2003,5.43,5.35,499,0.86252,Frankfurter 2026-06-16 (ECB),2026-06-17T07:06:27.057725+00:00,ok,,ok,,best_deal,2026-04-18T12:27:48.467385+00:00,6.73,,50,True,8,0.0082241269220509,8.505,8.5775,1/1,7.3392,7.233,7.05,7.181,7.329,7.591,5.672,12.516,2.0165685633311488,7.371375626771314,0.0074480504558709,0.0416666666666667,0.0329444063143444,0.0036594707399529,0.0161115955836705,0.0503654485049834,7,3,2026-06-24T23:34:32.942607+00:00,0.01319899050629909,0.012601055111722735,0.01278043573009564
P2000 | Wicked Sick (Minimal Wear),A,519745391313181748,49128008706,9.21,8.01,0.14078487455845,800,4.6834836,4.614482,0.0075716632665433,4.69812785084456,4.699804649987292,4.699301610244472,4.662555208774796,4.664219311759053,4.663720080863776,0.48988839838821285,0.48970633550626586,0.48976095437085,0.4937507916639744,0.4935701073008629,0.49362431260979633,False,2,"continuity_ratio <= 3.5, spread_hybrid_disc <= 0.12",3.765727899424873,173,174,1,2,16.4,244,820,2.493459777632437,0.9746992948983824,0.0503654485049834,,801,120,2003,5.43,5.35,499,0.86252,Frankfurter 2026-06-16 (ECB),2026-06-17T07:06:27.057725+00:00,ok,,ok,,best_deal,2026-04-18T12:27:48.467385+00:00,6.73,,50,True,8,0.0082241269220509,8.505,8.5775,1/1,7.3392,7.233,7.05,7.181,7.329,7.591,5.672,12.516,2.0165685633311488,7.371375626771314,0.0074480504558709,0.0416666666666667,0.0329444063143444,0.0036594707399529,0.0161115955836705,0.0503654485049834,7,3,2026-06-24T23:34:32.942607+00:00,0.0031267859771217307,0.0034848098939199382,0.003377402718880476
MP7 | Abyssal Apparition (Minimal Wear),A,537764861908480375,51086066132,11.31,9.84,0.14067722856998,563,5.9255124,5.7616336,0.0243195706681342,5.855922092941373,5.858141053229365,5.857475365142968,5.713508581774997,5.715673577901455,5.715024079063519,0.4822350050449714,0.4820388105013824,0.48209766886445904,0.4948268274292664,0.4946354042527449,0.4946928312057013,False,1,spread_hybrid_disc <= 0.12,1.8123724634126133,207,208,1,2,17.1,266,855,2.2630866943342585,0.9772160664819944,0.0404481792717087,,984,147,2003,6.87,6.68,742,0.86252,Frankfurter 2026-06-16 (ECB),2026-06-17T06:41:44.038225+00:00,ok,,ok,,best_deal,2026-04-18T05:21:43.987429+00:00,9.04,,50,True,8,0.0250463821892393,11.2675,11.54875,1/1,8.7226,8.664,8.4666,8.568,8.86,9.03,7.424,17.448,3.34762570793112,6.45908330085066,0.0268422752221753,0.0301246537396122,0.0019083969465649,0.0039511108897606,0.0100049136639224,0.0404481792717087,7,3,2026-06-24T22:28:10.794316+00:00,-0.011744183854653064,-0.011369708174205202,-0.01148205087833956
P2000 | Wicked Sick (Minimal Wear),A,521998076810342274,51215982893,9.24,8.04,0.1453163921833,610,4.6834836,4.614482,0.0075716632665433,4.692058802337338,4.689756504521816,4.690447193866474,4.656532113059219,4.654247247467496,4.654932707145013,0.4922014283184699,0.4924505947487212,0.4923758448196457,0.4960463081104741,0.4962935879364182,0.49621940398863496,False,2,"continuity_ratio <= 3.5, spread_hybrid_disc <= 0.12",3.765727899424873,173,174,1,2,16.4,244,820,2.493459777632437,0.9746992948983824,0.0503654485049834,,804,120,2003,5.43,5.35,499,0.86252,Frankfurter 2026-06-16 (ECB),2026-06-17T07:06:27.057725+00:00,ok,,ok,,best_deal,2026-04-18T12:27:48.467385+00:00,6.73,,50,True,8,0.0082241269220509,8.505,8.5775,1/1,7.3392,7.233,7.05,7.181,7.329,7.591,5.672,12.516,2.0165685633311488,7.371375626771314,0.0074480504558709,0.0416666666666667,0.0329444063143444,0.0036594707399529,0.0161115955836705,0.0503654485049834,7,3,2026-06-24T23:34:32.942607+00:00,0.0018309453111651482,0.0013393672440353914,0.0014868406641743185
MP7 | Abyssal Apparition (Minimal Wear),A,547897961127402288,48085219475,11.5,10.0,0.12273402512074,603,5.9255124,5.7616336,0.0243195706681342,5.933741199295684,5.932954180242426,5.933190285958404,5.789435160872994,5.7886672817852185,5.788897645511551,0.4840225044090709,0.4840909408484847,0.4840704099166605,0.49657085557626135,0.4966376276708505,0.4966175960424738,False,1,spread_hybrid_disc <= 0.12,1.8123724634126133,207,208,1,2,17.1,266,855,2.2630866943342585,0.9772160664819944,0.0404481792717087,,1000,150,2003,6.87,6.68,742,0.86252,Frankfurter 2026-06-16 (ECB),2026-06-17T06:41:44.038225+00:00,ok,,ok,,best_deal,2026-04-18T05:21:43.987429+00:00,9.04,,50,True,8,0.0250463821892393,11.2675,11.54875,1/1,8.7226,8.664,8.4666,8.568,8.86,9.03,7.424,17.448,3.34762570793112,6.45908330085066,0.0268422752221753,0.0301246537396122,0.0019083969465649,0.0039511108897606,0.0100049136639224,0.0404481792717087,7,3,2026-06-24T22:28:10.794316+00:00,0.0013887067885782628,0.001255888054917659,0.0012957336750158404
MP7 | Abyssal Apparition (Minimal Wear),A,493851593634379370,51148780527,11.5,10.0,0.12284971773624,789,5.9255124,5.7616336,0.0243195706681342,5.932911519479145,5.932174164550132,5.932395371028836,5.788625658513385,5.787906235739674,5.788122062571788,0.4840946504800744,0.4841587682999886,0.48413953295401424,0.4966412470857926,0.49670380558785443,0.49668503803723585,False,1,spread_hybrid_disc <= 0.12,1.8123724634126133,207,208,1,2,17.1,266,855,2.2630866943342585,0.9772160664819944,0.0404481792717087,,1000,150,2003,6.87,6.68,742,0.86252,Frankfurter 2026-06-16 (ECB),2026-06-17T06:41:44.038225+00:00,ok,,ok,,best_deal,2026-04-18T05:21:43.987429+00:00,9.04,,50,True,8,0.0250463821892393,11.2675,11.54875,1/1,8.7226,8.664,8.4666,8.568,8.86,9.03,7.424,17.448,3.34762570793112,6.45908330085066,0.0268422752221753,0.0301246537396122,0.0019083969465649,0.0039511108897606,0.0100049136639224,0.0404481792717087,7,3,2026-06-24T22:28:10.794316+00:00,0.0012486885487144024,0.0011242512208954863,0.0011615824192411613
P2000 | Wicked Sick (Minimal Wear),A,555777356909656881,51865030131,9.25,8.05,0.14854636788368,474,4.6834836,4.614482,0.0075716632665433,4.686235832674051,4.68753511819953,4.687145332541886,4.650753232961434,4.652042680734427,4.651655846402528,0.49337990998118364,0.49323944668113195,0.49328158567114744,0.497215866706872,0.4970764669476295,0.4971182868754024,False,2,"continuity_ratio <= 3.5, spread_hybrid_disc <= 0.12",3.765727899424873,173,174,1,2,16.4,244,820,2.493459777632437,0.9746992948983824,0.0503654485049834,,805,120,2003,5.43,5.35,499,0.86252,Frankfurter 2026-06-16 (ECB),2026-06-17T07:06:27.057725+00:00,ok,,ok,,best_deal,2026-04-18T12:27:48.467385+00:00,6.73,,50,True,8,0.0082241269220509,8.505,8.5775,1/1,7.3392,7.233,7.05,7.181,7.329,7.591,5.672,12.516,2.0165685633311488,7.371375626771314,0.0074480504558709,0.0416666666666667,0.0329444063143444,0.0036594707399529,0.0161115955836705,0.0503654485049834,7,3,2026-06-24T23:34:32.942607+00:00,0.0005876464847771345,0.0008650650980244088,0.0007818395140502266
MP7 | Abyssal Apparition (Minimal Wear),A,677372747547341778,51548947623,11.39,9.91,0.13586303591728,493,5.9255124,5.7616336,0.0243195706681342,5.866135282381293,5.865334216875417,5.86557453652718,5.723473390832586,5.72269180689589,5.722926282076899,0.4849749532588856,0.48504528385641643,0.48502418467715724,0.49750014127896525,0.49756876146655926,0.49754817541028107,False,1,spread_hybrid_disc <= 0.12,1.8123724634126133,207,208,1,2,17.1,266,855,2.2630866943342585,0.9772160664819944,0.0404481792717087,,991,148,2003,6.87,6.68,742,0.86252,Frankfurter 2026-06-16 (ECB),2026-06-17T06:41:44.038225+00:00,ok,,ok,,best_deal,2026-04-18T05:21:43.987429+00:00,9.04,,50,True,8,0.0250463821892393,11.2675,11.54875,1/1,8.7226,8.664,8.4666,8.568,8.86,9.03,7.424,17.448,3.34762570793112,6.45908330085066,0.0268422752221753,0.0301246537396122,0.0019083969465649,0.0039511108897606,0.0100049136639224,0.0404481792717087,7,3,2026-06-24T22:28:10.794316+00:00,-0.010020587859829044,-0.01015577709778865,-0.010115220326400769
MP7 | Abyssal Apparition (Minimal Wear),A,636835989091332813,27173036189,11.47,9.99,0.1272057890892,462,5.9255124,5.7616336,0.0243195706681342,5.903179876085174,5.902955820328052,5.903023037055188,5.759617075922013,5.75939846910471,5.759464051149901,0.48533741272143216,0.48535694678918473,0.48535108656885895,0.497853785882998,0.49787284489060946,0.49786712718832604,False,1,spread_hybrid_disc <= 0.12,1.8123724634126133,207,208,1,2,17.1,266,855,2.2630866943342585,0.9772160664819944,0.0404481792717087,,999,148,2003,6.87,6.68,742,0.86252,Frankfurter 2026-06-16 (ECB),2026-06-17T06:41:44.038225+00:00,ok,,ok,,best_deal,2026-04-18T05:21:43.987429+00:00,9.04,,50,True,8,0.0250463821892393,11.2675,11.54875,1/1,8.7226,8.664,8.4666,8.568,8.86,9.03,7.424,17.448,3.34762570793112,6.45908330085066,0.0268422752221753,0.0301246537396122,0.0019083969465649,0.0039511108897606,0.0100049136639224,0.0404481792717087,7,3,2026-06-24T22:28:10.794316+00:00,-0.0037688764122450567,-0.003806688459878634,-0.003795344845588561
MP7 | Abyssal Apparition (Minimal Wear),A,527629225064821431,51376104582,11.47,9.99,0.12877212464809,537,5.9255124,5.7616336,0.0243195706681342,5.8931358934279245,5.8926089676153355,5.892767045359112,5.749817358610786,5.749303247407733,5.749457480768649,0.4862130868850981,0.48625902636309193,0.48624524451969386,0.4987081640269585,0.49875298627657083,0.49873953960168704,False,1,spread_hybrid_disc <= 0.12,1.8123724634126133,207,208,1,2,17.1,266,855,2.2630866943342585,0.9772160664819944,0.0404481792717087,,999,148,2003,6.87,6.68,742,0.86252,Frankfurter 2026-06-16 (ECB),2026-06-17T06:41:44.038225+00:00,ok,,ok,,best_deal,2026-04-18T05:21:43.987429+00:00,9.04,,50,True,8,0.0250463821892393,11.2675,11.54875,1/1,8.7226,8.664,8.4666,8.568,8.86,9.03,7.424,17.448,3.34762570793112,6.45908330085066,0.0268422752221753,0.0301246537396122,0.0019083969465649,0.0039511108897606,0.0100049136639224,0.0404481792717087,7,3,2026-06-24T22:28:10.794316+00:00,-0.005463916769809753,-0.005552841706088332,-0.0055261642252047586
MP7 | Abyssal Apparition (Minimal Wear),A,521997822480854886,51200364795,11.41,9.93,0.13917647302151,685,5.9255124,5.7616336,0.0243195706681342,5.860274647514479,5.8612656633185525,5.86096835857733,5.717755284089575,5.718722198814769,5.718432124397211,0.48639135429320957,0.486304499270942,0.4863305557776223,0.4988820960482405,0.4987973533028248,0.49882277612644954,False,1,spread_hybrid_disc <= 0.12,1.8123724634126133,207,208,1,2,17.1,266,855,2.2630866943342585,0.9772160664819944,0.0404481792717087,,993,148,2003,6.87,6.68,742,0.86252,Frankfurter 2026-06-16 (ECB),2026-06-17T06:41:44.038225+00:00,ok,,ok,,best_deal,2026-04-18T05:21:43.987429+00:00,9.04,,50,True,8,0.0250463821892393,11.2675,11.54875,1/1,8.7226,8.664,8.4666,8.568,8.86,9.03,7.424,17.448,3.34762570793112,6.45908330085066,0.0268422752221753,0.0301246537396122,0.0019083969465649,0.0039511108897606,0.0100049136639224,0.0404481792717087,7,3,2026-06-24T22:28:10.794316+00:00,-0.011009639012065925,-0.01084239342431336,-0.01089256710063913
MP7 | Abyssal Apparition (Minimal Wear),A,553527460656863528,52536831357,11.39,9.91,0.14787009358406,122,5.9255124,5.7616336,0.0243195706681342,5.832486762304127,5.833008815806443,5.832852199755748,5.690643188317314,5.691152545702589,5.690999738487006,0.4879291692445894,0.48788333487212965,0.48789708518386765,0.5003825120002359,0.5003377923000362,0.500351208210096,False,1,spread_hybrid_disc <= 0.12,1.8123724634126133,207,208,1,2,17.1,266,855,2.2630866943342585,0.9772160664819944,0.0404481792717087,,991,148,2003,6.87,6.68,742,0.86252,Frankfurter 2026-06-16 (ECB),2026-06-17T06:41:44.038225+00:00,ok,,ok,,best_deal,2026-04-18T05:21:43.987429+00:00,9.04,,50,True,8,0.0250463821892393,11.2675,11.54875,1/1,8.7226,8.664,8.4666,8.568,8.86,9.03,7.424,17.448,3.34762570793112,6.45908330085066,0.0268422752221753,0.0301246537396122,0.0019083969465649,0.0039511108897606,0.0100049136639224,0.0404481792717087,7,3,2026-06-24T22:28:10.794316+00:00,-0.015699171888640874,-0.015611069212099992,-0.015637500015062256
MP7 | Abyssal Apparition (Minimal Wear),A,531009462461295230,52399441270,11.43,9.95,0.14324799180031,951,5.9255124,5.7616336,0.0243195706681342,5.847108786930119,5.848192244187307,5.84786720701015,5.704909611582104,5.70596671962396,5.705649587211402,0.4884419259028767,0.4883471352417055,0.4883755724400568,0.5008827986367363,0.5007903132437481,0.5008180588616447,False,1,spread_hybrid_disc <= 0.12,1.8123724634126133,207,208,1,2,17.1,266,855,2.2630866943342585,0.9772160664819944,0.0404481792717087,,995,148,2003,6.87,6.68,742,0.86252,Frankfurter 2026-06-16 (ECB),2026-06-17T06:41:44.038225+00:00,ok,,ok,,best_deal,2026-04-18T05:21:43.987429+00:00,9.04,,50,True,8,0.0250463821892393,11.2675,11.54875,1/1,8.7226,8.664,8.4666,8.568,8.86,9.03,7.424,17.448,3.34762570793112,6.45908330085066,0.0268422752221753,0.0301246537396122,0.0019083969465649,0.0039511108897606,0.0100049136639224,0.0404481792717087,7,3,2026-06-24T22:28:10.794316+00:00,-0.01323153303499648,-0.0130486868633829,-0.013103540714866973
MP7 | Abyssal Apparition (Minimal Wear),A,517500112406793645,52570103223,11.5,10.0,0.13056096434593,580,5.9255124,5.7616336,0.0243195706681342,5.883416250888382,5.882071393118359,5.882474850449366,5.740334093604853,5.739021942198407,5.739415587620341,0.4883985868792712,0.4885155310331861,0.4884804477870116,0.500840513599578,0.5009546137218777,0.5009203836851878,False,1,spread_hybrid_disc <= 0.12,1.8123724634126133,207,208,1,2,17.1,266,855,2.2630866943342585,0.9772160664819944,0.0404481792717087,,1000,150,2003,6.87,6.68,742,0.86252,Frankfurter 2026-06-16 (ECB),2026-06-17T06:41:44.038225+00:00,ok,,ok,,best_deal,2026-04-18T05:21:43.987429+00:00,9.04,,50,True,8,0.0250463821892393,11.2675,11.54875,1/1,8.7226,8.664,8.4666,8.568,8.86,9.03,7.424,17.448,3.34762570793112,6.45908330085066,0.0268422752221753,0.0301246537396122,0.0019083969465649,0.0039511108897606,0.0100049136639224,0.0404481792717087,7,3,2026-06-24T22:28:10.794316+00:00,-0.007104220912881393,-0.0073311814994498755,-0.007263093323479331
MP7 | Abyssal Apparition (Minimal Wear),A,556905160319257244,28938691822,11.47,9.99,0.13753026723862,899,5.9255124,5.7616336,0.0243195706681342,5.862961938606095,5.862883138615334,5.862906778612563,5.720377221415584,5.7203003378067665,5.720323402889411,0.48884377169955584,0.48885064179465265,0.4888485807661236,0.5012748717161654,0.5012815747334991,0.501279563828299,False,1,spread_hybrid_disc <= 0.12,1.8123724634126133,207,208,1,2,17.1,266,855,2.2630866943342585,0.9772160664819944,0.0404481792717087,,999,148,2003,6.87,6.68,742,0.86252,Frankfurter 2026-06-16 (ECB),2026-06-17T06:41:44.038225+00:00,ok,,ok,,best_deal,2026-04-18T05:21:43.987429+00:00,9.04,,50,True,8,0.0250463821892393,11.2675,11.54875,1/1,8.7226,8.664,8.4666,8.568,8.86,9.03,7.424,17.448,3.34762570793112,6.45908330085066,0.0268422752221753,0.0301246537396122,0.0019083969465649,0.0039511108897606,0.0100049136639224,0.0404481792717087,7,3,2026-06-24T22:28:10.794316+00:00,-0.010556126993153258,-0.01056942541959163,-0.010565435891660117
MP7 | Abyssal Apparition (Minimal Wear),A,623326277427198512,45369402422,11.5,10.0,0.1329759657383,345,5.9255124,5.7616336,0.0243195706681342,5.874605862497566,5.8720881714043225,5.872843478732295,5.731737970077121,5.72928150815034,5.730018446728375,0.4891647076089073,0.4893836372691893,0.4893179583711048,0.5015880026019894,0.501801607986927,0.5017375263714456,False,1,spread_hybrid_disc <= 0.12,1.8123724634126133,207,208,1,2,17.1,266,855,2.2630866943342585,0.9772160664819944,0.0404481792717087,,1000,150,2003,6.87,6.68,742,0.86252,Frankfurter 2026-06-16 (ECB),2026-06-17T06:41:44.038225+00:00,ok,,ok,,best_deal,2026-04-18T05:21:43.987429+00:00,9.04,,50,True,8,0.0250463821892393,11.2675,11.54875,1/1,8.7226,8.664,8.4666,8.568,8.86,9.03,7.424,17.448,3.34762570793112,6.45908330085066,0.0268422752221753,0.0301246537396122,0.0019083969465649,0.0039511108897606,0.0100049136639224,0.0404481792717087,7,3,2026-06-24T22:28:10.794316+00:00,-0.008591077710416055,-0.009015967732288806,-0.008888500725726979
MP7 | Abyssal Apparition (Minimal Wear),A,751679596830799283,50775726610,11.5,10.0,0.13422119617462,232,5.9255124,5.7616336,0.0243195706681342,5.870154531896336,5.869041317683306,5.869375281947215,5.727394893925015,5.726308752603707,5.7266345950001,0.48955177983510123,0.48964858107101694,0.48961954070024216,0.5019656613978247,0.5020601084692429,0.5020317743478174,False,1,spread_hybrid_disc <= 0.12,1.8123724634126133,207,208,1,2,17.1,266,855,2.2630866943342585,0.9772160664819944,0.0404481792717087,,1000,150,2003,6.87,6.68,742,0.86252,Frankfurter 2026-06-16 (ECB),2026-06-17T06:41:44.038225+00:00,ok,,ok,,best_deal,2026-04-18T05:21:43.987429+00:00,9.04,,50,True,8,0.0250463821892393,11.2675,11.54875,1/1,8.7226,8.664,8.4666,8.568,8.86,9.03,7.424,17.448,3.34762570793112,6.45908330085066,0.0268422752221753,0.0301246537396122,0.0019083969465649,0.0039511108897606,0.0100049136639224,0.0404481792717087,7,3,2026-06-24T22:28:10.794316+00:00,-0.009342292170996587,-0.00953016017934481,-0.009473799776840344
MP7 | Abyssal Apparition (Minimal Wear),A,529879121833080324,51195784430,11.43,9.95,0.14966849982738,269,5.9255124,5.7616336,0.0243195706681342,5.827019965787669,5.829318075458563,5.828628642557295,5.685309341945067,5.6875515625754165,5.686878896386312,0.4901994780588216,0.48999841859505133,0.4900587364341824,0.5025976078788217,0.5024014380948891,0.5024602890300689,False,1,spread_hybrid_disc <= 0.12,1.8123724634126133,207,208,1,2,17.1,266,855,2.2630866943342585,0.9772160664819944,0.0404481792717087,,995,148,2003,6.87,6.68,742,0.86252,Frankfurter 2026-06-16 (ECB),2026-06-17T06:41:44.038225+00:00,ok,,ok,,best_deal,2026-04-18T05:21:43.987429+00:00,9.04,,50,True,8,0.0250463821892393,11.2675,11.54875,1/1,8.7226,8.664,8.4666,8.568,8.86,9.03,7.424,17.448,3.34762570793112,6.45908330085066,0.0268422752221753,0.0301246537396122,0.0019083969465649,0.0039511108897606,0.0100049136639224,0.0404481792717087,7,3,2026-06-24T22:28:10.794316+00:00,-0.016621758181171117,-0.016233925110246447,-0.016350275031523847
MP7 | Abyssal Apparition (Minimal Wear),A,641340041932905266,47823794418,11.5,10.0,0.13900409638882,265,5.9255124,5.7616336,0.0243195706681342,5.860662031568795,5.861407183800458,5.861183638130959,5.718133247130007,5.718860277579314,5.7186421684445214,0.4903772146461918,0.4903124187999601,0.4903318575538297,0.502771021988695,0.5027078019496249,0.502726767961346,False,1,spread_hybrid_disc <= 0.12,1.8123724634126133,207,208,1,2,17.1,266,855,2.2630866943342585,0.9772160664819944,0.0404481792717087,,1000,150,2003,6.87,6.68,742,0.86252,Frankfurter 2026-06-16 (ECB),2026-06-17T06:41:44.038225+00:00,ok,,ok,,best_deal,2026-04-18T05:21:43.987429+00:00,9.04,,50,True,8,0.0250463821892393,11.2675,11.54875,1/1,8.7226,8.664,8.4666,8.568,8.86,9.03,7.424,17.448,3.34762570793112,6.45908330085066,0.0268422752221753,0.0301246537396122,0.0019083969465649,0.0039511108897606,0.0100049136639224,0.0404481792717087,7,3,2026-06-24T22:28:10.794316+00:00,-0.010944263390825803,-0.010818510176359023,-0.010856236140699058
MP7 | Abyssal Apparition (Minimal Wear),A,636837076325217219,50803427369,11.5,10.0,0.14469772577286,301,5.9255124,5.7616336,0.0243195706681342,5.842599631758747,5.841869469156651,5.84208851793728,5.700510117128576,5.699797711767481,5.700011433375809,0.49194785810793495,0.4920113505081173,0.4919923027880626,0.5043034680757761,0.5043654163680451,0.5043468318803644,False,1,spread_hybrid_disc <= 0.12,1.8123724634126133,207,208,1,2,17.1,266,855,2.2630866943342585,0.9772160664819944,0.0404481792717087,,1000,150,2003,6.87,6.68,742,0.86252,Frankfurter 2026-06-16 (ECB),2026-06-17T06:41:44.038225+00:00,ok,,ok,,best_deal,2026-04-18T05:21:43.987429+00:00,9.04,,50,True,8,0.0250463821892393,11.2675,11.54875,1/1,8.7226,8.664,8.4666,8.568,8.86,9.03,7.424,17.448,3.34762570793112,6.45908330085066,0.0268422752221753,0.0301246537396122,0.0019083969465649,0.0039511108897606,0.0100049136639224,0.0404481792717087,7,3,2026-06-24T22:28:10.794316+00:00,-0.01399250607276636,-0.014115729610716566,-0.014078762549331504
MP7 | Abyssal Apparition (Minimal Wear),A,535513062156338069,51893259323,11.65,10.14,0.12988743185997,794,5.9255124,5.7616336,0.0243195706681342,5.886780579676666,5.885818000952445,5.88610677456971,5.743616603361419,5.742677434138505,5.742959184905379,0.49469694595050084,0.4947795707336957,0.49475478329873734,0.5069856992822817,0.5070663146662228,0.5070421300510404,False,1,spread_hybrid_disc <= 0.12,1.8123724634126133,207,208,1,2,17.1,266,855,2.2630866943342585,0.9772160664819944,0.0404481792717087,,1014,151,2003,6.87,6.68,742,0.86252,Frankfurter 2026-06-16 (ECB),2026-06-17T06:41:44.038225+00:00,ok,,ok,,best_deal,2026-04-18T05:21:43.987429+00:00,9.04,,50,True,8,0.0250463821892393,11.2675,11.54875,1/1,8.7226,8.664,8.4666,8.568,8.86,9.03,7.424,17.448,3.34762570793112,6.45908330085066,0.0268422752221753,0.0301246537396122,0.0019083969465649,0.0039511108897606,0.0100049136639224,0.0404481792717087,7,3,2026-06-24T22:28:10.794316+00:00,-0.006536450809441217,-0.006698897305076128,-0.006650163356385655
P2000 | Wicked Sick (Minimal Wear),A,536638961998201590,52387415588,9.73,8.47,0.1167693734169,744,4.6834836,4.614482,0.0075716632665433,4.829374950288399,4.824198210874453,4.825751232698637,4.792808549376935,4.787671006490651,4.789212269356536,0.5036613617380885,0.5041934007323275,0.5040337890340558,0.5074194707731825,0.5079474813473124,0.5077890781750733,False,2,"continuity_ratio <= 3.5, spread_hybrid_disc <= 0.12",3.765727899424873,173,174,1,2,16.4,244,820,2.493459777632437,0.9746992948983824,0.0503654485049834,,847,126,2003,5.43,5.35,499,0.86252,Frankfurter 2026-06-16 (ECB),2026-06-17T07:06:27.057725+00:00,ok,,ok,,best_deal,2026-04-18T12:27:48.467385+00:00,6.73,,50,True,8,0.0082241269220509,8.505,8.5775,1/1,7.3392,7.233,7.05,7.181,7.329,7.591,5.672,12.516,2.0165685633311488,7.371375626771314,0.0074480504558709,0.0416666666666667,0.0329444063143444,0.0036594707399529,0.0161115955836705,0.0503654485049834,7,3,2026-06-24T23:34:32.942607+00:00,0.03115017853129645,0.03004486038436275,0.03037645582844286
P2000 | Wicked Sick (Minimal Wear),A,659355074459013629,50867015328,9.57,8.33,0.14124138653278,636,4.6834836,4.614482,0.0075716632665433,4.697851366361794,4.700192930818118,4.69949046148122,4.662280817739433,4.664604652658176,4.6639075021825525,0.5091064402965733,0.5088617627149302,0.5089351659894232,0.5128233210303623,0.5125804960649765,0.5126533435545922,False,2,"continuity_ratio <= 3.5, spread_hybrid_disc <= 0.12",3.765727899424873,173,174,1,2,16.4,244,820,2.493459777632437,0.9746992948983824,0.0503654485049834,,833,124,2003,5.43,5.35,499,0.86252,Frankfurter 2026-06-16 (ECB),2026-06-17T07:06:27.057725+00:00,ok,,ok,,best_deal,2026-04-18T12:27:48.467385+00:00,6.73,,50,True,8,0.0082241269220509,8.505,8.5775,1/1,7.3392,7.233,7.05,7.181,7.329,7.591,5.672,12.516,2.0165685633311488,7.371375626771314,0.0074480504558709,0.0416666666666667,0.0329444063143444,0.0036594707399529,0.0161115955836705,0.0503654485049834,7,3,2026-06-24T23:34:32.942607+00:00,0.003067752038630952,0.0035677141728687693,0.003417725532597424
P2000 | Wicked Sick (Minimal Wear),A,526505862823576345,51531949195,9.66,8.4,0.14254575967789,470,4.6834836,4.614482,0.0075716632665433,4.696383989821208,4.698771444077255,4.698055207800441,4.660824551679896,4.663193928936252,4.662483115759346,0.5138318851116762,0.5135847366379653,0.5136588811800786,0.5175129863685408,0.5172677092198497,0.5173412923644569,False,2,"continuity_ratio <= 3.5, spread_hybrid_disc <= 0.12",3.765727899424873,173,174,1,2,16.4,244,820,2.493459777632437,0.9746992948983824,0.0503654485049834,,840,126,2003,5.43,5.35,499,0.86252,Frankfurter 2026-06-16 (ECB),2026-06-17T07:06:27.057725+00:00,ok,,ok,,best_deal,2026-04-18T12:27:48.467385+00:00,6.73,,50,True,8,0.0082241269220509,8.505,8.5775,1/1,7.3392,7.233,7.05,7.181,7.329,7.591,5.672,12.516,2.0165685633311488,7.371375626771314,0.0074480504558709,0.0416666666666667,0.0329444063143444,0.0036594707399529,0.0161115955836705,0.0503654485049834,7,3,2026-06-24T23:34:32.942607+00:00,0.0027544432569826223,0.003264203610589143,0.0031112755045071866
MP7 | Abyssal Apparition (Minimal Wear),A,633457474153371270,42285421266,12.09,10.52,0.11801455914974,253,5.9255124,5.7616336,0.0243195706681342,5.9762967390608335,5.975222275132159,5.975544614310762,5.830955768181504,5.829907434754273,5.830221934782442,0.5056826518560105,0.5057715239758347,0.5057448623398874,0.5177042375366829,0.5177909483247086,0.5177649350883009,False,1,spread_hybrid_disc <= 0.12,1.8123724634126133,207,208,1,2,17.1,266,855,2.2630866943342585,0.9772160664819944,0.0404481792717087,,1052,157,2003,6.87,6.68,742,0.86252,Frankfurter 2026-06-16 (ECB),2026-06-17T06:41:44.038225+00:00,ok,,ok,,best_deal,2026-04-18T05:21:43.987429+00:00,9.04,,50,True,8,0.0250463821892393,11.2675,11.54875,1/1,8.7226,8.664,8.4666,8.568,8.86,9.03,7.424,17.448,3.34762570793112,6.45908330085066,0.0268422752221753,0.0301246537396122,0.0019083969465649,0.0039511108897606,0.0100049136639224,0.0404481792717087,7,3,2026-06-24T22:28:10.794316+00:00,0.008570455284311504,0.00838912684279587,0.00844352537525056
MP7 | Abyssal Apparition (Minimal Wear),A,659351907683930282,49502692504,12.09,10.52,0.11809039115906,424,5.9255124,5.7616336,0.0243195706681342,5.97555866485888,5.974566299539281,5.974864009135161,5.8302356436272635,5.829267412206183,5.829557881632507,0.5057437001770984,0.5058257816758246,0.5058011572262067,0.5177638011888119,0.5178438865007293,0.517819860907154,False,1,spread_hybrid_disc <= 0.12,1.8123724634126133,207,208,1,2,17.1,266,855,2.2630866943342585,0.9772160664819944,0.0404481792717087,,1052,157,2003,6.87,6.68,742,0.86252,Frankfurter 2026-06-16 (ECB),2026-06-17T06:41:44.038225+00:00,ok,,ok,,best_deal,2026-04-18T05:21:43.987429+00:00,9.04,,50,True,8,0.0250463821892393,11.2675,11.54875,1/1,8.7226,8.664,8.4666,8.568,8.86,9.03,7.424,17.448,3.34762570793112,6.45908330085066,0.0268422752221753,0.0301246537396122,0.0019083969465649,0.0039511108897606,0.0100049136639224,0.0404481792717087,7,3,2026-06-24T22:28:10.794316+00:00,0.008445896570713426,0.008278423236323183,0.008328665236640255
MP7 | Abyssal Apparition (Minimal Wear),A,654849572354290045,43614348018,11.84,10.3,0.14626181125641,931,5.9255124,5.7616336,0.0243195706681342,5.837636343742929,5.837228589088279,5.837350915484674,5.695667534146405,5.695269695909894,5.695389047380846,0.506956389886577,0.5069908286243008,0.5069804970029836,0.5189469988052022,0.5189806000076103,0.5189705196468879,False,1,spread_hybrid_disc <= 0.12,1.8123724634126133,207,208,1,2,17.1,266,855,2.2630866943342585,0.9772160664819944,0.0404481792717087,,1030,154,2003,6.87,6.68,742,0.86252,Frankfurter 2026-06-16 (ECB),2026-06-17T06:41:44.038225+00:00,ok,,ok,,best_deal,2026-04-18T05:21:43.987429+00:00,9.04,,50,True,8,0.0250463821892393,11.2675,11.54875,1/1,8.7226,8.664,8.4666,8.568,8.86,9.03,7.424,17.448,3.34762570793112,6.45908330085066,0.0268422752221753,0.0301246537396122,0.0019083969465649,0.0039511108897606,0.0100049136639224,0.0404481792717087,7,3,2026-06-24T22:28:10.794316+00:00,-0.014830119376186083,-0.014898932776129324,-0.014878288756146352
MP7 | Abyssal Apparition (Minimal Wear),A,591801811346793620,48859535438,11.98,10.42,0.12733520567417,536,5.9255124,5.7616336,0.0243195706681342,5.902326988796395,5.902088960234961,5.902160368803392,5.758784930485926,5.758552690676912,5.758622362619617,0.5073182814026381,0.5073381502308046,0.5073321895823546,0.5193000892749644,0.5193194749017602,0.5193136592137215,False,1,spread_hybrid_disc <= 0.12,1.8123724634126133,207,208,1,2,17.1,266,855,2.2630866943342585,0.9772160664819944,0.0404481792717087,,1042,156,2003,6.87,6.68,742,0.86252,Frankfurter 2026-06-16 (ECB),2026-06-17T06:41:44.038225+00:00,ok,,ok,,best_deal,2026-04-18T05:21:43.987429+00:00,9.04,,50,True,8,0.0250463821892393,11.2675,11.54875,1/1,8.7226,8.664,8.4666,8.568,8.86,9.03,7.424,17.448,3.34762570793112,6.45908330085066,0.0268422752221753,0.0301246537396122,0.0019083969465649,0.0039511108897606,0.0100049136639224,0.0404481792717087,7,3,2026-06-24T22:28:10.794316+00:00,-0.003912811186354773,-0.0039529813092684125,-0.00394093027239432
P2000 | Wicked Sick (Minimal Wear),A,511865358417984403,47157572033,9.77,8.5,0.13005357980728,881,4.6834836,4.614482,0.0075716632665433,4.720681792130087,4.717413975003449,4.71839432014144,4.684938379211576,4.681695304895837,4.6826682271905575,0.5168186497307997,0.5171531243599335,0.5170527819711934,0.5204771362117118,0.5208090783115826,0.5207094956816215,False,2,"continuity_ratio <= 3.5, spread_hybrid_disc <= 0.12",3.765727899424873,173,174,1,2,16.4,244,820,2.493459777632437,0.9746992948983824,0.0503654485049834,,850,127,2003,5.43,5.35,499,0.86252,Frankfurter 2026-06-16 (ECB),2026-06-17T07:06:27.057725+00:00,ok,,ok,,best_deal,2026-04-18T12:27:48.467385+00:00,6.73,,50,True,8,0.0082241269220509,8.505,8.5775,1/1,7.3392,7.233,7.05,7.181,7.329,7.591,5.672,12.516,2.0165685633311488,7.371375626771314,0.0074480504558709,0.0416666666666667,0.0329444063143444,0.0036594707399529,0.0161115955836705,0.0503654485049834,7,3,2026-06-24T23:34:32.942607+00:00,0.00794241964039045,0.007244687480799355,0.007454007128676684
P2000 | Wicked Sick (Minimal Wear),A,788827947016120070,48974893591,9.77,8.5,0.14192560315132,901,4.6834836,4.614482,0.0075716632665433,4.6972751155342,4.700051986916107,4.699218925501535,4.661708930089062,4.66446477593593,4.663638022181869,0.5192144201090889,0.5189301958120668,0.5190154631011734,0.5228547666234328,0.5225726943770798,0.5226573160509858,False,2,"continuity_ratio <= 3.5, spread_hybrid_disc <= 0.12",3.765727899424873,173,174,1,2,16.4,244,820,2.493459777632437,0.9746992948983824,0.0503654485049834,,850,127,2003,5.43,5.35,499,0.86252,Frankfurter 2026-06-16 (ECB),2026-06-17T07:06:27.057725+00:00,ok,,ok,,best_deal,2026-04-18T12:27:48.467385+00:00,6.73,,50,True,8,0.0082241269220509,8.505,8.5775,1/1,7.3392,7.233,7.05,7.181,7.329,7.591,5.672,12.516,2.0165685633311488,7.371375626771314,0.0074480504558709,0.0416666666666667,0.0329444063143444,0.0036594707399529,0.0161115955836705,0.0503654485049834,7,3,2026-06-24T23:34:32.942607+00:00,0.002944713105048659,0.003537620355093728,0.0033597481800802073
P2000 | Wicked Sick (Minimal Wear),A,640214776041592373,49756100923,9.77,8.5,0.1421357691288,852,4.6834836,4.614482,0.0075716632665433,4.696983474923029,4.699796752404791,4.698952769160263,4.6614194976823935,4.664211473974388,4.66337388108679,0.5192442707345927,0.5189563201223346,0.519042705306012,0.5228843912300518,0.5225986208828672,0.5226843519870225,False,2,"continuity_ratio <= 3.5, spread_hybrid_disc <= 0.12",3.765727899424873,173,174,1,2,16.4,244,820,2.493459777632437,0.9746992948983824,0.0503654485049834,,850,127,2003,5.43,5.35,499,0.86252,Frankfurter 2026-06-16 (ECB),2026-06-17T07:06:27.057725+00:00,ok,,ok,,best_deal,2026-04-18T12:27:48.467385+00:00,6.73,,50,True,8,0.0082241269220509,8.505,8.5775,1/1,7.3392,7.233,7.05,7.181,7.329,7.591,5.672,12.516,2.0165685633311488,7.371375626771314,0.0074480504558709,0.0416666666666667,0.0329444063143444,0.0036594707399529,0.0161115955836705,0.0503654485049834,7,3,2026-06-24T23:34:32.942607+00:00,0.0028824430863876233,0.003483123631476215,0.0033029194679496375
P2000 | Wicked Sick (Minimal Wear),A,698762301664870140,40659301957,9.77,8.5,0.14247985184193,9,4.6834836,4.614482,0.0075716632665433,4.696452682142133,4.698862521542033,4.698139569722063,4.6608927238856985,4.663284316793136,4.662566838920904,0.5192985995760355,0.5190519425238451,0.5191259396395023,0.5229383087118016,0.5226935192637527,0.5227669560981674,False,2,"continuity_ratio <= 3.5, spread_hybrid_disc <= 0.12",3.765727899424873,173,174,1,2,16.4,244,820,2.493459777632437,0.9746992948983824,0.0503654485049834,,850,127,2003,5.43,5.35,499,0.86252,Frankfurter 2026-06-16 (ECB),2026-06-17T07:06:27.057725+00:00,ok,,ok,,best_deal,2026-04-18T12:27:48.467385+00:00,6.73,,50,True,8,0.0082241269220509,8.505,8.5775,1/1,7.3392,7.233,7.05,7.181,7.329,7.591,5.672,12.516,2.0165685633311488,7.371375626771314,0.0074480504558709,0.0416666666666667,0.0329444063143444,0.0036594707399529,0.0161115955836705,0.0503654485049834,7,3,2026-06-24T23:34:32.942607+00:00,0.002769110185873714,0.00328365013214381,0.0031292881482627814
P2000 | Wicked Sick (Minimal Wear),A,627827974591208823,48606085716,9.75,8.49,0.1489881426096,450,4.6834836,4.614482,0.0075716632665433,4.685475211032572,4.687438546700733,4.6868495460002855,4.649998370490898,4.651946840442499,4.65136229945702,0.5194384398940952,0.5192370721332582,0.5192974824615092,0.5230770902060617,0.5228772471341027,0.5229372000556902,False,2,"continuity_ratio <= 3.5, spread_hybrid_disc <= 0.12",3.765727899424873,173,174,1,2,16.4,244,820,2.493459777632437,0.9746992948983824,0.0503654485049834,,849,126,2003,5.43,5.35,499,0.86252,Frankfurter 2026-06-16 (ECB),2026-06-17T07:06:27.057725+00:00,ok,,ok,,best_deal,2026-04-18T12:27:48.467385+00:00,6.73,,50,True,8,0.0082241269220509,8.505,8.5775,1/1,7.3392,7.233,7.05,7.181,7.329,7.591,5.672,12.516,2.0165685633311488,7.371375626771314,0.0074480504558709,0.0416666666666667,0.0329444063143444,0.0036594707399529,0.0161115955836705,0.0503654485049834,7,3,2026-06-24T23:34:32.942607+00:00,0.0004252413807048748,0.0008444455107590742,0.0007186842717428145
MP7 | Abyssal Apparition (Minimal Wear),A,643593206203636028,36232806648,11.98,10.42,0.14245562255383,114,5.9255124,5.7616336,0.0243195706681342,5.849839584580884,5.85198175443122,5.8513391034761195,5.707573997406421,5.709664070605698,5.709037048645915,0.5116995338413286,0.5115207216668431,0.5115743653191887,0.5235747915353572,0.5234003279961854,0.5234526670579369,False,1,spread_hybrid_disc <= 0.12,1.8123724634126133,207,208,1,2,17.1,266,855,2.2630866943342585,0.9772160664819944,0.0404481792717087,,1042,156,2003,6.87,6.68,742,0.86252,Frankfurter 2026-06-16 (ECB),2026-06-17T06:41:44.038225+00:00,ok,,ok,,best_deal,2026-04-18T05:21:43.987429+00:00,9.04,,50,True,8,0.0250463821892393,11.2675,11.54875,1/1,8.7226,8.664,8.4666,8.568,8.86,9.03,7.424,17.448,3.34762570793112,6.45908330085066,0.0268422752221753,0.0301246537396122,0.0019083969465649,0.0039511108897606,0.0100049136639224,0.0404481792717087,7,3,2026-06-24T22:28:10.794316+00:00,-0.012770678771867073,-0.012409162382105429,-0.012517617299033921
P2000 | Wicked Sick (Minimal Wear),A,633459376584171423,50254718867,9.82,8.55,0.13189107179642,810,4.6834836,4.614482,0.0075716632665433,4.712024999513455,4.709442089458441,4.710216962474944,4.676347132913604,4.673783779783776,4.674552785722724,0.5201603870149232,0.5204234124787739,0.5203445048396187,0.5237935709863947,0.5240546049100026,0.5239762947329203,False,2,"continuity_ratio <= 3.5, spread_hybrid_disc <= 0.12",3.765727899424873,173,174,1,2,16.4,244,820,2.493459777632437,0.9746992948983824,0.0503654485049834,,855,127,2003,5.43,5.35,499,0.86252,Frankfurter 2026-06-16 (ECB),2026-06-17T07:06:27.057725+00:00,ok,,ok,,best_deal,2026-04-18T12:27:48.467385+00:00,6.73,,50,True,8,0.0082241269220509,8.505,8.5775,1/1,7.3392,7.233,7.05,7.181,7.329,7.591,5.672,12.516,2.0165685633311488,7.371375626771314,0.0074480504558709,0.0416666666666667,0.0329444063143444,0.0036594707399529,0.0161115955836705,0.0503654485049834,7,3,2026-06-24T23:34:32.942607+00:00,0.006094053476231875,0.005542560127346443,0.005708008132012073
MP7 | Abyssal Apparition (Minimal Wear),A,622200377533542330,50664845244,12.09,10.52,0.13189616799355,581,5.9255124,5.7616336,0.0243195706681342,5.878211719398458,5.87595291761721,5.876630558151585,5.735256134086293,5.733052265394589,5.733713426002101,0.5137955567081507,0.5139823889481216,0.5139263392761303,0.5256198400259476,0.5258021285860555,0.525747442018023,False,1,spread_hybrid_disc <= 0.12,1.8123724634126133,207,208,1,2,17.1,266,855,2.2630866943342585,0.9772160664819944,0.0404481792717087,,1052,157,2003,6.87,6.68,742,0.86252,Frankfurter 2026-06-16 (ECB),2026-06-17T06:41:44.038225+00:00,ok,,ok,,best_deal,2026-04-18T05:21:43.987429+00:00,9.04,,50,True,8,0.0250463821892393,11.2675,11.54875,1/1,8.7226,8.664,8.4666,8.568,8.86,9.03,7.424,17.448,3.34762570793112,6.45908330085066,0.0268422752221753,0.0301246537396122,0.0019083969465649,0.0039511108897606,0.0100049136639224,0.0404481792717087,7,3,2026-06-24T22:28:10.794316+00:00,-0.007982546893588637,-0.00836374629522158,-0.008249386474731698
MP7 | Abyssal Apparition (Minimal Wear),A,598557211234643835,51001963605,12.09,10.52,0.14463612437248,705,5.9255124,5.7616336,0.0243195706681342,5.842791014234763,5.84208251593395,5.842295065424194,5.700696845264941,5.700005577338623,5.700212957716519,0.5167253089962975,0.5167839110062903,0.5167663304032925,0.5284783419962827,0.5285355188305523,0.5285183657802714,False,1,spread_hybrid_disc <= 0.12,1.8123724634126133,207,208,1,2,17.1,266,855,2.2630866943342585,0.9772160664819944,0.0404481792717087,,1052,157,2003,6.87,6.68,742,0.86252,Frankfurter 2026-06-16 (ECB),2026-06-17T06:41:44.038225+00:00,ok,,ok,,best_deal,2026-04-18T05:21:43.987429+00:00,9.04,,50,True,8,0.0250463821892393,11.2675,11.54875,1/1,8.7226,8.664,8.4666,8.568,8.86,9.03,7.424,17.448,3.34762570793112,6.45908330085066,0.0268422752221753,0.0301246537396122,0.0019083969465649,0.0039511108897606,0.0100049136639224,0.0404481792717087,7,3,2026-06-24T22:28:10.794316+00:00,-0.013960208026100311,-0.014079775458076794,-0.014043905228483849
P2000 | Wicked Sick (Minimal Wear),A,552400291237243747,49829876117,9.96,8.67,0.14569500088692,168,4.6834836,4.614482,0.0075716632665433,4.691374926358172,4.6891439083668365,4.689813213764237,4.655853415158683,4.65363928968432,4.654303527326629,0.5289784210483763,0.529202418838671,0.5291352195015826,0.5325448378354736,0.5327671395899277,0.5327004490635915,False,2,"continuity_ratio <= 3.5, spread_hybrid_disc <= 0.12",3.765727899424873,173,174,1,2,16.4,244,820,2.493459777632437,0.9746992948983824,0.0503654485049834,,867,129,2003,5.43,5.35,499,0.86252,Frankfurter 2026-06-16 (ECB),2026-06-17T07:06:27.057725+00:00,ok,,ok,,best_deal,2026-04-18T12:27:48.467385+00:00,6.73,,50,True,8,0.0082241269220509,8.505,8.5775,1/1,7.3392,7.233,7.05,7.181,7.329,7.591,5.672,12.516,2.0165685633311488,7.371375626771314,0.0074480504558709,0.0416666666666667,0.0329444063143444,0.0036594707399529,0.0161115955836705,0.0503654485049834,7,3,2026-06-24T23:34:32.942607+00:00,0.0016849266554861428,0.00120856799132093,0.001351475590570494
P2000 | Wicked Sick (Minimal Wear),A,636838417152682960,50119658706,10.06,8.76,0.12975192070007,144,4.6834836,4.614482,0.0075716632665433,4.722313945248054,4.719003652806934,4.71999674053927,4.686558174215734,4.6832729461942915,4.6842585146007245,0.53058509490576,0.5309141498203844,0.5308154333459971,0.53413934649943,0.5344659099210446,0.5343679408945602,False,2,"continuity_ratio <= 3.5, spread_hybrid_disc <= 0.12",3.765727899424873,173,174,1,2,16.4,244,820,2.493459777632437,0.9746992948983824,0.0503654485049834,,876,130,2003,5.43,5.35,499,0.86252,Frankfurter 2026-06-16 (ECB),2026-06-17T07:06:27.057725+00:00,ok,,ok,,best_deal,2026-04-18T12:27:48.467385+00:00,6.73,,50,True,8,0.0082241269220509,8.505,8.5775,1/1,7.3392,7.233,7.05,7.181,7.329,7.591,5.672,12.516,2.0165685633311488,7.371375626771314,0.0074480504558709,0.0416666666666667,0.0329444063143444,0.0036594707399529,0.0161115955836705,0.0503654485049834,7,3,2026-06-24T23:34:32.942607+00:00,0.008290910904023141,0.007584109573253242,0.007796149972484212
P2000 | Wicked Sick (Minimal Wear),A,559156960071895225,51779429219,8.43,7.34,0.14969307184219,127,4.6834836,4.614482,0.0075716632665433,,,,,,,,,,,,,False,2,"continuity_ratio <= 3.5, spread_hybrid_disc <= 0.12",3.765727899424873,173,174,1,2,16.4,244,820,2.493459777632437,0.9746992948983824,0.0503654485049834,,734,109,2003,5.43,5.35,499,0.86252,Frankfurter 2026-06-16 (ECB),2026-06-17T07:06:27.057725+00:00,ok,,ok,,best_deal,2026-04-18T12:27:48.467385+00:00,6.73,,50,True,8,0.0082241269220509,8.505,8.5775,1/1,7.3392,7.233,7.05,7.181,7.329,7.591,5.672,12.516,2.0165685633311488,7.371375626771314,0.0074480504558709,0.0416666666666667,0.0329444063143444,0.0036594707399529,0.0161115955836705,0.0503654485049834,7,3,2026-06-24T23:34:32.942607+00:00,,,
P2000 | Wicked Sick (Minimal Wear),A,526502690933483099,49934922111,8.89,7.74,0.14960277080536,426,4.6834836,4.614482,0.0075716632665433,,,,,,,,,,,,,False,2,"continuity_ratio <= 3.5, spread_hybrid_disc <= 0.12",3.765727899424873,173,174,1,2,16.4,244,820,2.493459777632437,0.9746992948983824,0.0503654485049834,,774,115,2003,5.43,5.35,499,0.86252,Frankfurter 2026-06-16 (ECB),2026-06-17T07:06:27.057725+00:00,ok,,ok,,best_deal,2026-04-18T12:27:48.467385+00:00,6.73,,50,True,8,0.0082241269220509,8.505,8.5775,1/1,7.3392,7.233,7.05,7.181,7.329,7.591,5.672,12.516,2.0165685633311488,7.371375626771314,0.0074480504558709,0.0416666666666667,0.0329444063143444,0.0036594707399529,0.0161115955836705,0.0503654485049834,7,3,2026-06-24T23:34:32.942607+00:00,,,
MP7 | Abyssal Apparition (Minimal Wear),A,490478514659094839,52522929229,9.62,8.38,0.14999949932098,205,5.9255124,5.7616336,0.0243195706681342,,,,,,,,,,,,,False,1,spread_hybrid_disc <= 0.12,1.8123724634126133,207,208,1,2,17.1,266,855,2.2630866943342585,0.9772160664819944,0.0404481792717087,,838,124,2003,6.87,6.68,742,0.86252,Frankfurter 2026-06-16 (ECB),2026-06-17T06:41:44.038225+00:00,ok,,ok,,best_deal,2026-04-18T05:21:43.987429+00:00,9.04,,50,True,8,0.0250463821892393,11.2675,11.54875,1/1,8.7226,8.664,8.4666,8.568,8.86,9.03,7.424,17.448,3.34762570793112,6.45908330085066,0.0268422752221753,0.0301246537396122,0.0019083969465649,0.0039511108897606,0.0100049136639224,0.0404481792717087,7,3,2026-06-24T22:28:10.794316+00:00,,,
AK-47 | Nouveau Rouge (Field-Tested),A,550149125865022588,49969168573,15.89,13.82,0.37982940673828,494,9.8672288,9.8586036,-0.0171427382581651,,,,,,,,,,,,,False,1,spread_hybrid_disc <= 0.12,2.653403648131099,269,277,8,2,16.78,428,839,1.6394275061115762,0.9835946573751452,0.0,,1382,207,2003,11.44,11.43,1146,0.86252,Frankfurter 2026-06-16 (ECB),2026-06-17T08:08:19.365684+00:00,ok,,ok,,best_deal,2026-04-17T00:50:36.186748+00:00,15.76,,50,True,8,-0.0028256746364777,16.2475,15.97625,1/1,13.7853,13.776,13.55,13.619,13.898,14.0134,12.956,15.822,2.023895018606777,3.361551797929679,-0.0085383781865969,-0.0200146092037983,-0.0389684813753582,-0.0042353614056228,-0.0190715606016262,0.0591830649970185,7,3,2026-06-25T02:28:31.953567+00:00,,,
