{
  "generated_at_utc": "2026-05-26T10:16:44.840281+00:00",
  "items_total": 407,
  "shares": {
    "A": 0.30000000000000004,
    "B": 0.35000000000000003,
    "C": 0.35000000000000003
  },
  "score_weights": {
    "steam_sales_7d_n": 0.75,
    "steam_turnover_proxy": 0.25
  },
  "counts": {
    "A": 122,
    "B": 143,
    "C": 142
  }
}
