item,risk_pass,high_cv_pass,monitor_pass,pred_cv,pred_range_over_mean,cv_n_listings,cv_source,risk_rule_trend,risk_rule_price,risk_rule_liquidity,risk_rule_tail,risk_rule_listings,base_price,n_listings,avg_discount,median_discount,steam_sales_7d_n,steam_sales_7d_iqr_risk%,steam_sales_7d_downside_risk%,steam_sales_7d_tail_ratio,steam_turnover_proxy,steam_daily_ret_7d,steam_daily_slope_7d,steam_daily_ema_gap_3_14,steam_daily_range_14d_pct,steam_daily_downside_14d_pct,steam_discount_risk_score,risk_collected_at_utc,status,error,sort_by,collected_at_utc,currency,cap_hit,discount_sample_n,avg_ask,avg_predicted,key_trace,steam_sales_7d_mean,steam_sales_7d_median,steam_sales_7d_p10,steam_sales_7d_p25,steam_sales_7d_p75,steam_sales_7d_p90,steam_sales_7d_min,steam_sales_7d_max,steam_sales_7d_band_risk%,steam_daily_ret_3d,trade_days,steam_trade_currency,model_ready,has_summary,summary_ready,has_fit,fit_ready,monitor_pass_before_model_ready,tier,liquidity_score,liquidity_rank
R8 Revolver | Tango (Factory New),True,True,True,0.197,0.5184165893308585,47,summary,True,True,True,True,True,5.41,50,0.2024752220033168,0.197838023335621,66,3.305810554387403,2.7693727883481207,0.918132201334142,1.32,0.0093805836807623,-0.0035346364215963,-0.0689757934302033,0.3088951172739342,0.0603333825047941,0.1820912538176536,2026-06-19T21:02:42.717057+00:00,ok,,best_deal,2026-04-19T04:54:45.273076+00:00,,True,8,6.205,7.776249999999999,2/2,9.7495,3.298,3.028,3.1692,3.4915,3.695,2.783,215.521,6.841376480845169,0.0642072213500783,7,3,True,True,True,True,True,True,C,0.13316326530612244,426.0
Tec-9 | Cracked Opal (Factory New),True,True,True,0.1799,0.5421951455659908,39,summary,True,True,True,True,True,11.26,39,0.1565792159077499,0.155517086824485,58,2.99314239612746,8.283985478015326,0.9185596446700508,1.4871794871794872,-0.0006350214319733,0.0007770135918765,-0.037057584748417,0.2886417791898332,0.0814932486100079,0.0816535036723915,2026-06-19T21:07:48.476606+00:00,ok,,best_deal,2026-04-18T19:35:14.102735+00:00,,False,8,12.725,15.0875,1/1->1/1,6.1975,6.304,5.7906,6.1485,6.334,6.36,5.121,6.889,9.187575635336827,-0.0102201257861636,7,3,True,True,True,True,True,True,C,0.10306122448979592,438.0
Tec-9 | Groundwater (Factory New),True,True,True,0.116,0.5642234642790919,188,summary,True,True,True,True,True,4.52,50,0.1623649247446819,0.1546183705787184,64,7.95974679435157,6.784612887518263,0.931943992184956,1.28,0.0050235478806908,0.0111361514807744,0.0186581766817792,0.1348016244923462,0.0924711027803812,0.1016774928095083,2026-06-19T21:07:12.071706+00:00,ok,,best_deal,2026-04-18T19:42:00.673280+00:00,,True,8,5.06875,6.06,1/1,3.0805,3.071,2.862,2.9558,3.201,3.201,2.46,4.318,11.004707028079856,0.0801417243124684,7,3,True,True,True,True,True,True,C,0.12397959183673471,431.0
P2000 | Urban Hazard (Factory New),True,True,True,0.1335,0.47126647144948747,63,summary,True,True,True,True,True,6.72,50,0.1529972615420226,0.1507442595047544,62,2.463326071169208,4.720406681190998,0.9534383954154728,1.24,-0.0316508644729502,3.467554786814756e-05,-0.0088481184656258,0.1071274298056155,0.0119510439164867,0.1127981550967958,2026-06-19T21:08:36.940631+00:00,ok,,best_deal,2026-04-18T12:26:45.476592+00:00,,True,8,7.64625,9.02375,1/1,3.4425,3.49,3.3275,3.4312,3.516,3.5676,2.503,3.594,6.974582425562817,0.0100349040139615,7,3,True,True,True,True,True,True,C,0.10255102040816327,442.0
Glock-18 | Wraiths (Factory New),True,True,True,0.1586,0.43416576927678924,67,summary,True,True,True,True,True,19.34,42,0.1390992609375072,0.1404658834826649,81,1.444323396388372,6.84196626060545,0.9318872730260456,1.9285714285714288,-0.0707964601769911,-0.0039825619464846,-0.047611470621472,0.1675362318840579,0.0,0.0800127147522826,2026-06-19T21:12:14.221465+00:00,ok,,best_deal,2026-04-17T20:11:20.103336+00:00,,False,8,23.08125,26.81,1/1->1/1,12.1164,12.171,11.342,12.075,12.25,12.389,9.99,22.069,8.641180548677815,-0.011461318051576,7,3,True,True,True,True,True,True,C,0.2221938775510204,381.0
P250 | Verdigris (Factory New),True,True,True,0.201,0.5278066116574887,74,summary,True,True,True,True,True,6.3,49,0.1393939107844012,0.13517949929145,138,7.028250137136591,8.00877674163467,0.9198352779684282,2.816326530612245,-0.0497780596068484,0.0012525711941338,-0.06442328183502,0.3670337003670337,0.086086086086086,0.0709390538982142,2026-06-19T21:11:56.122936+00:00,ok,,best_deal,2026-04-18T14:29:54.095253+00:00,,False,8,7.9675,9.2575,1/1->1/1,2.9168,2.914,2.6804,2.779,2.984,3.0109,2.033,6.344,11.33091058694459,0.0941949616648412,7,3,True,True,True,True,True,True,B,0.40433673469387754,294.0
MAG-7 | Navy Sheen (Factory New),True,True,True,0.2456,0.7829143587558587,154,summary,True,True,True,True,True,3.02,50,0.1189054596702358,0.1236940298507462,77,0.0,1.9263698630137005,0.9805405405405404,1.54,-0.0048648648648648,0.0003684065640567,-0.0266264541558013,0.1423139598044539,0.0048886474741988,0.1077384353724975,2026-06-19T21:16:19.402920+00:00,ok,,best_deal,2026-04-18T03:29:38.193683+00:00,,True,8,3.365,3.81625,1/1,0.9344,0.925,0.907,0.925,0.925,0.9378,0.855,1.754,3.2962328767123217,-0.0228237791932057,7,3,True,True,True,True,True,True,C,0.18928571428571428,396.0
R8 Revolver | Survivalist (Factory New),True,True,True,0.2288,0.5514740599444748,39,summary,True,True,True,True,True,6.06,28,0.1221415131230581,0.1222687974849358,79,5.456766662141986,5.701099497760281,0.9431048496342456,2.821428571428572,-0.0408901997586808,-0.005375470767404,-0.0700688329003985,0.3084987419625385,0.0,0.076775033072315,2026-06-19T21:15:08.221562+00:00,ok,,best_deal,2026-04-19T04:53:59.215375+00:00,,False,8,6.37625,7.38,2/2->1/2,3.6835,3.691,3.481,3.5815,3.7825,3.787,1.619,7.508,8.307316411022127,-0.0025097601784718,7,3,True,True,True,True,True,True,C,0.24642857142857144,370.0
UMP-45 | Primal Saber (Field-Tested),True,True,True,0.1192,0.33984647101454374,253,summary,True,True,True,True,True,12.58,50,0.1202647151882791,0.1103238627988225,166,4.734697428907022,8.84221058890065,0.9092971364819636,3.32,-0.0529394343254849,-0.0095606897031063,-0.0260386303134608,0.0744273317176139,0.0,0.0445522842355708,2026-06-19T21:15:41.726720+00:00,ok,,best_deal,2026-04-18T22:21:47.624739+00:00,,True,8,14.3075,16.263749999999998,1/1,13.7918,13.445,12.2255,13.044,13.697,13.978,11.037,58.774,12.706825795037629,-0.0571976118522886,7,3,True,True,True,True,True,True,B,0.4755102040816327,259.0
UMP-45 | Wild Child (Field-Tested),True,True,True,0.2076,0.5756864346228437,400,summary,True,True,True,True,True,3.89,50,0.1125730021204895,0.1090333804336265,1836,3.977166385925509,3.790005614823131,0.9620253164556962,36.72,0.0184135977337112,-0.0031090645429349,0.0063142380977005,0.0516921650440426,0.0435790449698654,0.106204379653564,2026-06-19T21:17:46.706737+00:00,ok,,best_deal,2026-04-18T22:23:51.480676+00:00,,True,8,5.59625,6.305,1/1,4.2744,4.266,4.104,4.188,4.358,4.447,3.979,4.997,8.02451806101441,0.0046576618537494,7,3,True,True,True,True,True,True,A,0.9551020408163265,23.0
P250 | Boreal Forest (Factory New),True,True,True,0.1446,0.42780338922446276,30,summary,True,True,True,True,True,5.98,24,0.0334699964515632,0.1056803763865367,88,3.550255536626914,6.459965928449739,0.9340139211136892,3.6666666666666665,0.0316333894635554,-0.0051372323439273,-0.0701274816876518,0.4059694531887605,0.030663402121954,-0.0177495272137626,2026-06-19T22:10:58.173941+00:00,ok,,best_deal,2026-04-18T12:34:16.700248+00:00,,False,8,7.92625,8.2575,1/1->1/1,4.4025,4.31,4.0256,4.232,4.3883,4.527,2.71,7.486,11.38898353208405,-0.0049883990719257,7,3,True,True,True,True,True,True,C,0.310204081632653,340.0
AK-47 | Head Shot (Field-Tested),True,True,True,0.1476,0.46909621263825135,400,summary,True,True,True,True,True,38.2,50,0.1045992493315871,0.1054232105248981,560,7.088388848759718,5.584306339090613,0.943841662452301,11.2,-0.0453076612360306,-0.0134648426539053,-0.0056768588820804,0.102225983122958,0.0308863972921514,0.0704833825541759,2026-06-19T21:21:09.206169+00:00,ok,,best_deal,2026-04-17T00:43:04.173804+00:00,,True,8,44.43,49.61375,1/1,43.7476,43.502,41.059,42.355,45.456,46.399,36.426,50.613,12.206383893059284,-0.0095453169743674,7,3,True,True,True,True,True,True,A,0.7831632653061225,107.0
XM1014 | Entombed (Minimal Wear),True,True,True,0.2031,0.5174686882003955,269,summary,True,True,True,True,True,4.59,50,0.1080290574158938,0.1040963051165476,509,9.122906384011644,9.8915769884295,0.902531393262906,10.18,-0.0462026571485227,-0.0084219493451447,-0.0089138148030322,0.0802494802494802,0.0068607068607067,0.0300821236026068,2026-06-19T21:20:06.879678+00:00,ok,,best_deal,2026-04-19T08:58:24.452853+00:00,,True,8,6.37375,7.13625,2/2,4.9436,5.017,4.528,4.766,5.217,5.261,2.818,6.11,14.827251395744003,-0.0537084398976983,7,3,True,True,True,True,True,True,A,0.7627551020408164,117.0
M4A1-S | Player Two (Field-Tested),True,True,True,0.0883,0.3085028834188001,278,summary,True,True,True,True,True,58.88,50,0.1082003116532106,0.1024151881140538,168,7.219901959049328,6.295680181216494,0.9371114581184996,3.36,-0.0156967954228798,0.0029848363073138,0.0049817483822252,0.1027376631981566,0.0318339934043096,0.0580332396264173,2026-06-19T21:19:50.399757+00:00,ok,,best_deal,2026-04-17T22:14:24.192184+00:00,,True,8,67.24375,75.41624999999999,1/1,67.8084,67.882,63.613,65.7143,70.61,71.714,52.359,75.731,11.946897434536131,-0.0662091949012522,7,3,True,True,True,True,True,True,B,0.4816326530612245,255.0
AUG | Syd Mead (Field-Tested),True,True,True,0.0923,0.2523812128362804,110,summary,True,True,True,True,True,11.86,50,0.1100915616377618,0.0970401617626551,213,6.262984235610414,9.554869852132478,0.9061867266591676,4.26,-0.0229775194983942,-0.0045568291553091,-0.0035294427795034,0.1046761886127959,0.0442183525728819,0.0289625779995117,2026-06-19T21:18:44.235217+00:00,ok,,best_deal,2026-04-17T03:40:18.228968+00:00,,True,8,12.90375,14.50125,1/1,13.0928,13.335,12.084,12.782,13.602,13.789,8.729,14.287,13.022424538677749,-0.0545689974102848,7,3,True,True,True,True,True,True,B,0.5770408163265306,207.0
AK-47 | Midnight Laminate (Field-Tested),True,True,True,0.2393,1.297605400585913,400,summary,True,True,True,True,True,5.02,50,0.0932705741501139,0.0954106280193235,3907,7.816474723648306,4.578881642847221,0.9538138558432472,78.14,-0.0466101694915253,-0.0131875877896647,-0.0320919837093521,0.1171929824561402,0.0416374269005847,0.0854496786402418,2026-06-19T21:24:55.472200+00:00,ok,,best_deal,2026-04-17T00:48:38.092301+00:00,,True,8,7.69375,8.48375,1/1,4.3242,4.287,4.089,4.138,4.476,4.637,3.979,4.946,12.672864344849891,0.0144755576649264,7,3,True,True,True,True,True,True,A,0.9918367346938776,5.0
AUG | Amber Slipstream (Factory New),True,True,True,0.2314,0.5693302789381484,63,summary,True,True,True,True,True,3.4,31,0.0735453846773184,0.092092457848342,120,6.892388187352216,8.351360869346477,0.9148717948717948,3.870967741935484,-0.0284005979073244,-0.0023473513308228,-0.0148632409865965,0.0851282051282051,0.0158974358974358,0.0037840810530315,2026-06-19T21:33:36.794431+00:00,ok,,best_deal,2026-04-17T01:50:44.613236+00:00,,False,8,4.7425,5.13875,1/1->1/1,1.9877,1.95,1.784,1.87,2.007,2.02,0.047,6.527,11.873019067263671,-0.0284005979073244,7,3,True,True,True,True,True,True,B,0.40153061224489794,297.0
StatTrak™ Zeus x27 | Olympus (Minimal Wear),True,True,True,0.18,0.7477890447747371,135,summary,True,True,True,True,True,9.98,50,0.0880027636832214,0.0916642289503193,170,6.978367062107458,5.476693137350157,0.9440028901734104,3.4,0.0178068501862451,0.007130765693982,0.0019050999285148,0.1354994197982683,0.0451664732660894,0.0461048858394435,2026-06-19T21:27:59.207239+00:00,ok,,best_deal,2026-05-12T19:50:02.890088+00:00,,True,8,13.78,15.1125,1/1,11.3207,11.072,10.452,10.797,11.587,12.2395,5.903,19.843,15.789659650021637,-0.0331405885906619,7,3,True,True,True,True,True,True,B,0.4869897959183674,252.0
MP7 | Akoben (Factory New),True,True,True,0.192,0.511759581881533,57,summary,True,True,True,True,True,8.44,39,0.1056384770695922,0.0902186014322681,51,4.730317529360602,7.58481948673336,0.9259750596975326,1.3076923076923077,0.0209044368600683,-0.0046598767457174,-0.0695647742199099,0.2827691879091794,0.0204763894692854,0.0370538402505151,2026-06-19T21:20:37.696496+00:00,ok,,best_deal,2026-04-18T05:22:12.858987+00:00,,False,8,10.1875,11.44375,1/1->1/1,3.6784,3.769,3.49,3.647,3.821,3.939,1.906,3.952,12.206394084384511,-0.016440608302507,7,3,True,True,True,True,True,True,C,0.03775510204081633,474.0
AK-47 | Nightwish (Battle-Scarred),True,True,True,0.1236,0.6413220563169751,99,summary,True,True,True,True,True,68.49,50,0.1099342780933476,0.0866780334061452,327,7.696699370786641,8.69747753095927,0.9145821022913796,6.54,-0.0053356396779987,-0.0045214134785364,-0.0003413278423595,0.0624180645851728,0.0270620970115312,0.0405069297011503,2026-06-19T21:19:02.426270+00:00,ok,,best_deal,2026-04-17T00:50:07.218811+00:00,,True,8,80.7325,91.25625,1/1,74.7918,76.155,69.65,72.6535,78.41,79.419,50.013,80.268,13.061592313595863,-0.0341486104112562,7,3,True,True,True,True,True,True,B,0.6862244897959184,154.0
Zeus x27 | Dragon Snore (Field-Tested),True,True,True,0.1776,0.6772708428792737,372,summary,True,True,True,True,True,20.35,50,0.0901731178175731,0.086469078001336,198,2.630099685935164,4.5505881624885935,0.9546638579905976,3.96,-0.0168237222165319,-0.0025566706202216,-0.0103166470274058,0.0387290011720276,0.0,0.0585768697224911,2026-06-19T21:26:05.844807+00:00,ok,,best_deal,2026-05-20T22:05:03.126775+00:00,,True,8,29.52125,32.46125,1/1,19.3909,19.4635,18.5811,19.182,19.692,20.1854,12.292,23.068,8.273468482638775,-0.0174275770293788,7,3,True,True,True,True,True,True,B,0.5464285714285715,224.0
StatTrak™ XM1014 | Entombed (Field-Tested),True,True,True,0.1043,0.3195513238554845,123,summary,True,True,True,True,True,4.89,50,0.0795330777753004,0.0827381408428322,138,8.488620461073864,10.838182219930774,0.8930984380675626,2.76,0.0393359117064429,0.0092810148628722,0.0124575473370416,0.1679070611726265,0.0893084044291159,-0.0173449875254541,2026-06-19T21:31:51.807901+00:00,ok,,best_deal,2026-05-12T18:25:44.991317+00:00,,True,8,5.855,6.36,1/1,5.4308,5.506,4.9174,5.293,5.754,5.9472,3.483,6.522,18.962215511526846,0.020752269779507,7,3,True,True,True,True,True,True,B,0.4017857142857143,296.0
XM1014 | Entombed (Field-Tested),True,True,True,0.1019,0.2891969407265774,400,summary,True,True,True,True,True,3.75,50,0.0800090387299585,0.0806989813839129,972,6.723687336659548,5.084343074364468,0.9492168960607498,19.44,0.0138029509757258,0.0016003956687559,-0.0071518652117538,0.0713615023474177,0.0457746478873238,0.0553752258155673,2026-06-19T21:31:21.212753+00:00,ok,,best_deal,2026-04-19T08:58:22.151569+00:00,,True,8,4.1675,4.53,1/2,4.209,4.214,4.0,4.085,4.368,4.457,3.261,4.479,10.857685911142786,0.0002347969006808,7,3,True,True,True,True,True,True,A,0.8954081632653061,52.0
AWP | Duality (Field-Tested),True,True,True,0.2373,0.5855466857636329,400,summary,True,True,True,True,True,3.87,50,0.0846693585245387,0.0801708391126067,4012,2.794460105405071,2.4512807942149792,0.9754299754299754,80.24,-0.0418068236424795,-0.0064394725760563,-0.0058427687326413,0.0566700100300902,0.0130391173520561,0.0983519488770442,2026-06-19T21:29:38.183581+00:00,ok,,best_deal,2026-04-17T03:56:39.805910+00:00,,True,8,5.7125,6.23875,1/1,4.0795,4.07,3.97,4.013,4.127,4.188,3.879,4.475,5.343792131388639,-0.0074664011946241,7,3,True,True,True,True,True,True,A,0.9938775510204082,4.0
Zeus x27 | Olympus (Field-Tested),True,True,True,0.1391,0.3631995082837427,400,summary,True,True,True,True,True,3.28,50,0.0804273108473491,0.0748014018691589,3062,3.5698545614808377,2.3382792223691387,0.9763584602054708,61.24,-0.0157499394233098,-0.0038917854185483,-0.0019474117362431,0.0423436730674544,0.0194485475135401,0.0929259103032903,2026-06-19T21:30:30.137257+00:00,ok,,best_deal,2026-05-20T22:06:33.133550+00:00,,True,8,3.81375,4.1475,1/1,4.0842,4.0395,3.944,3.9932,4.139,4.332,3.717,4.546,9.500024484599184,0.0188111361926259,7,3,True,True,True,True,True,True,A,0.9836734693877551,9.0
Galil AR | Blue Titanium (Factory New),True,True,True,0.1158,0.5657494921684825,141,summary,True,True,True,True,True,20.88,50,0.0914612555888307,0.0735566432717536,120,3.658757584657587,5.266923706624498,0.947993089192608,2.4,-0.0263919889002834,-0.008538077530302,-0.06821428175799,0.2782923882400323,0.0034387682394127,0.0494215968634308,2026-06-19T21:25:51.734702+00:00,ok,,best_deal,2026-04-17T16:23:08.011028+00:00,,True,8,21.59875,23.81,1/1,32.0054,32.413,30.7273,31.427,32.598,34.088,14.909,50.506,10.50041555487512,-0.0046715283452303,7,3,True,True,True,True,True,True,B,0.3553571428571428,313.0
UMP-45 | Primal Saber (Minimal Wear),True,True,True,0.1313,0.38725529471463294,132,summary,True,True,True,True,True,13.37,50,0.0732641563890807,0.0733416827619507,70,10.048259561384446,11.560568053882164,0.8823635815495929,1.4,0.0478685230371751,-0.0063492458507899,-0.0010800108786652,0.177830285596877,0.092082734059311,-0.0347372993155088,2026-06-19T21:34:23.462544+00:00,ok,,best_deal,2026-04-18T22:21:49.961036+00:00,,True,8,16.5875,17.90125,1/1,15.1887,14.9265,13.1706,14.291,15.8172,17.559,12.066,22.069,28.89253194809299,-0.0080168489707181,7,3,True,True,True,True,True,True,C,0.15739795918367347,414.0
FAMAS | 2A2F (Factory New),True,True,True,0.1624,0.5628765792031096,206,summary,True,True,True,True,True,7.37,50,0.0720345816870758,0.0719029844207279,163,2.1449191945536152,1.5918268236309805,0.9837346076088954,3.26,-0.0253084751868865,-0.0010950171020134,-0.0047324432838787,0.0517464424320828,0.0108113102938457,0.0687045054328203,2026-06-19T21:35:10.198180+00:00,ok,,best_deal,2026-04-17T09:53:05.360420+00:00,,True,8,7.665,8.26,1/1,11.1193,10.882,10.705,10.705,10.9435,11.654,10.142,23.437,8.534709918789849,0.0109294722092478,7,3,True,True,True,True,True,True,B,0.4704081632653061,261.0
P2000 | Imperial Dragon (Field-Tested),True,True,True,0.0621,0.16563901789535415,104,summary,True,True,True,True,True,11.81,50,0.0702785563979227,0.0715279662624582,165,5.791378259944066,4.227926334255749,0.9576252482895607,3.3,-0.0103364855948977,0.0011914852182933,0.0123366577329668,0.1061851851851852,0.0656666666666666,0.0406686621669569,2026-06-19T21:36:20.767953+00:00,ok,,best_deal,2026-04-18T12:02:40.377800+00:00,,True,8,12.2025,13.12625,1/1,13.6237,13.593,13.017,13.284,14.073,14.203,10.548,25.357,8.705417764630754,-0.007790680582096,7,3,True,True,True,True,True,True,B,0.47244897959183674,260.0
M4A1-S | Blood Tiger (Factory New),True,True,True,0.1038,0.650731463597424,215,summary,True,True,True,True,True,31.89,50,0.0743167964490589,0.0692646556304686,88,4.9553749024442775,12.775319694259617,0.8602405235706456,1.76,-0.0058020025197267,0.0110624956062056,-0.0297266918841137,0.236335745489712,0.0843698936205689,-0.0446182188522328,2026-06-19T21:33:10.866372+00:00,ok,,best_deal,2026-04-17T21:17:28.054872+00:00,,True,8,37.2875,40.3425,1/1,32.9299,30.101,25.8941,29.0167,30.6485,31.3618,20.067,324.825,16.604058925171337,-0.0422242805583058,7,3,True,True,True,True,True,True,C,0.23903061224489794,373.0
Negev | dev_texture (Factory New),True,True,True,0.265,0.7145122080118381,75,summary,True,True,True,True,True,3.8,50,0.0673852538583374,0.06882421505063,152,3.04564932535327,3.877890710769563,0.9601020222262706,3.04,0.0114814814814814,-0.004731422496917,-0.0109301860419145,0.116440864152325,0.0128158183815451,0.0407339740528538,2026-06-19T21:38:33.009795+00:00,ok,,best_deal,2026-04-18T09:31:13.170722+00:00,,True,8,3.46,3.71,1/1,2.8237,2.7445,2.635,2.731,2.817,2.8939,1.647,7.634,9.168821050394875,-0.0032846715328468,7,3,True,True,True,True,True,True,B,0.42959183673469387,279.0
P2000 | Wicked Sick (Field-Tested),True,True,True,0.2434,0.6499830623306232,400,summary,True,True,True,True,True,3.88,50,0.0732800275650087,0.0687768752986144,1824,3.6493789037827353,3.3686574496455712,0.966213045518536,36.48,0.0155002348520432,0.0018240321108209,0.0085532379859045,0.0425531914893617,0.0416281221091581,0.0710694447128678,2026-06-19T21:34:09.347450+00:00,ok,,best_deal,2026-04-18T12:27:43.443711+00:00,,True,8,6.04,6.5175,1/1,4.2747,4.262,4.118,4.188,4.344,4.5028,3.813,4.606,9.001801295997366,0.0072210575355229,7,3,True,True,True,True,True,True,A,0.9510204081632653,25.0
MAC-10 | Lapis Gator (Factory New),True,True,True,0.1761,0.5630105521302866,98,summary,True,True,True,True,True,5.19,50,0.0684713373559822,0.0687235329703569,122,3.216398179191536,4.347589064246202,0.9542979942693408,2.44,-0.0469011725293131,-0.0057520949678692,-0.0706835648888299,0.2765084944346808,0.0,0.0357266155649507,2026-06-19T21:37:39.953844+00:00,ok,,best_deal,2026-04-18T02:01:45.513016+00:00,,True,8,5.1725,5.55,1/1,3.6687,3.49,3.3305,3.455,3.573,3.7145,3.01,13.82,10.466922888216544,-0.0155709342560552,7,3,True,True,True,True,True,True,B,0.3637755102040816,311.0
M4A4 | The Emperor (Field-Tested),True,True,True,0.1272,0.44757771583346373,380,summary,True,True,True,True,True,58.98,50,0.0692197071216058,0.0666053024060042,156,6.012327660388888,6.515923836739574,0.9355835752560048,3.12,0.0270807717412755,-0.0029755805528015,0.0064960960917723,0.0951508254385835,0.0506643413487828,0.0163584130748727,2026-06-19T21:36:52.757152+00:00,ok,,best_deal,2026-04-18T00:17:10.242722+00:00,,True,8,74.2675,79.79124999999999,1/1,68.4477,69.237,64.777,66.4567,70.572,71.3125,57.392,76.835,9.54816597197568,-0.0379428262677823,7,3,True,True,True,True,True,True,B,0.4459183673469388,270.0
StatTrak™ Dual Berettas | Melondrama (Field-Tested),True,True,True,0.1452,0.39253397231768444,128,summary,True,True,True,True,True,5.67,50,0.0661407509177484,0.0643739335337613,329,8.633623007897647,6.666289240524245,0.9329441913439636,6.58,-0.0024418270611892,-0.0015633425737419,0.0072726443609469,0.1016558675305974,0.047084233261339,0.017071242625147,2026-06-19T21:39:25.242879+00:00,ok,,best_deal,2026-05-11T13:09:22.184233+00:00,,True,8,7.35,7.8725,1/1,7.0654,7.024,6.553,6.85,7.46,7.635,5.017,7.93,15.3140657287627,0.0065217391304348,7,3,True,True,True,True,True,True,B,0.6887755102040818,153.0
UMP-45 | Momentum (Field-Tested),True,True,True,0.0729,0.2041447571914629,95,summary,True,True,True,True,True,4.6,50,0.0613706670260828,0.0608462654906776,317,12.230752181184393,9.389671361502334,0.9064820389323702,6.34,0.0646153846153847,-0.0066194076735578,0.0057543351042108,0.1156069364161849,0.0816955684007707,-0.0152121253906191,2026-06-19T21:42:51.584489+00:00,ok,,best_deal,2026-04-18T22:19:43.845881+00:00,,True,8,4.79625,5.109999999999999,1/1,4.9629,4.983,4.517,4.712,5.319,5.47,2.689,5.785,19.20248241955307,0.0718711276332095,7,3,True,True,True,True,True,True,B,0.6790816326530611,158.0
Zeus x27 | Olympus (Minimal Wear),True,True,True,0.2119,1.082382280103216,400,summary,True,True,True,True,True,4.56,50,0.0626097609780258,0.0605505671077504,1138,4.641482631605022,3.534794602005245,0.964451827242525,22.76,0.0072655217965653,-0.0046066459561691,0.0122450626557586,0.0945901639344262,0.0568852459016392,0.0547787436841564,2026-06-19T21:41:05.573363+00:00,ok,,best_deal,2026-05-20T22:06:38.432938+00:00,,True,8,5.495,5.8625,1/1,6.0541,6.02,5.806,5.872,6.153,6.445,5.418,6.9,10.554830610660549,0.0381211708645334,7,3,True,True,True,True,True,True,A,0.9056122448979591,47.0
AWP | Hyper Beast (Battle-Scarred),True,True,True,0.2017,0.6485103634986278,109,summary,True,True,True,True,True,35.25,50,0.0624057388052759,0.0574476154356689,61,8.151075463268295,4.015701125460072,0.9595163409206682,1.22,-0.0445748404364834,-0.0109961973391499,-0.0183619561719755,0.0934974679452646,0.0356642603167763,0.0291757870396879,2026-06-19T21:41:21.355145+00:00,ok,,best_deal,2026-04-17T04:41:19.405651+00:00,,True,8,46.3675,49.47625,1/1,37.6024,37.299,35.789,36.092,39.157,39.375,34.847,42.686,9.536625321787966,0.0369832402234637,7,3,True,True,True,True,True,True,C,0.09285714285714286,447.0
Five-SeveN | Monkey Business (Field-Tested),True,True,True,0.1719,0.6170957887107371,400,summary,True,True,True,True,True,12.9,50,0.0704896614787487,0.0573068978322424,314,3.8503689632497937,5.720756922627307,0.942830023364486,6.28,0.0124028690974298,-0.0040322364467243,-0.0067990030505025,0.0417712177121771,0.0218450184501845,0.0305247198387363,2026-06-19T21:36:08.664963+00:00,ok,,best_deal,2026-04-17T12:05:33.543172+00:00,,True,8,16.9175,18.23375,1/1,13.687,13.696,12.913,13.284,13.811,14.03,10.507,51.21,8.161028713377652,-0.0195369030390737,7,3,True,True,True,True,True,True,B,0.6744897959183673,160.0
P250 | Asiimov (Battle-Scarred),True,True,True,0.4469,3.75861835625296,74,summary,True,True,True,True,True,12.28,50,0.0486479344527947,0.0562927134847333,267,3.506750082318064,3.309186697398743,0.9667576283800546,5.34,0.0243799204266486,-0.0007656022835032,0.0060885404111792,0.0420213205520204,0.0311544500454508,0.0315978526364419,2026-06-19T21:54:52.297882+00:00,ok,,best_deal,2026-04-18T12:30:16.532567+00:00,,True,8,13.6225,14.39,1/1,12.148,12.093,11.691,11.976,12.402,12.904,10.226,13.253,9.985182746131043,-0.0107500510933986,7,3,True,True,True,True,True,True,B,0.623469387755102,186.0
USP-S | Royal Guard (Minimal Wear),True,True,True,0.1155,0.8823043226712952,400,summary,True,True,True,True,True,4.27,50,0.054579911829387,0.0535331905781584,1330,7.750756016365547,7.445808238672464,0.9251405212059274,26.6,-0.0412423625254582,-0.0161298589768202,-0.0389138491287602,0.1930430164630908,0.0339883165161975,0.0089400110839667,2026-06-19T21:46:56.221107+00:00,ok,,best_deal,2026-04-19T07:56:21.261807+00:00,,True,8,4.635,4.905,2/2,3.9351,3.914,3.621,3.76,4.065,4.196,3.503,6.962,14.6120810144596,-0.0375670840787119,7,3,True,True,True,True,True,True,A,0.9244897959183673,38.0
FAMAS | Rapid Eye Movement (Battle-Scarred),True,True,True,0.2476,1.4363885088919288,63,summary,True,True,True,True,True,6.62,50,0.0553015822664895,0.0530266819263049,743,3.1969214830163573,4.700658625027746,0.953183962264151,14.86,-0.0071836974050725,-0.001138833609113,0.0096129205868453,0.0862374483165978,0.0595097460129947,0.0323010596758437,2026-06-19T21:46:07.297650+00:00,ok,,best_deal,2026-04-17T10:55:03.682221+00:00,,True,8,8.33125,8.8525,1/1,6.7565,6.784,6.4664,6.661,6.877,6.989,5.141,7.748,7.734773921409009,-0.0036780932764454,7,3,True,True,True,True,True,True,A,0.8346938775510204,82.0
UMP-45 | K.O. Factory (Field-Tested),True,True,True,0.1524,0.45370979439693715,378,summary,True,True,True,True,True,5.17,50,0.0524226431833848,0.05217506757453,1614,3.334420644413036,4.113660251531302,0.9588320638375044,32.28,-0.0405117270788911,-0.0061186549265309,-0.0094038946180117,0.0468518518518517,0.0014814814814814,0.0417297070204455,2026-06-19T21:49:58.590608+00:00,ok,,best_deal,2026-04-18T21:32:13.547421+00:00,,True,8,6.83,7.2075,1/1,5.5182,5.514,5.287,5.418,5.602,5.715,5.025,6.282,7.756152368525967,-0.0176459887211205,7,3,True,True,True,True,True,True,A,0.9428571428571428,29.0
PP-Bizon | Brass (Factory New),True,True,True,0.1789,0.6344152727868622,153,summary,True,True,True,True,True,7.02,50,0.0491545792168582,0.0517800958459216,61,10.764734534827086,10.683552524760518,0.8910054662912041,1.22,-0.0746604516595677,-0.0252870415712767,-0.0390092565872723,0.2725377800937988,0.0220601007469167,-0.0507538865417342,2026-06-19T21:54:38.319495+00:00,ok,,best_deal,2026-04-19T02:52:21.898184+00:00,,True,8,8.91625,9.3825,2/2,6.159,6.037,5.379,5.75,6.413,6.741,4.362,15.359,22.113979542133468,-0.0542138984721537,7,3,True,True,True,True,True,True,C,0.09285714285714286,448.0
Dual Berettas | Melondrama (Field-Tested),True,True,True,0.094,0.409485730042741,400,summary,True,True,True,True,True,7.1,50,0.0554730246704767,0.050422332163064,2094,3.030545765246186,4.192032468225984,0.9582002129925452,41.88,-0.0278555244568839,-0.0064044089317372,-0.0116819686441395,0.0394845078146422,0.0,0.0461977955219111,2026-06-19T21:45:52.016887+00:00,ok,,best_deal,2026-04-17T09:00:04.723497+00:00,,True,8,8.11125,8.5975,1/1,7.4904,7.512,7.198,7.372,7.599,7.687,5.677,8.06,6.528356296058954,-0.0368414102733396,7,3,True,True,True,True,True,True,A,0.9653061224489796,18.0
P250 | Visions (Minimal Wear),True,True,True,0.1864,0.5017461335613996,244,summary,True,True,True,True,True,5.63,50,0.0507297160330926,0.0495837412707886,492,8.086212399872322,3.967107963095258,0.959628770301624,9.84,0.0252517306482065,0.0035460568727067,0.0031218088909208,0.0819458298166193,0.0333768127062073,0.0317592220461873,2026-06-19T21:52:55.196956+00:00,ok,,best_deal,2026-04-18T14:31:29.700950+00:00,,True,8,8.1375,8.57375,1/1,6.5791,6.465,6.204,6.291,6.823,7.0419,4.835,9.868,12.735784529798911,-0.0048106291997556,7,3,True,True,True,True,True,True,A,0.7545918367346939,122.0
M4A4 | Neo-Noir (Field-Tested),True,True,True,0.1199,0.46352608567014036,345,summary,True,True,True,True,True,39.59,50,0.0507236376720948,0.0476735350402723,289,2.4633903347754256,2.790477620223921,0.971956293146802,5.78,0.0145556867921907,-0.0031799966440545,0.0068102653353208,0.0618843805284482,0.0549791702334076,0.0394434553471968,2026-06-19T21:53:07.124840+00:00,ok,,best_deal,2026-04-17T23:18:32.949552+00:00,,True,8,48.33,50.885000000000005,1/1,43.9638,43.746,42.5192,43.124,44.207,45.343,38.111,58.831,6.423011659592678,0.0042064001467083,7,3,True,True,True,True,True,True,B,0.6484693877551021,173.0
AUG | Stymphalian (Field-Tested),True,True,True,0.0888,0.247610558114198,191,summary,True,True,True,True,True,3.96,50,0.0515976956744963,0.0470331951870585,350,6.723043406966664,6.629342453559452,0.9335992491787894,7.0,-0.0317752705503108,-0.0076997468109107,-0.0188573854094777,0.1067776456599286,0.0428061831153388,0.0033660708787406,2026-06-19T21:51:39.116854+00:00,ok,,best_deal,2026-04-17T02:58:24.243947+00:00,,True,8,4.69875,4.955,1/1,4.2689,4.262,3.979,4.108,4.395,4.6778,3.464,4.825,16.369556560238006,-0.0094228504122496,7,3,True,True,True,True,True,True,A,0.7025510204081632,146.0
MAC-10 | Pipsqueak (Factory New),True,True,True,0.1887,0.7535963469736401,400,summary,True,True,True,True,True,6.17,50,0.0526153715949813,0.047011787412973,144,5.976346250629092,4.781077000503267,0.950010962508222,2.88,-0.0015267175572518,-0.009667098168112,-0.0145595426126157,0.0895587592835299,0.0408475316732198,0.0165812361018327,2026-06-19T21:49:25.233312+00:00,ok,,best_deal,2026-04-18T02:11:41.679976+00:00,,True,8,7.845,8.280000000000001,1/1,4.7688,4.561,4.333,4.405,4.69,4.8024,3.664,25.61,9.843147122965933,0.0148525825759255,7,3,True,True,True,True,True,True,B,0.4163265306122449,286.0
M4A4 | Temukau (Field-Tested),True,True,True,0.1275,0.4087560215358459,400,summary,True,True,True,True,True,38.51,50,0.0502193790367002,0.0463390184181597,847,4.783815193416019,3.507814908806297,0.9648668551203172,16.94,-0.0563909774436089,-0.0050688431281458,-0.0073216422472074,0.0713244582645029,0.0115635020892041,0.0402176787227986,2026-06-19T21:53:22.305953+00:00,ok,,best_deal,2026-04-18T00:14:43.296484+00:00,,True,8,48.715,51.295,1/1,42.163,42.097,40.618,40.893,42.91,43.868,39.27,51.852,7.7081801579584,0.009416380578715,7,3,True,True,True,True,True,True,A,0.8551020408163266,72.0
P250 | Asiimov (Field-Tested),True,True,True,0.1666,0.6189778182247633,400,summary,True,True,True,True,True,12.7,50,0.0461533322196473,0.0456217807211184,285,3.644019758684908,4.037132193258189,0.9594468682984546,5.7,-0.0209192692987625,-0.0082668066231933,-0.0196054716251131,0.0572524826963587,0.0,0.0223035063410819,2026-06-19T21:57:37.161690+00:00,ok,,best_deal,2026-04-18T12:30:20.439346+00:00,,True,8,14.5075,15.20875,1/1,13.5839,13.523,12.9746,13.301,13.796,14.0518,12.04,24.046,7.92997592738462,-0.0182435925843857,7,3,True,True,True,True,True,True,B,0.6443877551020408,175.0
Tec-9 | Whiteout (Field-Tested),True,True,True,0.221,1.3445121593217553,337,summary,True,True,True,True,True,5.71,50,0.0464473091806189,0.0447233635792957,618,1.1521127715089226,1.499440886449117,0.984326573983884,12.36,0.0074946466809422,0.0013999334660226,0.0093690787745381,0.0469358838115479,0.0361317747077576,0.0539690294789182,2026-06-19T21:56:36.441644+00:00,ok,,best_deal,2026-04-18T20:34:35.383759+00:00,,True,8,6.19125,6.4925,1/1,5.9022,5.6465,5.558,5.612,5.68,5.745,4.982,21.35,3.168310121649559,-0.0106886280007009,7,3,True,True,True,True,True,True,A,0.7994897959183674,99.0
Dual Berettas | Flora Carnivora (Factory New),True,True,True,0.1686,0.6180377534374273,123,summary,True,True,True,True,True,8.44,50,0.0468186169833845,0.044623066229642,185,2.03088180577949,1.6557112737194697,0.9827602905569006,3.7,-0.0233328078196436,-0.0025925967542721,-0.0138369884680001,0.0953995157384988,0.0112994350282486,0.0437034614049041,2026-06-19T21:56:11.081783+00:00,ok,,best_deal,2026-04-17T08:56:10.555130+00:00,,True,8,8.3875,8.8,1/1,6.4504,6.195,6.0882,6.151,6.282,6.291,5.828,12.808,3.143991070321232,0.0114285714285715,7,3,True,True,True,True,True,True,B,0.5168367346938776,236.0
AWP | Asiimov (Battle-Scarred),True,True,True,0.6937,1.9755470006389262,400,summary,True,True,True,True,True,79.68,50,0.0448032045710894,0.0428172446346376,103,6.874260220340515,3.6128562323590985,0.9628820143726544,2.06,-0.0357154488313775,-0.0049341745140382,-0.028202992029787,0.1111430083195425,0.0,0.01838907077713,2026-06-19T21:59:12.935275+00:00,ok,,best_deal,2026-04-17T03:50:18.564730+00:00,,True,8,144.6575,149.8025,1/1,93.3555,90.867,87.4942,89.1025,95.52,99.6026,83.008,130.308,12.970205290529202,-0.0496940260184868,7,3,True,True,True,True,True,True,C,0.3079081632653061,341.0
FAMAS | Rapid Eye Movement (Field-Tested),True,True,True,0.0908,0.388141981211678,400,summary,True,True,True,True,True,7.12,50,0.0469120788313725,0.0427861452674654,2250,3.6854872214106633,4.087540372837285,0.9592572802564788,45.0,-0.0370124701512337,-0.0089648183419548,-0.0178882596521242,0.0672268907563025,0.0119851219176195,0.0392918317366311,2026-06-19T21:55:56.370850+00:00,ok,,best_deal,2026-04-17T10:55:10.623639+00:00,,True,8,7.6475,8.02625,1/1,7.4617,7.486,7.181,7.32,7.595,7.678,6.893,8.027,6.660680541967647,-0.0381608586193188,7,3,True,True,True,True,True,True,A,0.9693877551020408,16.0
P250 | Visions (Field-Tested),True,True,True,0.1439,0.42863165784419355,400,summary,True,True,True,True,True,3.71,50,0.0432374695836973,0.0414470554657026,1321,3.1190514414145643,2.545696397036896,0.9744416302095328,26.42,-0.0204058876003567,0.0012955959877299,0.0064505353138464,0.056459874786568,0.0356289129197496,0.0465418546223982,2026-06-19T22:00:29.090319+00:00,ok,,best_deal,2026-04-18T14:31:24.022776+00:00,,True,8,4.5575,4.76375,1/1,4.3603,4.343,4.232,4.275,4.411,4.533,3.559,5.021,6.903194734307276,0.0028538812785388,7,3,True,True,True,True,True,True,A,0.9204081632653062,40.0
Five-SeveN | Urban Hazard (Factory New),True,True,True,0.3683,4.748576999276707,194,summary,True,True,True,True,True,5.76,50,0.0393994598217772,0.0408333333333333,268,7.445991518915486,5.709706501051797,0.9418466247236864,5.36,-0.0656498673740052,-0.0131130278704078,-0.0485788793431412,0.1733498935415188,0.0076295244854507,-0.0016284628757724,2026-06-19T22:04:16.074423+00:00,ok,,best_deal,2026-04-17T12:53:36.268117+00:00,,True,8,5.80375,6.04125,1/1,5.9898,5.881,5.539,5.636,6.082,6.6858,4.642,10.456,19.14588133159706,-0.069199009083402,7,3,True,True,True,True,True,True,B,0.6265306122448979,184.0
R8 Revolver | Llama Cannon (Field-Tested),True,True,True,0.0844,0.24178502075162767,87,summary,True,True,True,True,True,9.93,50,0.0400302782332602,0.0387858397925737,192,4.279173149588806,6.673482996221386,0.9334692430420138,3.84,-0.0150771701311446,-0.0019865230615088,0.001715371069394,0.0444746376811593,0.0121376811594201,-0.0130076444960654,2026-06-19T22:02:51.494641+00:00,ok,,best_deal,2026-04-19T04:48:58.048334+00:00,,True,8,10.9875,11.4475,1/2,11.2475,11.282,10.5314,11.0392,11.5205,11.988,9.871,13.77,12.950433429651032,-0.0214500975004432,7,3,True,True,True,True,True,True,B,0.5244897959183673,233.0
★ Moto Gloves | Polygon (Field-Tested),True,True,True,0.1208,0.3768340803465876,335,summary,True,True,True,True,True,124.41,50,0.0414458945316141,0.0377747312987998,93,9.7277146537035,6.438477804651074,0.9348849125551164,1.86,-0.0112130343190849,-0.0120161566259745,-0.0091195456676875,0.1471528161702242,0.0564784725125066,-0.0138115628523157,2026-06-19T22:01:57.564117+00:00,ok,,best_deal,2026-05-21T09:41:35.905560+00:00,,True,8,163.9775,171.085,1/1,150.0044,148.322,138.664,141.302,155.894,164.1632,105.352,177.746,16.998968030271115,-0.0221193720867368,7,3,True,True,True,True,True,True,C,0.26709183673469383,361.0
★ Specialist Gloves | Mogul (Field-Tested),True,True,True,0.0931,0.2882037967471251,308,summary,True,True,True,True,True,114.1,50,0.0364064999073298,0.034122201468135,70,8.632230458265411,7.041267968412046,0.9295444142128412,1.4,-0.0254110281795162,-0.0067002341683821,-0.0149531584671545,0.1079493375552038,0.0397883509707524,-0.0264019549425585,2026-06-19T22:07:19.150356+00:00,ok,,best_deal,2026-05-21T22:01:49.994199+00:00,,True,8,132.605,137.62625,1/1,136.6217,136.5385,126.9186,128.6185,140.412,146.9379,121.135,178.708,14.653089516526302,-0.0294379296401131,7,3,True,True,True,True,True,True,C,0.15739795918367347,415.0
Dual Berettas | Hydro Strike (Factory New),True,True,True,0.2309,0.7146425122381697,73,summary,True,True,True,True,True,12.15,50,0.0315378330044071,0.0339858823246344,64,4.485971790824381,6.618463261876883,0.9317296076474604,1.28,-0.0740426434708815,-0.0112091775981169,-0.0376524699524133,0.1307137129109865,0.0,-0.0274881026743526,2026-06-19T22:14:58.719086+00:00,ok,,best_deal,2026-04-17T08:58:31.915513+00:00,,True,8,14.2525,14.7,1/1,9.8195,9.5195,8.8696,9.2705,9.711,10.9427,6.991,18.229,21.112072916136263,-0.1156028368794328,7,3,True,True,True,True,True,True,C,0.12397959183673471,429.0
AWP | Chromatic Aberration (Minimal Wear),True,True,True,0.1805,0.5286734047218036,331,summary,True,True,True,True,True,46.52,50,0.0376608026832307,0.0330599686602843,198,5.1151142066552495,7.513173977604724,0.9233773139031114,3.96,0.0114135118343787,-0.0013469299118814,0.0040811587443689,0.0641712819395044,0.0308917796954414,-0.0235613035630125,2026-06-19T22:05:48.618995+00:00,ok,,best_deal,2026-04-17T03:53:11.362266+00:00,,True,8,70.48875,73.2525,1/1,51.7877,50.78,46.8891,49.247,51.896,56.954,40.387,85.067,19.43492373671741,-0.0305344244659597,7,3,True,True,True,True,True,True,B,0.5464285714285715,221.0
SG 553 | Darkwing (Factory New),True,True,True,0.2088,0.5541685425449188,46,summary,True,True,True,True,True,9.88,49,0.0166168539284726,0.0323054608760886,61,7.209452081641792,6.831480807458627,0.9299051996552716,1.2448979591836735,-0.0192505510653929,-0.0130283015300627,-0.0286537905707928,0.2879832184596944,0.0221756068324843,-0.0446740220435194,2026-06-19T22:51:34.481055+00:00,ok,,best_deal,2026-04-18T17:35:53.680879+00:00,,False,8,9.76875,9.93375,1/1->1/1,7.1434,6.962,6.474,6.535,7.05,7.553,5.56,20.748,15.104852031245622,0.0226785167024212,7,3,True,True,True,True,True,True,C,0.09668367346938775,445.0
Nova | Yorkshire (Factory New),True,True,True,0.1678,0.5268305695105143,400,summary,True,True,True,True,True,3.98,50,0.0306473272307298,0.0318101509797623,93,6.457348743624533,5.521501099620975,0.9428848015488868,1.86,-0.0072080730418069,0.0010229312136445,0.0146409753043676,0.1108422071636012,0.084704743465634,-0.015440363102899,2026-06-19T22:15:57.318805+00:00,ok,,best_deal,2026-04-18T10:46:55.890757+00:00,,True,8,4.5125,4.65625,1/1,4.2742,4.132,3.896,3.981,4.257,4.6738,3.482,10.086,18.197557437649152,0.0404129422132693,7,3,True,True,True,True,True,True,C,0.26709183673469383,360.0
M4A4 | Temukau (Minimal Wear),True,True,True,0.144,0.47006643847320967,311,summary,True,True,True,True,True,61.67,50,0.0317940070708653,0.03109333067008,311,3.69209964317513,3.5508425217408783,0.964176685127651,6.22,0.0166980658977242,-0.0019284202022214,0.0102261451904839,0.0456187594150346,0.0441256848812872,0.0134563258048493,2026-06-19T22:13:42.525611+00:00,ok,,best_deal,2026-04-18T00:14:47.551249+00:00,,True,8,82.28875,84.99625,1/1,74.6865,74.03,71.378,72.6845,75.442,78.052,65.203,93.789,8.936019227035686,0.014978486185154,7,3,True,True,True,True,True,True,B,0.6673469387755102,164.0
Sawed-Off | Devourer (Field-Tested),True,True,True,0.1458,0.39346068344120716,65,summary,True,True,True,True,True,4.6,50,0.0377475352505868,0.0310774959550775,177,8.842752787389454,10.852469329977971,0.8939549180327869,3.54,-0.0160183066361557,0.005913981593847,0.0102312918372116,0.1132890365448505,0.0970099667774085,-0.0576360409920508,2026-06-19T22:05:36.693126+00:00,ok,,best_deal,2026-04-19T06:50:19.807215+00:00,,True,8,5.7125,5.938750000000001,1/2,5.7222,5.856,5.235,5.514,6.02,6.085,3.553,6.177,14.854426619132497,0.0252043596730244,7,3,True,True,True,True,True,True,B,0.4954081632653061,247.0
UMP-45 | Momentum (Minimal Wear),True,True,True,0.1538,0.4666530417603378,114,summary,True,True,True,True,True,5.71,50,0.0321253773206411,0.0305771531100478,193,20.55100750813253,8.593497063040568,0.911015325670498,3.86,0.0243155925862947,-0.0087369074935495,-0.0237675745715298,0.2421978751660026,0.0237383798140769,-0.0400768679245187,2026-06-19T22:12:23.435265+00:00,ok,,best_deal,2026-04-18T22:19:46.044586+00:00,,True,8,7.6825,7.93875,1/1,6.4863,6.264,5.7066,5.958,7.291,7.34,5.168,8.434,25.18230732466892,-0.159949797796681,7,3,True,True,True,True,True,True,B,0.526530612244898,232.0
AK-47 | Asiimov (Field-Tested),True,True,True,0.0941,0.38566691494698163,400,summary,True,True,True,True,True,43.59,50,0.0292555578484883,0.0291526480507544,536,6.255948878155125,3.764825295518547,0.9620846011574488,10.72,-0.024036103208084,0.0008823817997039,-0.0076107021167947,0.0720948934459187,0.009871330920788,0.0129858571269442,2026-06-19T22:18:41.141656+00:00,ok,,best_deal,2026-04-17T00:33:32.182464+00:00,,True,8,49.83,51.3325,1/1,50.6398,50.283,48.3765,49.158,52.326,53.5945,44.148,55.125,10.304148120648176,-0.0088671913918501,7,3,True,True,True,True,True,True,A,0.7749999999999999,111.0
M4A1-S | Hyper Beast (Field-Tested),True,True,True,0.0706,0.2665142037333294,253,summary,True,True,True,True,True,123.45,50,0.0288446767525486,0.0282287661383399,94,4.34113889583916,6.288874497740761,0.9385678753198952,1.88,0.035955466325972,0.0065898342937511,0.0219698346456278,0.0637491190979562,0.0637491190979562,-0.0248562184696743,2026-06-19T22:19:43.124845+00:00,ok,,best_deal,2026-04-17T21:26:18.255061+00:00,,True,8,130.80125,134.695,1/1,135.886,139.108,130.5623,134.571,140.47,141.9,14.693,148.327,8.343537965647684,0.0164246778456667,7,3,True,True,True,True,True,True,C,0.27193877551020407,357.0
MP7 | Prey (Factory New),True,True,True,0.1355,0.8106890857228644,172,summary,True,True,True,True,True,4.54,50,0.0271161555462975,0.0282121050654693,91,6.106120157215045,2.456485120718692,0.9750889679715304,1.82,0.0295880149812735,-0.0059231076943132,-0.1115472429596257,0.5456529647144416,0.0287377228082939,0.0115562865054978,2026-06-19T22:20:39.591402+00:00,ok,,best_deal,2026-04-18T06:23:19.263570+00:00,,True,8,4.6625000000000005,4.7925,1/1,1.4248,1.405,1.37,1.379,1.466,1.474,0.808,2.2,7.299270072992692,-0.0624147339699863,7,3,True,True,True,True,True,True,C,0.25918367346938775,364.0
★ Driver Gloves | Imperial Plaid (Field-Tested),True,True,True,0.2265,0.5928339326575964,400,summary,True,True,True,True,True,191.63,50,0.0282719378629015,0.0280980306146614,68,13.830627813079166,7.337627415938575,0.9218853632219848,1.36,0.0960876283223981,5.527076659896301e-05,0.0124190898446103,0.202281853927884,0.1021542708943361,-0.0376460962370821,2026-06-19T22:20:00.661710+00:00,ok,,best_deal,2026-05-21T02:16:14.969741+00:00,,True,8,257.13375,264.48875,1/1,241.728,227.065,209.3279,216.274,249.7065,298.4551,202.651,368.301,36.87086311887742,0.0317362698068461,7,3,True,True,True,True,True,True,C,0.1423469387755102,421.0
AUG | Syd Mead (Minimal Wear),True,True,True,0.1225,0.35570621140151165,88,summary,True,True,True,True,True,12.25,50,0.0319968378490547,0.0273554471718943,80,5.936240879886744,6.479364042251986,0.935149863760218,1.6,-0.0347884940778342,-0.0105903936414305,-0.0035367777386862,0.1125797629899726,0.0541687118715377,-0.0244973356140488,2026-06-19T22:13:14.579401+00:00,ok,,best_deal,2026-04-17T03:40:21.459156+00:00,,True,8,13.58125,14.03,1/1,14.6928,14.68,13.728,14.1668,15.039,15.6041,8.729,20.477,12.768839159316132,-0.028542234332425,7,3,True,True,True,True,True,True,C,0.19489795918367347,394.0
M4A4 | Choppa (Factory New),True,True,True,0.1592,0.6097560975609758,400,summary,True,True,True,True,True,3.13,50,0.0294604765872299,0.0272644778089423,545,4.656529443276878,4.326863641982939,0.955919395465995,10.9,-0.0797989949748742,-0.007145346109563,-0.0569205520666691,0.1852337265181301,0.0,0.0077027793952511,2026-06-19T22:18:03.394450+00:00,ok,,best_deal,2026-04-17T22:21:45.069003+00:00,,True,8,3.24125,3.34,1/1,2.4267,2.382,2.277,2.33,2.443,2.5838,2.007,4.355,12.642683479622532,-0.1072542901716068,7,3,True,True,True,True,True,True,A,0.7790816326530612,109.0
P90 | Shapewood (Field-Tested),True,True,True,0.0767,0.24429967426710084,58,summary,True,True,True,True,True,9.57,50,0.027863539926826,0.0271082261821089,75,4.205105773818992,5.044138698902502,0.949821993670886,1.5,0.035524867407185,0.0034190847963571,0.0084429015914462,0.070400077309625,0.0502029377657519,-0.0146190468887582,2026-06-19T22:20:13.423033+00:00,ok,,best_deal,2026-04-18T15:49:49.000512+00:00,,True,8,10.28125,10.58625,1/1,10.0592,10.112,9.6046,9.881,10.304,10.468,8.428,11.115,8.583187529823448,0.0098072700658697,7,3,True,True,True,True,True,True,C,0.18571428571428572,398.0
AWP | Mortis (Minimal Wear),True,True,True,0.0789,0.3051731775746935,309,summary,True,True,True,True,True,5.89,50,0.0205811872821171,0.026109738434012,698,6.694009081587811,5.112055075435773,0.9486235831002502,13.96,-0.0579584775086505,-0.0134118328085519,-0.0357320027071246,0.1456994184266911,0.0,-0.0070407316016717,2026-06-19T22:38:21.045587+00:00,ok,,best_deal,2026-04-17T04:49:02.964296+00:00,,True,8,5.90125,6.025,1/1,6.827,6.793,6.444,6.57,7.027,7.184,5.889,10.814,10.839314486597337,-0.0447368421052631,7,3,True,True,True,True,True,True,A,0.8183673469387756,90.0
★ Specialist Gloves | Field Agent (Field-Tested),True,True,True,0.2217,0.6346816274925048,280,summary,True,True,True,True,True,135.51,50,0.043928893852138,0.0257843436350305,52,13.741396743128591,5.540801559001399,0.941793334599259,1.04,0.0209923415985124,0.0016511848888222,-0.0059926663467911,0.2687029997389316,0.0205607238597361,-0.005286518389358,2026-06-19T21:59:44.501270+00:00,ok,,best_deal,2026-05-21T21:58:33.962833+00:00,,True,8,188.41875,197.0875,1/1,174.2654,165.8865,156.2308,157.2368,181.1833,198.678,140.47,311.255,24.357789899773568,-0.0786681646050458,7,3,True,True,True,True,True,True,C,0.018622448979591835,486.0
★ Driver Gloves | Racing Green (Field-Tested),True,True,True,0.0955,0.2817550326056139,161,summary,True,True,True,True,True,36.66,50,0.026929188742653,0.0256634964418775,303,5.928778359303281,3.454976811836093,0.9647693841328504,6.06,-0.023953504788348,-0.0016561893755404,-0.0041452667934845,0.0631132325643065,0.0259395867987753,0.0093555146453281,2026-06-19T22:21:12.530088+00:00,ok,,best_deal,2026-05-21T02:19:37.509159+00:00,,True,8,39.29125,40.385,1/1,41.9395,41.129,39.68,40.2205,42.707,44.413,37.919,58.14,11.285303830517762,0.0266303675287711,7,3,True,True,True,True,True,True,B,0.6607142857142856,168.0
Desert Eagle | Serpent Strike (Factory New),True,True,True,0.2547,1.0723227360763383,400,summary,True,True,True,True,True,3.73,50,0.025245204370411,0.025548658433478,1301,7.268464243845239,6.6320549321721645,0.9345887016848364,26.02,-0.0764762826718296,-0.0175553860493663,-0.0404010505473337,0.1153039832285115,0.0122292103424179,-0.0124416380575904,2026-06-19T22:25:17.510333+00:00,ok,,best_deal,2026-04-17T07:52:54.810437+00:00,,True,8,3.6225,3.71625,1/1,2.9855,3.027,2.829,2.857,3.074,3.139,2.705,3.324,10.383520348350348,-0.0582428430404736,7,3,True,True,True,True,True,True,A,0.9183673469387755,41.0
★ Sport Gloves | Bronze Morph (Field-Tested),True,True,True,0.067,0.2412848700294972,265,summary,True,True,True,True,True,113.56,50,0.0268068608968477,0.0250745002465159,71,7.926477995578315,6.456098230416803,0.934839686755607,1.42,-0.078569635235465,-0.0055838135456587,-0.0177184522508592,0.1314810201476038,0.0,-0.0300778140877117,2026-06-19T22:21:58.944396+00:00,ok,,best_deal,2026-05-21T22:56:03.757077+00:00,,True,8,118.0,121.285,1/1,132.6188,131.399,122.837,125.806,136.318,142.824,116.52,157.206,15.07101557245278,-0.0175341983792818,7,3,True,True,True,True,True,True,C,0.16836734693877553,409.0
MP7 | Abyssal Apparition (Minimal Wear),True,True,True,0.117,0.36408880911343866,208,summary,True,True,True,True,True,9.04,50,0.0243195706681342,0.0250463821892393,916,4.235230340060761,2.021616615655673,0.979484240687679,18.32,-0.0284557417613317,-0.0019978532839219,-0.0007728208098652,0.0414447788840007,0.0101875434128269,0.0298235469531669,2026-06-19T22:27:12.775035+00:00,ok,,best_deal,2026-04-18T05:21:43.987429+00:00,,True,8,11.2675,11.54875,1/1,8.8543,8.725,8.546,8.629,9.004,9.4785,7.489,17.448,10.531606112284438,-0.028728846910665,7,3,True,True,True,True,True,True,A,0.8823979591836735,59.0
StatTrak™ P250 | Visions (Field-Tested),True,True,True,0.1619,0.4376706625094408,129,summary,True,True,True,True,True,4.17,50,0.0317254140805039,0.0249944215798085,191,11.640883552682206,7.484799507427065,0.9237254901960784,3.82,0.0596093512802349,0.0084100484151498,0.0145273818932147,0.1598853868194842,0.0565425023877746,-0.0294616402289897,2026-06-19T22:14:36.645905+00:00,ok,,best_deal,2026-05-12T06:30:29.966901+00:00,,True,8,5.6525,5.84,1/1,5.1972,5.1,4.711,4.9,5.505,5.776,4.015,6.403,20.49180327868852,0.033563672260612,7,3,True,True,True,True,True,True,B,0.5214285714285714,235.0
SSG 08 | Dark Water (Minimal Wear),True,True,True,0.2335,1.5237616617700118,49,summary,True,True,True,True,True,16.31,32,0.043569607203113,0.0244878964047483,58,5.325978178622849,9.835485366984798,0.9033055372247883,1.8125,0.0031601336979643,0.0063337493203464,-0.0045226479541498,0.1733809898830798,0.1115284424789483,-0.0458033958443466,2026-06-19T22:00:17.362358+00:00,ok,,best_deal,2026-04-18T18:11:12.191557+00:00,,False,8,17.86625,18.76875,1/1->1/1,16.3876,16.669,15.0572,16.1322,17.005,17.1249,13.087,18.174,12.617466865190757,0.0074458346048214,7,3,True,True,True,True,True,True,C,0.12142857142857143,432.0
AK-47 | The Empress (Field-Tested),True,True,True,0.0503,0.2670481541064776,385,summary,True,True,True,True,True,100.82,50,0.0251951972145971,0.0238077792235512,119,2.85992591097858,3.2367651613856885,0.9676267836082456,2.38,0.0068361702394541,0.003183185055266,0.015823067953488,0.1028305177654856,0.0797079782727861,0.0034058796062933,2026-06-19T22:25:31.343884+00:00,ok,,best_deal,2026-04-17T01:43:52.926485+00:00,,True,8,111.8225,114.7175,1/1,120.4227,120.402,116.5042,118.714,122.158,123.717,112.288,131.232,5.9895684119356245,-0.0020555325321177,7,3,True,True,True,True,True,True,B,0.34744897959183674,319.0
AK-47 | Baroque Purple (Minimal Wear),True,True,True,0.055,0.4871470248252325,160,summary,True,True,True,True,True,16.18,50,0.0193543045725417,0.0230135529516881,54,6.651114309822807,6.32210396443285,0.936241418764302,1.08,-0.0703395347243635,-0.0077402743787458,-0.0711383666851181,0.3135918036411881,0.0182059408859733,-0.0375054683725315,2026-06-19T22:42:11.119396+00:00,ok,,best_deal,2026-04-17T00:34:43.973465+00:00,,True,8,16.84875,17.18,1/1,14.1029,13.984,13.0924,13.523,14.461,15.1004,11.517,18.718,14.238206326358416,-0.0246585190510424,7,3,True,True,True,True,True,True,C,0.037244897959183676,476.0
Desert Eagle | Light Rail (Factory New),True,True,True,0.1523,0.497249681122449,111,summary,True,True,True,True,True,21.49,50,0.0242491303592598,0.0229657563931248,115,5.059732603857011,7.530295306687935,0.9241330214583544,2.3,-0.0147166649209177,0.0007570681122745,-0.0479816075350439,0.2058151278371339,0.0,-0.0406835439100618,2026-06-19T22:27:25.784148+00:00,ok,,best_deal,2026-04-17T06:59:38.276983+00:00,,True,8,25.815,26.4525,1/1,19.8133,19.666,18.174,19.278,20.2805,20.8956,16.996,28.75,13.736227685443623,-0.0717880402605092,7,3,True,True,True,True,True,True,C,0.33418367346938777,327.0
P90 | Nostalgia (Field-Tested),True,True,True,0.0793,0.24627784618829054,60,summary,True,True,True,True,True,4.43,50,0.0309156064639958,0.0228578892371996,153,3.964279752962786,4.652812552161573,0.9536671514647828,3.06,-0.0437487457355004,-0.0045508478800334,-0.0281535582896226,0.1460650577124868,0.0002098635886674,-0.003441998386076,2026-06-19T22:15:43.177498+00:00,ok,,best_deal,2026-04-18T15:40:38.553124+00:00,,True,8,4.74375,4.895,1/1,4.7928,4.813,4.59,4.734,4.924,5.0122,3.502,5.381,8.80904690368887,-0.0002098195551824,7,3,True,True,True,True,True,True,B,0.4336734693877551,277.0
StatTrak™ P250 | Visions (Minimal Wear),True,True,True,0.2097,1.4681340735812218,114,summary,True,True,True,True,True,6.81,50,0.0237183221136823,0.0226723014583817,90,7.850006631006588,8.294284072322165,0.9162808857158794,1.8,0.0249114386927207,0.0067959442061588,0.0235138196864379,0.1107704314862302,0.0483888950830638,-0.0502813579826949,2026-06-19T22:28:57.752977+00:00,ok,,best_deal,2026-05-12T06:30:34.613021+00:00,,True,8,10.015,10.25875,1/1,9.0484,8.9645,8.214,8.6837,9.394,10.0401,7.004,12.337,20.181468546925423,0.0415747299965159,7,3,True,True,True,True,True,True,C,0.25357142857142856,366.0
M4A4 | Evil Daimyo (Factory New),True,True,True,0.1487,0.5698137325109535,400,summary,True,True,True,True,True,13.72,50,0.0233427774113545,0.0221038615856721,182,5.0335570469798645,4.088774951752745,0.957967205833364,3.64,-0.0700962802430098,-0.0068320741100763,-0.0423741541884844,0.1373882478795751,0.0,-0.0042146124950753,2026-06-19T22:30:33.543252+00:00,ok,,best_deal,2026-04-17T23:07:36.826852+00:00,,True,8,13.6325,13.95875,1/1,13.8868,13.5085,12.9407,13.122,13.821,14.688,10.326,32.176,12.582452400841094,-0.03601944608132,7,3,True,True,True,True,True,True,B,0.5102040816326531,240.0
UMP-45 | Wild Child (Battle-Scarred),True,True,True,0.1382,0.5190839694656489,54,summary,True,True,True,True,True,3.5,50,0.0267173361192554,0.0217817680725692,985,10.397604391948096,9.510342150501858,0.9060531361270884,19.7,-0.0550206327372764,-0.0202200626267814,-0.0261681347507688,0.1260553129548762,0.0034934497816593,-0.0420666784766248,2026-06-19T22:22:35.961400+00:00,ok,,best_deal,2026-04-18T22:23:47.085849+00:00,,True,8,3.37625,3.46875,1/1,3.6066,3.651,3.308,3.423,3.798,3.874,2.759,3.98,15.693450895580332,0.0035056967572304,7,3,True,True,True,True,True,True,A,0.8974489795918367,51.0
MP9 | Starlight Protector (Field-Tested),True,True,True,0.0742,0.35110749647937284,347,summary,True,True,True,True,True,70.56,50,0.0203304219213292,0.0214901412459995,1067,4.781814807197431,4.538522892013504,0.954593929964995,21.34,-0.0072589355235727,-0.0021312607831048,0.0012570829637561,0.0598560368383768,0.0270152312518976,0.0019268563767859,2026-06-19T22:39:45.596354+00:00,ok,,best_deal,2026-04-18T08:25:59.524122+00:00,,True,8,79.6125,81.26875,1/1,79.7396,79.703,76.084,77.831,81.644,82.986,65.427,86.765,8.65567421958475,-0.0044959385429128,7,3,True,True,True,True,True,True,A,0.9015306122448979,49.0
★ Specialist Gloves | Fade (Field-Tested),True,True,True,0.2429,0.6251695474631318,400,summary,True,True,True,True,True,194.82,50,0.0217379956771901,0.0213565642860457,62,17.96292751156647,6.071115173472283,0.9343894252616978,1.24,0.0342277704047775,0.0185191928093445,-0.0060274656076722,0.7975322107846481,0.0727785285496024,-0.0319681956908494,2026-06-19T22:34:00.273812+00:00,ok,,best_deal,2026-05-21T21:58:08.293904+00:00,,True,8,271.18875,277.32625,1/1,271.1067,250.862,234.4028,239.81,288.5087,334.927,220.738,454.58,37.07920165750238,-0.074717079143631,7,3,True,True,True,True,True,True,C,0.10255102040816327,444.0
MP7 | Abyssal Apparition (Field-Tested),True,True,True,0.0936,0.3540668511935707,400,summary,True,True,True,True,True,6.97,50,0.0210304502248629,0.0213433856862732,2010,3.757674880017154,4.035177091991315,0.9597432125183896,40.2,-0.0347157811050747,-0.0069763919991179,-0.0115313097169316,0.0440631434454357,0.0032944406314344,0.0129766236256124,2026-06-19T22:35:42.074794+00:00,ok,,best_deal,2026-04-18T05:21:39.654162+00:00,,True,8,8.0175,8.18875,1/1,7.4594,7.477,7.176,7.307,7.5873,7.687,6.938,8.027,6.850416923613162,-0.0335632793844521,7,3,True,True,True,True,True,True,A,0.9571428571428572,22.0
AK-47 | Nightwish (Field-Tested),True,True,True,0.0627,0.3161278652941756,400,summary,True,True,True,True,True,71.97,50,0.0219910508804979,0.0209802208469846,693,3.817762471169896,4.486558450893497,0.9551403037310168,13.86,-0.0229979568445707,-0.0037651027830494,-0.0069898823596203,0.0327905434699446,0.0040486088087525,0.000565842560054,2026-06-19T22:33:33.728845+00:00,ok,,best_deal,2026-04-17T00:50:16.507766+00:00,,True,8,78.08624999999999,79.86125,1/1,79.9945,80.005,76.416,78.523,81.577,83.765,58.042,92.911,9.186881598109874,-0.0279389161584611,7,3,True,True,True,True,True,True,A,0.8163265306122449,91.0
AUG | Momentum (Field-Tested),True,True,True,0.1707,0.4519340117266537,151,summary,True,True,True,True,True,5.91,50,0.0164620241111596,0.0204230689305315,288,9.456028753173406,5.983113215620278,0.938597775175644,5.76,0.0228283427216127,-0.0019786963052702,0.0026119308767771,0.1371739130434781,0.0509420289855072,-0.0267701741262104,2026-06-19T22:52:53.330147+00:00,ok,,best_deal,2026-04-17T02:50:16.458401+00:00,,True,8,7.703749999999999,7.83875,1/1,7.0114,6.832,6.4125,6.64,7.303,7.545,5.313,10.254,16.152266309153667,-0.0793862575050032,7,3,True,True,True,True,True,True,B,0.6464285714285715,174.0
AWP | Duality (Minimal Wear),True,True,True,0.2136,0.9442028177391174,400,summary,True,True,True,True,True,6.25,50,0.0300656432779882,0.0203741144693924,1324,4.467263855509434,3.1752967737236903,0.968212306794984,26.48,-0.0143623966342666,-0.004532228323767,-0.0064404401838322,0.0500441566087725,0.0136885487194583,0.0270930101085015,2026-06-19T22:17:14.551555+00:00,ok,,best_deal,2026-04-17T03:56:45.245352+00:00,,True,8,9.19625,9.4725,1/1,6.8655,6.858,6.64,6.709,7.0157,7.115,5.237,7.951,6.918651227150252,0.0008839127872715,7,3,True,True,True,True,True,True,A,0.9224489795918367,39.0
P250 | Vino Primo (Minimal Wear),True,True,True,0.0702,0.300920169112161,68,summary,True,True,True,True,True,3.57,50,0.0186836647933768,0.020334928229665,172,6.217745445501457,5.867479118738214,0.940736864140674,3.44,-0.0372340425531914,-0.0107113222506185,-0.0180484964569829,0.2166612501354134,0.0547069656591919,-0.0270434669917129,2026-06-19T22:45:19.943643+00:00,ok,,best_deal,2026-04-18T14:30:57.381354+00:00,,True,8,4.15125,4.23375,1/1,4.8249,4.777,4.4939,4.636,4.936,5.1656,4.033,6.977,13.921532052477778,-0.0252375923970433,7,3,True,True,True,True,True,True,B,0.4913265306122449,249.0
Desert Eagle | Mulberry (Minimal Wear),True,True,True,0.1011,0.4109119963474488,400,summary,True,True,True,True,True,11.32,50,0.020706506456555,0.0202176008208125,823,5.569388599030424,3.545756090693934,0.9642000533001688,16.46,-0.0356986229278133,-0.0112663740593001,-0.0170808437448459,0.0941422594142259,0.0,0.0100898303370066,2026-06-19T22:37:53.566392+00:00,ok,,best_deal,2026-04-17T07:47:48.625254+00:00,,True,8,13.5275,13.81375,1/1,11.3657,11.257,10.854,10.994,11.627,12.04,10.304,15.26,10.43490502124814,-0.0124854037546033,7,3,True,True,True,True,True,True,A,0.8469387755102041,76.0
★ Survival Knife | Rust Coat (Battle-Scarred),True,True,True,0.1855,0.7898524046989523,72,summary,True,True,True,True,True,46.57,50,0.0192073406241634,0.0198939483312409,157,5.848298567729727,5.700291769013428,0.9428158844765344,3.14,-0.009997636922182,0.0006874711662713,-0.0077531611889396,0.0769146025742247,0.027945577731671,-0.0254555702435528,2026-06-19T22:42:58.212297+00:00,ok,,best_deal,2026-05-23T00:43:40.542876+00:00,,True,8,45.355,46.24375,1/1,54.1867,54.015,50.9262,52.349,55.518,56.391,27.326,95.973,10.085131591331448,-0.0113993211232323,7,3,True,True,True,True,True,True,B,0.4538265306122449,267.0
M4A1-S | Control Panel (Field-Tested),True,True,True,0.141,1.4992815671588422,338,summary,True,True,True,True,True,14.52,50,0.0163982172926333,0.0197786816950434,158,5.65089684722093,3.7612328054466833,0.9623495924440418,3.16,0.0531814857381673,0.0065354202112146,0.0213871916015595,0.1792989417989418,0.0865410052910052,-0.0088322441492986,2026-06-19T22:53:18.651149+00:00,ok,,best_deal,2026-04-17T21:20:36.297566+00:00,,True,8,14.58375,14.8275,1/1,30.9473,30.916,29.752,30.2622,32.011,32.474,22.596,32.544,8.795597677341798,-0.0461169642293862,7,3,True,True,True,True,True,True,B,0.4589285714285714,265.0
StatTrak™ Galil AR | Chromatic Aberration (Field-Tested),True,True,True,0.1381,0.4360559713634884,57,summary,True,True,True,True,True,7.08,50,0.020713903243108,0.0196809256920907,114,9.068318633627332,5.646553735591954,0.9433056108703292,2.28,0.0081460511872437,0.0036861809869749,0.0147235058181682,0.112320916905444,0.1031518624641833,-0.0254341572385779,2026-06-19T22:37:36.593817+00:00,ok,,best_deal,2026-05-11T17:07:19.876959+00:00,,True,8,7.72625,7.90125,1/1,8.5716,8.537,8.053,8.1295,8.9068,9.1023,6.06,10.509,12.241588501563289,0.0831781502172563,7,3,True,True,True,True,True,True,C,0.3260204081632653,332.0
M4A4 | In Living Color (Field-Tested),True,True,True,0.0638,0.2523632533142958,198,summary,True,True,True,True,True,38.99,50,0.0204127243575171,0.0193534337131157,198,4.279106943557703,6.294381113445067,0.93705066653669,3.96,0.0220665158260953,-0.0004307640016671,0.0074095777816498,0.0446560342775529,0.0446560342775529,-0.0286214532471296,2026-06-19T22:38:56.100977+00:00,ok,,best_deal,2026-04-17T23:14:05.741050+00:00,,True,8,42.35625,43.23875,1/1,41.0366,41.033,38.45,40.269,42.025,43.5488,25.603,51.632,12.425005970280182,0.0350094853285372,7,3,True,True,True,True,True,True,B,0.5464285714285715,222.0
MP5-SD | Phosphor (Minimal Wear),True,True,True,0.1272,0.38741629278553646,63,summary,True,True,True,True,True,6.65,50,0.0171819467799574,0.0193415296176139,137,9.45322263329167,10.331728925128992,0.8969517462668147,2.74,0.1592015913299951,0.0076610627034865,0.0307707174655682,0.1407692307692306,0.1373372781065087,-0.0746779104273229,2026-06-19T22:49:15.083950+00:00,ok,,best_deal,2026-04-18T05:18:38.487323+00:00,,True,8,7.96125,8.10375,1/1,8.0819,8.103,7.268,7.599,8.363,8.7702,4.416,11.608,18.58721340278896,0.0302993354874108,7,3,True,True,True,True,True,True,B,0.3989795918367347,298.0
Five-SeveN | Fowl Play (Field-Tested),True,True,True,0.0502,0.17919284020651732,69,summary,True,True,True,True,True,20.24,50,0.0204260171708768,0.0192355110500955,74,4.966609132560404,4.4420245980896285,0.9556952612722234,1.48,0.0430713801090236,-0.0017867375599652,0.0080729234614278,0.0690830791315271,0.0492329086667864,-0.0161051951934951,2026-06-19T22:38:38.363846+00:00,ok,,best_deal,2026-04-17T12:00:05.436743+00:00,,True,8,21.34,21.785,1/1,22.1318,22.1895,21.2064,21.7598,22.859,23.2048,17.485,24.7,9.029541203155642,-0.0015676087248622,7,3,True,True,True,True,True,True,C,0.18214285714285713,401.0
MP5-SD | Kitbash (Factory New),True,True,True,0.2333,0.6222627737226277,100,summary,True,True,True,True,True,4.35,50,0.0163430839209967,0.0190930787589499,290,2.8860028860028746,3.262438045046744,0.96660244059088,5.8,-0.0424072341752416,-0.0067439889975065,-0.0195653401276449,0.12634321068056,0.0084662976229242,0.0003688817246539,2026-06-19T22:53:50.247969+00:00,ok,,best_deal,2026-04-18T04:33:35.088261+00:00,,True,8,4.12875,4.1975,1/1,3.1878,3.114,3.01,3.071,3.163,3.2819,0.365,10.497,8.529393312002007,-0.0303125986738237,7,3,True,True,True,True,True,True,B,0.6505102040816326,172.0
M4A1-S | Glitched Paint (Minimal Wear),True,True,True,0.2281,3.4920634920634925,309,summary,True,True,True,True,True,5.13,50,0.019092635704173,0.0190839694656489,951,6.298165317059815,4.166177678676214,0.9577632361689472,19.02,-0.037004318806439,-0.016770734843461,-0.025220784585177,0.1145652838650495,0.0039751299561716,0.0034601403802768,2026-06-19T22:44:02.306013+00:00,ok,,best_deal,2026-04-17T21:24:30.672082+00:00,,True,8,5.1375,5.237500000000001,1/1,5.1126,5.043,4.83,4.922,5.244,5.448,3.983,15.365,12.08778312404648,-0.0358687106918239,7,3,True,True,True,True,True,True,A,0.8933673469387755,53.0
MP9 | Hydra (Minimal Wear),True,True,True,0.0988,0.8697332817935832,127,summary,True,True,True,True,True,12.85,50,0.0213373515046469,0.0185947461265386,117,11.76966964319451,8.65376138238517,0.9127658223830382,2.34,0.0147783251231528,0.0065690165357687,0.0122301066403349,0.1851732784671768,0.0795987912299878,-0.0547253329829735,2026-06-19T22:34:52.775619+00:00,ok,,best_deal,2026-04-18T07:31:43.848593+00:00,,True,8,13.23125,13.525,1/1,15.8798,15.753,14.3788,14.664,16.533,18.053,12.346,21.639,23.137571002153685,-0.0259894789579158,7,3,True,True,True,True,True,True,C,0.34030612244897956,324.0
Galil AR | Control (Factory New),True,True,True,0.2025,0.5689991779695849,227,summary,True,True,True,True,True,7.6,50,0.0198194517013643,0.0185054133204727,280,3.3455276077108227,3.3360501923915176,0.9661082226073562,5.6,-0.0566561747824476,-0.0069469171839324,-0.0373820818119345,0.1227674190382727,0.0,0.0028498284882864,2026-06-19T22:41:06.613929+00:00,ok,,best_deal,2026-04-17T17:16:52.357504+00:00,,True,8,7.52,7.6725,1/1,5.2757,5.193,5.017,5.126,5.3025,5.427,4.515,11.115,7.771480561821166,-0.0184935465228279,7,3,True,True,True,True,True,True,B,0.6387755102040816,177.0
AWP | Mortis (Field-Tested),True,True,True,0.0508,0.758872678028464,400,summary,True,True,True,True,True,4.18,50,0.0182468308514501,0.0184577786352819,2049,4.302906187441042,4.026783865252302,0.9596867081317668,40.98,-0.0365937859608744,-0.0096323653754386,-0.0266314482001901,0.0790731008122313,0.0,0.0104398408838547,2026-06-19T22:45:53.290293+00:00,ok,,best_deal,2026-04-17T04:48:58.297495+00:00,,True,8,4.2375,4.31625,1/1,4.3459,4.341,4.166,4.226,4.413,4.565,4.074,5.016,9.18106721277526,-0.0385852090032154,7,3,True,True,True,True,True,True,A,0.963265306122449,19.0
USP-S | Cortex (Minimal Wear),True,True,True,0.0615,0.9789525208027411,351,summary,True,True,True,True,True,7.88,50,0.018061864142008,0.0183609336093361,654,5.090909090909095,4.431818181818188,0.9555707450444292,13.08,-0.029755934470077,-0.0058690554397623,-0.0167069998821525,0.0870663909947161,0.0296347346657476,-0.003284264580052,2026-06-19T22:46:29.790227+00:00,ok,,best_deal,2026-04-18T22:26:47.138789+00:00,,True,8,8.02,8.1675,1/1,8.8,8.778,8.388,8.524,8.972,9.264,8.073,10.809,9.954545454545448,0.0140943506115316,7,3,True,True,True,True,True,True,A,0.810204081632653,94.0
FAMAS | Eye of Athena (Field-Tested),True,True,True,0.1093,0.2996858132602917,48,summary,True,True,True,True,True,5.72,44,0.0207180565964137,0.0175908162633826,203,6.326132856910832,7.113854149748264,0.9275554085345682,4.613636363636363,0.1376451077943616,0.0084792261570632,0.0238224281193348,0.2022189828312277,0.1209912536443149,-0.0354355993655993,2026-06-19T22:37:23.839359+00:00,ok,,best_deal,2026-04-17T10:05:09.270676+00:00,,False,8,6.16,6.2925,1/1->1/1,6.157,6.046,5.608,5.8785,6.268,6.793,5.153,12.04,19.24638622705864,0.0255813953488373,7,3,True,True,True,True,True,True,B,0.5681122448979592,213.0
Zeus x27 | Charged Up (Minimal Wear),True,True,True,0.1969,0.7942438311770089,287,summary,True,True,True,True,True,12.0,50,0.0225426406749897,0.0172093385788655,260,2.2546596299017936,1.6726234217382625,0.9829915509701525,5.2,-0.0213214225518287,-0.0030058114881691,0.0016429028331252,0.0567467493326443,0.0310858520623438,0.0216642402475721,2026-06-19T22:32:52.532254+00:00,ok,,best_deal,2026-05-20T22:04:39.223183+00:00,,True,8,20.9375,21.42125,1/1,11.9752,11.7765,11.5762,11.613,11.883,12.2416,9.161,24.812,5.556483399024651,-0.016264294790343,7,3,True,True,True,True,True,True,B,0.6158163265306122,189.0
M4A4 | Magnesium (Factory New),True,True,True,0.2007,2.2075974675108294,189,summary,True,True,True,True,True,8.35,50,0.0214338713858118,0.0172085250188087,198,4.898090280101181,3.840852214177695,0.9601776051061468,3.96,-0.0318107667210439,-0.0010995625101935,-0.0302105282240817,0.1415332771693343,0.0113732097725357,-0.0030650172261612,2026-06-19T22:34:33.629423+00:00,ok,,best_deal,2026-04-17T23:15:38.915918+00:00,,True,8,9.52375,9.735,1/1,7.4723,7.207,6.92,7.042,7.408,7.7683,4.037,24.872,11.352595586365643,-0.0068330776739646,7,3,True,True,True,True,True,True,B,0.5464285714285715,223.0
Five-SeveN | Capillary (Factory New),True,True,True,0.2078,0.5755423755267676,52,summary,True,True,True,True,True,4.28,31,0.0235598567246463,0.0172043691848598,100,4.315566323440351,9.134615384615396,0.9057605936340556,3.225806451612903,-0.0332829046898638,-0.0026348813541499,-0.0290049519460401,0.1400625978090765,0.0101721439749607,-0.0552681050850778,2026-06-19T22:29:17.073200+00:00,ok,,best_deal,2026-04-17T11:52:44.821253+00:00,,False,8,4.83875,4.96625,1/1->1/1,2.6416,2.5605,2.3192,2.469,2.583,2.652,1.799,13.759,12.598425196850402,-0.0104529616724738,7,3,True,True,True,True,True,True,C,0.33520408163265303,326.0
Dual Berettas | Melondrama (Minimal Wear),True,True,True,0.1274,0.5159079980766149,221,summary,True,True,True,True,True,9.03,50,0.0203499587786411,0.0170450658619824,894,5.249636993186649,2.792360102758852,0.9717194570135748,17.88,-0.0234857849196538,-0.0078688165327596,-0.0029998243880101,0.0828538550057536,0.0146144994246258,0.0179463975502935,2026-06-19T22:39:32.532103+00:00,ok,,best_deal,2026-04-17T09:00:07.957196+00:00,,True,8,10.425,10.6375,1/1,8.953,8.84,8.59,8.696,9.166,9.501,7.177,10.535,10.175360214453251,-0.0264396146090074,7,3,True,True,True,True,True,True,A,0.8734693877551021,63.0
P90 | Wave Breaker (Factory New),True,True,True,0.1812,0.5103154991092466,106,summary,True,True,True,True,True,7.26,50,0.016903186267936,0.0168964636793054,174,4.36804924109954,3.404560397286146,0.9631180147755256,3.48,0.0176504080470678,0.0010948363949534,0.0073262451589732,0.0900783289817233,0.0384185005594928,-0.0041168574249625,2026-06-19T22:51:00.543482+00:00,ok,,best_deal,2026-04-18T16:40:49.507148+00:00,,True,8,7.2625,7.387499999999999,1/1,5.7188,5.279,5.0843,5.207,5.4568,5.888,4.467,30.978,14.05364761838148,-0.0175888603884206,7,3,True,True,True,True,True,True,B,0.4933673469387755,248.0
AWP | Ice Coaled (Field-Tested),True,True,True,0.1066,0.6657805276840011,237,summary,True,True,True,True,True,8.68,50,0.0149482847169512,0.0167350363602462,895,6.359837778050884,3.957232395231659,0.960090890311919,17.9,-0.019666701169651,-0.0062371103983922,-0.0102788037265675,0.066624432478091,0.0,0.0009051968480994,2026-06-19T22:58:12.970835+00:00,ok,,best_deal,2026-04-17T04:41:48.759675+00:00,,True,8,8.485,8.61375,1/1,9.7644,9.682,9.2956,9.392,10.013,10.287,8.446,13.075,10.153209618614564,-0.0624628786378934,7,3,True,True,True,True,True,True,A,0.8755102040816326,62.0
FAMAS | Djinn (Field-Tested),True,True,True,0.0731,0.2927466390433941,76,summary,True,True,True,True,True,12.99,50,0.0235232150841214,0.0166796971606819,153,5.847001006572318,5.106874296879635,0.948763644464246,3.06,-0.0309863361457478,-0.002022036089621,-0.0072003157091133,0.0696563415010017,0.0,-0.015375007213131,2026-06-19T22:29:55.896448+00:00,ok,,best_deal,2026-04-17T10:04:04.181552+00:00,,True,8,13.9775,14.325,1/1,13.5112,13.467,12.777,13.092,13.882,14.097,11.752,15.792,9.769672567943632,-0.0288835677940737,7,3,True,True,True,True,True,True,B,0.4336734693877551,276.0
M4A1-S | Bright Water (Minimal Wear),True,True,True,0.0509,0.315218298217157,247,summary,True,True,True,True,True,89.6,50,0.0259236201715301,0.0166678396120784,57,2.9408062865617057,6.540037977662131,0.933730356766588,1.14,0.0433198923093789,-0.0034174880408987,,0.1981948320353094,0.124341744217274,-0.0328684841381073,2026-06-19T22:24:10.174375+00:00,ok,,best_deal,2026-04-17T21:19:32.919196+00:00,,True,8,91.13625,93.69625,1/1,91.3695,90.171,84.1954,88.513,91.2,95.8514,65.218,164.759,12.756992212937568,-0.0466633272109978,7,3,True,True,True,True,True,True,C,0.06581632653061224,459.0
UMP-45 | K.O. Factory (Minimal Wear),True,True,True,0.205,0.5437998995030986,195,summary,True,True,True,True,True,8.09,50,0.0270896712038139,0.0166483382209188,648,3.776223776223761,3.9669421487603342,0.9601685178092684,12.96,0.0156674867279555,0.0023834827463309,0.0009437774290832,0.0371621621621621,0.0185492095869454,0.0103179580819534,2026-06-19T22:20:55.035444+00:00,ok,,best_deal,2026-04-18T21:32:15.985423+00:00,,True,8,9.04375,9.30125,1/1,7.865,7.833,7.521,7.73,8.027,8.233,5.017,10.034,9.052765416401789,-0.0174120005010647,7,3,True,True,True,True,True,True,A,0.8081632653061225,95.0
★ Driver Gloves | Overtake (Field-Tested),True,True,True,0.117,0.3895630015343249,282,summary,True,True,True,True,True,58.24,50,0.017840979904608,0.0165625237750933,178,11.284688450059187,9.101115477176364,0.9078943667913488,3.56,-0.0674034714842366,-0.014421339903799,-0.0281752179516532,0.1356467835546506,0.0,-0.0599908780138669,2026-06-19T22:47:31.864586+00:00,ok,,best_deal,2026-05-21T02:18:02.759076+00:00,,True,8,72.35625,73.675,1/1,71.9692,71.114,64.564,66.683,74.8045,78.6668,52.367,117.783,19.595604786492,-0.0548958228629687,7,3,True,True,True,True,True,True,B,0.4984693877551021,246.0
AK-47 | Ice Coaled (Factory New),True,True,True,0.2124,2.0350132184266947,400,summary,True,True,True,True,True,21.59,50,0.0190018903542292,0.0163524877842249,402,3.73894921157562,4.0729708896776735,0.9590880848826652,8.04,0.0431790985241324,0.0026328652147456,0.0096536968545009,0.0630914826498422,0.0413918363445177,-0.0026044499330402,2026-06-19T22:44:26.961685+00:00,ok,,best_deal,2026-04-17T00:44:16.243740+00:00,,True,8,21.6125,22.03125,1/1,21.0166,20.923,20.067,20.5032,21.289,21.7761,17.816,28.833,8.132143163023512,-0.0030496521490517,7,3,True,True,True,True,True,True,A,0.7214285714285713,137.0
MP7 | Forest DDPAT (Factory New),True,True,True,0.1409,0.436285532100547,36,summary,True,True,True,True,True,5.86,21,0.0207364617921467,0.0159601149400577,56,3.098307435307469,7.895483342263679,0.9206776440785308,2.6666666666666665,0.0372305682560418,0.0017005796220526,-0.093822355675775,0.4711901763224183,0.0358942065491184,-0.0469329430217188,2026-06-19T22:37:11.650670+00:00,ok,,best_deal,2026-04-18T05:29:53.730825+00:00,,False,8,6.9037500000000005,7.03625,1/1->1/1,3.1727,3.158,2.9075,3.0867,3.185,3.298,2.351,4.694,12.308128723169537,0.0028418061256711,7,3,True,True,True,True,True,True,C,0.13724489795918368,423.0
Glock-18 | Moonrise (Factory New),True,True,True,4.1466,82.93289955266368,400,summary,True,True,True,True,True,4.35,50,0.0156692461955316,0.0156456456456456,350,2.5464404056632244,3.221206948488806,0.9641884349185086,7.0,-0.0106550022431584,-0.0034728163577419,-0.0118168394804514,0.0698333522276387,0.0,0.0015189764504824,2026-06-19T22:55:33.030219+00:00,ok,,best_deal,2026-04-17T19:12:16.283702+00:00,,True,8,4.39375,4.46375,1/1,4.9795,4.479,4.3186,4.4242,4.551,4.962,3.856,30.397,12.920976001606585,-0.010876878223817,7,3,True,True,True,True,True,True,A,0.7025510204081632,147.0
FAMAS | Rapid Eye Movement (Minimal Wear),True,True,True,0.0945,0.47685132047121676,228,summary,True,True,True,True,True,9.06,50,0.0170487685700289,0.0154020061578977,892,5.7684919433207575,4.372980180343064,0.9561572448170386,17.84,-0.0139310189866307,-0.0031261644049232,0.0053537331490169,0.0696137632448445,0.0277999316395123,-0.0011794152642645,2026-06-19T22:49:43.274541+00:00,ok,,best_deal,2026-04-17T10:55:14.438995+00:00,,True,8,9.09,9.25,1/1,8.8498,8.827,8.44,8.5985,9.109,9.305,7.399,9.689,9.774232186038104,-0.0151481149012568,7,3,True,True,True,True,True,True,A,0.8704081632653061,65.0
MAC-10 | Disco Tech (Field-Tested),True,True,True,0.0955,0.9095283926852743,363,summary,True,True,True,True,True,5.81,50,0.0161585543605337,0.0150648301173142,577,5.100654936166362,3.817945854586064,0.9614916286149162,11.54,-0.0126031507876969,-0.0038749200556917,-0.0058921530279191,0.065035708858836,0.0288709922504179,-5.495345543298988e-05,2026-06-19T22:54:06.189130+00:00,ok,,best_deal,2026-04-18T01:54:10.555879+00:00,,True,8,5.975,6.07375,1/1,6.6266,6.57,6.317,6.45,6.788,7.008,5.889,8.521,10.427670298493949,-0.0349024783692623,7,3,True,True,True,True,True,True,A,0.7877551020408163,105.0
AWP | Chrome Cannon (Field-Tested),True,True,True,0.0916,0.46228415631626785,364,summary,True,True,True,True,True,30.97,50,0.0175037828033718,0.0149339399666162,672,3.6812809083449847,2.417226620539773,0.9756642107613308,13.44,-0.0133749192166118,-0.0026420031388299,-0.0062206554866762,0.053114231196423,0.006322444678609,0.0165228604626464,2026-06-19T22:48:47.252356+00:00,ok,,best_deal,2026-04-17T03:53:35.341114+00:00,,True,8,35.855,36.48875,1/1,36.0744,35.832,34.96,35.327,36.655,37.512,29.396,44.562,7.074268733506309,-0.0171583720539663,7,3,True,True,True,True,True,True,A,0.8122448979591836,93.0
StatTrak™ Five-SeveN | Monkey Business (Field-Tested),True,True,True,0.1624,0.4727206423598214,62,summary,True,True,True,True,True,13.26,50,0.0146417840902769,0.0148974005787927,85,8.800811616573396,6.946043680407299,0.9293492023297036,1.7,0.1678750697155604,0.0230230658923268,0.0636818931447722,0.2135864374403056,0.1437440305635146,-0.0461913774306163,2026-06-19T22:59:41.028467+00:00,ok,,best_deal,2026-05-11T15:06:01.686495+00:00,,True,8,13.75,13.95375,1/1,16.0667,15.796,14.68,15.111,16.525,17.9268,9.03,20.983,20.20825682934268,0.0661235919302487,7,3,True,True,True,True,True,True,C,0.21964285714285714,383.0
M4A1-S | Black Lotus (Field-Tested),True,True,True,0.2711,5.352140856342537,400,summary,True,True,True,True,True,5.89,50,0.0146791149565391,0.0148148248504291,6144,5.232373771184959,3.840597582889961,0.9616197183098592,122.88,-0.0797953964194373,-0.0135714521950774,-0.0450742726942485,0.1247915508615897,0.0,0.0181331630613344,2026-06-19T22:59:10.732191+00:00,ok,,best_deal,2026-04-17T21:17:13.884363+00:00,,True,8,6.2775,6.37,1/1,5.6762,5.68,5.462,5.515,5.812,5.875,5.273,6.463,7.275994503364933,-0.0441020191285865,7,3,True,True,True,True,True,True,A,1.0,1.0
MAC-10 | Rangeen (Factory New),True,True,True,0.2155,0.5524542272871893,41,summary,True,True,True,True,True,3.08,31,0.0255050891480781,0.0146466845405868,86,2.819700306138889,6.767280734733331,0.9326563335114912,2.774193548387097,-0.0061300639658847,0.004986964026734,-0.1043842073995404,0.4902118530437114,0.0581925449182086,-0.0306312348410174,2026-06-19T22:24:49.866551+00:00,ok,,best_deal,2026-04-18T02:14:04.403747+00:00,,False,8,3.62125,3.71,1/1->1/1,1.8619,1.871,1.745,1.8325,1.885,1.901,1.23,2.942,8.378538052526983,-0.0002680965147452,7,3,True,True,True,True,True,True,C,0.26913265306122447,358.0
MP7 | Bloodsport (Minimal Wear),True,True,True,0.1479,0.5140563164171394,189,summary,True,True,True,True,True,49.78,50,0.0146763126417692,0.0144130492077789,197,7.29423862499929,10.43417010850015,0.896916922504419,3.94,0.1115550151506379,0.0111707570720272,0.0331019792359961,0.1063150035594604,0.1063150035594604,-0.0757908494647593,2026-06-19T22:59:21.154502+00:00,ok,,best_deal,2026-04-18T05:27:33.699713+00:00,,True,8,56.11375,56.94875,1/1,53.0967,53.745,48.2048,51.311,55.184,57.6322,25.344,63.246,17.755152391768224,0.0658856624655304,7,3,True,True,True,True,True,True,B,0.5413265306122449,225.0
M4A4 | Tooth Fairy (Minimal Wear),True,True,True,0.136,0.3898102731548741,211,summary,True,True,True,True,True,6.34,50,0.0171040299089061,0.0139731032338307,899,6.8639593246854895,5.7623362231927535,0.942402918947094,17.98,-0.0042818217205138,-0.0052457723612988,0.0021536861516751,0.0673703414125618,0.0450873077925462,-0.0149534081611959,2026-06-19T22:49:30.651579+00:00,ok,,best_deal,2026-04-18T00:17:53.468482+00:00,,True,8,8.13,8.272499999999999,1/1,7.6705,7.674,7.232,7.407,7.9335,8.127,6.762,8.86,11.66807900397628,-0.0054432348367029,7,3,True,True,True,True,True,True,A,0.8775510204081632,61.0
AWP | Exoskeleton (Battle-Scarred),True,True,True,0.1654,0.6960515540997615,105,summary,True,True,True,True,True,4.75,50,0.0048204787155676,0.0137040708880089,342,7.868589144970313,5.733816443166121,0.9418560606060604,6.84,-0.0356336968785256,-0.0138597907088934,-0.0284219904590546,0.1023691137759577,0.0119918104708978,-0.0346313644624048,2026-06-19T23:48:52.111729+00:00,ok,,best_deal,2026-04-17T03:57:51.697568+00:00,,True,8,5.52375,5.55375,1/1,5.3542,5.28,4.973,5.1117,5.533,5.775,4.144,8.992,14.978895073026791,-0.0719326818675353,7,3,True,True,True,True,True,True,B,0.6954081632653061,150.0
Zeus x27 | Charged Up (Factory New),True,True,True,0.1651,0.5720644210125065,205,summary,True,True,True,True,True,37.85,50,0.0062121026794267,0.0135884876133699,55,3.416581347996627,4.607208181389421,0.9539998851432836,1.1,-0.0312599284461205,0.0074162343555653,-5.895249408349734e-05,0.1163553400827035,0.049508056466562,-0.0334155932397891,2026-06-19T23:41:19.931727+00:00,ok,,best_deal,2026-05-20T22:04:30.589905+00:00,,True,8,41.67125,41.98125,1/1,34.7716,34.826,33.224,33.703,34.891,35.8366,30.101,46.617,7.513603055367025,0.0520867712802664,7,3,True,True,True,True,True,True,C,0.04438775510204082,473.0
PP-Bizon | Osiris (Factory New),True,True,True,0.229,0.6560059272064953,99,summary,True,True,True,True,True,6.24,50,0.0207982043170914,0.013081255415423,120,5.484887384759022,4.012136772085422,0.9593809073724008,2.4,-0.0706352732119057,-0.0136659935512258,-0.0489973905110316,0.2041108986615679,0.0219885277246655,-0.0086935850629177,2026-06-19T22:36:40.083965+00:00,ok,,best_deal,2026-04-19T03:50:24.169260+00:00,,True,8,6.1,6.23125,1/2,4.2845,4.232,4.0601,4.127,4.362,4.563,3.011,7.68,11.737659003384278,-0.0113421550094517,7,3,True,True,True,True,True,True,B,0.3553571428571428,314.0
AK-47 | Searing Rage (Field-Tested),True,True,True,0.148,1.374727515645876,400,summary,True,True,True,True,True,5.53,50,0.0141421665434247,0.0129162283523808,3887,3.016564644451113,2.628468608322896,0.9736656062212796,77.74,-0.013995801259622,-0.0033022370802119,-0.0030579332124049,0.0379701916252662,0.0184528034066714,0.0257813886692799,2026-06-19T23:01:41.578274+00:00,ok,,best_deal,2026-04-17T01:42:40.243803+00:00,,True,8,6.54,6.635,1/1,5.6687,5.658,5.509,5.575,5.746,5.827,5.322,6.378,5.60975179494416,-0.0119214586255258,7,3,True,True,True,True,True,True,A,0.9897959183673469,6.0
Desert Eagle | Heat Treated (Minimal Wear),True,True,True,0.5113,6.631225517627309,400,summary,True,True,True,True,True,3.35,50,0.0101847221956384,0.0125817658289255,836,10.710285607616196,5.9618256486839565,0.9377512486295532,16.72,0.0091698841698841,-0.0146708794945058,-0.007471457101338,0.1262553802008608,0.0590626494500239,-0.0244642599401805,2026-06-19T23:19:30.198976+00:00,ok,,best_deal,2026-04-17T06:57:49.528463+00:00,,True,8,3.52125,3.5575,1/1,4.2856,4.1045,3.849,3.982,4.441,4.783,2.698,14.459,21.793914504386787,0.0260058881256135,7,3,True,True,True,True,True,True,A,0.8530612244897959,73.0
StatTrak™ M4A4 | Tooth Fairy (Minimal Wear),True,True,True,0.1393,0.4223002945455837,108,summary,True,True,True,True,True,12.53,50,0.0136145037126733,0.0124398547796995,171,6.244663741238597,4.877919636770381,0.9509320905459387,3.42,0.0004256433763341,0.0064466548924444,0.019632892049078,0.077434135166094,0.0594010800196367,-0.0222562472680486,2026-06-19T23:04:45.928468+00:00,ok,,best_deal,2026-05-11T22:29:56.468492+00:00,,True,8,16.03375,16.2575,1/1,15.1089,15.02,14.283,14.6445,15.588,16.312,1.579,20.7,13.42917088603407,0.0472648752399231,7,3,True,True,True,True,True,True,B,0.48928571428571427,250.0
AK-47 | Safety Net (Field-Tested),True,True,True,0.0613,0.6322272087004946,208,summary,True,True,True,True,True,3.07,50,0.0152592946955583,0.0119807588563207,2111,8.969954741261796,5.28927422433066,0.946892964686559,42.22,-0.0792079207920792,-0.0181700202520791,-0.0349084836225365,0.1921335597057158,0.0144312393887944,-0.0049197522968038,2026-06-19T22:57:06.504230+00:00,ok,,best_deal,2026-04-17T01:42:11.228781+00:00,,True,8,3.18875,3.23875,1/1,3.6678,3.653,3.459,3.5,3.829,3.886,3.429,4.266,11.641856153552538,-0.0047873838355393,7,3,True,True,True,True,True,True,A,0.9673469387755103,17.0
★ Driver Gloves | King Snake (Field-Tested),True,True,True,0.2809,0.6843047059624419,400,summary,True,True,True,True,True,151.4,50,0.0143974523470974,0.0118954245520425,54,9.940190276410474,7.561612272371382,0.9210730170781884,1.08,-0.0383609039851252,-0.0112315804993265,0.0057947170360699,0.2770629537900344,0.1021049379332339,-0.0548574036773611,2026-06-19T23:00:57.152123+00:00,ok,,best_deal,2026-05-21T02:16:49.189505+00:00,,True,8,193.78875,196.6225,1/1,203.4619,194.927,179.542,185.3417,205.5662,234.0502,135.226,407.448,26.79037205491544,0.1137158920310907,7,3,True,True,True,True,True,True,C,0.037244897959183676,477.0
★ Gut Knife | Doppler (Factory New),True,True,True,0.6011,2.273241134028316,332,summary,True,True,True,True,True,336.0,50,0.0134317585438142,0.0118166270801995,122,6.573684926153979,4.595944686235616,0.9513945745673128,2.44,0.0158206252132602,-0.0035432602675356,-0.025697460791989,0.1304721362729076,0.020238102928162,-0.0217965194671113,2026-06-19T23:05:40.126093+00:00,ok,,best_deal,2026-05-21T04:03:04.243216+00:00,,True,8,230.24625,233.33875,1/1,163.2722,154.384,146.8801,150.6425,161.3755,190.3269,135.452,348.993,26.610041391002262,0.0142233811158571,7,3,True,True,True,True,True,True,B,0.3637755102040816,312.0
Tec-9 | Fuel Injector (Field-Tested),True,True,True,0.0873,0.9278198687633977,270,summary,True,True,True,True,True,11.71,50,0.0133608485794108,0.0117341061600629,277,2.460106877150732,2.9803711714122185,0.9703468165347926,5.54,0.0091153616258219,-0.0004438188833812,0.0074073801187712,0.0560491633348141,0.0418332592921664,-0.000131308168226,2026-06-19T23:06:09.550734+00:00,ok,,best_deal,2026-04-18T19:40:31.116905+00:00,,True,8,12.76,12.9275,1/1,13.4547,13.523,13.122,13.358,13.689,13.826,10.034,15.172,5.232372330858366,-0.0140166447656592,7,3,True,True,True,True,True,True,B,0.6346938775510204,180.0
Glock-18 | Shinobu (Battle-Scarred),True,True,True,3.2115,63.51727177398521,391,summary,True,True,True,True,True,4.62,50,0.0181687449062231,0.0117065662089358,1221,3.602644668699981,2.4358790657687304,0.9755496198890488,24.42,-0.0027139874739039,-0.0048192637499803,0.0010823268571251,0.0640569395017793,0.0259577140464727,0.0219134651728955,2026-06-19T22:46:18.794095+00:00,ok,,best_deal,2026-04-17T19:22:30.705000+00:00,,True,8,56.55375,58.62375,1/1,4.8853,4.867,4.748,4.806,4.982,5.058,4.511,5.592,6.345567314187453,-0.0099481865284973,7,3,True,True,True,True,True,True,A,0.9122448979591836,44.0
P2000 | Wicked Sick (Battle-Scarred),True,True,True,0.1593,0.5909816204716032,79,summary,True,True,True,True,True,3.28,50,0.0129053455848946,0.0115694489203995,835,9.051143085091743,8.236815318165558,0.9171096345514952,16.7,-0.0093648208469055,-0.0045487737540171,-0.0003970260681177,0.084669132757912,0.0461707083162076,-0.0445033422695248,2026-06-19T23:08:24.834368+00:00,ok,,best_deal,2026-04-18T12:27:34.716715+00:00,,True,8,3.35,3.39375,1/1,3.6349,3.612,3.3126,3.49,3.819,3.893,2.945,4.79,15.967426889322942,0.0137499999999999,7,3,True,True,True,True,True,True,A,0.8510204081632653,74.0
MP5-SD | Phosphor (Field-Tested),True,True,True,0.0822,0.28220967956979676,96,summary,True,True,True,True,True,4.74,50,0.0149342312279166,0.0114876443001442,414,8.270399347686814,7.124968452115164,0.9285575238466032,8.28,-0.0479751915359357,-0.0079828604161264,-0.0022493167012094,0.1345085265376508,0.0695535543207511,-0.0369644937688578,2026-06-19T22:58:28.939049+00:00,ok,,best_deal,2026-04-18T05:18:33.556401+00:00,,True,8,4.93875,5.01375,1/1,5.1509,5.137,4.77,4.906,5.332,5.628,3.411,6.325,16.657283193228377,0.0613116420945603,7,3,True,True,True,True,True,True,A,0.7285714285714285,134.0
Glock-18 | Shinobu (Field-Tested),True,True,True,0.1114,0.9814031219997867,400,summary,True,True,True,True,True,5.49,50,0.0111816385859219,0.010948905109489,3149,3.445305770887161,2.803533127290544,0.9717735079068184,62.98,-0.0003389256058294,0.0008353165812902,0.008871366653067,0.0608577725038142,0.0474656721478217,0.0192671920279782,2026-06-19T23:14:28.334568+00:00,ok,,best_deal,2026-04-17T19:22:40.951323+00:00,,True,8,5.415,5.47625,1/1,5.9211,5.881,5.715,5.79,5.994,6.142,5.636,6.581,7.211497863572655,-0.0067351405960599,7,3,True,True,True,True,True,True,A,0.9857142857142858,8.0
FAMAS | Yeti Camo (Factory New),True,True,True,0.2081,0.736608878177719,300,summary,True,True,True,True,True,4.06,50,0.0141406841164426,0.0109314567400473,721,6.829012044576187,5.215564143934571,0.9475867269984916,14.42,-0.0719683339330693,-0.013963879421633,-0.0592468930845271,0.1925164792555254,0.0189996122528113,-0.0142532698486043,2026-06-19T23:01:56.233019+00:00,ok,,best_deal,2026-04-17T11:12:43.292213+00:00,,True,8,5.17375,5.255,1/1,2.6651,2.652,2.513,2.556,2.738,2.836,2.308,3.612,12.119620276912684,-0.0591025173294418,7,3,True,True,True,True,True,True,A,0.8275510204081633,85.0
P250 | Cartel (Field-Tested),True,True,True,0.0986,0.6717209411949562,57,summary,True,True,True,True,True,9.38,50,0.0193981404566976,0.0109237688922735,87,4.791764694585006,5.089449475210551,0.9487675205413242,1.74,-0.0037817137386308,-0.008288572444099,-0.0018989289563197,0.1283936379799145,0.0742395848349431,-0.0227413430390001,2026-06-19T22:41:56.823716+00:00,ok,,best_deal,2026-04-18T12:36:06.234568+00:00,,True,8,9.82875,10.03,1/1,10.4137,10.345,9.815,10.114,10.613,11.0128,9.117,14.707,11.502155813975827,0.0433670911460943,7,3,True,True,True,True,True,True,C,0.23010204081632651,378.0
M4A4 | Tooth Fairy (Factory New),True,True,True,0.1856,0.6190080180759756,225,summary,True,True,True,True,True,23.81,50,0.0146259051093847,0.0108559517882073,203,4.3668706024944655,4.705525873708308,0.9527770324657904,4.06,-0.0626118067978533,-0.0079427342775786,-0.0484940413441438,0.1516721192293711,0.0,-0.0183463432909024,2026-06-19T22:59:54.922443+00:00,ok,,best_deal,2026-04-18T00:17:42.934012+00:00,,True,8,24.0225,24.37375,1/1,22.4417,22.362,21.306,22.0455,23.0255,23.2354,19.064,26.097,8.597387898421232,-0.005737519765078,7,3,True,True,True,True,True,True,B,0.5630102040816327,215.0
P250 | Mint Kimono (Field-Tested),True,True,True,0.0549,0.1366983213031907,19,summary,True,True,True,True,True,10.6,34,0.0177877965277807,0.0107632093933464,52,4.24205885130276,5.364315859053238,0.9469658886894076,1.5294117647058822,0.007290533188248,-0.0018507458163517,0.0187080594346085,0.0916063519498757,0.073854020380973,-0.0277949713787254,2026-06-19T22:47:51.966179+00:00,ok,,best_deal,2026-04-18T13:35:58.060583+00:00,,False,8,10.02875,10.21,1/1->1/1,13.7669,13.925,13.1865,13.541,14.125,14.2339,11.456,15.03,7.608103494613891,0.0268821180298772,7,3,True,True,True,True,True,True,C,0.05943877551020408,463.0
USP-S | Cortex (Battle-Scarred),True,True,True,0.1262,0.4636825199461195,95,summary,True,True,True,True,True,3.72,50,0.0107655728335412,0.0107384291624025,721,4.567724813718481,6.353985914055325,0.9368020304568528,14.42,-0.0151706700379267,-0.009648998007225,-0.0095055422643948,0.0667522464698331,0.0254172015404365,-0.0290125988327132,2026-06-19T23:16:35.024334+00:00,ok,,best_deal,2026-04-18T22:26:40.363866+00:00,,True,8,3.68375,3.72375,1/1,3.9188,3.94,3.691,3.844,4.023,4.114,2.767,4.594,10.79412064917832,0.0119511561444529,7,3,True,True,True,True,True,True,A,0.8275510204081633,86.0
StatTrak™ AK-47 | Slate (Field-Tested),True,True,True,0.0991,1.2118570183086312,394,summary,True,True,True,True,True,14.52,50,0.0095218456205912,0.0106883515834104,371,6.355726438108082,5.530196127720108,0.943622597553873,7.42,0.025806451612903,-0.0006682818098315,0.0048111947232898,0.0743281875357347,0.053344768439108,-0.0272738738266168,2026-06-19T23:23:27.356372+00:00,ok,,best_deal,2026-05-11T09:05:11.104114+00:00,,True,8,14.6875,14.82875,1/1,17.5039,17.17,16.202,16.566,17.6785,19.046,13.946,73.74,16.24780763144212,0.0563507881862657,7,3,True,True,True,True,True,True,A,0.7153061224489796,140.0
AWP | Black Nile (Battle-Scarred),True,True,True,0.2208,1.2522483550010246,219,summary,True,True,True,True,True,3.59,50,0.0136358951514929,0.0103149865633099,231,8.552009722284735,4.793626502228026,0.9485009671179884,4.62,-0.0485252140818267,-0.0071062786457975,-0.0274044817955855,0.1205,0.0,-0.0193056435594061,2026-06-19T23:04:25.783393+00:00,ok,,best_deal,2026-04-17T03:51:11.385194+00:00,,True,8,4.3375,4.3975,1/1,4.4434,4.136,3.923,4.013,4.393,4.937,3.071,13.619,22.82036278525454,-0.0693345742205677,7,3,True,True,True,True,True,True,B,0.5862244897959185,204.0
★ Hand Wraps | Overprint (Field-Tested),True,True,True,0.0589,0.19035200764786053,325,summary,True,True,True,True,True,114.88,50,0.0165139713462809,0.0098157318071891,71,5.705959034667824,2.5491270948181177,0.9736949861991568,1.42,0.0184333234564824,-0.0026625433801065,-0.0075665014214567,0.0601217364673456,0.0180996860883548,-0.0013009922822916,2026-06-19T22:52:21.725465+00:00,ok,,best_deal,2026-05-21T05:27:32.464330+00:00,,True,8,118.90875,120.9925,1/1,136.0858,131.876,128.407,130.0175,137.7825,151.995,104.698,180.607,17.333182448131982,-0.0086151277088314,7,3,True,True,True,True,True,True,C,0.16836734693877553,408.0
Galil AR | Rocket Pop (Factory New),True,True,True,2.1656,21.662688602847158,99,summary,True,True,True,True,True,18.06,50,0.0045390934030964,0.0096782302664656,62,4.215006305170239,3.293820933165202,0.9664741368245412,1.24,-0.0748595251042234,-0.0027614199943499,-0.0404500355428777,0.1530825496342737,0.0,-0.0213941555618723,2026-06-19T23:51:37.469168+00:00,ok,,best_deal,2026-04-17T17:36:32.272622+00:00,,True,8,19.43375,19.51625,1/1,15.86,15.582,15.0596,15.279,15.9475,16.6533,13.358,22.615,10.048549810844904,-0.0442544160788965,7,3,True,True,True,True,True,True,C,0.10255102040816327,439.0
MAC-10 | Neon Rider (Minimal Wear),True,True,True,1.1845,14.328575211076068,146,summary,True,True,True,True,True,125.13,50,0.0088479651553201,0.0094194653693241,86,8.77384548016573,10.096785421555532,0.9006518256642545,1.72,0.0822253117004125,0.0108444568316861,0.0296583236272889,0.1045406402678602,0.0790802555604906,-0.0834285109795512,2026-06-19T23:27:16.099667+00:00,ok,,best_deal,2026-04-18T02:07:47.712605+00:00,,True,8,126.89375,128.02625,1/1,142.5008,144.824,130.436,137.59,150.0928,150.924,120.402,154.979,14.37746314406656,0.0317902366112974,7,3,True,True,True,True,True,True,C,0.22627551020408163,380.0
StatTrak™ SG 553 | Pulse (Field-Tested),True,True,True,0.1767,0.5158162948231931,156,summary,True,True,True,True,True,4.33,50,0.0046167313272984,0.0093797547269342,70,7.849204460149771,9.000860537927752,0.9100292825768668,1.4,-0.012592861025548,0.0043867369879978,0.0002395201854179,0.0737682356179466,0.0362418570511057,-0.077787649217747,2026-06-19T23:50:44.656703+00:00,ok,,best_deal,2026-05-12T10:57:58.671978+00:00,,True,8,4.54375,4.5675,1/1,5.4617,5.464,4.9724,5.2453,5.674,5.8814,2.732,7.093,16.64316970906494,0.0181223727230266,7,3,True,True,True,True,True,True,C,0.15739795918367347,413.0
XM1014 | XOXO (Field-Tested),True,True,True,0.1331,1.3107934895644393,249,summary,True,True,True,True,True,3.88,50,0.0113830468429617,0.0093295272575367,438,6.7859068847744135,4.314218946611544,0.9559834938101788,8.76,-0.0164371390493114,0.0020883265787151,-0.0024364026899968,0.0864950316169828,0.037940379403794,-0.0119701462698199,2026-06-19T23:13:42.296234+00:00,ok,,best_deal,2026-04-19T09:57:12.076661+00:00,,True,8,4.07125,4.1175,1/2,4.4504,4.362,4.17,4.262,4.564,4.7837,3.46,6.899,13.789771705914069,-0.0319195452557935,7,3,True,True,True,True,True,True,A,0.7408163265306122,128.0
StatTrak™ P90 | Wave Breaker (Factory New),True,True,True,0.1765,0.5604266473831689,112,summary,True,True,True,True,True,6.87,50,0.0115626484510506,0.0090925788026823,51,5.298707348317223,8.806917433329458,0.90984950081955,1.02,-0.0671652125744357,-0.0120525313172878,-0.0099468880262161,0.1395486935866982,0.055522565320665,-0.0703994984933115,2026-06-19T23:12:52.677014+00:00,ok,,best_deal,2026-05-12T07:34:24.308373+00:00,,True,8,8.0875,8.2025,1/1,6.8696,6.711,6.106,6.455,6.819,7.328,5.33,11.652,17.788517526493543,0.0064998132237579,7,3,True,True,True,True,True,True,C,0.011479591836734693,488.0
AK-47 | Emerald Pinstripe (Field-Tested),True,True,True,0.4367,7.573808345703447,322,summary,True,True,True,True,True,3.08,50,0.0096706573248716,0.008851170176763,892,4.876496052966641,3.437738731856382,0.9653624118024374,17.84,-0.0452337583485124,0.0025199954585394,-0.0084054745793731,0.0922098569157392,0.0289348171701113,0.0007948879754449,2026-06-19T23:22:13.187790+00:00,ok,,best_deal,2026-04-17T00:39:19.796292+00:00,,True,8,3.4825,3.515,1/1,3.1416,3.118,3.01,3.052,3.2052,3.34,2.896,3.938,10.504201680672272,-0.0128688010043942,7,3,True,True,True,True,True,True,A,0.8704081632653061,64.0
StatTrak™ AWP | Duality (Battle-Scarred),True,True,True,0.216,0.6453367993108347,54,summary,True,True,True,True,True,5.98,50,0.0138828231845467,0.0084789940862113,238,4.551574603507667,5.280735805836796,0.9476784476784476,4.76,-0.0539993250084374,-0.0102883086740735,-0.0218795091383394,0.0645736710667142,0.0,-0.023716085205357,2026-06-19T23:03:59.837478+00:00,ok,,best_deal,2026-05-11T10:10:32.341810+00:00,,True,8,5.8925,5.97625,1/1,5.7189,5.772,5.47,5.6275,5.8878,5.9701,3.49,6.378,8.74468866390391,-0.0279174614184152,7,3,True,True,True,True,True,True,B,0.5933673469387756,200.0
PP-Bizon | High Roller (Field-Tested),True,True,True,0.0677,0.23132945823817125,84,summary,True,True,True,True,True,9.87,50,0.023777958950398,0.0084031673747877,181,8.600353415332652,7.172764386876642,0.9274072768919036,3.62,0.0152867965367966,-0.0058245556936011,0.0028465890879134,0.1577170775038864,0.0481900954918943,-0.0346568454072459,2026-06-19T22:28:46.175719+00:00,ok,,best_deal,2026-04-19T02:56:10.889460+00:00,,True,8,11.0325,11.30125,2/2,11.4879,11.351,10.527,11.05,12.038,12.784,9.597,13.148,19.64675876356864,-0.0043778190501458,7,3,True,True,True,True,True,True,B,0.5051020408163265,243.0
AK-47 | Inheritance (Field-Tested),True,True,True,0.0951,0.3098263267104404,400,summary,True,True,True,True,True,50.33,50,0.0096589429144261,0.0083638601370869,1241,2.763082457206741,1.60492714551147,0.9838588371420308,24.82,-0.0042400077798306,-0.0028459545387827,-0.009427060282212,0.0407641072719105,0.0044338535461062,0.0218487962179194,2026-06-19T23:22:31.505788+00:00,ok,,best_deal,2026-04-17T00:44:49.931467+00:00,,True,8,50.2475,50.7375,1/1,52.1519,51.855,51.018,51.396,52.837,53.694,50.011,56.253,5.131164924000855,-0.0280034933171323,7,3,True,True,True,True,True,True,A,0.9163265306122449,42.0
P2000 | Wicked Sick (Minimal Wear),True,True,True,0.201,0.5049634209424342,174,summary,True,True,True,True,True,6.73,50,0.0075716632665433,0.0082241269220509,870,1.841507160656097,1.5964292560037248,0.983899475283071,17.4,0.0048978449482228,0.0009563650262485,0.0032479229629858,0.0328645035510374,0.0122545606461495,0.0169037271666967,2026-06-19T23:35:06.960442+00:00,ok,,best_deal,2026-04-18T12:27:48.467385+00:00,,True,8,8.505,8.5775,1/1,7.3038,7.242,7.1254,7.1855,7.32,7.486,5.672,12.516,4.9371560009857856,-0.0201937508527766,7,3,True,True,True,True,True,True,A,0.863265306122449,68.0
Galil AR | Sky Mandala (Factory New),True,True,True,0.1972,3.5220588235294117,319,summary,True,True,True,True,True,3.04,50,0.0176809210526315,0.0082236842105263,791,3.4486859317398104,2.616244499940551,0.9735046166198312,15.82,-0.0755078574166348,-0.0099998586844098,-0.0355144225556692,0.1538142620232172,0.0,0.0160349958824638,2026-06-19T22:48:06.549998+00:00,ok,,best_deal,2026-04-17T17:39:49.553011+00:00,,True,8,2.98625,3.04,1/1,2.5227,2.491,2.425,2.469,2.556,2.584,2.312,5.881,6.302770840765856,-0.0301568154402895,7,3,True,True,True,True,True,True,A,0.8428571428571429,78.0
Glock-18 | Vogue (Field-Tested),True,True,True,0.0955,0.45614368526085713,400,summary,True,True,True,True,True,4.0,50,0.0119753357048687,0.008118738480864,2660,5.137094232587461,2.386205033541936,0.9758046108194476,53.2,-0.0446113074204946,-0.008310582315877,-0.0206556049255759,0.0591770688858068,0.0,0.022793271100217,2026-06-19T23:11:47.618542+00:00,ok,,best_deal,2026-04-17T19:27:21.581271+00:00,,True,8,4.43,4.4825,1/1,4.4422,4.381,4.275,4.31,4.5382,4.646,3.926,4.984,8.351717617396776,-0.0102951269732328,7,3,True,True,True,True,True,True,A,0.9755102040816327,13.0
AK-47 | Midnight Laminate (Minimal Wear),True,True,True,0.182,2.020573888294973,400,summary,True,True,True,True,True,12.32,50,0.0099097389718679,0.0079233524547849,1528,7.359619178854401,4.267013247314521,0.95700875601483,30.56,-0.0691631639281621,-0.0144599280425469,-0.0425623220578796,0.1296387520525452,0.0,-0.0027776536105296,2026-06-19T23:20:30.942785+00:00,ok,,best_deal,2026-04-17T00:48:42.761738+00:00,,True,8,16.48375,16.64375,1/1,12.7724,12.677,12.132,12.218,13.158,13.454,11.844,17.396,10.35044314302716,-0.0434304562946674,7,3,True,True,True,True,True,True,A,0.936734693877551,32.0
AK-47 | Slate (Field-Tested),True,True,True,0.102,1.071364083221315,400,summary,True,True,True,True,True,5.14,50,0.0100666001755799,0.0077881208018194,4904,4.270489063834535,2.02384046938245,0.9796032934131736,98.08,-0.0393093313739896,-0.0089214000337838,-0.0228597017631636,0.0632887189292542,0.0,0.0297479154400313,2026-06-19T23:20:02.413059+00:00,ok,,best_deal,2026-04-17T01:43:03.926132+00:00,,True,8,5.16,5.2125,1/1,5.3858,5.344,5.235,5.252,5.482,5.592,5.135,6.037,6.628541720821407,-0.0253447633246364,7,3,True,True,True,True,True,True,A,0.9959183673469387,3.0
StatTrak™ AK-47 | Elite Build (Field-Tested),True,True,True,0.0634,0.6812776078831125,375,summary,True,True,True,True,True,5.85,50,0.0063247503777435,0.0076020745687766,419,6.765004338426694,4.867861817433115,0.9491707616707618,8.38,-0.059681697612732,-0.0069321674155835,-0.0301350067317076,0.0982604607428302,0.0076790471712898,-0.0229098110290063,2026-06-19T23:40:33.192850+00:00,ok,,best_deal,2026-05-11T07:59:10.838529+00:00,,True,8,5.9675,6.005,1/1,6.7997,6.512,6.181,6.322,6.782,7.004,5.08,35.017,12.10347515331558,-0.0054551122194513,7,3,True,True,True,True,True,True,A,0.7326530612244898,132.0
USP-S | Printstream (Field-Tested),True,True,True,0.1218,0.39298409183614,400,summary,True,True,True,True,True,38.93,50,0.0080978811703721,0.0075432839952503,682,2.102755334576343,1.133209032525372,0.9885877615739292,13.64,0.0108805881855826,-0.0031176381510659,0.00307528868746,0.0625117562229606,0.02836123476916,0.0200766123795658,2026-06-19T23:31:09.365798+00:00,ok,,best_deal,2026-04-19T07:55:04.892710+00:00,,True,8,48.91,49.305,2/2,48.27,47.931,47.384,47.629,48.644,49.7205,42.952,54.23,4.840480629790762,0.0020104291009612,7,3,True,True,True,True,True,True,A,0.8142857142857143,92.0
Desert Eagle | Crimson Web (Field-Tested),True,True,True,0.1242,1.645856980703746,269,summary,True,True,True,True,True,13.85,50,0.011118842783954,0.0073929056711721,314,8.672141285432813,4.3331943106151085,0.9537102473498232,6.28,-0.0348225531599614,0.0048953228721763,-0.0140870336969394,0.097106010593383,0.008367237276426,-0.0149704727359363,2026-06-19T23:14:45.848167+00:00,ok,,best_deal,2026-04-17T06:53:39.763538+00:00,,True,8,14.66125,14.82375,1/1,13.9066,13.018,12.4154,12.741,13.947,16.8539,11.365,29.315,31.91650007909913,-0.0373189476795742,7,3,True,True,True,True,True,True,B,0.6744897959183673,159.0
AUG | Death by Puppy (Minimal Wear),True,True,True,0.1417,0.7042859848810978,45,summary,True,True,True,True,True,5.67,50,0.0114059575828957,0.0070735364853011,122,6.718455109193849,7.439673766513878,0.9259228187919464,2.44,0.046695652173913,-0.0014260015297765,-0.0221447289138996,0.1840990279970091,0.044612444961369,-0.0522596112308124,2026-06-19T23:13:07.104290+00:00,ok,,best_deal,2026-04-17T02:45:06.760925+00:00,,True,8,5.93,5.99625,1/1,5.9344,5.96,5.5185,5.7793,6.178,6.369,4.72,6.618,14.33169317875437,0.0459680222453944,7,3,True,True,True,True,True,True,B,0.3637755102040816,310.0
Zeus x27 | Charged Up (Field-Tested),True,True,True,0.2356,0.8243689423793801,375,summary,True,True,True,True,True,4.13,50,0.0159809947354664,0.0070308986696973,432,4.8070966622890685,1.9823079019748648,0.9797211660329532,8.64,0.0062609566741798,0.0088164528579517,0.0168396005206332,0.0739173718267794,0.0380786460925832,0.0158394563937743,2026-06-19T22:54:18.845184+00:00,ok,,best_deal,2026-05-20T22:04:35.158707+00:00,,True,8,6.16125,6.2775,1/1,4.0357,3.945,3.865,3.891,4.085,4.185,3.56,7.219,7.929231607899482,-0.0118052139695031,7,3,True,True,True,True,True,True,A,0.736734693877551,130.0
Galil AR | Chromatic Aberration (Field-Tested),True,True,True,0.0695,0.4942339373970348,305,summary,True,True,True,True,True,4.25,50,0.0131003187171074,0.0067807085648905,914,6.08489973625822,5.484154561058325,0.9447956173619888,18.28,-0.0375050958010597,-0.006082473615554,-0.0035074545566075,0.1086404066073695,0.049978822532825,-0.0160390863021396,2026-06-19T23:07:41.984955+00:00,ok,,best_deal,2026-04-17T17:15:19.241204+00:00,,True,8,4.3375,4.395,1/1,4.7774,4.746,4.484,4.6253,4.916,5.121,4.04,6.417,13.333612425168512,-0.0063131313131311,7,3,True,True,True,True,True,True,A,0.8795918367346939,60.0
★ Shadow Daggers | Gamma Doppler (Factory New),True,True,True,0.3582,1.198585759329411,245,summary,True,True,True,True,True,108.99,50,0.0077731282872611,0.0066201087334026,159,6.028896910903165,4.168389699184281,0.9567913475912988,3.18,0.0200631662060797,0.0010584421287833,-0.0079714873527081,0.0988458948378756,0.0296150660649736,-0.021487243069081,2026-06-19T23:33:40.384621+00:00,ok,,best_deal,2026-05-21T11:59:15.741159+00:00,,True,8,137.31,138.355,1/1,135.9038,131.108,125.443,127.0465,135.24,140.436,110.369,291.304,11.032068271821691,-0.029576687185689,7,3,True,True,True,True,True,True,B,0.461734693877551,264.0
AWP | Printstream (Well-Worn),True,True,True,0.0897,1.0823866570845229,146,summary,True,True,True,True,True,46.76,50,0.0064690661164201,0.0065040669513493,387,7.574442880910245,6.117275124590204,0.9388043929501452,7.74,-0.0019627272380807,-0.0097703050313316,-0.0122232744561027,0.084162291169451,0.0406300715990453,-0.0358734564767938,2026-06-19T23:40:03.130119+00:00,ok,,best_deal,2026-04-17T04:53:02.558106+00:00,,True,8,45.9725,46.27125,1/1,53.0138,52.994,49.751,51.097,55.1125,57.139,0.097,61.684,13.935994024197482,-0.0417162199249839,7,3,True,True,True,True,True,True,A,0.7173469387755103,139.0
AK-47 | The Oligarch (Field-Tested),True,True,True,0.0939,0.31692757877613587,214,summary,True,True,True,True,True,95.77,50,0.0080556675035951,0.0064681907546869,132,3.59736020676392,4.019602630456193,0.9592691147773638,2.64,-0.0461302877560134,-0.0084874361053746,-0.0256422945758169,0.0887892976588628,0.0,-0.0209183311279857,2026-06-19T23:31:31.946049+00:00,ok,,best_deal,2026-04-17T01:44:14.253627+00:00,,True,8,99.8975,100.6925,1/1,77.1121,76.0995,72.9999,74.623,77.397,82.708,55.175,127.96,12.589593591667198,-0.0269207737769793,7,3,True,True,True,True,True,True,B,0.3908163265306122,301.0
★ Kukri Knife | Fade (Factory New),True,True,True,0.0955,0.418945295545916,369,summary,True,True,True,True,True,181.98,50,0.0078591027001301,0.0064125207118975,120,4.568930080599074,3.3796948131794053,0.9659275806582104,2.4,0.0328719528269789,-0.0006832378116495,0.0093108358791862,0.062521542227128,0.0516926191421503,-0.0153082670908188,2026-06-19T23:32:34.224558+00:00,ok,,best_deal,2026-05-21T07:32:26.745518+00:00,,True,8,190.975,192.51,1/1,224.2954,222.482,214.9015,217.1803,227.4282,233.9689,202.651,287.685,8.501021420858383,0.0519694507935635,7,3,True,True,True,True,True,True,B,0.3553571428571428,316.0
★ Huntsman Knife | Rust Coat (Battle-Scarred),True,True,True,0.1081,0.4058064680720791,57,summary,True,True,True,True,True,56.59,50,0.0050741072280662,0.0061802480908431,73,10.060782694300654,7.107697940134025,0.9280001168070784,1.46,0.051092446760506,0.0079773609775159,0.0182185934212515,0.1003199047210181,0.1003199047210181,-0.0581841700312064,2026-06-19T23:46:48.173924+00:00,ok,,best_deal,2026-05-21T05:37:45.766910+00:00,,True,8,56.37375,56.6625,1/1,69.3783,68.489,63.5578,64.965,71.945,72.8946,61.684,108.199,13.45781029514992,0.0538075362657248,7,3,True,True,True,True,True,True,C,0.1790816326530612,403.0
M4A4 | Tooth Fairy (Field-Tested),True,True,True,0.0942,0.3894792518151657,400,summary,True,True,True,True,True,4.09,50,0.0087034888573396,0.0060835936337944,2830,5.711629142591486,3.409267007593385,0.9655635062611804,56.6,0.0040862656072644,-0.0039148947761169,-0.0138267636037948,0.0637576305674879,0.0117567262039338,0.0098192684498699,2026-06-19T23:27:44.763095+00:00,ok,,best_deal,2026-04-18T00:17:48.200929+00:00,,True,8,4.65375,4.695,1/1,4.5171,4.472,4.318,4.369,4.627,4.772,4.17,5.173,10.050696243164875,-0.0317425569176881,7,3,True,True,True,True,True,True,A,0.9816326530612245,10.0
AK-47 | Wintergreen (Factory New),True,True,True,0.3299,3.5887380593262943,400,summary,True,True,True,True,True,8.44,50,0.0096515651515931,0.0060026040486612,796,6.662522298502625,3.7434455916536047,0.9618877270225646,15.92,-0.0768519741185792,-0.0156327763405379,-0.0550342424614942,0.168502360177371,0.0,-0.0032148835908828,2026-06-19T23:22:50.919308+00:00,ok,,best_deal,2026-04-17T01:47:46.079910+00:00,,True,8,10.7725,10.885,1/1,7.3996,7.268,6.991,7.085,7.578,7.8455,3.855,13.82,11.54792150927078,-0.0264587104860047,7,3,True,True,True,True,True,True,A,0.8448979591836735,77.0
StatTrak™ USP-S | Guardian (Field-Tested),True,True,True,0.1031,0.9659320955520853,248,summary,True,True,True,True,True,4.77,50,0.0047259205932308,0.0056892230576441,115,3.591090031337353,6.175997289743377,0.9374399450926562,2.3,0.0415762834417932,0.0024988727514318,0.0272223830508706,0.1400555362721276,0.1112460951058658,-0.0466637735066452,2026-06-19T23:49:55.040836+00:00,ok,,best_deal,2026-05-12T18:11:26.023564+00:00,,True,8,5.22,5.24625,1/1,5.9035,5.828,5.4634,5.6705,5.8825,6.11,4.395,17.51,10.952824595578898,-0.0143687991789258,7,3,True,True,True,True,True,True,C,0.33418367346938777,330.0
MP9 | Airlock (Field-Tested),True,True,True,0.0757,0.303030303030303,101,summary,True,True,True,True,True,11.48,50,0.005759514094692,0.0054695152965112,166,5.2625576851436495,8.188059270297188,0.9191320018020724,3.32,0.0508620017162027,0.0033471212136574,0.0175009100235061,0.1029619181946403,0.0991017741815753,-0.0634114036719816,2026-06-19T23:43:30.437980+00:00,ok,,best_deal,2026-04-18T06:33:52.486003+00:00,,True,8,12.1775,12.2475,1/1,13.1533,13.318,12.241,12.8558,13.548,13.769,11.342,14.256,11.616856606326934,0.0071775700934579,7,3,True,True,True,True,True,True,B,0.4755102040816327,258.0
StatTrak™ Glock-18 | Shinobu (Battle-Scarred),True,True,True,0.2126,0.7898660294164297,156,summary,True,True,True,True,True,7.93,50,0.0058528272402039,0.0054122697398871,238,5.76763749920336,5.654196673252183,0.9408769825403172,4.76,-0.059458772709948,-0.0119313740668299,-0.0303336020677904,0.0900986086721599,0.0152640821288666,-0.0354806898238536,2026-06-19T23:42:40.966968+00:00,ok,,best_deal,2026-05-11T18:14:57.887334+00:00,,True,8,8.67875,8.72875,1/1,7.8455,7.503,7.0594,7.317,7.7695,8.3551,4.661,29.944,16.515199796061435,-0.0096321070234113,7,3,True,True,True,True,True,True,B,0.5933673469387756,201.0
USP-S | Jawbreaker (Battle-Scarred),True,True,True,0.1402,0.5114043162524292,150,summary,True,True,True,True,True,3.68,50,0.0047248936770972,0.0053908355795148,1514,4.494041607756008,5.3524540496869255,0.946532156368222,30.28,-0.0568011958146488,-0.0076641816917103,-0.0193404108391638,0.074484944532488,0.0,-0.0188943119320158,2026-06-19T23:50:15.027959+00:00,ok,,best_deal,2026-04-19T07:50:29.904825+00:00,,True,8,3.6925,3.71,2/2,3.9608,3.965,3.753,3.87,4.048,4.202,2.919,4.462,11.336093718440717,-0.0516032064128256,7,3,True,True,True,True,True,True,A,0.9346938775510204,33.0
Glock-18 | Snack Attack (Field-Tested),True,True,True,0.0749,0.3600587102100725,92,summary,True,True,True,True,True,17.85,50,-0.0008863190872332,0.0052219321148824,62,6.513681456448286,13.95273754916184,0.8626818247467349,1.24,-0.0433883475840127,-0.0044087526320322,,0.0570383304232144,0.0064230481416811,-0.1334087342121683,2026-06-20T00:31:12.726603+00:00,ok,,best_deal,2026-04-17T19:23:22.903489+00:00,,True,8,18.51125,18.5,1/1,23.8498,24.2335,20.9058,23.3863,24.9398,25.7036,14.762,31.449,20.11673053862088,0.0014571797327116,7,3,True,True,True,True,True,True,C,0.10255102040816327,440.0
M4A1-S | Solitude (Factory New),True,True,True,0.1327,0.9944554582641116,400,summary,True,True,True,True,True,32.04,50,0.0040064540895788,0.0051778033250735,208,6.010003556960148,3.1833219489623503,0.9667324583045496,4.16,-0.0542919910832552,-0.00947428318985,-0.0323148405819916,0.1262106072252113,0.0,-0.0135737713675004,2026-06-19T23:55:44.021551+00:00,ok,,best_deal,2026-04-17T22:16:05.964311+00:00,,True,8,35.34375,35.5125,1/1,31.7687,30.399,29.3877,29.5177,31.427,35.3088,27.658,70.994,18.63815642440515,-0.0065331749533343,7,3,True,True,True,True,True,True,B,0.5709183673469388,210.0
Desert Eagle | Printstream (Field-Tested),True,True,True,0.0823,0.7267615445859873,400,summary,True,True,True,True,True,38.1,50,0.0063930413734968,0.0050968388341197,884,4.305335907943145,3.497129776061369,0.9648972790458024,17.68,-0.0070007203313524,-0.0059672835900195,-0.0080667369767662,0.0563779384761862,0.0,-0.0031507189492354,2026-06-19T23:40:15.952609+00:00,ok,,best_deal,2026-04-17T07:52:31.522264+00:00,,True,8,44.03875,44.32,1/1,45.7804,45.609,44.008,44.629,46.6,47.984,40.544,51.782,8.684939406383515,-0.0533690987124464,7,3,True,True,True,True,True,True,A,0.8653061224489796,67.0
StatTrak™ UMP-45 | K.O. Factory (Field-Tested),True,True,True,0.1519,0.41155203703968346,80,summary,True,True,True,True,True,5.99,50,0.0078379927988235,0.0049679297997087,228,6.05469032435325,8.155828380547483,0.9190585533869116,4.56,0.0819087260294335,0.0072355692498313,0.0346946616426655,0.1045616927727396,0.1045616927727396,-0.0588187951750101,2026-06-19T23:32:49.013251+00:00,ok,,best_deal,2026-05-12T14:50:02.910536+00:00,,True,8,7.5725,7.6425,1/1,6.9153,6.968,6.404,6.7873,7.206,7.3,5.017,7.468,12.95677700172082,0.0505196304849884,7,3,True,True,True,True,True,True,B,0.5836734693877551,205.0
SCAR-20 | Bloodsport (Minimal Wear),True,True,True,0.0975,0.3329471964158312,45,summary,True,True,True,True,True,12.26,47,0.0150077073671199,0.0047983212213396,105,6.400596792241705,7.086907870197683,0.9294519530669836,2.234042553191489,0.0382591326393422,0.0029342495558157,0.0136952442117059,0.0818380258241148,0.0469495726811942,-0.0456664567346758,2026-06-19T22:57:22.891386+00:00,ok,,best_deal,2026-04-19T04:56:11.076284+00:00,,False,8,14.13,14.35,1/2->2/2,13.405,13.466,12.516,13.035,13.893,13.986,11.499,14.656,10.966057441253268,0.0058425126525751,7,3,True,True,True,True,True,True,C,0.31785714285714284,338.0
USP-S | Jawbreaker (Field-Tested),True,True,True,0.1219,0.8941376837576194,400,summary,True,True,True,True,True,4.3,50,0.0057896292558697,0.0041736227045074,3350,3.694314439244229,3.293465071936214,0.9669205658324264,67.0,-0.0107921433196632,-0.0055519912696931,-0.0056550370404191,0.0495308749727253,0.0120008727907485,0.0095051567906322,2026-06-19T23:43:01.160845+00:00,ok,,best_deal,2026-04-19T07:50:35.357484+00:00,,True,8,4.54625,4.57375,2/2,4.6152,4.595,4.443,4.5095,4.68,4.816,4.316,5.191,8.081989946264523,0.0121466431095407,7,3,True,True,True,True,True,True,A,0.9877551020408163,7.0
AK-47 | Slate (Minimal Wear),True,True,True,0.1659,2.8775467338794374,400,summary,True,True,True,True,True,7.37,50,0.007407549268396,0.0040650406504065,2022,5.327320370224577,5.803034222157245,0.9421654337592468,40.44,-0.0094404003639673,-0.0034525043457881,-0.0081372727064227,0.0694683660581006,0.0130899069927659,-0.0182743980184329,2026-06-19T23:35:55.624947+00:00,ok,,best_deal,2026-04-17T01:43:08.326492+00:00,,True,8,8.20625,8.28625,1/1,8.8919,8.922,8.406,8.621,9.0947,9.425,8.027,10.278,11.459867969725256,-0.0533695652173912,7,3,True,True,True,True,True,True,A,0.9591836734693877,21.0
UMP-45 | Wild Child (Factory New),True,True,True,0.2317,0.6195736116636633,91,summary,True,True,True,True,True,26.02,50,0.0082214535235724,0.0039776895823943,125,1.756715350832396,2.6023899499540413,0.9712220465326404,2.5,0.0079657699485637,-0.0144322423408679,-0.0119143286530697,0.1799132947976878,0.0177474710982657,-0.0069210850889624,2026-06-19T23:29:32.510351+00:00,ok,,best_deal,2026-04-18T22:23:49.191134+00:00,,True,8,25.90125,26.115,1/1,24.4775,22.135,21.498,21.823,22.253,32.134,5.348,55.34,43.452149933612496,0.0147092517069147,7,3,True,True,True,True,True,True,B,0.373469387755102,308.0
AWP | Ice Coaled (Battle-Scarred),True,True,True,0.2038,2.300632629421723,170,summary,True,True,True,True,True,5.26,50,0.0105615826534065,0.0037832511598819,861,3.1729354906493104,3.2359739441059028,0.96759941089838,17.22,-0.0158499948202629,-0.0002639106543942,-0.0200404369210613,0.1138947368421053,0.0246315789473684,0.003412810665087,2026-06-19T23:17:15.443666+00:00,ok,,best_deal,2026-04-17T04:41:41.013982+00:00,,True,8,5.24625,5.3025,1/1,4.759,4.753,4.599,4.661,4.812,4.891,4.067,7.479,6.135742803109893,0.0016870518768452,7,3,True,True,True,True,True,True,A,0.8612244897959184,69.0
StatTrak™ P2000 | Wicked Sick (Minimal Wear),True,True,True,0.1737,0.5811890899225777,65,summary,True,True,True,True,True,7.05,40,0.0132853053593305,0.0034825870646766,136,10.577742084641406,8.615025187997375,0.9116656269494696,3.4,0.1288443300365804,0.0124657829193427,0.0477914626993658,0.1323811809889581,0.1244599135861738,-0.0599958929909195,2026-06-19T23:06:44.784321+00:00,ok,,best_deal,2026-05-12T05:34:12.459078+00:00,,False,8,9.86625,9.98875,1/1->1/1,8.2182,8.015,7.307,7.5667,8.436,8.9495,7.023,14.077,19.986128349273567,0.0408494690818237,7,3,True,True,True,True,True,True,B,0.42117346938775513,284.0
AK-47 | Ice Coaled (Battle-Scarred),True,True,True,0.1161,1.0828300258843833,154,summary,True,True,True,True,True,4.41,50,0.0141060214206922,0.0033860045146726,1602,4.58103083465149,3.61552209371598,0.9636288489357304,32.04,0.0076636288318143,-0.0022505702817367,0.0011278004856773,0.0760534429599178,0.0308324768756424,0.0083316012564992,2026-06-19T23:02:12.695727+00:00,ok,,best_deal,2026-04-17T00:44:09.512204+00:00,,True,8,4.48,4.5425,1/1,4.8679,4.839,4.663,4.755,4.978,5.0653,4.393,5.654,8.264343967624633,-0.0137847151834582,7,3,True,True,True,True,True,True,A,0.9408163265306122,30.0
Zeus x27 | Olympus (Battle-Scarred),True,True,True,0.073,0.22191490045991055,41,summary,True,True,True,True,True,3.16,49,0.0085202371901617,0.0032310936651772,465,12.572900098462474,7.321568330429954,0.9258501661979034,9.489795918367347,-0.0308962264150943,0.0063025667540264,0.0227415517499889,0.1090289608177173,0.0771477245071794,-0.0442801053348025,2026-06-19T23:28:23.162166+00:00,ok,,best_deal,2026-05-20T22:06:23.213354+00:00,,False,8,3.05,3.07625,1/1->1/1,3.9609,3.911,3.621,3.716,4.214,4.375,2.312,4.492,19.03607765911788,0.083597046413502,7,3,True,True,True,True,True,True,A,0.7489795918367347,125.0
Tec-9 | Urban DDPAT (Factory New),True,True,True,0.1285,0.3633156966490299,52,summary,True,True,True,True,True,6.53,46,0.0164033249685094,0.0030674846625766,81,5.244493282053843,6.118575495729487,0.9296381390005743,1.7608695652173914,-0.003882099209202,-0.011159666904095,-0.0415476798610925,0.2859411085450347,0.066108545034642,-0.0359615122032978,2026-06-19T22:53:04.980811+00:00,ok,,best_deal,2026-04-18T20:33:41.873651+00:00,,False,8,6.84625,6.97875,1/1->1/1,4.0042,3.482,3.237,3.35,3.56,3.973,2.654,22.165,18.38070026472204,0.0323349724333184,7,3,True,True,True,True,True,True,C,0.2125,388.0
AWP | Duality (Battle-Scarred),True,True,True,0.1602,1.1071418832319817,167,summary,True,True,True,True,True,3.42,50,0.0093002915451895,0.0029154518950437,1394,7.59549206175108,5.401848144999864,0.9452321378926885,27.88,0.012243735763098,-0.0073398440497847,-0.0008942612021892,0.0759493670886076,0.0213783403656821,-0.0155062461268571,2026-06-19T23:25:04.401758+00:00,ok,,best_deal,2026-04-17T03:56:30.469660+00:00,,True,8,3.4325,3.465,1/1,3.6469,3.597,3.4,3.501,3.778,3.883,2.945,6.653,13.244125147385452,-0.0055944055944056,7,3,True,True,True,True,True,True,A,0.926530612244898,37.0
AK-47 | Redline (Field-Tested),True,True,True,0.334,2.1675570977454655,400,summary,True,True,True,True,True,32.94,50,0.0048669361101827,0.0029011830428964,604,5.095352598910913,2.1004913923293804,0.9782217041119118,12.08,0.010687348418219,-0.0002010018089766,-2.653636804739179e-06,0.0302462950266335,0.0157955804018774,0.0061941770666538,2026-06-19T23:48:06.662871+00:00,ok,,best_deal,2026-04-17T01:41:17.496518+00:00,,True,8,32.6075,32.7675,1/1,39.1337,37.744,36.922,37.251,39.245,42.857,29.653,87.264,15.165956707390311,0.0112803008080213,7,3,True,True,True,True,True,True,A,0.7964285714285715,100.0
AWP | Green Energy (Factory New),True,True,True,0.1994,1.315224932661497,140,summary,True,True,True,True,True,93.78,50,0.0002558952141678,0.002864698104892,60,3.930121129406,3.6904163307872966,0.9627222950048708,1.2,-0.0638229961953884,-0.0100993399559535,-0.0769615422214401,0.3326196353321423,0.0228292443438295,-0.029799814477261,2026-06-20T00:19:13.999906+00:00,ok,,best_deal,2026-04-17T03:59:54.860258+00:00,,True,8,116.27375,116.38375,1/1,75.1758,74.4225,71.6482,73.3375,76.292,78.1342,63.653,100.335,8.627776491902987,-0.0101914095191814,7,3,True,True,True,True,True,True,C,0.08724489795918368,450.0
★ Navaja Knife | Doppler (Factory New),True,True,True,0.4667,1.6099183687371565,147,summary,True,True,True,True,True,118.52,50,0.0074665791574066,0.0028405061006181,63,10.630768315330917,3.965437867394898,0.9572706104680592,1.26,0.0368425240709795,0.0097185410315933,0.0162232319752047,0.2079112304937323,0.112720644666155,-0.0251056307335943,2026-06-19T23:35:22.884019+00:00,ok,,best_deal,2026-05-21T09:46:55.795517+00:00,,True,8,130.625,131.56375,1/1,159.6545,148.165,141.834,144.675,161.6475,167.1892,126.501,353.312,15.881293668515449,0.0152587494318552,7,3,True,True,True,True,True,True,C,0.11505102040816326,437.0
AWP | Chrome Cannon (Battle-Scarred),True,True,True,0.1027,0.36090974145172827,93,summary,True,True,True,True,True,27.92,50,0.0034547283656884,0.0027051894634714,389,8.677918891136377,7.868819842822554,0.9219561928566732,7.78,0.0125930356193515,0.0007139312240067,0.0008454659590355,0.0903691550451189,0.0569319114027892,-0.056363579744415,2026-06-19T23:59:42.712025+00:00,ok,,best_deal,2026-04-17T03:53:25.820185+00:00,,True,8,27.73875,27.835,1/1,30.157,30.406,28.033,28.792,31.409,32.378,20.883,33.826,14.407931823457238,-0.0176643135738,7,3,True,True,True,True,True,True,A,0.7193877551020408,138.0
Glock-18 | Blue Fissure (Minimal Wear),True,True,True,0.4575,5.522550643977189,185,summary,True,True,True,True,True,10.3,50,0.0060296219558748,0.0025399772161512,55,8.375625183877608,5.0180200058840905,0.9293645658082048,1.1,0.005035113290049,0.0052173778323258,0.0059023047759159,0.3492419248516809,0.0383651944627554,-0.0377061922082877,2026-06-19T23:41:53.730318+00:00,ok,,best_deal,2026-04-17T18:19:38.181104+00:00,,True,8,11.61125,11.68375,1/1,10.8768,7.727,7.1812,7.359,8.27,9.6,6.012,124.957,22.238158281847603,0.0126159802416394,7,3,True,True,True,True,True,True,C,0.04438775510204082,471.0
Nova | Moon in Libra (Factory New),True,True,True,0.2346,0.6671239924541242,82,summary,True,True,True,True,True,9.65,50,0.0191193032582404,0.0025161036713736,56,6.556053066023725,12.037245982635966,0.8784043191361727,1.12,0.0427207637231503,0.0034200263754284,,0.1411078049897002,0.1013962005035476,-0.0947264393495442,2026-06-19T22:43:35.320475+00:00,ok,,best_deal,2026-04-18T10:28:09.137595+00:00,,True,8,10.57125,10.83875,1/1,8.4197,8.335,7.3215,8.186,8.738,9.719,5.56,11.892,28.47488627860849,0.1128374936321954,7,3,True,True,True,True,True,True,C,0.05510204081632654,466.0
AK-47 | Phantom Disruptor (Battle-Scarred),True,True,True,0.0559,0.25346039269902404,41,summary,True,True,True,True,True,6.28,43,-0.0033804780506421,0.0024981167467361,354,4.277760543373561,2.62870018123336,0.9735153808192136,8.232558139534884,-0.025807498782665,-0.0061195731966972,,0.0447350883038987,0.0,-0.0103610388393051,2026-06-20T00:48:48.323944+00:00,ok,,best_deal,2026-04-17T00:53:01.426295+00:00,,False,8,6.27125,6.25,1/1->1/1,6.1247,6.079,5.918,5.994,6.256,6.349,5.568,6.736,7.037079367152678,-0.0116910917174379,7,3,True,True,True,True,True,True,A,0.7130102040816326,142.0
AK-47 | Slate (Battle-Scarred),True,True,True,0.1461,0.6837530444886377,400,summary,True,True,True,True,True,4.16,50,0.0029289446603713,0.0024009638443091,2032,4.637200654136514,3.965142588319622,0.9602336553583464,40.64,-0.0480852915578764,-0.0034048344036134,,0.0713142857142857,0.0,-0.0043322668060549,2026-06-20T00:03:37.817624+00:00,ok,,best_deal,2026-04-17T01:42:54.010609+00:00,,True,8,4.3375,4.35,1/1,4.4639,4.451,4.274,4.333,4.54,4.717,4.167,4.992,9.924057438562684,-0.0177368657386618,7,3,True,True,True,True,True,True,A,0.9612244897959183,20.0
P250 | Visions (Factory New),True,True,True,0.2196,0.7222746967720655,183,summary,True,True,True,True,True,21.86,50,0.0042333599298102,0.0022579167090927,208,2.2614568018141465,3.038949388222981,0.9689911639438052,4.16,-0.0290871997774411,-0.0023684882020195,-0.011973542544743,0.0553326965934415,0.0125437758675581,-0.0119031399198753,2026-06-19T23:54:01.933911+00:00,ok,,best_deal,2026-04-18T14:31:19.053885+00:00,,True,8,21.55875,21.65,1/1,16.0516,15.731,15.2432,15.617,15.98,16.219,1.685,31.2,6.079144758154959,0.0,7,3,True,True,True,True,True,True,B,0.5709183673469388,211.0
M4A1-S | Vaporwave (Field-Tested),True,True,True,0.0697,0.3155927472841765,400,summary,True,True,True,True,True,58.72,50,0.0038136713745701,0.002230667547918,195,6.309225602044332,8.263282902791785,0.9177315147164392,3.9,0.014322150284481,-0.0048256814468723,0.0024752949588333,0.0944480263629199,0.0777276309191202,-0.0650152360527774,2026-06-19T23:57:26.395051+00:00,ok,,best_deal,2026-04-17T22:17:12.398169+00:00,,True,8,60.1275,60.35875,1/1,69.3429,69.65,63.92,66.57,70.945,73.2316,53.082,85.499,13.4283394550848,-0.0020018588689497,7,3,True,True,True,True,True,True,B,0.5331632653061225,229.0
AK-47 | Rat Rod (Field-Tested),True,True,True,0.0567,0.45887606230837286,154,summary,True,True,True,True,True,4.73,50,0.0035391955032279,0.0021097046413502,711,5.708761946450729,4.888013423798056,0.9512992912956568,14.22,-0.0602150537634409,-0.0125043589664753,-0.0355885944666281,0.0911517925247903,0.0,-0.0216926456860615,2026-06-19T23:59:29.174610+00:00,ok,,best_deal,2026-04-17T01:40:17.504423+00:00,,True,8,5.06375,5.08,1/1,5.4828,5.503,5.235,5.321,5.634,5.665,4.922,6.101,7.8427081053476275,-0.0512031843676498,7,3,True,True,True,True,True,True,A,0.8244897959183674,87.0
StatTrak™ AK-47 | Nightwish (Field-Tested),True,True,True,0.0961,0.31925004535747514,63,summary,True,True,True,True,True,59.35,50,0.0030544530449794,0.001878588934558,146,5.471418313706463,8.959677021056194,0.911772041401671,2.92,0.0635724331926865,0.006695033623914,,0.0907768507609819,0.0907768507609819,-0.0746765958251734,2026-06-20T00:02:35.012245+00:00,ok,,best_deal,2026-05-11T08:02:47.806251+00:00,,True,8,64.45,64.67125,1/1,78.9649,80.19,73.115,76.831,81.1515,83.082,65.913,95.633,12.622063727048346,0.0373113854595337,7,3,True,True,True,True,True,True,B,0.4224489795918367,281.0
Galil AR | Rainbow Spoon (Factory New),True,True,True,0.1728,0.6902528592750813,400,summary,True,True,True,True,True,83.94,50,0.0019147403490649,0.0016611295681063,64,7.100697079737975,3.915819156264966,0.960097269320007,1.28,-0.0172792915936171,-0.0177722731720085,,0.1932933190209094,0.0104243835326491,-0.0300847542735756,2026-06-20T00:08:19.574367+00:00,ok,,best_deal,2026-04-17T17:28:23.298718+00:00,,True,8,86.17125,86.35125,1/1,68.5144,67.236,64.5531,65.6975,70.5625,74.3483,51.738,96.006,14.296556636269155,0.0105341960322979,7,3,True,True,True,True,True,True,C,0.12397959183673471,430.0
M4A4 | Hellish (Battle-Scarred),True,True,True,0.1634,0.4585288339532695,35,summary,True,True,True,True,True,22.34,34,0.0182385050663091,0.0015100037750094,281,3.6690356503148895,3.536141445657817,0.9645730824891464,8.264705882352942,0.0024290538539013,-0.00311370483745,0.011649821657949,0.12677304964539,0.0892434988179669,0.0022137233446778,2026-06-19T22:46:04.324325+00:00,ok,,best_deal,2026-04-17T23:12:57.497105+00:00,,False,8,25.375,25.91,1/1->1/1,17.307,17.275,16.663,16.92,17.555,17.921,13.834,20.744,7.268735193852194,-0.030205766034275,7,3,True,True,True,True,True,True,B,0.6653061224489796,166.0
AWP | Hyper Beast (Field-Tested),True,True,True,0.0747,0.2912381521979378,276,summary,True,True,True,True,True,36.96,50,0.0036650140674647,0.0014868913934384,140,6.329150542635316,3.377979932395897,0.9652750772046208,2.8,-0.0311119006906352,-0.0063843572208355,0.0006521079146377,0.1236649094659637,0.0785239514095806,-0.018519113324158,2026-06-19T23:59:09.490095+00:00,ok,,best_deal,2026-04-17T04:41:25.995948+00:00,,True,8,39.64,39.81125,1/1,44.9381,43.715,42.197,42.673,45.5172,48.017,34.897,116.083,12.951148357407192,0.0117570669944113,7,3,True,True,True,True,True,True,B,0.40816326530612246,290.0
USP-S | Cortex (Well-Worn),True,True,True,0.1362,1.6474464579901154,145,summary,True,True,True,True,True,3.77,50,0.0029992031746486,0.0013227513227512,934,4.1368935690109065,4.538046884793783,0.9544539506794162,18.68,-0.0072518129532382,-0.0043072856044882,,0.0477329974811083,0.0212846347607053,-0.0165007637913827,2026-06-20T00:03:07.541886+00:00,ok,,best_deal,2026-04-18T22:26:49.389629+00:00,,True,8,3.73375,3.745,1/1,3.9885,3.974,3.793,3.899,4.064,4.195,3.321,4.539,10.078977059044757,0.0182097973839445,7,3,True,True,True,True,True,True,A,0.8913265306122449,54.0
P90 | Shallow Grave (Field-Tested),True,True,True,0.099,0.29142489386217146,113,summary,True,True,True,True,True,34.65,50,0.008335616656613,0.0012857372110001,118,4.567459231858033,15.085937221224412,0.8538902840817455,2.36,-0.0599899138089126,-0.0037148046665586,-0.0293214519708526,0.1297827200234107,0.0,-0.1319969700078342,2026-06-19T23:28:35.357314+00:00,ok,,best_deal,2026-04-18T15:48:44.230197+00:00,,True,8,41.97125,42.325,1/1,42.0365,43.403,37.0614,42.0785,43.9985,45.151,16.585,48.484,19.244228230228504,-0.064994584734652,7,3,True,True,True,True,True,True,C,0.3433673469387755,323.0
R8 Revolver | Grip (Factory New),True,True,True,0.1855,0.5253260902008775,37,summary,True,True,True,True,True,3.07,29,0.0036908958911538,0.0012562814070352,61,8.188944924352132,9.58705747241224,0.8919527293190771,2.103448275862069,-0.0509259259259259,-0.0211399625463342,-0.0849863797109038,0.3182926829268291,0.0780487804878048,-0.0823427886021612,2026-06-19T23:58:54.084069+00:00,ok,,best_deal,2026-04-19T04:00:38.544743+00:00,,False,8,3.77625,3.7925,2/2->1/2,2.0027,1.777,1.585,1.7,1.864,3.028,1.48,6.06,72.05272881609828,-0.0853318460680424,7,3,True,True,True,True,True,True,C,0.14821428571428572,418.0
Tec-9 | Whiteout (Minimal Wear),True,True,True,0.2956,3.548655392292764,400,summary,True,True,True,True,True,31.85,50,0.0010397298058103,0.001233045622688,100,4.228534072938246,6.056316363758718,0.9357553507463638,2.0,-0.0371592446993621,-0.0069260640388591,,0.1167840218468046,0.0,-0.0499810087373836,2026-06-20T00:13:57.803572+00:00,ok,,best_deal,2026-04-18T20:34:40.615948+00:00,,True,8,32.4525,32.48625,1/1,41.6078,39.2235,36.7036,38.1313,39.8907,48.7684,34.891,111.718,28.99648623575387,-0.0548596877451352,7,3,True,True,True,True,True,True,C,0.29056122448979593,348.0
Desert Eagle | Mecha Industries (Minimal Wear),True,True,True,0.0668,0.3274125283776539,264,summary,True,True,True,True,True,8.31,50,0.0017866988525689,0.0011911890322636,592,4.998650364401612,4.138882501724549,0.9582871536523928,11.84,0.0310444078947367,0.0018789155195811,0.0073321338757741,0.0404785643070788,0.0393818544366898,-0.0174308256900199,2026-06-20T00:09:25.385286+00:00,ok,,best_deal,2026-04-17T07:00:15.779679+00:00,,True,8,8.365,8.379999999999999,1/1,10.0027,9.925,9.511,9.705,10.205,10.716,7.703,13.69,12.046747378207884,0.0103757429233404,7,3,True,True,True,True,True,True,A,0.789795918367347,104.0
AK-47 | Searing Rage (Battle-Scarred),True,True,True,0.0987,0.4770642201834862,221,summary,True,True,True,True,True,4.67,50,0.0122819576473011,0.0010799136069113,1546,5.324346421520736,4.666281133467605,0.9530780028072988,30.92,-0.0349162011173184,-0.0039437019194712,-0.007910635651848,0.0512714492454,0.0008269588587966,-0.0042995960338011,2026-06-19T23:10:09.068715+00:00,ok,,best_deal,2026-04-17T01:42:30.983310+00:00,,True,8,4.72125,4.7875,1/1,5.0147,4.987,4.753,4.837,5.104,5.348,4.377,5.731,11.86511655732147,-0.0366460864369647,7,3,True,True,True,True,True,True,A,0.9387755102040817,31.0
Five-SeveN | Heat Treated (Field-Tested),True,True,True,0.0508,0.3995362894878485,400,summary,True,True,True,True,True,4.71,50,-0.00186962003286,0.0010526315789473,472,4.173562639418578,2.8303470773068606,0.9710073710073708,9.44,-0.0298893857378206,-0.0017119537783763,-0.0187473682692305,0.1060164968461911,0.0351770984958757,-0.0097990808326037,2026-06-20T00:38:40.321572+00:00,ok,,best_deal,2026-04-17T12:01:09.086996+00:00,,True,8,4.74375,4.735,1/1,4.1691,4.07,3.952,3.983,4.157,4.24,3.06,16.361,6.907965748003172,0.036459642946945,7,3,True,True,True,True,True,True,A,0.75,124.0
AK-47 | Slate (Factory New),True,True,True,0.1972,1.8380264545970948,400,summary,True,True,True,True,True,19.8,50,0.0031166851361502,0.0009722377284061,317,4.881370844595595,4.119978511816387,0.9577146826430494,6.34,0.0207405407837313,-0.0014349160786067,,0.1024109661495063,0.0751718970380816,-0.0207691787836922,2026-06-20T00:02:10.889083+00:00,ok,,best_deal,2026-04-17T01:42:58.587749+00:00,,True,8,21.69,21.76125,1/1,23.6409,23.034,22.06,22.65,23.804,26.246,20.762,34.035,17.706601694520938,-0.0210985028260776,7,3,True,True,True,True,True,True,B,0.6790816326530611,157.0
★ Paracord Knife | Doppler (Factory New),True,True,True,0.4728,1.6581776953231013,315,summary,True,True,True,True,True,426.43,50,0.0036919042262514,0.0008438514206189,56,11.77655012346638,6.569853129779039,0.9290751214729804,1.12,0.0338363470794851,0.0106275620597447,0.0245238485071772,0.0965689191205417,0.0965689191205417,-0.0554799098529639,2026-06-19T23:58:36.711438+00:00,ok,,best_deal,2026-05-21T10:46:03.659506+00:00,,True,8,420.35375,421.7125,1/1,288.4996,267.2405,248.2865,251.276,285.2513,316.182,200.67,870.405,23.534001433624184,0.1068912960427874,7,3,True,True,True,True,True,True,C,0.05510204081632654,468.0
AK-47 | Head Shot (Minimal Wear),True,True,True,0.116,0.43844825714141533,297,summary,True,True,True,True,True,61.5,50,0.0009317828764237,0.0006405124099279,244,5.703427823864555,3.8671911756224726,0.9594832246780092,4.88,0.0089714933096543,0.0047622315518053,0.0194705344765171,0.073424981791697,0.073424981791697,-0.0223525823582782,2026-06-20T00:14:22.464761+00:00,ok,,best_deal,2026-04-17T00:43:08.161862+00:00,,True,8,62.58875,62.6475,1/1,65.8902,62.89,60.3419,61.4535,65.2115,78.3194,53.981,107.011,27.28402706320515,0.0638943596035255,7,3,True,True,True,True,True,True,B,0.6005102040816327,197.0
★ Specialist Gloves | Marble Fade (Field-Tested),True,True,True,0.2044,0.6320700915385835,276,summary,True,True,True,True,True,150.51,50,0.0006388948621516,0.0003535265154185,57,12.91193711261938,8.860137810052485,0.902536129953216,1.14,-0.0001200742277045,0.0106646415796505,,0.1364152447079117,0.0474896014148625,-0.0813542077713894,2026-06-20T00:15:51.049598+00:00,ok,,best_deal,2026-05-21T22:01:17.199933+00:00,,True,8,207.0775,207.26875,1/1,211.1457,191.946,173.2382,183.223,210.486,272.8424,162.395,471.14,47.17320788441346,-0.0770416645674846,7,3,True,True,True,True,True,True,C,0.06581632653061224,462.0
Desert Eagle | Mecha Industries (Factory New),True,True,True,0.1966,0.7875600604862643,189,summary,True,True,True,True,True,17.7,50,-0.0018834560655961,0.0002713026050086,152,8.13078139555036,6.726457399103124,0.9328830045933532,3.04,-0.0332278481012657,-0.008611688785157,-0.0227176900438005,0.1621350509476797,0.0709043873079562,-0.0570204027544152,2026-06-20T00:38:51.265301+00:00,ok,,best_deal,2026-04-17T07:00:07.313081+00:00,,True,8,18.04,18.005,1/1,18.4644,18.505,17.263,17.668,19.1693,20.023,11.667,23.205,14.947683109118076,0.0444732416112934,7,3,True,True,True,True,True,True,B,0.42959183673469387,278.0
AK-47 | Ice Coaled (Field-Tested),True,True,True,0.1581,2.7459234052597417,400,summary,True,True,True,True,True,4.81,50,0.0022761518077925,0.0,5317,2.4277456647398736,3.1406551059730297,0.9685024154589372,106.34,-0.0197582965662765,-0.0053385537800071,,0.0569471624266145,0.0086105675146771,0.0114848325670825,2026-06-20T00:07:08.448338+00:00,ok,,best_deal,2026-04-17T00:44:20.954256+00:00,,True,8,5.0425,5.05375,1/1,5.19,5.175,5.012,5.113,5.239,5.347,4.904,5.759,6.454720616570343,-0.0140845070422533,7,3,True,True,True,True,True,True,A,0.9979591836734694,2.0
AK-47 | Slate (Well-Worn),True,True,True,0.4365,8.232033906199058,400,summary,True,True,True,True,True,4.2,50,0.0017786583512512,0.0,2751,5.308745459625591,4.320072216132579,0.9566996984058594,55.02,-0.0365287162162162,-0.0092256289632668,,0.0705676090291475,0.0138067061143983,-0.0064552017203236,2026-06-20T00:09:44.296696+00:00,ok,,best_deal,2026-04-17T01:43:13.806924+00:00,,True,8,4.23125,4.23875,1/1,4.6527,4.642,4.441,4.519,4.766,4.884,4.357,5.289,9.5213531927698,-0.0270788912579958,7,3,True,True,True,True,True,True,A,0.9775510204081632,12.0
AK-47 | Ice Coaled (Minimal Wear),True,True,True,0.0716,0.6599365445630226,400,summary,True,True,True,True,True,8.73,50,0.0001467136150234,0.0,1755,3.8623022990380047,2.751508234143174,0.9723672090881178,35.1,-0.0115183246073299,-0.0081855348788904,-0.0224551093877831,0.0692796610169491,0.0,0.0037817753117048,2026-06-20T00:20:49.574951+00:00,ok,,best_deal,2026-04-17T00:44:26.739444+00:00,,True,8,9.1675,9.16875,1/1,9.8128,9.771,9.501,9.597,9.976,10.212,9.325,10.801,7.245638349910324,-0.0144080183754436,7,3,True,True,True,True,True,True,A,0.9489795918367347,26.0
USP-S | Cortex (Field-Tested),True,True,True,0.1551,2.8866590875389253,400,summary,True,True,True,True,True,4.13,50,0.0,0.0,1753,3.359960837542552,2.6924189492890576,0.9728516939645504,35.06,0.0154798761609906,0.0025180305323064,0.0061184245275951,0.0368031358885016,0.0368031358885016,0.004216324954837,2026-06-20T00:22:32.626947+00:00,ok,,best_deal,2026-04-18T22:26:45.327057+00:00,,True,8,4.20375,4.20375,1/1,4.4941,4.457,4.336,4.4,4.551,4.713,4.258,5.09,8.388776395718827,0.0382093601627853,7,3,True,True,True,True,True,True,A,0.9469387755102041,27.0
Glock-18 | Block-18 (Factory New),True,True,True,0.2539,1.5858233087569524,228,summary,True,True,True,True,True,3.05,50,-0.0004084701233281,0.0,1112,4.776664255949307,4.063780693597819,0.9596856850017084,22.24,-0.058646112600536,-0.011034737317101,-0.0264555042444932,0.0639017443930224,0.0,-0.0137215545849404,2026-06-20T00:25:34.975635+00:00,ok,,best_deal,2026-04-17T18:18:46.984471+00:00,,True,8,3.02625,3.025,1/1,2.9037,2.927,2.809,2.8233,2.962,2.984,2.504,5.745,6.026793401522189,-0.024313997915943,7,3,True,True,True,True,True,True,A,0.9035714285714286,48.0
Glock-18 | Shinobu (Minimal Wear),True,True,True,0.1221,1.1402270513151878,295,summary,True,True,True,True,True,10.05,50,-0.0003760192166274,0.0,933,3.2147952825588315,2.058913832650053,0.9791970802919706,18.66,0.0276911791674308,0.0016321216741642,0.0115803643387286,0.0432726623840113,0.0432726623840113,0.0049065127267944,2026-06-20T00:25:16.200595+00:00,ok,,best_deal,2026-04-17T19:22:46.867779+00:00,,True,8,10.09875,10.095,1/1,11.0738,10.96,10.732,10.836,11.192,11.568,8.721,14.378,7.549350719716812,0.0276911791674308,7,3,True,True,True,True,True,True,A,0.8892857142857142,56.0
MP9 | Arctic Tri-Tone (Field-Tested),True,True,True,0.0738,0.2478847847909368,400,summary,True,True,True,True,True,4.59,50,-0.0028654573820819,0.0,722,1.8686931605830368,1.7191977077363887,0.9828058808871168,14.44,0.0080200501253133,-0.0013771192438898,-0.0144887086591541,0.070611636001989,0.0141720537046246,0.0037155114605485,2026-06-20T00:46:06.534795+00:00,ok,,best_deal,2026-04-18T06:34:24.719460+00:00,,True,8,5.2425,5.2275,1/1,4.0135,4.013,3.944,3.965,4.04,4.0975,3.535,4.304,3.824592001993278,0.0097916143610343,7,3,True,True,True,True,True,True,A,0.8306122448979592,84.0
AWP | Printstream (Field-Tested),True,True,True,0.1686,2.0285755468271414,400,summary,True,True,True,True,True,56.01,50,0.0003111876946698,0.0,604,5.541567542814071,3.980935156054963,0.9599080949685326,12.08,-0.040287503988446,-0.0108753971630764,-0.0218118136085068,0.0836949674529291,0.0,-0.0171660089861148,2026-06-20T00:18:00.756579+00:00,ok,,best_deal,2026-04-17T04:52:53.131131+00:00,,True,8,61.9375,61.94625,1/1,60.4883,60.062,57.654,58.641,61.993,63.9653,54.775,72.148,10.433918625585436,-0.0516743553151238,7,3,True,True,True,True,True,True,A,0.7964285714285715,101.0
StatTrak™ AK-47 | Searing Rage (Field-Tested),True,True,True,0.0714,0.3659137982049513,173,summary,True,True,True,True,True,9.87,50,-0.0040097596702898,0.0,550,5.933372567558443,3.972947680196038,0.95974781291237,11.0,-0.0466525851777022,0.0012512980711374,-0.0196572832372978,0.1119834312686638,0.0375686350062614,-0.0221556115512976,2026-06-20T00:53:10.883921+00:00,ok,,best_deal,2026-05-11T09:04:58.020052+00:00,,True,8,9.8975,9.8575,1/1,10.3651,10.2305,9.8187,9.964,10.579,11.2647,9.029,14.287,13.950661353966671,0.0074728260869565,7,3,True,True,True,True,True,True,A,0.7811224489795918,108.0
M4A1-S | Black Lotus (Factory New),True,True,True,0.2567,1.5182848616528362,400,summary,True,True,True,True,True,20.15,50,-0.0017890674535433,0.0,507,3.3444488993633863,2.3274235030657406,0.9763054407884912,10.14,-0.0438803525841721,-0.0075550258161426,-0.0197716771282288,0.0710831234256925,0.0036775818639798,-0.0041255986674465,2026-06-20T00:38:10.804877+00:00,ok,,best_deal,2026-04-17T21:17:08.343024+00:00,,True,8,20.4475,20.41125,1/1,20.4518,20.089,19.613,19.805,20.489,21.1644,17.432,43.624,7.585640383731511,-0.010616557842795,7,3,True,True,True,True,True,True,A,0.7607142857142857,118.0
AWP | Black Nile (Minimal Wear),True,True,True,0.0764,0.9095879516874597,169,summary,True,True,True,True,True,5.89,50,-0.0001617474531595,0.0,452,11.0910186859554,5.553546313039985,0.9432986870897156,9.04,0.0578578048457567,0.0010774682451399,0.0060070364624207,0.1444305381727158,0.1259073842302878,-0.0356625363273793,2026-06-20T00:23:53.713911+00:00,ok,,best_deal,2026-04-17T03:51:25.432594+00:00,,True,8,6.2275,6.22375,1/1,7.4655,7.312,6.8974,6.994,7.822,8.072,6.517,15.267,15.733708391936227,0.1217183770883054,7,3,True,True,True,True,True,True,A,0.7448979591836735,126.0
AK-47 | Inheritance (Battle-Scarred),True,True,True,0.0947,1.0132305392187768,174,summary,True,True,True,True,True,42.75,50,0.0042440428190542,0.0,409,5.169908080237702,5.234705495746514,0.9477646406798448,8.18,-0.0618227316397433,-0.0113928036459944,-0.0107747236829639,0.1026196713503214,0.0367230292926887,-0.028846158514386,2026-06-19T23:53:41.681660+00:00,ok,,best_deal,2026-04-17T00:44:41.463132+00:00,,True,8,42.935,43.1175,1/1,43.2116,43.304,41.042,41.99,44.224,45.369,38.176,52.236,10.013514889520405,-0.0029680636352843,7,3,True,True,True,True,True,True,A,0.7255102040816328,135.0
StatTrak™ AWP | Mortis (Field-Tested),True,True,True,0.1095,0.9782637827986386,137,summary,True,True,True,True,True,7.4,50,0.0001340655049849,0.0,349,3.7548071925995297,4.251117347469072,0.957423552374756,6.98,-0.0229929851909587,0.0007268954393476,-0.0225305475632394,0.1217923148517483,0.0,-0.0243370501426912,2026-06-20T00:21:12.029999+00:00,ok,,best_deal,2026-05-11T10:13:42.746727+00:00,,True,8,7.64875,7.65,1/1,7.6968,7.685,7.3578,7.547,7.836,8.001,6.693,9.721,8.356719675709376,-0.0282945736434109,7,3,True,True,True,True,True,True,B,0.6994897959183672,148.0
StatTrak™ P2000 | Wicked Sick (Field-Tested),True,True,True,0.2156,0.5790232342234493,71,summary,True,True,True,True,True,3.45,50,0.0081901512603033,0.0,335,7.019475603881357,9.886908448604132,0.903015301530153,6.7,-0.0178329571106093,0.0040502533004001,0.0015455638885508,0.0903240634336933,0.0445874511606527,-0.0729491187222884,2026-06-19T23:30:24.254445+00:00,ok,,best_deal,2026-05-12T05:34:04.360851+00:00,,True,8,4.51375,4.56875,1/1,4.3593,4.444,4.013,4.237,4.543,4.626,2.506,5.138,14.061890670520503,-0.040784832451499,7,3,True,True,True,True,True,True,B,0.6908163265306122,152.0
XM1014 | Incinegator (Field-Tested),True,True,True,0.19,0.5260838796683267,136,summary,True,True,True,True,True,5.83,50,-0.000674050974905,0.0,309,4.052228725799188,9.29543506993362,0.9068413391557496,6.18,0.0193243841274524,0.0007878994483561,,0.0668596237337192,0.0542691751085383,-0.0765059127893951,2026-06-20T00:29:47.632864+00:00,ok,,best_deal,2026-04-19T09:47:11.522611+00:00,,True,8,5.82,5.81625,1/2,6.8851,6.87,6.23,6.718,6.997,7.1972,4.79,14.657,14.04772624943718,0.0046525152660656,7,3,True,True,True,True,True,True,B,0.6653061224489797,165.0
M4A1-S | Decimator (Minimal Wear),True,True,True,0.1078,1.2155431370752712,292,summary,True,True,True,True,True,20.45,50,-0.0022247251576531,0.0,300,7.15207170892951,4.8229430931925945,0.9509647584117366,6.0,-0.0797047682274377,-0.0096920660695032,-0.03165685889809,0.1135534244250191,0.0,-0.0335521952892939,2026-06-20T00:39:55.322024+00:00,ok,,best_deal,2026-04-17T21:21:55.256895+00:00,,True,8,20.70375,20.65875,1/1,25.5031,25.084,23.854,24.3585,26.1825,27.6,20.453,40.71,14.688410428536148,-0.06051666400893,7,3,True,True,True,True,True,True,B,0.6551020408163266,170.0
AWP | Wildfire (Field-Tested),True,True,True,0.062,0.252670818930628,348,summary,True,True,True,True,True,48.47,50,-0.0024049642677721,0.0,167,6.903062579595057,3.570625932156066,0.9636546393539218,3.34,-0.0365421141983089,-0.0025263581158384,,0.087283448769169,0.031891693853696,-0.0253614289990825,2026-06-20T00:42:18.182961+00:00,ok,,best_deal,2026-04-17T04:58:17.763714+00:00,,True,8,48.54,48.4225,1/1,58.7348,57.702,55.6048,56.2275,60.282,64.1916,43.003,72.327,14.619612223077285,0.0190950306693928,7,3,True,True,True,True,True,True,B,0.4785714285714286,256.0
StatTrak™ M4A1-S | Black Lotus (Minimal Wear),True,True,True,0.0722,0.3131677241514296,143,summary,True,True,True,True,True,23.52,50,-0.0006380706628427,0.0,160,6.543089138442047,5.7385986802909255,0.9422870386072012,3.2,0.0252810051848768,-0.0023405384165779,0.0162500432513834,0.0890332582776567,0.076003100660736,-0.0455590716577939,2026-06-20T00:29:35.879673+00:00,ok,,best_deal,2026-05-11T18:50:42.072997+00:00,,True,8,24.3475,24.3325,1/1,26.6877,26.5365,25.005,25.716,27.4622,27.758,21.815,33.527,10.315613559804705,0.0322740435909161,7,3,True,True,True,True,True,True,B,0.46377551020408164,263.0
USP-S | The Traitor (Field-Tested),True,True,True,0.0725,0.3935929906222192,279,summary,True,True,True,True,True,39.35,50,0.0005629284372625,0.0,154,6.571466259119783,4.083428852136901,0.9588607957474596,3.08,-0.054587944794744,-0.009732142952788,,0.0582528799962687,0.0001865584627581,-0.0280581568223089,2026-06-20T00:16:45.937319+00:00,ok,,best_deal,2026-04-19T08:48:46.653553+00:00,,True,8,39.91875,39.94125,2/2,43.9704,43.6445,41.849,42.385,45.2745,46.9567,36.447,58.037,11.616223641358737,-0.0205899482681833,7,3,True,True,True,True,True,True,B,0.43775510204081636,275.0
SSG 08 | Big Iron (Field-Tested),True,True,True,0.0912,0.44525416946901525,70,summary,True,True,True,True,True,10.72,50,0.01289885418972,0.0,139,10.04813826702239,6.462900668909249,0.9347580015612804,2.78,-0.0522526028996788,-0.0079276369122286,-0.0390722032405608,0.1931724845995892,0.0076488706365501,-0.0401803165026279,2026-06-19T23:08:45.173066+00:00,ok,,best_deal,2026-04-18T18:07:04.280680+00:00,,True,8,12.32625,12.49875,1/1,10.3452,10.248,9.5794,9.7835,10.823,11.2616,8.603,13.96,16.260681282140506,-0.1329891401103792,7,3,True,True,True,True,True,True,B,0.4051020408163265,293.0
UMP-45 | Crimson Foil (Factory New),True,True,True,0.2035,0.6993047109846485,400,summary,True,True,True,True,True,14.72,50,0.0005742287430519,0.0,130,3.784748619971576,7.396787095494655,0.9255757878107592,2.6,-0.0345505158015391,-0.0068943323481511,,0.064365671641791,0.0,-0.0622675921965489,2026-06-20T00:16:33.217699+00:00,ok,,best_deal,2026-04-18T21:27:53.726345+00:00,,True,8,15.595,15.605,1/1,12.1012,12.027,11.1319,11.731,12.189,12.455,8.015,19.186,10.933626417214825,-0.0259375516272923,7,3,True,True,True,True,True,True,B,0.386734693877551,303.0
AK-47 | Aquamarine Revenge (Field-Tested),True,True,True,0.0876,0.48374570065461014,287,summary,True,True,True,True,True,42.43,50,0.0006209828401829,0.0,125,3.5064318266791963,3.668515879993123,0.962849716542846,2.5,-0.0358571928052522,-0.0003167063925163,,0.0881416713675558,0.0509509227173826,-0.0251828150727428,2026-06-20T00:16:04.790074+00:00,ok,,best_deal,2026-04-17T00:32:52.674079+00:00,,True,8,43.3375,43.36125,1/1,49.4805,48.861,47.0458,48.162,49.897,51.668,42.951,66.823,9.34145774598074,0.0277774901903944,7,3,True,True,True,True,True,True,B,0.373469387755102,307.0
SG 553 | Integrale (Field-Tested),True,True,True,0.1958,0.605766900896535,129,summary,True,True,True,True,True,8.52,50,0.0042877155648406,0.0,103,6.669907927922454,3.028553485875186,0.9689253793390148,2.06,-0.0348950233281493,-0.0032671883422099,-0.0028221626022418,0.1051465404371034,0.0559975828381509,-0.0162833907642796,2026-06-19T23:53:27.555603+00:00,ok,,best_deal,2026-04-18T17:43:35.578286+00:00,,True,8,11.37,11.4225,1/1,9.8727,9.622,9.323,9.4765,10.135,10.2762,7.938,17.666,9.654906965673009,0.0458184116283968,7,3,True,True,True,True,True,True,C,0.3079081632653061,342.0
Glock-18 | Water Elemental (Factory New),True,True,True,0.1149,0.5524173864530719,225,summary,True,True,True,True,True,42.91,50,0.0038649723974043,0.0,101,4.8859621808843965,9.474640536443545,0.9061186658032732,2.02,-0.0551458885941644,-0.0177827538833378,-0.0104503994833189,0.1836767637068021,0.043745262625979,-0.0812812941078881,2026-06-19T23:56:55.464350+00:00,ok,,best_deal,2026-04-17T20:09:36.653159+00:00,,True,8,42.24625,42.41375,1/1,78.0399,78.759,71.365,76.194,80.007,82.231,55.183,89.665,13.923646749931764,-0.099729572623651,7,3,True,True,True,True,True,True,C,0.29719387755102045,346.0
M4A4 | Polysoup (Field-Tested),True,True,True,0.096,0.33035200031777334,167,summary,True,True,True,True,True,14.35,50,-0.0008874903378462,0.0,88,6.896726912476346,7.301258684414408,0.9268126551658286,1.76,0.0839944921644482,0.0058415132635561,0.0349207487926721,0.107730462134043,0.107730462134043,-0.0650818955406859,2026-06-20T00:31:31.630614+00:00,ok,,best_deal,2026-04-17T23:19:30.989744+00:00,,True,8,16.53375,16.52125,1/1,15.7466,15.709,14.5593,15.045,16.131,16.5485,13.8,20.187,12.632568300458512,0.0326691236179648,7,3,True,True,True,True,True,True,C,0.23903061224489794,374.0
AK-47 | Inheritance (Factory New),True,True,True,1.0412,17.781324490622673,294,summary,True,True,True,True,True,165.58,50,0.0070651826723993,0.0,82,2.64080569733174,3.3272536614699693,0.9664788036012129,1.64,2.8285431431518404e-05,-0.00313375912889,-0.0141127680321807,0.0659974732395959,0.0064740378511222,-0.0177752754049037,2026-06-19T23:37:10.747057+00:00,ok,,best_deal,2026-04-17T00:44:46.153117+00:00,,True,8,174.61875,176.3925,1/1,160.9736,159.7795,154.4235,157.575,161.826,167.931,139.429,209.71,8.39112748922806,-0.0004649088087652,7,3,True,True,True,True,True,True,C,0.21020408163265306,389.0
M4A4 | Full Throttle (Minimal Wear),True,True,True,0.0541,0.369463949600777,129,summary,True,True,True,True,True,112.83,50,0.0043899939081423,0.0,65,5.987726684445497,6.497227791412855,0.9365100979582806,1.3,0.015490668903334,-0.0008410096640005,0.0089746821828549,0.1096413115487527,0.0744951776234845,-0.0533477272856343,2026-06-19T23:52:50.206630+00:00,ok,,best_deal,2026-04-17T23:10:08.421108+00:00,,True,8,111.89625,112.38875,1/1,114.8182,117.499,110.039,113.423,120.298,125.0836,1.485,131.169,13.102974963899452,-0.0161049339083987,7,3,True,True,True,True,True,True,C,0.1288265306122449,427.0
M4A1-S | Printstream (Field-Tested),True,True,True,0.0803,0.32932274869759365,400,summary,True,True,True,True,True,213.27,50,4.879006412251974e-05,0.0,56,7.114428841826589,6.234563007078926,0.9366263157679422,1.12,-0.0071337346473516,-0.0045785590049551,,0.1814320291086284,0.0601848141439723,-0.0557701227880917,2026-06-20T00:21:48.328860+00:00,ok,,best_deal,2026-04-17T22:14:55.595031+00:00,,True,8,230.38875,230.395,1/1,248.4697,244.439,228.948,235.1343,252.8115,285.851,186.439,305.369,22.901383951443574,-0.01484358962212,7,3,True,True,True,True,True,True,C,0.05510204081632654,464.0
M4A1-S | Golden Coil (Field-Tested),True,True,True,0.0619,0.33784716280148175,191,summary,True,True,True,True,True,69.4,50,0.0006403941617678,-6.187353050357558e-05,70,6.878243765350279,3.898422953005893,0.9600903651239466,1.4,-0.014786068674166,-0.0051815026020147,,0.1032608695652174,0.0156312325488632,-0.030739610534059,2026-06-20T00:15:38.467389+00:00,ok,,best_deal,2026-04-17T21:24:54.042636+00:00,,True,8,76.4825,76.5425,1/1,83.8339,81.89,78.6218,80.546,86.3123,88.8289,75.252,102.281,12.17538489799474,-0.0805693721777798,7,3,True,True,True,True,True,True,C,0.15739795918367347,412.0
StatTrak™ Glock-18 | Shinobu (Minimal Wear),True,True,True,0.2732,2.11231780908866,83,summary,True,True,True,True,True,20.41,50,-0.0045744505913712,-0.0002487562189054,123,7.283026072936334,6.016505080934294,0.939002882092313,2.46,0.0142550933344431,0.0015899949925587,0.0086100583897608,0.0965981369773072,0.0588042184742911,-0.0539579794248586,2026-06-20T00:56:07.131271+00:00,ok,,best_deal,2026-05-11T18:15:11.646149+00:00,,True,8,20.31125,20.21875,1/1,23.5685,23.247,21.829,22.582,24.2985,25.5332,19.162,29.019,15.716740564736831,0.0454759963962416,7,3,True,True,True,True,True,True,B,0.36862244897959184,309.0
StatTrak™ Glock-18 | Vogue (Minimal Wear),True,True,True,0.136,0.3970254111771958,116,summary,True,True,True,True,True,11.83,50,0.0012565408207415,-0.0002946375957573,146,5.32806389538373,4.259002531261421,0.9570360062619586,2.92,-0.0652282157676348,-0.001676916976009,,0.0766335227272726,0.0014204545454545,-0.0294677631514635,2026-06-20T00:12:17.310870+00:00,ok,,best_deal,2026-05-11T18:37:06.330471+00:00,,True,8,14.185,14.2075,1/1,14.4987,14.3725,13.755,14.071,14.8435,15.583,10.347,20.68,12.608026926552032,-0.0237137706282069,7,3,True,True,True,True,True,True,B,0.4224489795918367,282.0
★ Paracord Knife | Rust Coat (Battle-Scarred),True,True,True,0.1746,0.6584360527532461,79,summary,True,True,True,True,True,45.95,50,-0.0067990475596443,-0.0004212425844014,131,4.945269638307548,4.642931022594074,0.952978673876842,2.62,-0.0179624924167156,-0.0089538953646742,-0.0226465117140506,0.1177502820205203,0.0220781778788476,-0.0420541863749217,2026-06-20T01:09:57.193980+00:00,ok,,best_deal,2026-05-21T11:49:09.315223+00:00,,True,8,46.3975,46.08625,1/1,56.5591,55.847,53.221,54.976,57.773,59.915,50.674,75.076,11.83540756483042,0.0133916420185451,7,3,True,True,True,True,True,True,B,0.38877551020408163,302.0
Desert Eagle | Kumicho Dragon (Battle-Scarred),True,True,True,0.0706,0.2626552053486151,43,summary,True,True,True,True,True,21.03,44,-0.0204686526319494,-0.0005252578883494,72,5.467957829111389,4.339297653679771,0.956459925359872,1.6363636363636365,-0.052975773403826,-0.0121270737181902,-0.0289972051826955,0.0815210080265459,0.0153356351733105,-0.0554415229139324,2026-06-20T02:53:08.089556+00:00,ok,,best_deal,2026-04-17T06:59:06.880856+00:00,,False,8,21.355,20.9475,1/1->1/1,22.5843,22.508,21.528,21.9748,23.2097,23.6659,20.531,25.084,9.466310667144883,-0.0154735889455444,7,3,True,True,True,True,True,True,C,0.18341836734693875,400.0
XM1014 | Entombed (Factory New),True,True,True,0.2463,0.6207062294375523,161,summary,True,True,True,True,True,8.67,50,-0.0106504964392104,-0.000542888165038,354,0.8307783602017567,2.785085550390673,0.9699209570604572,7.08,-0.0115466101694915,-0.0009323606085244,0.0037808560644367,0.0364376808487836,0.0247561890472618,-0.0203531247276254,2026-06-20T01:36:19.659262+00:00,ok,,best_deal,2026-04-19T08:58:19.552302+00:00,,True,8,9.12125,9.0325,2/2,10.111,9.362,9.0804,9.336,9.42,9.75,3.573,32.13,6.622490357036899,-0.0013912671232876,7,3,True,True,True,True,True,True,A,0.7084183673469387,144.0
USP-S | Printstream (Minimal Wear),True,True,True,0.1386,1.5736506795653977,369,summary,True,True,True,True,True,64.91,50,-0.0068470623973467,-0.0006929355509734,178,4.820759579804747,5.781202235277105,0.9425216025636952,3.56,-0.0170108585346051,-0.0066849356771248,-0.0009784332174479,0.0614587500483925,0.0317004555367719,-0.051479787896829,2026-06-20T01:10:49.441743+00:00,ok,,best_deal,2026-04-19T07:55:07.309657+00:00,,True,8,65.505,65.0625,1/2,78.1827,78.6365,74.1166,76.1515,79.9205,82.0578,60.145,90.858,10.157234273055286,-0.0175342952050104,7,3,True,True,True,True,True,True,B,0.4984693877551021,245.0
PP-Bizon | High Roller (Minimal Wear),True,True,True,0.073,0.26790591213726495,28,summary,True,True,True,True,True,11.65,33,1.275799754124618e-05,-0.0008598452278589,56,19.85920554721688,8.103784819849343,0.9159848042080654,1.696969696969697,0.0215853569605484,-0.0310188429425026,,0.2337782853879649,0.1050039260475408,-0.0724075688656116,2026-06-20T00:21:58.941118+00:00,ok,,best_deal,2026-04-19T02:56:15.595103+00:00,,False,8,11.35625,11.35625,1/2->2/2,14.1909,13.688,12.538,12.928,15.7462,16.549,10.041,19.886,28.264592097752782,0.0623341169333433,7,3,True,True,True,True,True,True,C,0.09438775510204082,446.0
AWP | Green Energy (Battle-Scarred),True,True,True,0.1191,0.3896041041525506,61,summary,True,True,True,True,True,10.63,50,-0.0027607038540848,-0.0009017132551848,642,3.0136586788509128,1.5445000729110807,0.9844640019557512,12.84,-0.0432470755051399,-0.008181540235177,,0.0624922810917624,0.0,0.0046170172192191,2026-06-20T00:45:34.698974+00:00,ok,,best_deal,2026-04-17T03:59:51.987872+00:00,,True,8,10.9725,10.94375,1/1,8.2292,8.181,8.0539,8.105,8.353,8.45,7.826,11.068,4.813347591503412,-0.0166980387394499,7,3,True,True,True,True,True,True,A,0.8045918367346938,96.0
AWP | Atheris (Minimal Wear),True,True,True,0.1783,2.887245115801378,334,summary,True,True,True,True,True,8.46,50,-0.0043046258154814,-0.0011614401858305,1063,7.092327887981334,5.755907234539084,0.9425059187761792,21.26,0.0091588120220522,-0.0064632200141816,-0.0204345956469684,0.2002819631685611,0.0717243810027315,-0.0349131949608984,2026-06-20T00:54:11.875614+00:00,ok,,best_deal,2026-04-17T03:50:42.559671+00:00,,True,8,8.73875,8.70125,1/1,10.9696,10.982,10.3506,10.538,11.316,11.6032,9.964,12.226,11.41883022170361,0.0744106787844363,7,3,True,True,True,True,True,True,A,0.8994897959183674,50.0
AWP | Atheris (Battle-Scarred),True,True,True,0.4506,5.159752229719663,219,summary,True,True,True,True,True,4.15,50,-0.0082091092686362,-0.0011764705882352,859,5.937471008442347,4.847388440486122,0.9512820512820512,17.18,-0.0316893018822969,-0.0112160629226195,-0.0404550526623929,0.1382874015748032,0.0,-0.0314911160957784,2026-06-20T01:21:43.407397+00:00,ok,,best_deal,2026-04-17T03:50:32.045357+00:00,,True,8,4.92,4.8825,1/1,4.3116,4.29,4.081,4.159,4.415,4.575,3.675,6.024,11.457463586603575,-0.0526806526806526,7,3,True,True,True,True,True,True,A,0.8591836734693877,70.0
AK-47 | Blue Laminate (Field-Tested),True,True,True,0.1285,1.826399311938209,400,summary,True,True,True,True,True,16.66,50,-0.0057190881588307,-0.0011806375442738,207,4.566112388386886,3.5587873603165336,0.9637097213892372,4.14,-0.0612485592516151,-0.0090590372881834,-0.0405154934967764,0.154931186111587,0.0,-0.0270876993820905,2026-06-20T01:01:56.346305+00:00,ok,,best_deal,2026-04-17T00:36:03.552052+00:00,,True,8,17.14375,17.04375,1/1,18.703,18.341,17.6754,18.047,18.901,19.2466,16.83,32.475,8.400791316901039,-0.0419630156472261,7,3,True,True,True,True,True,True,B,0.5658163265306122,214.0
MP9 | Food Chain (Field-Tested),True,True,True,0.1059,0.46405763153824053,253,summary,True,True,True,True,True,4.01,50,-0.0074873567754998,-0.0011820330969266,778,4.4414075845575525,3.192261701400746,0.9678874449575772,15.56,-0.0250873946123793,5.034136180110631e-05,0.0058674496314763,0.0691837165155031,0.0434507487871756,-0.01502876714053,2026-06-20T01:14:32.310319+00:00,ok,,best_deal,2026-04-18T07:29:02.702384+00:00,,True,8,4.2075,4.1762500000000005,1/1,4.6832,4.6555,4.506,4.589,4.797,4.865,3.076,5.185,7.665698667577724,0.0306521739130434,7,3,True,True,True,True,True,True,A,0.8387755102040816,80.0
SG 553 | Integrale (Battle-Scarred),True,True,True,0.2026,0.6596412195318156,62,summary,True,True,True,True,True,4.07,50,-0.0005147578801698,-0.0012077294685991,154,5.437382001258658,6.318439269981117,0.9368712273641852,3.08,-0.0139311043566363,-0.0123652827289641,,0.1184176727459543,0.0,-0.0514859473181833,2026-06-20T00:27:24.313798+00:00,ok,,best_deal,2026-04-18T17:43:28.082708+00:00,,True,8,4.438750000000001,4.43875,1/1,3.9725,3.976,3.725,3.883,4.099,4.169,2.96,4.402,11.176840780364996,-0.0495605468750001,7,3,True,True,True,True,True,True,B,0.43775510204081636,274.0
AWP | Atheris (Well-Worn),True,True,True,0.1021,1.3274453288203723,184,summary,True,True,True,True,True,4.35,50,-0.0023405942567098,-0.0012224938875304,1415,6.474263995361719,5.175116493804884,0.948127421437796,28.3,0.016544502617801,-0.0015311584333825,0.0047686827758468,0.0726205191594561,0.0726205191594561,-0.0247544067876764,2026-06-20T00:40:50.997412+00:00,ok,,best_deal,2026-04-17T03:50:47.720674+00:00,,True,8,4.31,4.3,1/1,4.6569,4.646,4.405,4.4945,4.796,4.955,4.017,5.252,11.81043183233481,0.0563656147986944,7,3,True,True,True,True,True,True,A,0.9285714285714286,36.0
StatTrak™ M4A4 | Tooth Fairy (Battle-Scarred),True,True,True,0.0872,0.30967877388200704,25,summary,True,True,True,True,True,7.66,22,-0.0112825068167388,-0.0013405042524173,128,5.999857924273636,4.155714996092911,0.9581485191014452,5.818181818181818,0.0274527121513212,-0.0092053056758339,,0.1090974212034383,0.0267191977077364,-0.0361662852129984,2026-06-20T01:40:18.773147+00:00,ok,,best_deal,2026-05-11T22:29:41.008630+00:00,,False,8,7.6675,7.58,1/1->1/1,7.0385,6.989,6.6965,6.876,7.2983,7.564,5.511,7.673,12.325069261916598,-0.0450783227306929,7,3,True,True,True,True,True,True,B,0.4512755102040816,268.0
AUG | Fleet Flock (Field-Tested),True,True,True,0.0633,0.18425799228759804,59,summary,True,True,True,True,True,13.04,43,-1.4471216263495237e-06,-0.0014905018500804,81,4.80416110802992,8.761410819480465,0.913111342351717,1.8837209302325584,-0.003654358583936,-0.0049618186330839,,0.1125926491938564,0.0216627187285092,-0.078416490724778,2026-06-20T00:22:52.305909+00:00,ok,,best_deal,2026-04-17T02:46:51.685730+00:00,,False,8,13.555,13.57625,1/1->1/1,13.3426,13.454,12.285,13.07,13.711,13.864,11.656,15.286,11.834275178750774,-0.03601944608132,7,3,True,True,True,True,True,True,C,0.21964285714285714,386.0
StatTrak™ M4A1-S | Night Terror (Factory New),True,True,True,0.1858,0.5992194187716728,205,summary,True,True,True,True,True,5.56,50,-0.0106203494846222,-0.001763668430335,312,3.384312903901629,3.529354885497418,0.9645114244044724,6.24,-0.0357379219060224,-0.0052768180492586,-0.0003159200351711,0.1069835277968429,0.0322580645161291,-0.0287191270156534,2026-06-20T01:35:57.671001+00:00,ok,,best_deal,2026-05-11T21:22:48.782371+00:00,,True,8,5.7225,5.6625,1/1,6.2051,6.171,5.952,6.081,6.291,6.397,4.09,8.638,7.171520201124886,-0.0695298155983077,7,3,True,True,True,True,True,True,B,0.6693877551020408,163.0
★ Kukri Knife | Crimson Web (Field-Tested),True,True,True,0.0606,0.19588679237452555,144,summary,True,True,True,True,True,93.92,50,-0.0035569336068295,-0.0018111143227611,87,8.305633715388232,5.133974314822419,0.947875784548178,1.74,0.0628065796543775,0.0076603324058522,,0.1273474513385466,0.1273474513385466,-0.0461416654986459,2026-06-20T00:50:07.064749+00:00,ok,,best_deal,2026-05-21T07:32:08.919133+00:00,,True,8,93.13625,92.80875,1/1,117.6009,115.831,109.7934,112.8655,122.633,127.245,101.347,145.486,14.839682349369776,0.0628157906140312,7,3,True,True,True,True,True,True,C,0.23010204081632651,379.0
AUG | Stymphalian (Minimal Wear),True,True,True,0.1601,0.3676995007528329,87,summary,True,True,True,True,True,5.34,50,-0.0047326673761175,-0.0018657300887267,135,7.909709442690478,8.701524539514775,0.9131299511208496,2.7,-0.0022075055187636,-0.0166305266153679,-0.0032402238439316,0.1557522123893805,0.0704424778761062,-0.0803838782899253,2026-06-20T00:56:34.184683+00:00,ok,,best_deal,2026-04-17T02:58:27.480865+00:00,,True,8,5.81125,5.7875,1/1,5.9231,5.933,5.4176,5.641,6.1095,6.203,4.912,8.15,13.25994833786362,-0.0165361183637945,7,3,True,True,True,True,True,True,B,0.39540816326530615,299.0
MP7 | Abyssal Apparition (Battle-Scarred),True,True,True,0.1682,0.5422579961872485,74,summary,True,True,True,True,True,6.47,50,0.0033066201202217,-0.0021452120926672,642,2.120109865637299,2.509093608492311,0.9750295508274232,12.84,-0.0166011358671909,-0.0010914056241776,,0.0651562268621352,0.0439804531319413,0.0010384058377133,2026-06-20T00:01:13.834186+00:00,ok,,best_deal,2026-04-18T05:21:32.467828+00:00,,True,8,7.645,7.67375,1/1,6.7355,6.768,6.599,6.68,6.8228,6.967,5.41,7.185,5.463588449261368,0.0025237529691211,7,3,True,True,True,True,True,True,A,0.8045918367346938,97.0
StatTrak™ AK-47 | Legion of Anubis (Field-Tested),True,True,True,0.0831,0.6959631268690556,76,summary,True,True,True,True,True,37.22,50,-0.0005911048299805,-0.0023891691000795,90,8.129383706910968,9.798822504422212,0.9038575283324338,1.8,0.0455042191953676,0.0008037792910333,,0.0703556034482758,0.0623599137931035,-0.0896361692473582,2026-06-20T00:28:26.354958+00:00,ok,,best_deal,2026-05-11T08:01:55.100467+00:00,,True,8,37.03375,37.01375,1/1,45.4524,46.325,41.8712,43.816,47.511,48.128,38.652,51.472,13.765609736779574,0.0017919986182179,7,3,True,True,True,True,True,True,C,0.25357142857142856,365.0
StatTrak™ AK-47 | Elite Build (Well-Worn),True,True,True,0.1795,3.3497892835641183,347,summary,True,True,True,True,True,4.21,50,0.0026700678087819,-0.0023894896712381,313,8.204493918779626,6.699649556792418,0.9327956989247312,6.26,-0.0547423300581511,-0.0105876729115967,,0.0712770470937633,0.0042426813746288,-0.0471076953451404,2026-06-20T00:04:28.494151+00:00,ok,,best_deal,2026-05-11T07:59:15.505803+00:00,,True,8,4.1762500000000005,4.1875,1/1,4.851,4.836,4.511,4.663,5.061,5.25,2.989,6.753,15.233972376829517,-0.0185300853633144,7,3,True,True,True,True,True,True,B,0.6714285714285714,162.0
AK-47 | Midnight Laminate (Battle-Scarred),True,True,True,0.0949,0.34881692924829943,65,summary,True,True,True,True,True,3.34,50,-0.0042854874585897,-0.0023990895469466,1228,7.758984514495353,3.1815082946466213,0.9676567656765676,24.56,0.0061369509043927,0.0007867212226378,-0.0010933048309008,0.1040128410914928,0.0558587479935795,-0.0079493534153286,2026-06-20T00:53:52.488754+00:00,ok,,best_deal,2026-04-17T00:48:28.790541+00:00,,True,8,3.75375,3.73875,1/1,3.0803,3.03,2.932,2.941,3.18,3.34,2.736,3.798,13.245463104243091,0.0591635498129889,7,3,True,True,True,True,True,True,A,0.9142857142857143,43.0
StatTrak™ AWP | Duality (Minimal Wear),True,True,True,0.1457,0.39725759059745336,115,summary,True,True,True,True,True,10.62,50,-0.0007353619202064,-0.0027763283133548,195,5.134403072070221,5.305835561955716,0.9467755803955288,3.9,-0.0344484928784365,-0.0043961134958011,-0.0106191977243182,0.0885934819897083,0.0456260720411663,-0.0399897959391932,2026-06-20T00:30:01.453588+00:00,ok,,best_deal,2026-05-11T10:10:39.237271+00:00,,True,8,13.285,13.27,1/1,11.6664,11.63,11.011,11.307,11.906,12.2908,9.36,19.367,10.969965027772076,-0.0020967948992254,7,3,True,True,True,True,True,True,B,0.5331632653061225,230.0
Glock-18 | Neo-Noir (Field-Tested),True,True,True,0.0717,0.2647750732152288,128,summary,True,True,True,True,True,40.51,50,-0.0036455164349182,-0.0027973729019703,60,6.448725769783656,5.6847997939785175,0.943337155601376,1.2,-0.028919428033222,-0.001882422762209,,0.1080789154634631,0.0031742532789596,-0.0536450607582592,2026-06-20T00:50:34.968974+00:00,ok,,best_deal,2026-04-17T19:12:55.213281+00:00,,True,8,40.86125,40.71125,1/1,47.3737,47.5285,44.8354,46.3143,49.3693,50.6054,0.55,66.16,12.179753745221513,-0.0731811959874967,7,3,True,True,True,True,True,True,C,0.08724489795918368,451.0
AK-47 | Nouveau Rouge (Field-Tested),True,True,True,0.1244,0.440831985834353,277,summary,True,True,True,True,True,15.76,50,-0.0171427382581651,-0.0028256746364777,741,3.262802649451761,2.569632129503864,0.9740029751363604,14.82,-0.0296270232230824,-0.0053660106725775,-0.0185947158991531,0.073754441946479,0.0,-0.0188549299699705,2026-06-20T02:27:28.400418+00:00,ok,,best_deal,2026-04-17T00:50:36.186748+00:00,,True,8,16.2475,15.97625,1/1,14.2822,14.117,13.75,13.912,14.378,14.867,12.956,28.158,7.820923947291041,-0.0232343982432529,7,3,True,True,True,True,True,True,A,0.8326530612244898,83.0
MP7 | Fade (Field-Tested),True,True,True,0.1077,0.42481668236641357,175,summary,True,True,True,True,True,8.99,50,-8.654459235293843e-05,-0.0028956568257879,294,4.874186840649376,3.605562868425572,0.9638623326959846,5.88,0.0651580566721254,-0.0007076571900858,0.0215472240205998,0.0951360417443159,0.0951360417443159,-0.0193904045118984,2026-06-20T00:23:21.421290+00:00,ok,,best_deal,2026-04-18T05:29:30.908809+00:00,,True,8,10.815,10.81625,1/1,10.4838,10.46,10.082,10.179,10.69,10.8374,8.729,15.453,7.205402621186972,0.0041167664670658,7,3,True,True,True,True,True,True,B,0.6530612244897959,171.0
StatTrak™ Zeus x27 | Olympus (Field-Tested),True,True,True,0.1559,1.2396185788988006,139,summary,True,True,True,True,True,5.97,50,-0.0035313044209603,-0.0029655632847327,280,4.541579705458704,11.346600429171923,0.8883424934914667,5.6,-0.0114178349472466,-0.0040199601720909,-0.0124003860190572,0.0651315789473685,0.010233918128655,-0.1006064300018421,2026-06-20T00:49:18.198394+00:00,ok,,best_deal,2026-05-12T19:49:57.723303+00:00,,True,8,7.09625,7.07375,1/1,6.8038,6.914,6.142,6.714,7.023,7.089,5.016,7.494,13.918692495370236,-0.0088392986523692,7,3,True,True,True,True,True,True,B,0.6387755102040816,178.0
StatTrak™ USP-S | Jawbreaker (Field-Tested),True,True,True,0.274,3.0269814502529515,137,summary,True,True,True,True,True,9.79,50,-0.0082287779555083,-0.0030623372251188,265,5.992589046681916,3.753346453202836,0.9617352010845008,5.3,0.0755766986805492,0.0071810276890678,0.0335324703415897,0.1263456563464909,0.1263456563464909,-0.029775431498465,2026-06-20T01:21:56.201678+00:00,ok,,best_deal,2026-05-12T18:11:45.959393+00:00,,True,8,9.8825,9.80125,1/1,11.2806,11.065,10.6416,10.791,11.467,12.2016,9.375,18.315,13.829051646189022,0.0857116970191174,7,3,True,True,True,True,True,True,B,0.6204081632653061,187.0
StatTrak™ FAMAS | Rapid Eye Movement (Minimal Wear),True,True,True,0.1651,0.37848584399153723,29,summary,True,True,True,True,True,7.35,33,0.0001780113655192,-0.0032527881040892,125,8.511312575690683,7.549262617002251,0.924530436750396,3.787878787878788,-0.0306865270467016,-0.0038744570434439,,0.1023685730791451,0.0599653379549395,-0.0617117518629726,2026-06-20T00:20:03.738936+00:00,ok,,best_deal,2026-05-11T14:09:06.052361+00:00,,False,8,9.585,9.61,1/1->1/1,8.8353,8.838,8.171,8.499,9.251,9.5938,4.643,10.156,16.103584484963733,-0.0284014369106418,7,3,True,True,True,True,True,True,B,0.41275510204081634,288.0
MAG-7 | Justice (Field-Tested),True,True,True,0.1166,0.38716814159292035,55,summary,True,True,True,True,True,5.86,50,-0.0039162111984727,-0.0033058212506932,200,5.34461123762606,4.872116620966365,0.9509628128167148,4.0,0.0054876136719974,-0.0001412930792462,,0.0561359738032122,0.0173085919226572,-0.0386579773214159,2026-06-20T00:52:08.467861+00:00,ok,,best_deal,2026-04-18T03:26:46.039827+00:00,,True,8,6.8175,6.7875,1/1,6.4551,6.4135,6.099,6.282,6.627,6.88,5.078,7.571,12.098960511843345,-0.0192690013763571,7,3,True,True,True,True,True,True,B,0.5545918367346938,218.0
SG 553 | Dragon Tech (Factory New),True,True,True,0.2385,0.6125451384245018,158,summary,True,True,True,True,True,3.02,50,-0.0075450080203211,-0.0033898305084745,518,3.250531722781812,4.895862594807189,0.9507667473769168,10.36,-0.0616621983914209,-0.0092372393613743,-0.0268963516522113,0.1589795918367346,0.0055102040816326,-0.035396067340893,2026-06-20T01:15:23.212747+00:00,ok,,best_deal,2026-04-18T17:38:02.458831+00:00,,True,8,3.0075,2.9850000000000003,1/1,2.4919,2.478,2.356,2.443,2.524,2.583,1.906,4.627,9.109514828042872,-0.0168539325842695,7,3,True,True,True,True,True,True,A,0.7688775510204081,114.0
★ Moto Gloves | Smoke Out (Field-Tested),True,True,True,0.1516,0.46597654131564037,264,summary,True,True,True,True,True,119.7,50,-0.0034591378139575,-0.0035481741991563,53,8.520094417392452,7.986692472721874,0.9179956627456136,1.06,-0.0376931350512345,0.0036880217595128,,0.1445475506058648,0.053475398973995,-0.0770487181337931,2026-06-20T00:49:00.648853+00:00,ok,,best_deal,2026-05-21T09:42:07.127733+00:00,,True,8,150.77375,150.2875,1/1,156.2424,152.17,139.6914,143.895,157.207,167.6304,133.996,283.714,17.881829772200135,0.0538103466516202,7,3,True,True,True,True,True,True,C,0.027295918367346936,484.0
M4A1-S | Nightmare (Battle-Scarred),True,True,True,0.4215,2.741113537809008,85,summary,True,True,True,True,True,8.49,50,-0.0109617974033434,-0.003579258166768,318,4.869084248207175,5.591006500891923,0.9443915217909028,6.36,-0.0241020241020242,-0.0072762113494874,-0.0067753511143761,0.0805658793909601,0.0359669104423928,-0.0495343061255126,2026-06-20T01:38:04.087587+00:00,ok,,best_deal,2026-04-17T22:12:38.960518+00:00,,True,8,8.49875,8.40625,1/1,8.3527,8.398,7.931,8.1623,8.569,8.781,7.146,9.029,10.176350162223,0.0373087924387511,7,3,True,True,True,True,True,True,B,0.6821428571428572,156.0
Galil AR | Chromatic Aberration (Minimal Wear),True,True,True,0.0652,0.3357182823605043,116,summary,True,True,True,True,True,7.97,50,0.0023481567317717,-0.003627569528416,303,6.436014819623681,5.451024725489977,0.945531819706968,6.06,-0.0405622920914261,-0.0035110590773863,,0.07046191701152,0.028184766804608,-0.0351859965020919,2026-06-20T00:06:15.931350+00:00,ok,,best_deal,2026-04-17T17:15:23.876125+00:00,,True,8,8.1625,8.18125,1/1,8.9341,8.941,8.454,8.65,9.225,9.4564,6.228,10.391,11.219932617723105,0.0290021866728047,7,3,True,True,True,True,True,True,B,0.6607142857142856,167.0
Sawed-Off | Kiss♥Love (Field-Tested),True,True,True,0.1546,0.48083071178291015,227,summary,True,True,True,True,True,4.09,50,-0.0010899136069257,-0.0037631726632164,852,3.978896460760607,3.451307979775775,0.9649240393208222,17.04,0.019085663559698,0.007934470669575,0.0157259508589335,0.0574912891986061,0.0574912891986061,-0.0104782627405649,2026-06-20T00:32:26.459405+00:00,ok,,best_deal,2026-04-19T06:56:22.072694+00:00,,True,8,4.1450000000000005,4.1425,2/2,4.549,4.476,4.319,4.398,4.579,4.732,3.961,7.569,9.078918443613986,0.0043744531933507,7,3,True,True,True,True,True,True,A,0.8571428571428571,71.0
AK-47 | Frontside Misty (Field-Tested),True,True,True,0.1003,0.5206359233522848,400,summary,True,True,True,True,True,17.95,50,-0.0023843218392521,-0.0038859678527142,771,4.529970802083931,2.60968302131639,0.9736080285631572,15.42,-0.0601817159985013,-0.0056960023679162,-0.0259439785416153,0.0899985050082225,0.0,-0.0041736889967475,2026-06-20T00:41:27.630596+00:00,ok,,best_deal,2026-04-17T00:41:16.957145+00:00,,True,8,19.74375,19.70625,1/1,20.9604,20.726,20.179,20.3765,21.326,22.032,19.5,26.355,8.840480143508719,-0.0574005354878106,7,3,True,True,True,True,True,True,A,0.8367346938775511,81.0
StatTrak™ AK-47 | Phantom Disruptor (Field-Tested),True,True,True,0.1134,0.9136693553816944,72,summary,True,True,True,True,True,14.66,50,-0.0010122113739164,-0.0040927694406548,234,3.85151492920548,4.27101326521765,0.9575275235442366,4.68,-0.04,-0.0008162277493709,-0.0107918552943677,0.0759763476347635,0.0011688668866887,-0.0286353773118725,2026-06-20T00:32:16.029016+00:00,ok,,best_deal,2026-05-11T08:03:22.045703+00:00,,True,8,14.64,14.625,1/1,14.9941,15.078,14.4376,14.839,15.4165,15.622,6.11,15.997,7.899106982079619,-0.0336854694040262,7,3,True,True,True,True,True,True,B,0.5903061224489796,202.0
StatTrak™ M4A1-S | Black Lotus (Field-Tested),True,True,True,0.0872,0.6961520038320294,190,summary,True,True,True,True,True,15.56,50,0.0041477202464822,-0.0041447177067511,495,3.547158776675194,3.235669923526299,0.9674864260619612,9.9,-0.0060125367788155,-0.0037428295635249,-0.0178790709655608,0.0978764478764479,0.0235521235521235,-0.0074604490299683,2026-06-19T23:55:02.821556+00:00,ok,,best_deal,2026-05-11T18:50:37.827274+00:00,,True,8,18.45,18.60875,1/1,15.7309,15.655,15.146,15.461,16.019,16.193,14.175,23.382,6.6556903927938045,0.0241202056148674,7,3,True,True,True,True,True,True,A,0.7566326530612244,120.0
StatTrak™ XM1014 | XOXO (Field-Tested),True,True,True,0.1383,0.39432176656151413,43,summary,True,True,True,True,True,4.35,43,-0.0060752460195631,-0.0043795171125241,69,21.58952907839698,15.602290032191512,0.8436546262314083,1.6046511627906976,-0.070551508844953,-0.0303945707712087,-0.0497220484043184,0.2971339005821764,0.0,-0.1537831549996663,2026-06-20T01:04:07.091981+00:00,ok,,best_deal,2026-05-12T18:33:50.714090+00:00,,False,8,4.64875,4.62125,1/1->1/1,5.1877,5.177,4.3676,4.673,5.793,5.949,4.013,7.181,30.48364400408657,-0.1481163567000476,7,3,True,True,True,True,True,True,C,0.16173469387755102,410.0
XM1014 | XOXO (Minimal Wear),True,True,True,0.126,0.4086735585518975,132,summary,True,True,True,True,True,6.62,50,-0.0007559790680182,-0.0044215396646103,129,1.9128834893331224,6.287691835930086,0.9379181084198384,2.58,0.0017331022530329,-0.0023185993161842,,0.2501441753171856,0.0106689734717416,-0.0525552368944415,2026-06-20T00:30:17.134876+00:00,ok,,best_deal,2026-04-19T09:57:14.580698+00:00,,True,8,6.78625,6.78125,2/2,6.8483,6.936,6.5054,6.849,6.98,7.0214,5.249,8.101,7.534716645006791,0.0013715440698764,7,3,True,True,True,True,True,True,B,0.3839285714285714,304.0
M4A4 | Desert-Strike (Field-Tested),True,True,True,0.0506,0.20725141029507935,94,summary,True,True,True,True,True,32.02,50,0.0034523561611998,-0.004916290193994,58,9.936187418432786,8.697566795039105,0.913636062489234,1.16,0.0429648107849902,0.0054629525329609,0.015119117942052,0.1042212666344368,0.0882420294648992,-0.0768342367661726,2026-06-19T23:59:55.160388+00:00,ok,,best_deal,2026-04-17T23:06:06.347957+00:00,,True,8,34.595,34.72375,1/1,37.4691,37.7345,34.4756,35.578,39.301,39.929,32.509,41.461,14.554392819683423,0.0941258351893095,7,3,True,True,True,True,True,True,C,0.07653061224489796,456.0
Dual Berettas | Melondrama (Factory New),True,True,True,0.2354,0.6532687050933115,111,summary,True,True,True,True,True,26.63,50,0.0027288467773057,-0.0049887898980868,114,4.126262831176207,7.984744593662516,0.919469678369752,2.28,-0.0445579567779961,-0.0075154299935702,,0.0825382464221089,0.0,-0.0668011222850858,2026-06-20T00:04:12.476992+00:00,ok,,best_deal,2026-04-17T09:00:01.037277+00:00,,True,8,26.71875,26.7925,1/1,24.647,24.438,22.47,23.7575,24.7745,25.5399,17.448,40.994,12.455471254108009,-0.0039324922169424,7,3,True,True,True,True,True,True,C,0.3260204081632653,331.0
AK-47 | Aphrodite (Minimal Wear),True,True,True,0.1621,2.613206664068844,400,summary,True,True,True,True,True,45.92,50,-0.0098842031510376,-0.0050087108013937,194,9.369069370899732,6.745222582230023,0.9246196081245964,3.88,-0.0705081669691469,-0.0149110843602665,-0.0171390145660523,0.1536073415991409,0.0121644049594846,-0.0635680325332836,2026-06-20T01:31:14.364768+00:00,ok,,best_deal,2026-04-17T00:32:36.971279+00:00,,True,8,46.38375,45.93,1/1,62.2826,55.732,51.5309,53.7967,59.632,75.821,43.624,177.34,38.99981696332522,-0.1239159068749037,7,3,True,True,True,True,True,True,B,0.5290816326530612,231.0
StatTrak™ AWP | Duality (Field-Tested),True,True,True,0.1358,0.8394288234310132,227,summary,True,True,True,True,True,5.83,50,0.0046046014924264,-0.0050127027555207,700,4.437647294790142,5.69957712814856,0.9433460707758764,14.0,-0.052840814974325,-0.0113177988219136,-0.0320013419306327,0.0940888422525359,0.0,-0.0288693446079455,2026-06-19T23:51:04.791236+00:00,ok,,best_deal,2026-05-11T10:10:36.746618+00:00,,True,8,6.1875,6.23,1/1,5.9829,6.019,5.678,5.849,6.1145,6.218,5.075,10.034,9.025723311437597,-0.0329781836631152,7,3,True,True,True,True,True,True,A,0.8204081632653061,89.0
StatTrak™ AK-47 | Searing Rage (Battle-Scarred),True,True,True,0.1463,0.4428396962778103,66,summary,True,True,True,True,True,9.69,50,-0.0048062387860976,-0.0051515770614951,260,3.8430805524903806,7.001255659982504,0.9306619771385504,5.2,-0.0131131004917413,-0.0087583193477813,,0.1192027596780376,0.0118180656701162,-0.0589709615959575,2026-06-20T00:57:20.547064+00:00,ok,,best_deal,2026-05-11T09:04:53.421228+00:00,,True,8,9.735,9.68875,1/1,7.8843,7.961,7.409,7.82,8.123,8.302,3.609,10.204,11.326306710805015,-0.0131131004917413,7,3,True,True,True,True,True,True,B,0.6158163265306122,188.0
Galil AR | Rainbow Spoon (Field-Tested),True,True,True,0.0575,0.852768512849954,358,summary,True,True,True,True,True,41.06,50,-0.0106086289253871,-0.0054899047973568,191,4.259266169485759,3.475646486238684,0.9654670162336804,3.82,0.0309626322223994,0.0048708624741578,0.0090357172918391,0.0447010904591271,0.0420716145497666,-0.0317041530229969,2026-06-20T01:35:46.895456+00:00,ok,,best_deal,2026-04-17T17:28:27.092400+00:00,,True,8,42.13625,41.6975,1/1,37.5182,37.761,36.457,36.9145,38.5125,39.036,17.16,42.455,6.87399715338156,0.0290618243556921,7,3,True,True,True,True,True,True,B,0.5214285714285714,234.0
FAMAS | Rapid Eye Movement (Factory New),True,True,True,0.1864,0.6332757628094414,141,summary,True,True,True,True,True,31.79,50,0.0001422013356418,-0.005591863245667,115,5.887693715172859,3.323999889107591,0.96453580803786,2.3,-0.0797721805575208,-0.0119155486208182,-0.048231572611206,0.1420443624341674,0.0,-0.0227275187578763,2026-06-20T00:21:00.072097+00:00,ok,,best_deal,2026-04-17T10:55:07.126712+00:00,,True,8,32.2475,32.2575,1/1,28.8568,27.047,26.0878,26.334,28.033,38.712,24.717,50.473,43.74774749799008,-0.0086886932662626,7,3,True,True,True,True,True,True,C,0.33418367346938777,328.0
P250 | Epicenter (Field-Tested),True,True,True,0.1411,0.39546290619251995,163,summary,True,True,True,True,True,5.33,50,-0.0109275703492726,-0.0057324887247675,258,9.927244402459442,8.269941497207439,0.9170131382005656,5.16,0.0142693127767754,0.0032008588712359,0.0203637680317918,0.1691461836998706,0.1107697283311773,-0.0778353710780584,2026-06-20T01:37:26.343860+00:00,ok,,best_deal,2026-04-18T13:24:53.532141+00:00,,True,8,5.52,5.46375,1/1,6.0339,6.013,5.514,5.683,6.282,6.7498,4.375,9.274,20.48094930310412,-0.0551566080977845,7,3,True,True,True,True,True,True,B,0.6127551020408164,190.0
StatTrak™ AWP | Mortis (Minimal Wear),True,True,True,0.094,0.7034997002398082,84,summary,True,True,True,True,True,10.09,50,-0.0109621033476335,-0.0058881312839478,140,6.776546066646056,7.20926929920557,0.9281132861307788,2.8,0.0316539608882995,0.0041163967172793,0.020245268128614,0.1074297188755019,0.1074297188755019,-0.071459124407353,2026-06-20T01:38:18.941100+00:00,ok,,best_deal,2026-05-11T10:13:45.219440+00:00,,True,8,10.415,10.30375,1/1,11.9707,12.005,11.142,11.4268,12.238,12.9047,8.167,16.202,14.725120502560424,0.033623910336239,7,3,True,True,True,True,True,True,B,0.40816326530612246,291.0
AWP | Printstream (Minimal Wear),True,True,True,0.1049,1.3337068214354124,328,summary,True,True,True,True,True,99.05,50,-0.0122137236281845,-0.0060270021226006,243,4.379087042092559,4.136245317757594,0.9585080298478948,4.86,-0.0063796702594469,-0.0030420557622286,0.0009161533915571,0.0499072813608738,0.0240425326659021,-0.0382182244853986,2026-06-20T01:47:10.493291+00:00,ok,,best_deal,2026-04-17T04:52:58.796534+00:00,,True,8,98.2875,97.13,1/1,94.506,94.211,90.302,91.8785,96.017,100.335,61.445,110.531,10.61625716885699,-0.0052354346157125,7,3,True,True,True,True,True,True,B,0.598469387755102,198.0
USP-S | Guardian (Minimal Wear),True,True,True,0.1845,2.8815765012084036,400,summary,True,True,True,True,True,3.61,50,-0.0039998774680597,-0.0062814070351758,249,24.54054524867172,17.964463025868824,0.8187609841827769,4.98,0.0857776682277544,0.0076235738402013,0.0417168059839081,0.3286038592508512,0.1392735527809308,-0.1681104840469797,2026-06-20T00:52:38.986790+00:00,ok,,best_deal,2026-04-19T07:50:27.357051+00:00,,True,8,3.71875,3.705,1/2,4.5924,4.552,3.727,4.112,5.239,5.446,3.028,6.701,37.43140841390123,-0.0524844052484404,7,3,True,True,True,True,True,True,B,0.6066326530612245,193.0
Desert Eagle | Code Red (Field-Tested),True,True,True,0.0581,0.24000278516378057,134,summary,True,True,True,True,True,44.61,50,-0.008028267104935,-0.0065026773756831,95,7.552964600711412,7.1913718259422925,0.9283395984230312,1.9,-0.0743396762283441,-0.0067490206980206,-0.0082143440236793,0.1154694331517987,0.0302887934340723,-0.0706940254063788,2026-06-20T01:19:12.422360+00:00,ok,,best_deal,2026-04-17T06:52:25.616307+00:00,,True,8,47.2075,46.8425,1/1,54.3429,54.535,50.627,52.4855,56.59,57.915,41.505,71.56,13.411135585329449,-0.0300572874042108,7,3,True,True,True,True,True,True,C,0.27653061224489794,355.0
StatTrak™ AUG | Stymphalian (Field-Tested),True,True,True,0.1378,0.34119988626670467,45,summary,True,True,True,True,True,3.74,42,-0.0016416045074461,-0.0070993914807302,93,11.7959238282121,11.88511795923829,0.882960035133948,2.2142857142857144,0.0285424187725631,-0.0076640791783689,,0.1343643742459142,0.0807283097510146,-0.1103510945378868,2026-06-20T00:37:06.721647+00:00,ok,,best_deal,2026-05-11T09:13:30.809141+00:00,,False,8,4.735,4.7275,1/1->1/1,4.4846,4.554,4.021,4.2,4.729,4.803,3.472,5.328,17.43745261561789,-0.0077274706138439,7,3,True,True,True,True,True,True,C,0.27933673469387754,353.0
MP9 | Mount Fuji (Field-Tested),True,True,True,0.0807,0.29011312877031936,172,summary,True,True,True,True,True,5.79,50,-0.0029942427693528,-0.0071858800954119,302,5.663819553860196,4.160101722088622,0.957801766437684,6.04,0.0159619154298515,-0.0014191866206435,0.0106527884914751,0.0741455347298787,0.0664277839029768,-0.0276438068073967,2026-06-20T00:46:33.467341+00:00,ok,,best_deal,2026-04-18T07:34:06.580457+00:00,,True,8,6.4575,6.44125,1/1,7.2354,7.133,6.832,7.007,7.4168,7.646,5.819,9.534,11.250241866379191,0.0261632018102107,7,3,True,True,True,True,True,True,B,0.6576530612244897,169.0
AK-47 | Neon Rider (Field-Tested),True,True,True,0.0824,0.36668574558062356,353,summary,True,True,True,True,True,46.48,50,-0.0109130522871242,-0.0072691569850912,208,6.174113438585635,4.97368692601382,0.949796024650638,4.16,0.0205586691575483,-0.0016259280502416,,0.0898702068496613,0.0324352123848293,-0.0463969275147181,2026-06-20T01:37:08.445034+00:00,ok,,best_deal,2026-04-17T00:49:49.706101+00:00,,True,8,46.975,46.46375,1/1,58.146,57.605,54.713,55.72,59.31,61.92,51.188,81.429,12.394661713617449,0.0037535435551043,7,3,True,True,True,True,True,True,B,0.5709183673469388,209.0
★ Specialist Gloves | Crimson Web (Field-Tested),True,True,True,0.191,0.5603525541786655,400,summary,True,True,True,True,True,139.51,50,-0.0020421523054208,-0.0073001864844426,69,7.26724876106778,3.270736415285389,0.9658559041536524,1.38,0.0492575777577528,-0.0118148368975078,,0.2012565026885985,0.083300056342959,-0.0272179773171444,2026-06-20T00:39:23.556677+00:00,ok,,best_deal,2026-05-21T21:57:07.857176+00:00,,True,8,152.01125,151.9175,1/1,179.1462,171.608,165.7486,167.581,180.6,196.1818,154.211,266.97,16.987912665744513,0.0068570862065167,7,3,True,True,True,True,True,True,C,0.14923469387755103,417.0
Glock-18 | Bullet Queen (Field-Tested),True,True,True,0.0549,0.23124681667138874,90,summary,True,True,True,True,True,57.35,50,-0.0065092575686673,-0.0073329344953305,82,9.782997444121062,8.689843070776632,0.9142754698850476,1.64,-0.0666685428040751,-0.0092082629839818,,0.1351575456053066,0.0315694255992762,-0.084975609739037,2026-06-20T01:07:15.308782+00:00,ok,,best_deal,2026-04-17T18:21:11.996616+00:00,,True,8,62.02125,61.6175,1/1,68.7826,69.7245,63.7474,65.707,72.436,73.2406,46.61,75.834,13.8017463719022,0.0035099397863778,7,3,True,True,True,True,True,True,C,0.21020408163265306,390.0
AWP | Asiimov (Field-Tested),True,True,True,0.1979,1.345232185174892,400,summary,True,True,True,True,True,125.52,50,-0.0074999566168411,-0.0074969646233706,73,10.844184484013814,6.496030203764374,0.9320158257599498,1.46,-0.0061204425550769,-0.0040753391586625,,0.125078369905956,0.0,-0.0646415565124172,2026-06-20T01:14:42.921225+00:00,ok,,best_deal,2026-04-17T03:50:23.858571+00:00,,True,8,129.07999999999998,128.13,1/1,160.2979,153.168,142.755,144.751,162.134,173.649,107.215,351.523,19.27286633199812,-0.1029750857657049,7,3,True,True,True,True,True,True,C,0.1790816326530612,402.0
M4A1-S | Decimator (Battle-Scarred),True,True,True,0.0532,0.2975402859533805,70,summary,True,True,True,True,True,14.17,50,-0.0043569679285973,-0.0078125,256,5.803632885803924,4.680582826753219,0.9533169533169534,5.12,-0.0483260760939395,-0.0092623886408789,-0.0281319753761911,0.0874587458745873,0.0,-0.0354277677532182,2026-06-20T00:54:24.893864+00:00,ok,,best_deal,2026-04-17T21:21:38.389824+00:00,,True,8,14.41125,14.3675,1/1,13.8017,13.838,13.192,13.447,14.248,14.412,10.75,15.336,8.83949078736678,-0.0217917675544793,7,3,True,True,True,True,True,True,B,0.6107142857142858,191.0
Glock-18 | Coral Bloom (Factory New),True,True,True,0.2179,0.7839114985896918,174,summary,True,True,True,True,True,4.18,50,0.0038678354067346,-0.0078740157480315,487,3.880196970641396,4.163809761266593,0.9577749683944374,9.74,-0.0583409298085687,-0.0099726198958999,-0.0419633082753008,0.1406905453372055,0.0174249757986448,-0.0171501765786606,2026-06-19T23:56:43.080736+00:00,ok,,best_deal,2026-04-17T18:24:12.183872+00:00,,True,8,5.395,5.395,1/1,3.2086,3.164,3.0304,3.0825,3.207,3.332,2.836,9.29,9.399738203577874,-0.0291353383458646,7,3,True,True,True,True,True,True,A,0.7525510204081634,123.0
StatTrak™ MAC-10 | Disco Tech (Field-Tested),True,True,True,0.1089,0.47617380343825494,60,summary,True,True,True,True,True,8.5,50,-0.0117699560739973,-0.008130081300813,67,11.442889132214694,8.866266165547053,0.9104245565078732,1.34,-0.0754173581958411,-0.0099652489330146,,0.126445277440473,0.0,-0.0930483005812649,2026-06-20T01:43:36.212650+00:00,ok,,best_deal,2026-05-11T23:29:23.393827+00:00,,True,8,8.751249999999999,8.6525,1/1,10.1373,10.034,9.1352,9.409,10.569,11.6044,7.774,13.76,24.357570556262523,-0.1122515935508061,7,3,True,True,True,True,True,True,C,0.13622448979591836,425.0
Glock-18 | Water Elemental (Minimal Wear),True,True,True,0.0865,1.2688357994345618,377,summary,True,True,True,True,True,20.32,50,-0.006887767244525,-0.0085042521260632,248,4.989520310232752,5.564418271148178,0.944104673215846,4.96,-0.0265239446307282,-0.0091161289141291,-0.0154823668520994,0.0823139765952749,0.0,-0.047027024761202,2026-06-20T01:11:34.477097+00:00,ok,,best_deal,2026-04-17T20:09:47.204947+00:00,,True,8,20.50875,20.36875,1/1,23.5694,23.4635,22.152,22.824,24.0,24.722,20.442,27.785,10.903968705185536,-0.0312713894592745,7,3,True,True,True,True,True,True,B,0.604591836734694,194.0
★ Hand Wraps | Desert Shamagh (Field-Tested),True,True,True,0.0628,0.1938568287399921,148,summary,True,True,True,True,True,47.2,50,-0.0073679420909091,-0.0089240192556142,104,7.028489814327593,8.291362850484852,0.9171169439396056,2.08,-0.0797171941771185,-0.0188683498161786,-0.0338907160846955,0.1350963625724371,0.0,-0.0805105562657487,2026-06-20T01:13:30.315821+00:00,ok,,best_deal,2026-05-21T04:34:52.190800+00:00,,True,8,47.9925,47.64375,1/1,57.2029,57.224,52.4811,54.93,58.9505,61.8126,49.513,70.988,16.312984131923393,-0.066977809087707,7,3,True,True,True,True,True,True,C,0.31301020408163266,339.0
StatTrak™ P2000 | Wicked Sick (Battle-Scarred),True,True,True,0.2095,0.6383561643835617,22,summary,True,True,True,True,True,3.33,26,-0.0078882356655235,-0.0089686299043704,157,10.266230484853324,10.053458868586937,0.900865460267506,6.038461538461538,-0.0751850906305846,0.0016717185336928,,0.1396825396825396,0.0509316770186333,-0.0914732695162006,2026-06-20T01:17:25.332552+00:00,ok,,best_deal,2026-05-12T05:33:53.492833+00:00,,False,8,3.29125,3.26625,1/1->1/1,3.7599,3.813,3.435,3.586,3.972,4.02,2.818,4.043,15.55892443947976,-0.004260582737768,7,3,True,True,True,True,True,True,B,0.5071428571428571,242.0
★ Moto Gloves | Blood Pressure (Field-Tested),True,True,True,0.1236,0.39155144168863293,221,summary,True,True,True,True,True,130.46,50,-0.0137083874737692,-0.0090037675308762,57,10.927820740475102,10.234890594543316,0.8968600455809237,1.14,0.0122081049684712,0.0091441165552367,,0.1950683798588054,0.0120608646666106,-0.1094490179522185,2026-06-20T02:00:59.447615+00:00,ok,,best_deal,2026-05-21T08:41:22.782570+00:00,,True,8,132.8175,131.01,1/1,172.889,171.563,153.868,161.507,180.4,190.1584,151.802,220.738,20.990577769551564,-0.0313307287282521,7,3,True,True,True,True,True,True,C,0.06581632653061224,461.0
AWP | Green Energy (Minimal Wear),True,True,True,0.0717,0.34458969162082265,148,summary,True,True,True,True,True,26.8,50,-0.0260732175261677,-0.0090327436958976,403,5.285081820627088,2.976947738028596,0.9698730917785544,8.06,0.0144687589979843,-0.002713694440132,-0.0016556602577658,0.0858227488824239,0.0530759951749094,-0.0367001309529173,2026-06-20T03:34:02.698233+00:00,ok,,best_deal,2026-04-17T04:00:04.172715+00:00,,True,8,28.12125,27.40125,1/1,27.5114,27.185,26.366,26.707,28.161,29.0402,24.517,36.146,9.720334116039163,0.0546481824474751,7,3,True,True,True,True,True,True,A,0.7234693877551021,136.0
Desert Eagle | Mulberry (Factory New),True,True,True,0.3371,4.3620024008045934,278,summary,True,True,True,True,True,25.03,50,-0.0093809272983532,-0.0091556959395353,202,5.293543247734386,3.5011906189505533,0.9641518121423402,4.04,-0.0186936538801485,-0.0087508634844893,-0.0200463695276629,0.0836748480072056,0.0,-0.0303442227589482,2026-06-20T01:27:59.076034+00:00,ok,,best_deal,2026-04-17T07:47:39.351117+00:00,,True,8,26.4475,26.20125,1/1,23.3492,22.8045,21.987,22.193,23.429,25.1217,20.268,39.269,13.425299367858438,-0.0034109779632871,7,3,True,True,True,True,True,True,B,0.5596938775510204,216.0
AK-47 | Wintergreen (Minimal Wear),True,True,True,0.1153,1.647273711270464,400,summary,True,True,True,True,True,3.13,50,-0.0119015987119748,-0.0093085106382979,2754,7.212905059693002,6.679931779420115,0.9331436699857754,55.08,-0.0448674371176071,-0.0116932241702045,-0.0307199761080032,0.1398576512455517,0.0455516014234875,-0.0437247564070039,2026-06-20T01:44:52.408365+00:00,ok,,best_deal,2026-04-17T01:47:55.424622+00:00,,True,8,3.535,3.495,1/1,2.8144,2.812,2.624,2.7,2.903,2.994,2.552,3.368,13.146674246731102,0.0296812019054597,7,3,True,True,True,True,True,True,A,0.9795918367346939,11.0
★ Moto Gloves | 3rd Commando Company (Field-Tested),True,True,True,0.0886,0.29276470220812695,172,summary,True,True,True,True,True,46.48,50,-0.0079033211307215,-0.0098093406303209,146,10.4842151991668,7.684952790725465,0.9222584935316164,2.92,-0.0727546837415726,-0.0080179128782574,-0.0363555180220498,0.1158954310455068,0.0,-0.072887127697567,2026-06-20T01:17:58.212476+00:00,ok,,best_deal,2026-05-21T08:40:49.946673+00:00,,True,8,55.75875,55.3475,1/1,58.569,57.897,53.396,54.916,61.0565,64.6435,48.3,72.241,19.20384503747717,-0.0635542477845828,7,3,True,True,True,True,True,True,B,0.4224489795918367,283.0
StatTrak™ AK-47 | Ice Coaled (Field-Tested),True,True,True,0.081,0.549115860759267,174,summary,True,True,True,True,True,10.8,50,-0.0103427523252492,-0.0102198876466375,598,3.061506088516337,1.73341612335714,0.9825217391304348,11.96,-0.0267456622936943,-0.0028047788496519,-0.0132405442766144,0.0707018001565354,0.0120880076528394,-0.0054248135281291,2026-06-20T01:34:05.060609+00:00,ok,,best_deal,2026-05-11T08:00:41.723694+00:00,,True,8,10.8875,10.77625,1/1,11.5956,11.5,11.299,11.36,11.715,12.0596,8.729,13.805,6.559384594156406,-0.0131307929969103,7,3,True,True,True,True,True,True,A,0.7933673469387754,103.0
UMP-45 | Exposure (Factory New),True,True,True,0.2318,0.5750057964293994,57,summary,True,True,True,True,True,5.29,50,-0.0197534934680285,-0.0102230483271376,68,12.273392635964417,4.580002251998651,0.9534211279702262,1.36,-0.0775744332149687,-0.0039574989053769,-0.0556904676666898,0.2475570032573289,0.0654427006218536,-0.0580952759286128,2026-06-20T02:48:22.787756+00:00,ok,,best_deal,2026-04-18T21:28:44.413542+00:00,,True,8,5.43,5.33,1/1,3.5524,3.493,3.3303,3.403,3.839,3.845,2.878,4.438,14.488796306722229,-0.0197387518142235,7,3,True,True,True,True,True,True,C,0.1423469387755102,420.0
AWP | Fever Dream (Factory New),True,True,True,0.1405,0.5304280774467164,189,summary,True,True,True,True,True,35.26,50,-0.005982261806166,-0.0104029586547603,68,3.733468832827512,5.8821429061895,0.9407415605976756,1.36,-0.0796967942306681,-0.0175659645152543,,0.3328233140765316,0.0,-0.0573454508086588,2026-06-20T01:03:29.778664+00:00,ok,,best_deal,2026-04-17T03:59:21.183185+00:00,,True,8,35.10125,34.89625,1/1,36.4085,36.14,33.9984,35.4685,36.8278,39.34,32.517,45.011,14.671299284507755,-0.031278570439119,7,3,True,True,True,True,True,True,C,0.1423469387755102,419.0
StatTrak™ M4A4 | Tooth Fairy (Field-Tested),True,True,True,0.1121,0.4438302282935125,116,summary,True,True,True,True,True,7.03,50,-0.0050682167440585,-0.0106940515671739,353,4.347713902363502,4.714108783156159,0.9530334190231362,7.06,-0.0412179725213516,-0.0041910573022151,-0.0229248966791568,0.0912729150529305,0.0200103279111799,-0.0340826037395182,2026-06-20T00:58:24.186938+00:00,ok,,best_deal,2026-05-11T22:29:50.880144+00:00,,True,8,7.66875,7.6425,1/1,7.7512,7.78,7.4146,7.591,7.928,8.1586,4.267,11.142,9.598513778511713,-0.0145038167938931,7,3,True,True,True,True,True,True,A,0.7056122448979592,145.0
AWP | Crakow! (Minimal Wear),True,True,True,0.0564,0.4594386085118305,224,summary,True,True,True,True,True,88.98,50,-0.0193473568454783,-0.0107961246630193,92,6.271707067583318,2.354027404429433,0.9758053178484108,1.84,0.0673435331181084,0.0017235042638964,0.0080795984488175,0.0894910647749024,0.063094524891506,-0.0338212640888318,2026-06-20T02:44:20.941408+00:00,ok,,best_deal,2026-04-17T03:54:53.424364+00:00,,True,8,87.7625,86.10625,1/1,67.2592,65.44,63.8567,64.3257,68.544,71.0905,56.711,102.441,10.755108594809348,0.0638757617211789,7,3,True,True,True,True,True,True,C,0.26224489795918365,362.0
M4A1-S | Flashback (Battle-Scarred),True,True,True,0.0978,0.4361336749713787,86,summary,True,True,True,True,True,3.31,50,-0.0094927232868358,-0.0108504256965943,195,5.551385905432327,12.189756463676586,0.8810906336783642,3.9,0.0154409840355926,0.0002123321275022,0.0135440831504549,0.1221649484536081,0.0713917525773195,-0.1175863663230313,2026-06-20T01:28:34.870746+00:00,ok,,best_deal,2026-04-17T21:23:43.631655+00:00,,True,8,3.45625,3.435,1/1,3.8639,3.961,3.49,3.813,4.0275,4.044,2.3,4.293,14.337845182328715,-0.0310900237233113,7,3,True,True,True,True,True,True,B,0.5331632653061225,228.0
StatTrak™ MP9 | Food Chain (Minimal Wear),True,True,True,0.0983,0.366087145572239,35,summary,True,True,True,True,True,13.35,38,-0.010511522929549,-0.0110116127099362,50,8.19141922402319,11.36038512731841,0.8880443777008183,1.3157894736842106,-0.0017973349860551,-0.0102976921513801,,0.1509996274680244,0.0809636160437105,-0.1168213926920659,2026-06-20T01:35:18.997437+00:00,ok,,best_deal,2026-05-12T03:24:30.768023+00:00,,False,8,15.0275,14.895,1/1->1/1,16.0778,16.3145,14.488,15.6085,16.9255,17.7614,7.141,18.06,20.359750712162104,-0.0654520134617616,7,3,True,True,True,True,True,True,C,0.03163265306122449,479.0
M4A4 | Full Throttle (Battle-Scarred),True,True,True,0.0952,0.39761367404693454,66,summary,True,True,True,True,True,29.81,50,-0.0154216499998683,-0.0111944952650533,156,4.438101904371114,5.168231517462763,0.9482258357009008,3.12,0.0177443701672777,-0.0019657319245606,,0.0679238429639495,0.0467052093107727,-0.0548060208538332,2026-06-20T02:15:01.756919+00:00,ok,,best_deal,2026-04-17T23:09:54.905479+00:00,,True,8,29.91,29.4575,1/1,33.1448,33.086,31.373,32.338,33.809,34.933,0.34,45.998,10.740749680191158,0.0264081772144033,7,3,True,True,True,True,True,True,B,0.4459183673469388,269.0
M4A1-S | Atomic Alloy (Field-Tested),True,True,True,0.1015,0.9054023033052998,164,summary,True,True,True,True,True,32.46,50,-0.0206395922330413,-0.0112697703094001,71,6.075928719977179,4.667517777659287,0.9528292914883498,1.42,0.0027675276752767,-0.0048771620283846,,0.0737239475938205,0.0358151191193732,-0.0596384626900255,2026-06-20T02:54:15.162432+00:00,ok,,best_deal,2026-04-17T21:16:13.825562+00:00,,True,8,34.4575,33.78625,1/1,31.8799,31.545,30.057,30.3405,32.2775,32.927,24.703,49.753,9.002537649114336,0.0186124664749409,7,3,True,True,True,True,True,True,C,0.16836734693877553,406.0
StatTrak™ MP7 | Abyssal Apparition (Field-Tested),True,True,True,0.1783,0.4528023598820058,64,summary,True,True,True,True,True,5.53,50,-0.0058862612434739,-0.0113985793576358,245,7.909637078764994,8.48016827788904,0.9148191027496382,4.9,-0.0004295532646048,9.747543132590122e-05,0.0098267923779313,0.0865205557942988,0.0668958601919495,-0.0752709037895214,2026-06-20T01:02:59.062235+00:00,ok,,best_deal,2026-05-12T01:30:43.962355+00:00,,True,8,6.967499999999999,6.93,1/1,6.9409,6.91,6.3214,6.644,7.193,7.591,5.617,8.099,18.29157602040082,-0.0159289540456724,7,3,True,True,True,True,True,True,B,0.6025510204081632,196.0
StatTrak™ MP9 | Starlight Protector (Field-Tested),True,True,True,0.086,0.2935944825397245,90,summary,True,True,True,True,True,55.54,50,-0.0125843500418489,-0.0114601172877693,208,2.423147161771427,5.765104245929086,0.942841874968566,4.16,0.0034368540333225,-0.0027993033545969,,0.0854781464843266,0.0621106450572087,-0.0559823984685955,2026-06-20T01:52:00.640815+00:00,ok,,best_deal,2026-05-12T03:30:43.274084+00:00,,True,8,66.99125000000001,66.22375,1/1,78.852,79.532,74.9861,78.4793,80.39,82.551,58.262,83.03,9.593795972201097,0.0139352874192348,7,3,True,True,True,True,True,True,B,0.5709183673469388,212.0
AWP | Black Nile (Field-Tested),True,True,True,0.0707,0.38627456508867386,165,summary,True,True,True,True,True,3.24,50,-0.0099183841449639,-0.0114942528735632,1445,6.514903785687333,5.005659665450883,0.9494282083862772,28.9,-0.0571923743500866,-0.0110603863643085,-0.021768229397013,0.0961134453781514,0.0,-0.0304615570329841,2026-06-20T01:31:29.197859+00:00,ok,,best_deal,2026-04-17T03:51:20.311525+00:00,,True,8,3.5025,3.46875,1/1,3.9755,3.935,3.736,3.826,4.085,4.313,3.294,5.049,14.5138976229405,-0.0162748643761302,7,3,True,True,True,True,True,True,A,0.9326530612244898,34.0
AUG | Stymphalian (Factory New),True,True,True,0.2203,0.6678363898538887,78,summary,True,True,True,True,True,21.42,50,-0.0467064518217928,-0.0120269093127681,51,8.0005273755873,5.016060983795196,0.9485049833887044,1.02,-0.0077485742623357,-0.0026586552744649,-0.0149714151672669,0.0787780346098581,0.0126194789779472,-0.0907600342708122,2026-06-20T05:54:16.458197+00:00,ok,,best_deal,2026-04-17T02:58:18.837998+00:00,,True,8,22.3025,21.33,1/1,16.6864,16.254,15.417,15.731,17.066,17.432,12.666,30.397,12.075702368395811,-0.0620532052033281,7,3,True,True,True,True,True,True,C,0.011479591836734693,487.0
StatTrak™ AWP | Ice Coaled (Battle-Scarred),True,True,True,0.1735,0.5326761619764121,51,summary,True,True,True,True,True,11.9,50,-0.0166987210097016,-0.0121709780676066,201,4.784806600411294,2.2285400604655377,0.9774423619173992,4.02,-0.0334890349141002,-0.0086153894738958,-0.0390872015377432,0.1394986893840104,0.0251474442988204,-0.0249700472714565,2026-06-20T02:24:54.509830+00:00,ok,,best_deal,2026-05-11T10:12:55.129767+00:00,,True,8,13.08,12.86875,1/1,12.2053,12.058,11.786,11.962,12.546,12.817,9.906,12.983,8.447150008602826,0.0144590327405682,7,3,True,True,True,True,True,True,B,0.5576530612244899,217.0
Desert Eagle | Firebreathing (Factory New),True,True,True,0.1422,1.1301666721529127,109,summary,True,True,True,True,True,11.85,50,-0.0331223628691982,-0.0126582278481012,517,6.726788043786512,5.444954908967145,0.9447068310102524,10.34,-0.0512672144427728,-0.0144811137521786,-0.0284419107738734,0.1025859965845327,0.0,-0.0664796508677319,2026-06-20T04:21:20.931895+00:00,ok,,best_deal,2026-04-17T06:56:03.640375+00:00,,True,8,12.2425,11.85,1/1,8.8155,8.681,8.201,8.402,8.995,9.405,7.852,21.546,13.65776189665928,-0.0410574336179668,7,3,True,True,True,True,True,True,A,0.7668367346938776,115.0
StatTrak™ M4A4 | Turbine (Field-Tested),True,True,True,0.1557,0.45831183415789,57,summary,True,True,True,True,True,3.15,50,-0.015133627084437,-0.0126798488867454,200,6.015675702660879,6.402576007188856,0.9352436253471346,4.0,-0.0408212560386472,-0.0058505394667682,-0.0015504205740981,0.0834802316796775,0.0409216821959204,-0.0651799870696051,2026-06-20T02:11:47.248449+00:00,ok,,best_deal,2026-05-11T22:30:22.873122+00:00,,True,8,3.29625,3.24625,1/1,4.0062,3.961,3.7045,3.874,4.115,4.2219,2.999,7.957,12.91498177824372,-0.0032630522088352,7,3,True,True,True,True,True,True,B,0.5545918367346938,219.0
★ Broken Fang Gloves | Jade (Field-Tested),True,True,True,0.0564,0.1750104810573558,153,summary,True,True,True,True,True,92.99,50,-0.0149828579153833,-0.0129195026008703,85,9.66073571823202,10.99159300986939,0.8892656399945164,1.7,-0.0581223929508775,-0.0248736442914993,-0.055747332570324,0.2352693645889994,0.0,-0.1162715127308974,2026-06-20T02:11:07.300095+00:00,ok,,best_deal,2026-05-21T00:19:17.703025+00:00,,True,8,93.88625,92.4975,1/1,110.2297,109.415,97.299,103.825,114.474,121.624,88.98,157.736,22.067555295895744,-0.0869023297658987,7,3,True,True,True,True,True,True,C,0.21964285714285714,384.0
SSG 08 | Turbo Peek (Field-Tested),True,True,True,0.0766,0.3205869716098754,151,summary,True,True,True,True,True,17.98,50,-0.005914251505818,-0.013223285002773,95,8.018794656725689,10.036760898829865,0.9005174699568063,1.9,-0.00791974656811,-0.0100508094728265,,0.1323177221926555,0.0399813730707821,-0.0970339005361375,2026-06-20T01:03:13.624590+00:00,ok,,best_deal,2026-04-18T19:25:06.418241+00:00,,True,8,18.44875,18.34,1/1,23.1768,23.383,21.0568,22.1915,24.05,24.867,19.201,28.226,16.43971557764662,-0.0727855909203061,7,3,True,True,True,True,True,True,C,0.27653061224489794,356.0
UMP-45 | Continuum (Factory New),True,True,True,0.2026,0.562944756090309,112,summary,True,True,True,True,True,4.9,50,-0.0199985606538378,-0.0132382892057026,71,11.883653374580314,5.017542535933905,0.9454582735288088,1.42,0.0626169252778696,-0.0526880308956482,,0.5194697597348799,0.0828500414250207,-0.0624976786935682,2026-06-20T02:49:35.985187+00:00,ok,,best_deal,2026-04-18T21:26:55.295135+00:00,,True,8,4.98,4.8825,1/1,5.3014,4.877,4.611,4.81,5.44,6.916,3.933,8.699,43.47908099747237,-0.0065843621399177,7,3,True,True,True,True,True,True,C,0.16836734693877553,407.0
AK-47 | Point Disarray (Battle-Scarred),True,True,True,0.0653,0.27927105521182005,39,summary,True,True,True,True,True,14.83,39,-0.0124023651302992,-0.0134545314548242,158,3.5347289509918856,3.986052322912955,0.9602226463104324,4.051282051282051,-0.0652307692307693,-0.012433751277212,,0.0893350888742594,0.0,-0.0381948559767268,2026-06-20T01:50:09.368569+00:00,ok,,best_deal,2026-04-17T00:53:35.561769+00:00,,False,8,14.71,14.53,1/1->1/1,15.6872,15.72,15.0947,15.473,16.0275,16.387,11.761,16.837,8.237926462338727,-0.0333460608374697,7,3,True,True,True,True,True,True,B,0.4875,251.0
M4A1-S | Black Lotus (Minimal Wear),True,True,True,0.1113,1.5835647097325887,400,summary,True,True,True,True,True,8.86,50,-0.0104608199337568,-0.0135811735197993,1664,3.325546521947574,2.305440226871649,0.9767657037113188,33.28,-0.020059582919563,-0.0025841735774756,-0.0044604390155909,0.0834008917713822,0.0274625050668829,-0.00281440593745,2026-06-20T01:34:52.618544+00:00,ok,,best_deal,2026-04-17T21:17:18.292028+00:00,,True,8,9.75375,9.65625,1/1,9.8029,9.727,9.501,9.605,9.931,10.135,9.235,10.859,6.467473910781507,-0.010528426752231,7,3,True,True,True,True,True,True,A,0.9448979591836735,28.0
StatTrak™ USP-S | Jawbreaker (Battle-Scarred),True,True,True,0.1841,0.5853295032511627,73,summary,True,True,True,True,True,7.24,50,-0.0101639985598273,-0.0137944039314699,227,3.229271188117405,4.140816009270908,0.958790436005626,4.54,0.0283713543170662,0.0011906280676297,-0.0121005926261342,0.1074061074061074,0.0275886275886276,-0.0367019633579677,2026-06-20T01:33:03.149090+00:00,ok,,best_deal,2026-05-12T18:11:35.835564+00:00,,True,8,7.7225,7.645,1/1,7.0759,7.11,6.817,6.98,7.2085,7.4378,4.099,7.895,8.773442247629278,-0.0009117688315329,7,3,True,True,True,True,True,True,B,0.5816326530612246,206.0
M4A4 | Temukau (Factory New),True,True,True,0.2239,0.7621557870920433,187,summary,True,True,True,True,True,128.91,50,-0.0113241513193309,-0.013935477169473,56,6.64202666701281,5.761736178939624,0.9398890269375428,1.12,0.0011332920373916,0.0014727388511367,-0.0063906197716601,0.0818562137458252,0.0113622780805061,-0.0624147958901521,2026-06-20T01:41:06.191648+00:00,ok,,best_deal,2026-04-18T00:14:39.320316+00:00,,True,8,131.06625,129.60125,1/1,154.0855,147.6935,138.8155,142.6478,152.8822,171.784,119.469,368.137,21.39623780303793,-0.038844924411886,7,3,True,True,True,True,True,True,C,0.05510204081632654,465.0
AK-47 | Legion of Anubis (Battle-Scarred),True,True,True,0.0666,0.2335716523770189,33,summary,True,True,True,True,True,34.55,34,-0.0177639706175999,-0.0140660430778151,123,6.4698142987791005,8.678314481447785,0.9152543953737816,3.6176470588235294,-0.0650135419801382,-0.0122088295700291,-0.0270091429399714,0.1280222468264799,0.002806601951747,-0.0912587007247381,2026-06-20T02:31:31.052070+00:00,ok,,best_deal,2026-04-17T00:48:04.672936+00:00,,False,8,34.93125,34.32,1/1->1/1,41.8791,42.886,39.2516,40.793,43.5025,43.6606,30.101,44.489,10.52792443008565,-0.1068258129800836,7,3,True,True,True,True,True,True,B,0.40433673469387754,295.0
Desert Eagle | Printstream (Minimal Wear),True,True,True,0.0833,0.6200476579183879,317,summary,True,True,True,True,True,47.13,50,-0.0160980550288196,-0.0141804414235898,341,4.899283002519002,3.289591977573933,0.9669306248924082,6.82,-0.0408814693431653,-0.0102810006103416,-0.0202098007065016,0.0706543985477584,0.0,-0.0311298397433619,2026-06-20T02:20:28.831948+00:00,ok,,best_deal,2026-04-17T07:52:36.758220+00:00,,True,8,49.4425,48.65125,1/1,58.3963,58.09,56.169,56.912,59.773,60.813,53.688,74.574,7.952558638132904,-0.0289304045763267,7,3,True,True,True,True,True,True,B,0.6933673469387756,151.0
Dual Berettas | Melondrama (Battle-Scarred),True,True,True,0.2049,0.7517093390555653,63,summary,True,True,True,True,True,6.59,46,-0.008372537690824,-0.0144012707722385,596,4.216557702196429,4.4516271211342096,0.9554215094894808,12.956521739130435,-0.0588911232404482,-0.0100768288961091,-0.0089457669981711,0.0953907203907204,0.0146520146520145,-0.0299932649744205,2026-06-20T01:22:50.381362+00:00,ok,,best_deal,2026-04-17T08:59:57.400617+00:00,,False,8,7.7775,7.7325,1/1->1/1,6.8065,6.797,6.494,6.649,6.936,7.093,5.954,7.399,8.800411371483143,-0.0354776976299132,7,3,True,True,True,True,True,True,A,0.7954081632653062,102.0
FAMAS | Bad Trip (Battle-Scarred),True,True,True,0.0692,0.2527725414351115,25,summary,True,True,True,True,True,46.66,35,-0.0303947801342227,-0.0149572649572651,220,6.782350580130873,12.305868516115776,0.8799063547587815,6.285714285714286,0.0253695929914217,0.0002415786521152,-0.0023478076356406,0.1325916696333214,0.0921502313990744,-0.1362040225737068,2026-06-20T04:02:59.563020+00:00,ok,,best_deal,2026-04-17T09:57:01.482405+00:00,,False,8,48.26625,46.8425,1/1->1/1,53.5655,54.888,48.2963,52.354,55.987,56.154,39.702,57.38,14.669330072528028,0.0230914918414919,7,3,True,True,True,True,True,True,B,0.6040816326530611,195.0
Glock-18 | Glockingbird (Minimal Wear),True,True,True,0.1124,0.34828732106339466,400,summary,True,True,True,True,True,3.15,50,-0.0255782534645768,-0.0153092812517589,930,4.187137114783379,2.382015780854534,0.9758216849263318,18.6,-0.0157835400225478,-0.0041780289042599,-0.05542371256255,0.2581137838869796,0.0072546773577701,-0.0235532898459926,2026-06-20T03:30:14.238686+00:00,ok,,best_deal,2026-04-17T18:28:12.290645+00:00,,True,8,3.35625,3.2725,1/1,2.6868,2.647,2.583,2.6055,2.718,2.889,1.756,3.451,11.389012952210797,-0.0296406076324563,7,3,True,True,True,True,True,True,A,0.8852040816326531,58.0
AK-47 | The Oligarch (Minimal Wear),True,True,True,0.0895,1.0296271616309751,181,summary,True,True,True,True,True,134.47,50,-0.0136769863741484,-0.015390136709792,58,6.210186055768689,2.336918103891988,0.9757885381114904,1.16,-0.0367824375640989,-0.0040221045769743,-0.0079581876606718,0.0815395683453237,0.0274028776978417,-0.0303570923900496,2026-06-20T02:00:34.446386+00:00,ok,,best_deal,2026-04-17T01:44:20.386897+00:00,,True,8,135.16125,133.34375,1/1,145.709,140.64,137.2349,138.0545,147.1033,160.7659,121.606,210.109,16.14931129854709,-0.0226203618414114,7,3,True,True,True,True,True,True,C,0.07653061224489796,454.0
StatTrak™ AWP | Worm God (Factory New),True,True,True,0.1684,0.691841150833562,118,summary,True,True,True,True,True,9.32,50,-0.0116311946033043,-0.0154465009502918,98,7.877627713723647,7.83175574943322,0.9204800931524026,1.96,0.0384597753839102,-0.0017244187126682,0.0141373444450856,0.0882846296459786,0.0634766487154585,-0.0805229178764577,2026-06-20T01:42:37.203491+00:00,ok,,best_deal,2026-05-11T11:07:12.414862+00:00,,True,8,9.50375,9.395,1/1,11.3359,11.1645,10.2767,10.65,11.543,12.1647,8.856,20.215,16.65505165006748,0.0236782647989155,7,3,True,True,True,True,True,True,C,0.2846938775510204,351.0
StatTrak™ MAC-10 | Saibā Oni (Minimal Wear),True,True,True,0.1233,0.3547275375275779,57,summary,True,True,True,True,True,5.69,50,-0.0125309477618946,-0.0156173139309708,58,7.823768974453903,10.114772306553126,0.8992328120389496,1.16,0.019736842105263,-0.0038184044999926,-0.0075536321049882,0.178878648233487,0.0752688172043011,-0.1069895958044072,2026-06-20T01:51:21.821224+00:00,ok,,best_deal,2026-05-12T00:16:53.384002+00:00,,True,8,7.35125,7.26375,1/1,6.7525,6.778,6.095,6.4682,6.9965,7.5731,3.01,9.267,21.889670492410225,-0.0322580645161291,7,3,True,True,True,True,True,True,C,0.07653061224489796,457.0
M4A4 | Evil Daimyo (Field-Tested),True,True,True,0.2554,4.178005002611253,275,summary,True,True,True,True,True,3.45,50,-0.0162331692719185,-0.0158045977011493,891,4.837721984078379,3.968156766687077,0.9597715420908866,17.82,-0.0012239902080782,-0.0047144353216169,-0.0241372906497714,0.1276960784313725,0.0254901960784313,-0.0304223445569645,2026-06-20T02:20:39.701958+00:00,ok,,best_deal,2026-04-17T23:07:39.828836+00:00,,True,8,3.57125,3.51375,1/1,4.0825,4.027,3.865,3.9555,4.153,4.337,3.83,4.938,11.561543172075924,0.0036900369003689,7,3,True,True,True,True,True,True,A,0.8673469387755102,66.0
Tec-9 | Blue Titanium (Factory New),True,True,True,0.1292,0.603975646613509,69,summary,True,True,True,True,True,21.26,45,-0.0061706853669732,-0.0158046345846251,63,3.3597484006595444,6.3835219612531215,0.9373430766348136,1.4,0.0350294538314222,0.0030892737727998,,0.2029229904440695,0.1347901442758103,-0.0624016801452722,2026-06-20T01:04:39.464101+00:00,ok,,best_deal,2026-04-18T19:32:20.259229+00:00,,False,8,23.91375,23.87625,1/1->1/1,41.9079,42.696,40.0208,41.8725,43.2805,43.624,28.179,46.228,8.597901588960557,-0.0027328147992433,7,3,True,True,True,True,True,True,C,0.12602040816326532,428.0
M4A1-S | Fade (Factory New),True,True,True,0.0907,0.4936501223947667,400,summary,True,True,True,True,True,350.39,50,-0.0150684993734153,-0.0159555784725993,115,6.429863815609492,5.013222541263458,0.949077251097838,2.3,-0.0723710823878412,-0.0065139416912241,-0.0312808940174162,0.1181279887983102,0.0,-0.0548304459884921,2026-06-20T02:11:36.375968+00:00,ok,,best_deal,2026-04-17T21:23:02.809552+00:00,,True,8,412.19125,406.17125,1/1,359.6888,354.105,336.073,342.903,366.0305,385.1,261.505,523.489,13.63039382933248,-0.053798090148151,7,3,True,True,True,True,True,True,C,0.33418367346938777,329.0
AWP | Neo-Noir (Minimal Wear),True,True,True,0.0633,0.6876672754940194,164,summary,True,True,True,True,True,46.08,50,-0.0136030951991776,-0.0161481060854107,182,5.394116898000757,2.950646704626076,0.9699468232939912,3.64,-0.0770437203728831,-0.0109230917992069,-0.0267864978112599,0.1122863961813842,0.0,-0.0297792026343407,2026-06-20T02:00:20.753827+00:00,ok,,best_deal,2026-04-17T04:49:34.136341+00:00,,True,8,47.2425,46.60875,1/1,54.971,53.971,52.349,53.2188,56.184,58.1,43.306,86.43,10.461879900311082,-0.0247285998919986,7,3,True,True,True,True,True,True,B,0.5102040816326531,238.0
MP9 | Airlock (Minimal Wear),True,True,True,0.0721,0.2819100161416219,97,summary,True,True,True,True,True,12.84,50,-0.0138270700135831,-0.0163436335712174,63,4.401363980803228,7.4501136650669375,0.9251253411182332,1.26,0.0491536458333332,-0.0062284607725637,0.0184950835494408,0.1231461371393112,0.1025752404591994,-0.0812460378813044,2026-06-20T02:02:07.675740+00:00,ok,,best_deal,2026-04-18T06:33:56.500354+00:00,,True,8,13.01625,12.83875,1/1,15.836,15.757,14.5772,15.468,16.165,16.573,11.653,19.413,12.602930032836582,0.0132033951587551,7,3,True,True,True,True,True,True,C,0.11505102040816326,433.0
R8 Revolver | Nitro (Factory New),True,True,True,0.1148,0.3534641920124381,40,summary,True,True,True,True,True,8.84,33,-0.0199385357727296,-0.0163472037502256,53,5.520645590790277,3.5397080552714044,0.9644835451287064,1.606060606060606,-0.0472600518806745,-0.0020838699353203,,0.3755636858674382,0.0764911086531099,-0.04701592609813,2026-06-20T02:48:38.301116+00:00,ok,,best_deal,2026-04-19T04:51:26.032991+00:00,,False,8,10.0475,9.885,2/2->1/2,6.1587,6.138,5.92,6.02,6.36,6.4748,5.488,6.517,9.008394628736587,-0.0626096666134949,7,3,True,True,True,True,True,True,C,0.06887755102040816,458.0
UMP-45 | Wild Child (Minimal Wear),True,True,True,0.2111,0.5267183105541028,132,summary,True,True,True,True,True,6.7,50,-0.0179889193501702,-0.0164917541229385,709,2.8330904970050184,3.062435918191132,0.9688785302988758,14.18,-0.0103121132957513,0.0020513769150568,0.0031378968732997,0.0376493470408446,0.0061128091136427,-0.0249878431008922,2026-06-20T02:33:48.045448+00:00,ok,,best_deal,2026-04-18T22:23:54.422871+00:00,,True,8,6.79125,6.671250000000001,1/1,7.4124,7.294,7.067,7.189,7.399,7.508,4.975,12.174,5.9494900437105365,-0.0236028214867063,7,3,True,True,True,True,True,True,A,0.8224489795918367,88.0
Negev | Lionfish (Factory New),True,True,True,0.262,0.7185371869805351,51,summary,True,True,True,True,True,3.06,50,-0.0157563440290517,-0.0166666666666666,117,5.235400546637415,5.220002309735541,0.9471962616822428,2.34,-0.0114533965244865,-0.0018257687200756,,0.1192568917299239,0.0073911306432281,-0.0574814377901758,2026-06-20T02:16:36.537266+00:00,ok,,best_deal,2026-04-18T08:38:41.141212+00:00,,True,8,3.05375,3.00625,1/1,2.5977,2.568,2.4324,2.504,2.64,2.9926,2.077,3.185,21.565230781075567,-0.0272055965798677,7,3,True,True,True,True,True,True,C,0.34030612244897956,325.0
AK-47 | Ice Coaled (Well-Worn),True,True,True,0.0785,0.5138591950789543,49,summary,True,True,True,True,True,5.82,41,-0.0127390526624175,-0.0167719882089728,461,5.625389379558023,6.963022684794956,0.9304793267471644,11.24390243902439,-0.0755254720342001,-0.0125538851076134,-0.0329340421292021,0.0894026974951829,0.0,-0.0606108823018613,2026-06-20T01:53:02.202097+00:00,ok,,best_deal,2026-04-17T00:44:37.194589+00:00,,False,8,6.0225,5.95625,1/1->1/1,5.4574,5.466,5.086,5.309,5.616,5.729,4.325,6.125,11.782167332429358,-0.0338793745346238,7,3,True,True,True,True,True,True,A,0.7561224489795918,121.0
AK-47 | The Outsiders (Field-Tested),True,True,True,0.0712,0.3613225769798886,246,summary,True,True,True,True,True,8.83,50,-0.0148721311861879,-0.0169004690537286,931,3.9198900628533977,2.5231476266642456,0.9745714610057896,18.62,0.0029725861499503,0.0006964380126776,0.0007180260943164,0.0668496158068057,0.0484083424807902,-0.0142496273919517,2026-06-20T02:10:29.565372+00:00,ok,,best_deal,2026-04-17T01:44:39.049248+00:00,,True,8,8.715,8.5875,1/1,8.8778,8.809,8.585,8.669,9.017,9.236,8.123,12.318,7.332897789993013,0.0334656834940443,7,3,True,True,True,True,True,True,A,0.8872448979591837,57.0
AWP | Redline (Field-Tested),True,True,True,0.1595,2.6646352763918273,400,summary,True,True,True,True,True,39.32,50,-0.0151483435087127,-0.0172018108306907,111,5.442949352822643,2.9071753013899686,0.9696888770196288,2.22,-0.024107086214553,0.0003464063790846,,0.0866974365641725,0.0468915902836464,-0.0340629790886957,2026-06-20T02:12:16.674700+00:00,ok,,best_deal,2026-04-17T04:53:39.818286+00:00,,True,8,39.81375,39.2225,1/1,46.8496,44.934,43.572,44.121,46.671,53.799,37.281,69.915,21.82942863973224,-0.0105592658898191,7,3,True,True,True,True,True,True,C,0.32040816326530613,336.0
Nova | Rising Sun (Factory New),True,True,True,0.1804,0.5269673257543923,97,summary,True,True,True,True,True,7.3,50,-0.0186309599329345,-0.0172719271172684,145,1.6045440688028438,2.397188838791457,0.9753180241202708,2.9,0.0508867893253772,0.0056995084163078,0.0197065573953283,0.0564668769716087,0.0559936908517349,-0.030781556180319,2026-06-20T02:38:48.641104+00:00,ok,,best_deal,2026-04-18T10:36:38.029709+00:00,,True,8,7.38,7.245,1/1,6.2323,6.053,5.9036,6.0,6.1,6.7322,5.12,10.138,13.295252154100409,0.0531561461794021,7,3,True,True,True,True,True,True,B,0.41836734693877553,285.0
MAG-7 | Monster Call (Factory New),True,True,True,0.1773,0.5847059273130278,129,summary,True,True,True,True,True,6.36,50,-0.0239896862898951,-0.0174377914671582,85,4.832338079926503,3.5939366100137926,0.9626361031518624,1.7,-0.0355858413780049,-0.0052066741656636,-0.0190303083951902,0.0681059862610403,0.0,-0.0513017771068532,2026-06-20T03:17:29.889688+00:00,ok,,best_deal,2026-04-18T03:29:14.551986+00:00,,True,8,6.7175,6.5600000000000005,1/1,5.4425,5.235,5.0394,5.121,5.384,6.019,4.362,10.522,17.999081304547552,-0.0302626570232203,7,3,True,True,True,True,True,True,C,0.21964285714285714,382.0
AK-47 | The Oligarch (Battle-Scarred),True,True,True,0.0985,0.41204713736219256,71,summary,True,True,True,True,True,46.01,50,-0.0061878720429461,-0.0176233808521152,119,4.27505377503172,5.360353959753254,0.9465859434123476,2.38,-0.0430205009186732,-0.0039494027275832,,0.0532531672750697,0.0,-0.0492130776349255,2026-06-20T01:05:14.415854+00:00,ok,,best_deal,2026-04-17T01:44:06.252963+00:00,,True,8,49.46,49.16625,1/1,40.8182,40.963,38.775,40.134,41.879,42.245,30.101,46.312,8.50110979906022,-0.0413286188273472,7,3,True,True,True,True,True,True,C,0.34744897959183674,320.0
★ Specialist Gloves | Buckshot (Field-Tested),True,True,True,0.0921,0.2924346263889814,168,summary,True,True,True,True,True,53.84,50,-0.0186637721167536,-0.017804536113569,127,5.638164193393977,5.901448061273337,0.9396419828641372,2.54,-0.017080948844524,-0.0035503454767351,-0.0054315406291973,0.0709037037037037,0.0535259259259259,-0.0666981874889712,2026-06-20T02:39:23.778327+00:00,ok,,best_deal,2026-05-21T21:55:01.349710+00:00,,True,8,58.6875,57.6525,1/1,66.848,65.36,61.415,64.089,67.858,75.705,56.712,95.973,21.376854954523694,0.0469174098487787,7,3,True,True,True,True,True,True,B,0.37755102040816324,306.0
AK-47 | B the Monster (Field-Tested),True,True,True,0.1242,0.9578860076507859,400,summary,True,True,True,True,True,230.37,50,-0.0182251565173772,-0.0179612367672251,58,9.850629365365917,6.647645951257247,0.93073786687334,1.16,0.0243674141440977,-0.0052222403682385,-0.0170603144197591,0.1888455634667174,0.0632480797589862,-0.078012541006931,2026-06-20T02:35:43.843878+00:00,ok,,best_deal,2026-04-17T00:34:01.693595+00:00,,True,8,243.955,239.5125,1/1,170.0602,163.2205,151.9155,156.648,173.4,205.456,150.939,235.562,31.48326298569564,-0.026501206601962,7,3,True,True,True,True,True,True,C,0.07653061224489796,453.0
USP-S | Alpine Camo (Factory New),True,True,True,0.2493,1.4732133697191043,400,summary,True,True,True,True,True,3.69,50,-0.0119186706869572,-0.0180388794621877,576,3.056659349209433,2.000722483118906,0.97926267281106,11.52,-0.0437956204379561,-0.0027973332956644,-0.0172853444353767,0.055490311215502,0.0,-0.009973808940658,2026-06-20T01:45:11.983050+00:00,ok,,best_deal,2026-04-18T22:24:19.793953+00:00,,True,8,4.98,4.9225,1/1,3.5987,3.472,3.4,3.442,3.552,3.673,3.039,14.153,7.586072748492515,-0.0104590354445089,7,3,True,True,True,True,True,True,A,0.7857142857142857,106.0
StatTrak™ Dual Berettas | Melondrama (Minimal Wear),True,True,True,0.1903,0.4622600585619781,73,summary,True,True,True,True,True,6.73,50,-0.0097700177084768,-0.0185592215201872,161,7.642853931573976,7.40682461898126,0.9249601457526758,3.22,0.0338367872614446,-0.0004729747270148,0.017266630709491,0.1584371460928653,0.0528878822197056,-0.0713320148790559,2026-06-20T01:30:20.350637+00:00,ok,,best_deal,2026-05-11T13:09:32.472406+00:00,,True,8,8.23875,8.15375,1/1,8.8972,8.782,8.123,8.664,9.344,9.762,6.107,10.679,18.421525873308468,0.0149425287356321,7,3,True,True,True,True,True,True,B,0.46658163265306124,262.0
AK-47 | The Empress (Minimal Wear),True,True,True,0.3428,4.103824941089876,142,summary,True,True,True,True,True,105.0,50,-0.0137612795089804,-0.0185792054146329,91,5.624050642671548,6.307973444981608,0.9369280466274508,1.82,0.0287234795186026,0.0073330306946448,,0.0587848731918666,0.0377406068756829,-0.0678360317924092,2026-06-20T02:01:53.475780+00:00,ok,,best_deal,2026-04-17T01:43:56.922666+00:00,,True,8,103.6375,102.22875,1/1,129.693,129.709,121.528,126.327,133.621,136.338,112.446,166.23,11.41927474882992,0.0196739960418255,7,3,True,True,True,True,True,True,C,0.25918367346938775,363.0
Sawed-Off | Kiss♥Love (Minimal Wear),True,True,True,0.1778,0.44728038656919844,153,summary,True,True,True,True,True,6.91,50,-0.0220167575497508,-0.0186445805914833,362,2.9684255364464183,4.106543847505463,0.9591174131990458,7.24,0.0399400218102508,0.0039565785429644,0.0169479854540881,0.0602962380390614,0.0496788569930527,-0.0447636517908631,2026-06-20T03:04:01.275398+00:00,ok,,best_deal,2026-04-19T06:56:24.037981+00:00,,True,8,7.1425,6.99125,1/2,7.5124,7.546,7.2375,7.395,7.618,7.737,6.171,9.458,6.649006975134447,0.020329008960813,7,3,True,True,True,True,True,True,A,0.713265306122449,141.0
R8 Revolver | Skull Crusher (Field-Tested),True,True,True,0.0738,0.3365873305076619,131,summary,True,True,True,True,True,10.17,50,-0.0242076548221517,-0.0186616456134447,134,4.359448286827259,10.325741314889887,0.896421451355662,2.68,0.0727527808397636,0.0063416844828898,,0.0721158337225595,0.0721158337225595,-0.1161481115975802,2026-06-20T03:20:45.626573+00:00,ok,,best_deal,2026-04-19T04:53:27.317770+00:00,,True,8,10.22375,9.9825,1/2,10.0632,10.032,8.9929,9.8483,10.287,11.203,6.546,14.371,21.96219890293345,0.0679369513168397,7,3,True,True,True,True,True,True,B,0.39336734693877556,300.0
StatTrak™ USP-S | Guardian (Factory New),True,True,True,0.1235,0.6327780658542909,231,summary,True,True,True,True,True,11.91,50,-0.0185573654245948,-0.0186891776588874,51,3.3721762399651536,10.727176551123277,0.8939964639864709,1.02,-0.0213863755327901,0.0014004232214902,,0.1710093986398716,0.0313287995720944,-0.1197221035468951,2026-06-20T02:37:07.666679+00:00,ok,,best_deal,2026-05-12T18:11:21.067484+00:00,,True,8,11.96,11.7425,1/1,12.8552,13.009,11.63,12.686,13.1195,13.8,9.562,15.746,16.880328582985875,0.0121031669308997,7,3,True,True,True,True,True,True,C,0.011479591836734693,489.0
Sawed-Off | Kiss♥Love (Factory New),True,True,True,0.2138,0.5627544713479309,114,summary,True,True,True,True,True,29.52,50,-0.0236619284102302,-0.0187091609386473,62,2.7076229803128595,7.236605383547793,0.9276240253620084,1.24,0.0064105312808198,0.0018090110664575,,0.0399863658635307,0.0063696981316972,-0.0890230218790248,2026-06-20T03:14:32.734582+00:00,ok,,best_deal,2026-04-19T06:56:20.029833+00:00,,True,8,30.39375,29.69125,1/2,23.3452,23.342,21.6526,22.8697,23.5018,24.1564,18.43,34.891,10.725116940527398,0.0052467020729827,7,3,True,True,True,True,True,True,C,0.10255102040816327,443.0
★ Nomad Knife | Rust Coat (Battle-Scarred),True,True,True,0.1557,0.5570353300312747,77,summary,True,True,True,True,True,102.83,50,-0.0160013308111195,-0.018737435389178,53,2.9242159492968893,4.305220990875719,0.956905892582436,1.06,-0.0058347205608024,-0.0006161368635201,,0.0720641505147439,0.0310192645072804,-0.0527761963124936,2026-06-20T02:19:14.138901+00:00,ok,,best_deal,2026-05-21T10:39:30.473960+00:00,,True,8,121.79,120.085,1/1,119.7244,119.608,114.4536,118.657,122.158,124.369,104.698,125.643,8.281853991333433,-0.0026727870833472,7,3,True,True,True,True,True,True,C,0.027295918367346936,485.0
AWP | Chrome Cannon (Minimal Wear),True,True,True,0.0801,0.8074969514829714,140,summary,True,True,True,True,True,43.08,50,-0.0223308881296246,-0.0189488658723935,326,4.665151939576915,3.577245894155844,0.9637754244410826,6.52,0.0955387468483675,0.006706147063336,0.0269873052423224,0.1198740870359099,0.1198740870359099,-0.0405789902593502,2026-06-20T03:05:49.683420+00:00,ok,,best_deal,2026-04-17T03:53:39.728604+00:00,,True,8,42.38,41.45375,1/1,48.1935,47.592,45.868,46.7627,49.011,50.222,2.645,81.667,9.03441335449801,0.0948543345619625,7,3,True,True,True,True,True,True,B,0.6841836734693877,155.0
Dual Berettas | Sweet Little Angels (Field-Tested),True,True,True,0.156,0.5024048764226867,287,summary,True,True,True,True,True,3.93,50,-0.0160878377631124,-0.0192151307678182,520,5.066442270607617,4.067178570176365,0.9587188612099644,10.4,-0.0545608108108108,-0.0055181631257983,-0.0236697092046551,0.1089869572985528,0.0269787386099695,-0.0356215264381465,2026-06-20T02:20:00.661723+00:00,ok,,best_deal,2026-04-17T09:48:49.245508+00:00,,True,8,3.95125,3.88875,1/1,2.8521,2.81,2.694,2.742,2.8865,2.982,2.504,4.615,10.097822656989596,0.0041263006817364,7,3,True,True,True,True,True,True,A,0.7709183673469389,113.0
StatTrak™ Glock-18 | Block-18 (Factory New),True,True,True,0.2129,0.7372427403439527,107,summary,True,True,True,True,True,5.67,50,-0.0190195252142154,-0.0194690265486725,157,11.135857461024488,6.576882258860113,0.9324012905208172,3.14,-0.0626488095238094,-0.0210372141843007,-0.0350499521116836,0.1651055723130655,0.0114303857755199,-0.0724483409803985,2026-06-20T02:42:45.391613+00:00,ok,,best_deal,2026-05-11T18:05:01.426859+00:00,,True,8,5.76,5.6525,1/1,6.6901,6.509,6.069,6.23,6.975,7.338,0.684,15.432,18.96832633293972,-0.0458951832777946,7,3,True,True,True,True,True,True,B,0.4538265306122449,266.0
AWP | Atheris (Field-Tested),True,True,True,0.11,0.9887169943003374,400,summary,True,True,True,True,True,4.95,50,-0.0165917367193118,-0.0196516284605513,2562,4.409728750405935,3.8798776214811808,0.9610367318915208,51.24,-0.0603418803418802,-0.0114617545571549,-0.0321982247395378,0.1104238675641259,0.0,-0.0210304495687832,2026-06-20T02:23:09.653994+00:00,ok,,best_deal,2026-04-17T03:50:39.015210+00:00,,True,8,5.11875,5.035,1/1,5.8507,5.826,5.599,5.705,5.963,6.111,5.467,7.569,8.75108961320867,-0.0431679721496954,7,3,True,True,True,True,True,True,A,0.9734693877551021,14.0
★ Hand Wraps | Constrictor (Field-Tested),True,True,True,0.0633,0.16988150128684334,101,summary,True,True,True,True,True,55.37,50,-0.0195853792005698,-0.0199475019384334,72,9.334795611404004,6.613725153385046,0.9321622455971268,1.44,-0.0534550097641579,-0.0110277797480886,-0.0338416004069419,0.1240011743888021,0.0,-0.0779748342076456,2026-06-20T02:46:10.815662+00:00,ok,,best_deal,2026-05-21T04:34:19.737743+00:00,,True,8,56.96375,55.88125,1/1,68.1129,66.4055,61.9007,64.5745,70.9327,77.6558,40.136,99.914,23.13086067396925,-0.0128076579611149,7,3,True,True,True,True,True,True,C,0.17525510204081632,404.0
AK-47 | Cartel (Minimal Wear),True,True,True,0.131,1.9152789089711824,244,summary,True,True,True,True,True,22.77,50,-0.0132284473449111,-0.0200347207937762,168,7.643365076724744,4.31730285766132,0.9560752336628332,3.36,-0.0052942066253214,0.0084427380406699,0.0008054910736186,0.086184610705596,0.0403740875912407,-0.0436117461361525,2026-06-20T01:57:31.897929+00:00,ok,,best_deal,2026-04-17T00:37:10.993314+00:00,,True,8,23.1375,22.83375,1/1,26.4517,25.999,24.857,25.215,27.2368,28.1089,20.669,41.513,12.293727813335249,3.8018476979706506e-05,7,3,True,True,True,True,True,True,B,0.4816326530612245,254.0
AWP | Mortis (Battle-Scarred),True,True,True,0.093,0.5052055053235441,85,summary,True,True,True,True,True,4.01,50,-0.0227199663053614,-0.0202531645569619,355,6.002833337335223,5.200854803467228,0.9477190441708908,7.1,0.0123936816524909,-0.0051805459681786,-0.0047253228114417,0.0818530964954393,0.0232837253960634,-0.0565588139624606,2026-06-20T03:07:51.824161+00:00,ok,,best_deal,2026-04-17T04:48:50.256302+00:00,,True,8,4.0725,3.9825,1/1,4.1647,4.143,3.9264,4.025,4.275,4.45,3.53,4.802,12.572334141714892,0.0238387810272795,7,3,True,True,True,True,True,True,A,0.7112244897959183,143.0
P90 | Trigon (Field-Tested),True,True,True,0.0516,0.15695901960981584,79,summary,True,True,True,True,True,9.43,50,-0.0199718460641647,-0.0204312873526273,101,6.122743682310462,6.382671480144407,0.935929648241206,2.02,-0.0437649307214524,-0.0100559510345635,-0.0769746483503577,0.3436594383931248,0.0,-0.0741984220064657,2026-06-20T02:49:07.016762+00:00,ok,,best_deal,2026-04-18T16:37:08.371912+00:00,,True,8,9.45,9.265,1/1,10.3875,10.348,9.685,10.034,10.67,10.741,8.908,17.394,10.16606498194945,-0.0510194404931246,7,3,True,True,True,True,True,True,C,0.29719387755102045,347.0
StatTrak™ AK-47 | Head Shot (Minimal Wear),True,True,True,0.0706,0.3029692649205613,64,summary,True,True,True,True,True,45.13,50,-0.0260836202277008,-0.0204431649388235,89,5.361964954921041,8.334154811789853,0.9172849604644824,1.78,-0.0201684328288636,0.0115317317451214,0.0153333849231926,0.117047256581034,0.0504440215667618,-0.1005442724272378,2026-06-20T03:34:20.206413+00:00,ok,,best_deal,2026-05-11T08:00:27.629340+00:00,,True,8,47.02875,45.8425,1/1,61.8803,62.349,57.1918,59.919,63.237,65.883,47.99,78.389,14.045180776434496,0.0470908607863975,7,3,True,True,True,True,True,True,C,0.24846938775510202,368.0
AK-47 | Emerald Pinstripe (Battle-Scarred),True,True,True,1.1053,14.812212757237786,180,summary,True,True,True,True,True,3.15,50,-0.0088720425403899,-0.0205142946741232,420,2.7534333971323948,5.426278499714582,0.9460794127460794,8.4,-0.0090847913862719,0.0010372441989047,0.0126459787472044,0.0825127334465194,0.0502546689303903,-0.0436722704655417,2026-06-20T01:24:56.325060+00:00,ok,,best_deal,2026-04-17T00:39:12.096859+00:00,,True,8,3.6275,3.60375,1/1,2.9781,2.997,2.8354,2.9525,3.0345,3.081,2.075,3.688,8.246868808972165,-0.0312500000000001,7,3,True,True,True,True,True,True,A,0.7346938775510204,131.0
StatTrak™ USP-S | Cortex (Battle-Scarred),True,True,True,0.1268,0.4717170232384108,40,summary,True,True,True,True,True,7.16,45,-0.0210665948394592,-0.0205719029312443,161,2.5449460143877523,4.535547352374226,0.9550056242969628,3.577777777777778,-0.0011279608973555,-4.121844710364935e-05,,0.0849435382685069,0.057465495608532,-0.0532089742313252,2026-06-20T02:57:48.785818+00:00,ok,,best_deal,2026-05-12T18:09:38.543658+00:00,,False,8,7.17,7.0225,1/1->1/1,7.9373,8.001,7.641,7.86,8.062,8.159,5.805,8.428,6.526148690360712,-0.0267431920869459,7,3,True,True,True,True,True,True,B,0.47627551020408165,257.0
StatTrak™ UMP-45 | Wild Child (Field-Tested),True,True,True,0.2361,0.622753901442426,68,summary,True,True,True,True,True,3.51,50,-0.0257026308379348,-0.0210265577528919,252,5.933917734322305,7.361204765115749,0.9266270863672008,5.04,0.0171579410470741,0.0053202918728375,0.0309166225495622,0.0983996539792387,0.0983996539792387,-0.0836939397166696,2026-06-20T03:31:32.057168+00:00,ok,,best_deal,2026-05-12T18:06:45.784898+00:00,,True,8,4.28875,4.18875,1/1,4.449,4.4635,4.136,4.3295,4.5935,4.666,3.04,6.262,11.91278939087436,0.0330652368185879,7,3,True,True,True,True,True,True,B,0.6086734693877551,192.0
StatTrak™ UMP-45 | Moonrise (Factory New),True,True,True,0.2738,1.4509866254910422,77,summary,True,True,True,True,True,3.23,50,-0.019466632843077,-0.0213416617867134,53,15.18506801645048,9.453759358852684,0.9029499323410012,1.06,-0.0691790040376849,-0.0551011387809412,-0.0608965014147379,0.4745517640254481,0.0312319259687681,-0.1077268820242207,2026-06-20T02:45:45.987879+00:00,ok,,best_deal,2026-05-12T14:51:49.415040+00:00,,True,8,3.40625,3.34125,1/1,3.7932,3.695,3.3364,3.458,4.034,4.3068,2.821,6.009,25.582621533270068,-0.0450151891742611,7,3,True,True,True,True,True,True,C,0.027295918367346936,483.0
M4A4 | Spider Lily (Field-Tested),True,True,True,0.0715,0.3439889572971671,163,summary,True,True,True,True,True,8.6,50,-0.0165406258848503,-0.0216902043523757,496,5.366625445551751,4.346402851531257,0.955989319583832,9.92,-0.0211568146735676,-0.0094935441565345,-0.0107454801496109,0.083673469387755,0.0259740259740259,-0.0392402016327885,2026-06-20T02:22:43.477273+00:00,ok,,best_deal,2026-04-17T23:23:26.645033+00:00,,True,8,8.885,8.74,1/1,10.9976,10.861,10.383,10.624,11.2142,11.701,9.379,17.284,11.984432967192854,0.0112570356472794,7,3,True,True,True,True,True,True,A,0.758673469387755,119.0
Glock-18 | Vogue (Factory New),True,True,True,0.2244,1.1693937301320063,267,summary,True,True,True,True,True,15.62,50,-0.0148438076992892,-0.0217185070936309,180,3.654494658237064,3.88702185871368,0.961041219780857,3.6,-0.0407821873557913,-0.0075024767976636,,0.091015695471766,0.0,-0.0404588696527945,2026-06-20T02:10:14.921670+00:00,ok,,best_deal,2026-04-17T19:27:17.699235+00:00,,True,8,16.0375,15.805,1/1,17.2883,17.249,16.577,16.8532,17.485,17.772,15.26,25.607,6.912189168397105,-0.0468302189613665,7,3,True,True,True,True,True,True,B,0.5020408163265306,244.0
UMP-45 | K.O. Factory (Battle-Scarred),True,True,True,0.1269,0.49377839225755477,69,summary,True,True,True,True,True,4.41,50,-0.0178488986329156,-0.0218450716162387,524,4.814970563498741,5.246005046257364,0.9478415386223475,10.48,-0.0419099249374479,-0.0045517837422029,-0.0036741677489812,0.0761697497279651,0.0169749727965178,-0.0491101113342501,2026-06-20T02:31:46.696542+00:00,ok,,best_deal,2026-04-18T21:32:09.070148+00:00,,True,8,4.41125,4.33375,1/1,4.756,4.7835,4.534,4.646,4.875,4.9464,4.0,5.13,8.671152228763663,-0.0301815111861546,7,3,True,True,True,True,True,True,A,0.7729591836734693,112.0
SG 553 | Cyrex (Field-Tested),True,True,True,0.0985,0.3207865915001043,69,summary,True,True,True,True,True,4.88,50,-0.0227549887168796,-0.0219446895117966,107,12.424809272300475,5.028609154929586,0.9482250755287008,2.14,-0.0461927102129196,-0.0098490454938359,,0.1805713204691639,0.0454029511918273,-0.0631024873047111,2026-06-20T03:08:22.333384+00:00,ok,,best_deal,2026-04-18T17:33:03.768184+00:00,,True,8,5.10375,4.99,1/1,5.4528,5.296,5.0218,5.0805,5.758,6.064,4.15,6.571,19.113116197183103,0.0252133436772692,7,3,True,True,True,True,True,True,C,0.31785714285714284,337.0
★ Shadow Daggers | Rust Coat (Battle-Scarred),True,True,True,0.2046,0.5971769815418022,25,summary,True,True,True,True,True,43.52,33,-0.0367032454075953,-0.0220058381666322,104,5.757298300401397,3.208717902602113,0.967358988752365,3.1515151515151514,-0.0084563679012832,-0.0019173297640477,-0.005666920928808,0.0795495208938013,0.0660411116854199,-0.056426291888046,2026-06-20T04:45:35.716294+00:00,ok,,best_deal,2026-05-21T16:24:51.441880+00:00,,False,8,45.05,43.4525,1/1->1/1,48.9292,48.099,46.529,47.0367,49.8537,51.2357,39.99,98.451,9.619409268902816,0.0084603047313551,7,3,True,True,True,True,True,True,B,0.3497448979591837,318.0
StatTrak™ AK-47 | Ice Coaled (Minimal Wear),True,True,True,0.0932,0.9365172616373502,134,summary,True,True,True,True,True,19.74,50,-0.0210764811228528,-0.0220957432244237,155,10.004265220714611,5.091237716375494,0.9483085366376538,3.1,-0.0781857628228744,-0.0161320319036291,-0.0190791048036713,0.1191882410408986,0.0093254585017095,-0.059733181152213,2026-06-20T02:58:04.337996+00:00,ok,,best_deal,2026-05-11T08:00:44.401694+00:00,,True,8,20.5525,20.12875,1/1,23.6799,23.323,22.1174,22.589,24.958,25.793,0.461,36.095,15.522025008551555,-0.0698855891949939,7,3,True,True,True,True,True,True,B,0.4408163265306122,273.0
Dual Berettas | Panther (Minimal Wear),True,True,True,0.067,0.19352268199669867,61,summary,True,True,True,True,True,4.73,50,-0.0090529587684416,-0.0224276352070589,53,15.98545529389569,11.923914721369394,0.8778851220797471,1.06,0.0819542947202522,-0.0021175427147337,,0.25,0.0757465404224327,-0.1220147615747524,2026-06-20T01:26:24.709921+00:00,ok,,best_deal,2026-04-17T09:02:28.162518+00:00,,True,8,5.63,5.57875,1/1,5.8303,5.693,4.9978,5.393,6.325,6.563,4.067,8.742,26.84595989914755,-0.0974527526705012,7,3,True,True,True,True,True,True,C,0.027295918367346936,481.0
StatTrak™ M4A4 | Temukau (Field-Tested),True,True,True,0.0883,0.3416497592419577,72,summary,True,True,True,True,True,35.75,50,-0.0138957026802876,-0.0224295736531598,156,3.0837388044203986,3.6341672007199226,0.9627002498109228,3.12,-0.0263628039929432,-0.0009712925102133,,0.0589469821209445,0.0318703625124717,-0.0379394303668241,2026-06-20T02:02:52.807391+00:00,ok,,best_deal,2026-05-11T22:28:08.816590+00:00,,True,8,36.19,35.695,1/1,44.7833,43.633,42.0055,43.118,44.499,48.353,34.891,76.202,14.173810326617298,-0.0079300065988577,7,3,True,True,True,True,True,True,B,0.4459183673469388,272.0
M4A1-S | Nightmare (Field-Tested),True,True,True,0.0998,0.43937273625288104,370,summary,True,True,True,True,True,9.83,50,-0.0206197034255445,-0.0234112776907585,619,8.976822139557704,5.090136123942267,0.9484389233954452,12.38,0.0091591715488077,-0.0084814534881428,-0.0036347421882643,0.1130008176614881,0.0629599345870809,-0.048991942396331,2026-06-20T02:54:01.645119+00:00,ok,,best_deal,2026-04-17T22:12:47.118429+00:00,,True,8,10.13125,9.92625,1/1,12.2315,12.075,11.4524,11.639,12.737,13.118,10.431,16.411,13.617299595307196,0.0055911856602532,7,3,True,True,True,True,True,True,A,0.801530612244898,98.0
StatTrak™ M4A4 | Griffin (Field-Tested),True,True,True,0.0657,0.18195633048068466,42,summary,True,True,True,True,True,10.1,40,-0.0469300913786843,-0.0234145410597289,129,2.8488901198907954,4.510742689827101,0.9548156956004756,3.225,0.0108113279755071,0.0040697704256025,0.0028628635248719,0.0782300047326077,0.064126833885471,-0.079520984011241,2026-06-20T05:56:05.788473+00:00,ok,,best_deal,2026-05-11T22:23:25.931523+00:00,,False,8,11.4325,10.93125,1/1->1/1,10.1092,10.092,9.636,9.907,10.195,10.455,7.609,12.574,8.10153127843945,0.0618624051459872,7,3,True,True,True,True,True,True,B,0.4058673469387755,292.0
★ Hand Wraps | Giraffe (Field-Tested),True,True,True,0.0632,0.17122081852001628,95,summary,True,True,True,True,True,47.9,50,-0.0232944837904278,-0.0234427009156339,85,13.297697043198568,9.798441846056496,0.9014844267726972,1.7,0.0314441380685026,-0.0001910091050926,0.0157279346488345,0.1080521781141801,0.0696191319751993,-0.112651626967813,2026-06-20T03:11:40.434658+00:00,ok,,best_deal,2026-05-21T04:35:58.053455+00:00,,True,8,50.32375,49.2,1/1,60.6872,60.36,54.4136,56.886,64.956,66.635,50.168,79.7,20.13834877865514,0.0196725618667585,7,3,True,True,True,True,True,True,C,0.21964285714285714,385.0
AWP | Exoskeleton (Field-Tested),True,True,True,0.0899,0.8874980762324937,120,summary,True,True,True,True,True,5.62,50,-0.0214557778892623,-0.0235607855123404,451,6.7391681610458765,6.854862035055247,0.9315127871694842,9.02,0.0260355892648773,-0.0099231900102069,-0.0042020747511608,0.0911223256805743,0.0536640841566564,-0.0699870438091902,2026-06-20T02:59:52.621916+00:00,ok,,best_deal,2026-04-17T03:58:00.944784+00:00,,True,8,5.82625,5.70375,1/1,6.9148,6.921,6.447,6.63,7.096,7.298,5.417,17.833,12.306935847746862,0.0552805280528052,7,3,True,True,True,True,True,True,A,0.7428571428571429,127.0
AK-47 | Searing Rage (Minimal Wear),True,True,True,0.1491,0.787367083894565,355,summary,True,True,True,True,True,8.68,50,-0.0189580885639199,-0.0242316784869975,1141,7.179199724042777,5.734736115902036,0.9426167619458526,22.82,-0.0458333333333332,-0.0064405289007298,-0.0089665874630956,0.0831877729257642,0.0351528384279477,-0.048766614580005,2026-06-20T02:42:19.806819+00:00,ok,,best_deal,2026-04-17T01:42:44.477653+00:00,,True,8,10.52125,10.33375,1/1,9.2768,9.271,8.739,8.934,9.6,9.807,8.505,10.841,11.512590548464985,-0.0389256111635715,7,3,True,True,True,True,True,True,A,0.9076530612244897,46.0
MP9 | Goo (Factory New),True,True,True,0.2224,0.6112484323060626,85,summary,True,True,True,True,True,7.97,50,-0.0456307338012856,-0.0242503097893432,83,5.31610936985921,11.951722107742125,0.8835498565884934,1.66,-0.0481655083239049,-0.0048344783095611,-0.0438313690087288,0.1749023603328239,0.0222448633044659,-0.1566503221460855,2026-06-20T05:46:04.715028+00:00,ok,,best_deal,2026-04-18T07:29:29.162671+00:00,,True,8,8.39625,8.03,1/1,5.7749,5.927,5.2368,5.684,5.991,6.038,4.362,6.099,13.873833313130971,-0.0220856858186648,7,3,True,True,True,True,True,True,C,0.21326530612244898,387.0
StatTrak™ AK-47 | Slate (Battle-Scarred),True,True,True,0.1281,0.8478254130630211,286,summary,True,True,True,True,True,12.8,50,-0.0293668949678664,-0.0243848219457977,199,4.192335325679861,3.3462249873885943,0.9661643094520442,3.98,-0.0068117926908382,-0.0003339416097926,-0.0060656675382104,0.094930507675001,0.0817578110824837,-0.0488845579865579,2026-06-20T03:54:19.999632+00:00,ok,,best_deal,2026-05-11T09:05:05.606578+00:00,,True,8,14.41,14.00125,1/1,13.0834,12.939,12.5012,12.7765,13.325,13.675,10.555,20.762,8.971674029686474,0.074346978557505,7,3,True,True,True,True,True,True,B,0.551530612244898,220.0
AK-47 | Bloodsport (Factory New),True,True,True,0.3092,5.65666269386491,387,summary,True,True,True,True,True,205.14,50,-0.0250396778944154,-0.0245990774967389,55,3.701053706426763,5.130918682012267,0.9488870419888704,1.1,-0.0213512202286899,-0.0006091542935546,,0.0996343360288166,0.0496830002637874,-0.0699044788198597,2026-06-20T03:24:43.617010+00:00,ok,,best_deal,2026-04-17T00:35:35.344003+00:00,,True,8,208.45375,203.36625,1/1,220.5453,221.392,210.076,217.0305,225.193,230.8798,198.978,243.178,9.4328920181024,-0.0159947728330529,7,3,True,True,True,True,True,True,C,0.04438775510204082,470.0
StatTrak™ M4A1-S | Decimator (Field-Tested),True,True,True,0.2785,2.6597012553631023,91,summary,True,True,True,True,True,29.73,50,-0.0240385339414195,-0.0246184464312639,57,13.882038759037158,7.968338365672617,0.9193547405265562,1.14,0.0653077186293202,-0.0087264817669672,-0.0146488449102226,0.1745514614784563,0.0709249147279708,-0.0971136421311618,2026-06-20T03:18:01.118823+00:00,ok,,best_deal,2026-05-11T21:17:37.062653+00:00,,True,8,31.28875,30.56375,1/1,33.2516,32.855,30.2054,30.711,35.327,36.7736,23.679,44.819,19.753034440447976,0.0025301315668415,7,3,True,True,True,True,True,True,C,0.06581632653061224,460.0
StatTrak™ AK-47 | Nightwish (Battle-Scarred),True,True,True,0.0924,0.3489569965438315,26,summary,True,True,True,True,True,56.77,31,-0.0264013188505735,-0.0246931536805521,97,5.259881148329447,12.808351681238117,0.874995110375132,3.129032258064516,-0.0256875032368326,-0.001362024953386,-0.0051769775225105,0.1445277201934831,0.0927682985169828,-0.1421678701466827,2026-06-20T03:36:06.074669+00:00,ok,,best_deal,2026-05-11T08:02:43.295856+00:00,,False,8,57.65625,56.17375,1/1->1/1,74.8496,76.693,67.106,73.613,77.55,78.436,63.399,78.872,15.137021440328354,-0.0187891984926916,7,3,True,True,True,True,True,True,C,0.32448979591836735,335.0
AWP | Hyper Beast (Minimal Wear),True,True,True,0.0879,1.0642544516202614,181,summary,True,True,True,True,True,56.27,50,-0.0205055765455391,-0.0247561117096212,53,8.151318553756969,6.155007513228282,0.9372801161103046,1.06,-0.0479829744909897,-0.0132423544767474,,0.1210217015555981,0.0,-0.0757783072704388,2026-06-20T02:53:41.796599+00:00,ok,,best_deal,2026-04-17T04:41:31.369663+00:00,,True,8,56.21875,55.08875,1/1,70.2095,68.9,64.5786,65.253,70.976,74.2272,60.821,118.805,13.74258469295466,-0.0025362818567727,7,3,True,True,True,True,True,True,C,0.027295918367346936,480.0
★ Hand Wraps | Duct Tape (Field-Tested),True,True,True,0.0669,0.21244227601292665,194,summary,True,True,True,True,True,50.84,50,-0.0241530807656785,-0.0255390807884094,169,10.234366688816982,6.379904995228185,0.9355933258622836,3.38,0.0075044751457291,0.0025217546081604,0.012033680139442,0.1014251763437431,0.0691176358928802,-0.0751226485078783,2026-06-20T03:19:53.658925+00:00,ok,,best_deal,2026-05-21T04:35:25.285917+00:00,,True,8,54.19875,52.92375,1/1,64.8599,64.248,60.11,61.3,67.938,70.2682,58.456,82.894,15.661757110325478,0.0155372894947876,7,3,True,True,True,True,True,True,B,0.4846938775510204,253.0
StatTrak™ Glock-18 | Moonrise (Minimal Wear),True,True,True,0.2042,1.8627393911170615,136,summary,True,True,True,True,True,3.17,50,-0.0253680562475318,-0.0257544129495348,271,6.851230425055924,6.736831401260934,0.9301344582124966,5.42,-0.0537017726798748,-0.0064626651107888,-0.0123256326610529,0.0801652892561983,0.0234159779614324,-0.076585669698764,2026-06-20T03:27:43.801469+00:00,ok,,best_deal,2026-05-11T18:12:07.889140+00:00,,True,8,3.4125,3.32875,1/1,3.9336,3.793,3.528,3.6475,3.917,3.969,2.098,30.066,11.211104331909697,-0.0345744680851063,7,3,True,True,True,True,True,True,B,0.6306122448979592,182.0
★ Moto Gloves | Transport (Field-Tested),True,True,True,0.1018,0.3382551850959294,194,summary,True,True,True,True,True,41.96,50,-0.0236788280356128,-0.0259374667092787,182,6.60436292282103,6.971325203314346,0.9293173627099544,3.64,0.0780577260405039,8.973929489378538e-05,0.0066880534664237,0.1022668441683308,0.1022668441683308,-0.0800617204576586,2026-06-20T03:14:58.426419+00:00,ok,,best_deal,2026-05-21T09:43:13.016290+00:00,,True,8,51.2575,50.10625,1/1,52.1852,51.4695,47.8315,49.731,53.1775,60.433,44.811,70.671,24.14765105815442,0.0675246234924897,7,3,True,True,True,True,True,True,B,0.5102040816326531,241.0
MAC-10 | Derailment (Factory New),True,True,True,0.1665,0.7260835206223412,259,summary,True,True,True,True,True,22.58,50,-0.0240717354506452,-0.0260998711068332,88,4.380603857819149,4.761074944920901,0.952516913909751,1.76,-0.0031759211209133,-0.0016716206252282,-0.0177145813538328,0.1002873682895338,0.022739577693557,-0.0628643032585498,2026-06-20T03:18:47.087811+00:00,ok,,best_deal,2026-04-18T01:53:22.899862+00:00,,True,8,23.1975,22.65625,1/1,24.1017,24.1665,23.019,23.5622,24.618,24.8264,17.069,36.865,7.499056083180859,-0.0171108109214458,7,3,True,True,True,True,True,True,C,0.23903061224489794,375.0
StatTrak™ AWP | Phobos (Factory New),True,True,True,0.178,0.7502883689429294,99,summary,True,True,True,True,True,8.86,50,-0.0240628345900874,-0.0261688218400102,75,7.720102229664223,10.429188331717626,0.8943015362629512,1.5,0.0125688073394496,-0.0110923513946543,-0.0248220285619857,0.2151852858566639,0.0838090060704902,-0.1203959177338229,2026-06-20T03:18:27.002279+00:00,ok,,best_deal,2026-05-11T10:15:00.631945+00:00,,True,8,8.991249999999999,8.78,1/1,11.347,11.196,10.0126,10.5075,11.3835,12.2952,9.161,24.953,20.11633030757027,-0.0280908770693905,7,3,True,True,True,True,True,True,C,0.18571428571428572,399.0
★ Hand Wraps | Arboreal (Field-Tested),True,True,True,0.0762,0.22336970860766872,118,summary,True,True,True,True,True,48.67,50,-0.0218085940691145,-0.0268470592545634,114,9.09400594449119,8.439659862737466,0.916086778550962,2.28,-0.0089243392556512,0.0032127263554517,,0.0876556444297848,0.0278716912674197,-0.0958877158222556,2026-06-20T03:03:02.964541+00:00,ok,,best_deal,2026-05-21T04:32:12.724392+00:00,,True,8,52.04875,50.93875,1/1,61.9397,62.2965,57.069,58.8002,64.433,66.0241,53.504,80.648,14.457771025691118,0.0286707948087199,7,3,True,True,True,True,True,True,C,0.3260204081632653,334.0
MP9 | Latte Rush (Field-Tested),True,True,True,0.1692,0.5409799164644975,132,summary,True,True,True,True,True,23.86,50,-0.0197143528862203,-0.0269592902117127,128,4.167983796377593,2.296683955213686,0.9765346199086904,2.56,-0.000691961711452,0.0009737535033234,-0.0010432608517859,0.1036737834198884,0.0543950759761493,-0.0316521924788996,2026-06-20T02:48:10.146160+00:00,ok,,best_deal,2026-04-18T07:32:36.174920+00:00,,True,8,25.24,24.75125,1/1,25.6239,25.0795,24.491,24.661,25.729,27.003,21.289,37.53,9.803347655899378,0.0575241039827509,7,3,True,True,True,True,True,True,B,0.38035714285714284,305.0
StatTrak™ AK-47 | Inheritance (Field-Tested),True,True,True,0.0859,0.276535609780978,179,summary,True,True,True,True,True,87.66,50,-0.0276086776388701,-0.0269879632372895,56,3.865916807344325,2.964188843155481,0.9699767056506808,1.12,-0.0142251844798857,0.0005418572493367,-0.0013543679120358,0.1150283489969187,0.0401329070519941,-0.0507238488518498,2026-06-20T03:43:35.413262+00:00,ok,,best_deal,2026-05-11T08:00:58.867249+00:00,,True,8,91.2625,88.78125,1/1,105.442,104.1025,100.977,102.3355,106.4118,113.983,82.031,129.996,12.334743271182262,-0.0147083315489191,7,3,True,True,True,True,True,True,C,0.05510204081632654,467.0
StatTrak™ UMP-45 | K.O. Factory (Minimal Wear),True,True,True,0.2175,0.5374327118540556,95,summary,True,True,True,True,True,9.12,50,-0.02832151497157,-0.027102414909173,89,2.2772786077586944,11.909192407889837,0.881877307083846,1.78,-0.0385384551287393,0.0024580116923357,0.0010576927253045,0.1068163106122979,0.0644797850673831,-0.1385325431321068,2026-06-20T03:47:10.625793+00:00,ok,,best_deal,2026-05-12T14:50:07.146181+00:00,,True,8,9.39125,9.1325,1/1,11.2854,11.378,10.034,11.224,11.481,11.5848,7.503,20.067,13.741648501603834,0.0141953063197677,7,3,True,True,True,True,True,True,C,0.24846938775510202,369.0
★ Skeleton Knife | Rust Coat (Battle-Scarred),True,True,True,0.1449,0.7045938045903455,96,summary,True,True,True,True,True,134.47,50,-0.0247096598784582,-0.0272711418996526,54,3.7949806976601823,4.458749016586946,0.9554657248091448,1.08,0.0229170972487327,0.0043420306412425,0.0125615718829976,0.0741549597090494,0.0741549597090494,-0.0629358833450724,2026-06-20T03:23:25.471335+00:00,ok,,best_deal,2026-05-21T16:33:55.833034+00:00,,True,8,136.45,133.12625,1/1,158.5041,158.6935,151.6262,156.0153,162.0305,167.2822,128.457,178.749,9.87734702130732,0.0675006581639288,7,3,True,True,True,True,True,True,C,0.037244897959183676,478.0
StatTrak™ M4A4 | Neo-Noir (Field-Tested),True,True,True,0.0991,0.3554377660048202,70,summary,True,True,True,True,True,36.93,50,-0.0230686541115159,-0.0277561124526279,59,4.633563999838128,5.750688485204763,0.9418954979771024,1.18,0.0205987242515945,-0.004305980613154,0.0038524649954536,0.1365410052910053,0.0481591710758377,-0.0738064090914714,2026-06-20T03:10:36.676095+00:00,ok,,best_deal,2026-05-11T22:25:55.401762+00:00,,True,8,37.1,36.2625,1/1,46.9509,46.468,43.768,45.3645,47.54,50.2192,40.378,58.936,13.7403116873159,-0.0812048046344872,7,3,True,True,True,True,True,True,C,0.08418367346938777,452.0
M4A1-S | Black Lotus (Battle-Scarred),True,True,True,0.308,3.7114376295573703,206,summary,True,True,True,True,True,5.7,50,-0.0202402896450752,-0.028218782660628,781,5.768543570371119,5.155954872632599,0.9485306607779854,15.62,-0.0405560098119378,-0.0104755539732728,-0.0389547004960391,0.1448781319243225,0.0444861087438214,-0.0473872179824393,2026-06-20T02:52:38.517936+00:00,ok,,best_deal,2026-04-17T21:17:05.341670+00:00,,True,8,6.0025,5.89,1/1,5.8767,5.887,5.584,5.697,6.036,6.14,5.024,7.035,9.461092109517248,-0.0020411634631739,7,3,True,True,True,True,True,True,A,0.8408163265306122,79.0
SG 553 | Pulse (Minimal Wear),True,True,True,0.1497,0.7668911322295465,109,summary,True,True,True,True,True,11.39,50,-0.0463243728526705,-0.0283783783783784,50,8.37822454414247,7.590510845038932,0.9231963799043554,1.0,-0.0302526250129951,-0.0017625370334129,-0.0233576266994532,0.1363636363636364,0.032697255574614,-0.1162088813897802,2026-06-20T05:50:12.567134+00:00,ok,,best_deal,2026-04-18T17:47:18.070401+00:00,,True,8,11.97,11.45875,1/1,9.8386,9.7235,8.9767,9.197,10.0213,10.528,7.023,15.712,15.767487244120112,0.033802504710185,7,3,True,True,True,True,True,True,C,0.0035714285714285718,490.0
AWP | Chromatic Aberration (Factory New),True,True,True,0.2207,1.0305320312816568,208,summary,True,True,True,True,True,102.85,50,-0.0284478866858739,-0.0287097250302869,58,9.819572009893228,11.272402748479184,0.8885574759181889,1.16,-0.0730043319783975,-0.0153072616919277,-0.0333681912279915,0.1180533396465295,0.0345750429743388,-0.1344828391476471,2026-06-20T03:47:54.368557+00:00,ok,,best_deal,2026-04-17T03:53:01.953851+00:00,,True,8,104.58875,101.7,1/1,99.5023,100.6465,89.4302,95.4903,105.261,108.2982,19.0,140.471,18.96237574407828,-0.0770465794548788,7,3,True,True,True,True,True,True,C,0.07653061224489796,455.0
M4A1-S | Solitude (Minimal Wear),True,True,True,0.4794,9.377884122372244,400,summary,True,True,True,True,True,5.15,50,-0.0178929340828793,-0.0288069571519159,1424,9.827416768676407,7.258495543180294,0.9274137931034482,28.48,-0.0229007633587787,-0.0115794369373395,-0.0239218714830989,0.1249999999999999,0.0516151685393257,-0.0610873399309419,2026-06-20T02:32:44.653125+00:00,ok,,best_deal,2026-04-17T22:16:13.047484+00:00,,True,8,5.56625,5.46875,1/1,5.8001,5.8,5.379,5.504,6.074,6.232,5.237,7.372,14.706642988913996,-0.0015775635407537,7,3,True,True,True,True,True,True,A,0.9306122448979591,35.0
AK-47 | The Outsiders (Battle-Scarred),True,True,True,0.0589,0.26726057906458794,69,summary,True,True,True,True,True,8.37,50,-0.02869657349581,-0.0290540471375154,513,1.591039266849106,1.667409151657866,0.9833163525216504,10.26,-0.0265818045675777,-0.0036191246319359,-0.0146564351151224,0.0447435897435896,0.0,-0.0243398972020821,2026-06-20T03:50:14.909686+00:00,ok,,best_deal,2026-04-17T01:44:31.168923+00:00,,True,8,8.870000000000001,8.625,1/1,7.8565,7.852,7.721,7.8,7.925,8.025,7.218,9.03,3.8694074969770296,-0.0057995028997515,7,3,True,True,True,True,True,True,A,0.764795918367347,116.0
AK-47 | Redline (Battle-Scarred),True,True,True,0.1202,1.5058172517093462,167,summary,True,True,True,True,True,30.45,50,-0.0265922175445679,-0.0293359599728754,96,5.194675173132823,4.090974998446461,0.9592839472237492,1.92,-0.0494938514844757,-0.0087535886470087,-0.0318011723960486,0.1061613237554053,0.0,-0.0581943105000641,2026-06-20T03:37:24.215277+00:00,ok,,best_deal,2026-04-17T01:41:12.248005+00:00,,True,8,31.32,30.5125,1/1,28.9662,29.104,27.919,28.251,29.7557,30.193,24.429,31.262,7.8505292375251186,-0.050976800976801,7,3,True,True,True,True,True,True,C,0.28061224489795916,352.0
M4A4 | Desolate Space (Battle-Scarred),True,True,True,0.128,0.4364441742302514,53,summary,True,True,True,True,True,12.74,45,-0.0382189074235017,-0.029782200284386,306,4.001406101583361,3.395585738539902,0.965660691324408,6.8,0.0095447314597378,-0.0016648360791819,-0.013247850060954,0.0978464770766114,0.0250619044045921,-0.0543328727550911,2026-06-20T04:55:27.288368+00:00,ok,,best_deal,2026-04-17T23:06:37.748545+00:00,,False,8,13.6625,13.16875,1/1->1/1,13.3703,13.221,12.767,12.993,13.528,14.189,11.941,18.341,10.635513040096336,0.0089333030509501,7,3,True,True,True,True,True,True,B,0.6714285714285715,161.0
StatTrak™ M4A4 | Evil Daimyo (Minimal Wear),True,True,True,0.0529,0.17740382178518926,71,summary,True,True,True,True,True,13.67,50,-0.0449852539992535,-0.0298739803388412,81,8.963666272257658,6.308620241840061,0.9362570712077914,1.62,0.0474601622274635,-0.0041855998596924,0.0325924493179401,0.141695957820738,0.141695957820738,-0.0997054305912592,2026-06-20T05:41:33.287672+00:00,ok,,best_deal,2026-05-11T22:21:03.930480+00:00,,True,8,14.755,14.1325,1/1,17.3255,17.147,16.054,16.621,18.174,19.697,6.083,22.074,21.026810193068023,0.0618767131276607,7,3,True,True,True,True,True,True,C,0.20229591836734695,392.0
UMP-45 | Wild Child (Well-Worn),True,True,True,0.1635,1.316220481820077,64,summary,True,True,True,True,True,3.45,38,-0.0313024901027788,-0.0299856140981837,916,6.0177279011140925,5.312948957740376,0.9469696969696968,24.105263157894736,-0.0795530131701475,-0.0144066945508962,-0.0298643779486255,0.0940887411475646,0.0,-0.0564366841184368,2026-06-20T04:10:34.634367+00:00,ok,,best_deal,2026-04-18T22:23:58.664742+00:00,,False,8,4.015,3.90125,1/1->1/1,3.6891,3.696,3.5,3.573,3.795,3.887,3.01,3.944,10.490363503293487,-0.0735136582753078,7,3,True,True,True,True,True,True,A,0.8895408163265306,55.0
StatTrak™ AK-47 | Ice Coaled (Factory New),True,True,True,0.2469,0.9035043863680694,124,summary,True,True,True,True,True,38.84,50,-0.0270238956454594,-0.0300613330248277,53,6.681771890762625,7.303281351881203,0.9241707234235256,1.06,0.0310880248972875,0.0118849841787602,0.0167549529049439,0.1089854946582125,0.0811473985928951,-0.0937793647568883,2026-06-20T03:39:55.654586+00:00,ok,,best_deal,2026-05-11T08:00:39.210327+00:00,,True,8,45.65125,44.51625,1/1,45.8561,44.165,40.816,42.568,45.632,49.2248,38.686,104.701,18.33736405843497,0.0103332528904587,7,3,True,True,True,True,True,True,C,0.027295918367346936,482.0
Five-SeveN | Heat Treated (Battle-Scarred),True,True,True,0.0997,0.5318334026394697,400,summary,True,True,True,True,True,4.4,50,-0.0385274235537743,-0.031164479335211,182,3.428853754940707,3.9328063241106777,0.9594910941475826,3.64,0.0516372795969772,0.0103963913702649,0.0039827331934312,0.0931736526946106,0.0826347305389221,-0.0645251271837834,2026-06-20T04:57:40.019943+00:00,ok,,best_deal,2026-04-17T12:01:01.209995+00:00,,True,8,4.72375,4.55,1/1,4.048,3.93,3.7708,3.839,3.9778,4.151,3.464,13.984,9.392292490118574,0.057497467071935,7,3,True,True,True,True,True,True,B,0.5102040816326531,239.0
StatTrak™ Glock-18 | Shinobu (Field-Tested),True,True,True,0.1282,0.9178451549001264,126,summary,True,True,True,True,True,9.14,50,-0.0284324781563795,-0.0317129435450046,269,8.642439207686948,4.383845974913666,0.954983922829582,5.38,-0.0249269539810079,-0.0062533324650905,-0.0129180951170529,0.0741174267253487,0.0070699503698848,-0.0561745243310929,2026-06-20T03:47:38.827771+00:00,ok,,best_deal,2026-05-11T18:15:07.437641+00:00,,True,8,9.37,9.11125,1/1,11.1774,10.885,10.395,10.681,11.647,12.261,5.706,15.111,16.69440120242632,-0.0218008610424108,7,3,True,True,True,True,True,True,B,0.6285714285714286,183.0
★ Navaja Knife | Tiger Tooth (Factory New),True,True,True,0.0521,0.2394175194002717,69,summary,True,True,True,True,True,76.99,50,-0.0319696021237931,-0.0322972048858409,68,5.1925866965950345,6.391911584929113,0.9363374026475574,1.36,-0.0768112989018532,-0.0041994310328141,-0.0203386555396856,0.1095829146604249,0.0,-0.0884304779136821,2026-06-20T04:13:35.436268+00:00,ok,,best_deal,2026-05-21T09:51:13.249821+00:00,,True,8,79.26625,76.80125000000001,1/1,92.8439,93.218,87.2835,90.302,95.123,96.403,82.509,110.364,9.822400825471572,-0.0759838779792733,7,3,True,True,True,True,True,True,C,0.1423469387755102,422.0
Tec-9 | Remote Control (Minimal Wear),True,True,True,0.1592,1.227533681447076,76,summary,True,True,True,True,True,7.27,50,-0.0399611579631183,-0.0326421944069001,63,10.296916138786775,6.975834832251501,0.9298558322411534,1.26,-0.0794069606734514,-0.0111692430378816,,0.2303807834038486,0.0307083390200627,-0.1026373375026853,2026-06-20T05:08:43.640153+00:00,ok,,best_deal,2026-04-18T20:28:57.942749+00:00,,True,8,8.40375,8.09125,1/1,7.6722,7.63,7.0948,7.227,8.017,8.4602,6.444,9.048,17.796720627720862,-0.0881144990665837,7,3,True,True,True,True,True,True,C,0.11505102040816326,436.0
Desert Eagle | Printstream (Factory New),True,True,True,0.2292,1.1441176441191432,239,summary,True,True,True,True,True,87.49,50,-0.0291845719805005,-0.0329337243644634,78,5.469351115670684,2.7334425000493234,0.9711342139255802,1.56,0.0492436053200295,0.0033769589118376,,0.1089284433377396,0.0496172645946693,-0.0483541976747567,2026-06-20T03:52:29.536679+00:00,ok,,best_deal,2026-04-17T07:52:27.724019+00:00,,True,8,88.0025,85.50625,1/1,101.374,95.996,93.225,93.4935,99.038,107.7596,69.64,210.553,14.337601357350025,0.0432258788691892,7,3,True,True,True,True,True,True,C,0.1913265306122449,395.0
Five-SeveN | Boost Protocol (Minimal Wear),True,True,True,0.0941,0.2567129499503438,79,summary,True,True,True,True,True,4.96,50,-0.0412370546591082,-0.0331023746438802,213,11.232791452408826,7.074583956965655,0.927435780513756,4.26,0.0309824069749338,-0.0181767713365345,-0.021387330959272,0.1398369072787677,0.073542736333434,-0.0975631793456899,2026-06-20T05:18:36.109877+00:00,ok,,best_deal,2026-04-17T11:50:54.440869+00:00,,True,8,5.4975000000000005,5.2875000000000005,1/1,6.7481,6.579,6.1016,6.312,7.07,7.366,5.696,9.616,18.737126005838668,-0.0304538799414348,7,3,True,True,True,True,True,True,B,0.5770408163265306,208.0
Galil AR | Rainbow Spoon (Minimal Wear),True,True,True,0.0778,0.7895426549600313,400,summary,True,True,True,True,True,42.85,50,-0.0340996312964387,-0.0331753937408055,119,6.499525891959972,5.387376932403041,0.945595731503978,2.38,-0.0175866650561662,-0.006489183321049,-0.022677951924161,0.1280768190424668,0.0,-0.077395066614916,2026-06-20T04:28:05.573965+00:00,ok,,best_deal,2026-04-17T17:28:31.810331+00:00,,True,8,44.95125,43.4625,1/1,42.3954,41.982,39.698,40.389,43.1445,45.182,34.995,56.546,12.935365629289974,-0.0474662419337837,7,3,True,True,True,True,True,True,C,0.34744897959183674,321.0
AUG | Fleet Flock (Battle-Scarred),True,True,True,0.1725,0.4307373000021324,18,summary,True,True,True,True,True,11.95,20,-0.0213526493842248,-0.0341058219995228,50,9.42504144176513,5.605049770947492,0.9443985419198055,2.5,0.0688393014641031,0.0042696089803439,,0.1763419565127697,0.0755456533399349,-0.0665217862066942,2026-06-20T02:59:26.449650+00:00,ok,,best_deal,2026-04-17T02:46:30.247850+00:00,,False,8,13.0825,12.8675,1/1->1/1,12.2461,12.345,11.6586,11.8198,12.974,12.9827,8.157,13.24,10.812421913915449,-0.0408785120696477,7,3,True,True,True,True,True,True,C,0.09183673469387754,449.0
Glock-18 | Mirror Mosaic (Field-Tested),True,True,True,0.1387,1.0817092794564633,181,summary,True,True,True,True,True,7.33,50,-0.0413181890995095,-0.0350658940529845,433,4.993393142777662,3.018290562626059,0.9693978282329712,8.66,-0.0101351351351351,-0.0074278978522252,-0.0274728128689798,0.0986916951080773,0.0118031854379977,-0.0518015521974602,2026-06-20T05:19:25.338981+00:00,ok,,best_deal,2026-04-17T19:11:59.065938+00:00,,True,8,7.7125,7.40625,1/1,7.1895,7.091,6.874,6.949,7.308,7.763,5.887,8.414,12.365254885597054,-0.0149880935705281,7,3,True,True,True,True,True,True,A,0.7387755102040816,129.0
Zeus x27 | Dragon Snore (Minimal Wear),True,True,True,0.1205,0.34671657629410885,159,summary,True,True,True,True,True,40.34,50,-0.0443289414614211,-0.0351302396399439,88,7.45111485258972,4.326098860327418,0.9555137481910276,1.76,0.0091298951843796,-0.0051767485757277,-0.0076323451668376,0.1151673079733086,0.1052554673420679,-0.0787717484233909,2026-06-20T05:36:51.624941+00:00,ok,,best_deal,2026-05-20T22:05:07.949312+00:00,,True,8,42.3925,40.57625,1/1,39.0814,38.005,36.3143,37.676,40.588,42.1564,34.035,58.34,14.948543296811255,0.0804367846336007,7,3,True,True,True,True,True,True,C,0.23903061224489794,377.0
AK-47 | Legion of Anubis (Factory New),True,True,True,0.2168,0.7014143523371454,207,summary,True,True,True,True,True,69.41,50,-0.0308564758088577,-0.0355982742177146,101,4.282342331308833,5.167480362739597,0.9482407717185234,2.02,-0.0611301275327113,-0.0101507820665044,-0.0349869292668392,0.1021345721300149,0.0023962483277714,-0.0729311405771106,2026-06-20T04:06:40.630443+00:00,ok,,best_deal,2026-04-17T00:48:07.757038+00:00,,True,8,71.46125,69.3325,1/1,71.8532,71.736,68.023,70.535,73.612,74.498,60.201,91.611,9.011428857726598,-0.0392503036637384,7,3,True,True,True,True,True,True,C,0.29719387755102045,345.0
StatTrak™ SSG 08 | Memorial (Factory New),True,True,True,0.4536,3.4496496449579337,62,summary,True,True,True,True,True,3.49,50,-0.04109899160419,-0.0357511425622881,114,8.011286340504864,6.079004383534032,0.9356704878699014,2.28,-0.032490974729242,0.0010567947544836,-0.0063586246747674,0.111140724946695,0.0514392324093815,-0.0915715585652967,2026-06-20T05:17:56.024912+00:00,ok,,best_deal,2026-05-12T11:48:40.241401+00:00,,True,8,3.61875,3.4762500000000003,1/1,3.9694,3.751,3.5097,3.6155,3.9335,4.566,1.748,12.319,26.6110747216204,-0.0100263852242744,7,3,True,True,True,True,True,True,C,0.3260204081632653,333.0
AWP | Crakow! (Field-Tested),True,True,True,0.082,0.37037037037037035,400,summary,True,True,True,True,True,39.43,50,-0.0350236958544263,-0.0358408771580899,280,6.4978608889682805,5.088185254921713,0.9487100773363244,5.6,-0.0597695362756615,-0.0093991167266379,-0.0214236378725678,0.0977035428503436,0.0341345152750096,-0.069514669692806,2026-06-20T04:35:17.759332+00:00,ok,,best_deal,2026-04-17T03:54:50.362232+00:00,,True,8,40.89625,39.5125,1/1,34.1497,33.878,32.1404,32.6705,34.8895,37.2901,29.019,43.238,15.0797810815322,-0.0051787405303032,7,3,True,True,True,True,True,True,B,0.6387755102040816,176.0
Glock-18 | AXIA (Minimal Wear),True,True,True,0.067,0.6588299000473817,329,summary,True,True,True,True,True,52.91,50,-0.0259693063076425,-0.0358639463108552,142,6.186784917839116,3.3429355339922133,0.966093968763906,2.84,0.0571520687802256,0.0074723149954752,0.024489294651532,0.0897751301236174,0.0855766102797657,-0.047712037160214,2026-06-20T03:33:06.508612+00:00,ok,,best_deal,2026-04-17T18:18:24.593912+00:00,,True,8,56.05375,54.69,1/1,46.7254,46.0685,44.5065,45.101,47.9918,50.1698,36.941,57.191,12.1203884824956,0.087516030601866,7,3,True,True,True,True,True,True,B,0.41224489795918373,289.0
StatTrak™ Desert Eagle | Printstream (Field-Tested),True,True,True,0.0915,0.3570628176163104,128,summary,True,True,True,True,True,61.33,50,-0.0364881735859128,-0.036323623921685,69,9.760339085079682,6.787646977948823,0.9314537312686064,1.38,-0.0402958752553381,-0.0112908943812909,-0.0070502567753751,0.1530386959453207,0.0488623894448779,-0.0968331042242708,2026-06-20T04:44:26.802485+00:00,ok,,best_deal,2026-05-11T12:14:17.270519+00:00,,True,8,65.18625,62.92,1/1,80.7349,79.946,74.466,75.641,83.521,89.3684,49.751,120.371,18.45843619054461,0.0041818230093195,7,3,True,True,True,True,True,True,C,0.14923469387755103,416.0
StatTrak™ M4A4 | In Living Color (Field-Tested),True,True,True,0.0996,0.27734463344085886,36,summary,True,True,True,True,True,30.88,41,-0.0352752453937428,-0.0364485653294702,85,5.9735893342355535,5.945571614349306,0.9402565668906536,2.073170731707317,0.0292280654319319,0.0015790481251376,0.0060374372872904,0.0725581884096043,0.0411390742394788,-0.0849792277692793,2026-06-20T04:36:22.617874+00:00,ok,,best_deal,2026-05-11T22:24:59.039230+00:00,,False,8,31.83625,30.75125,1/1->1/1,37.8332,37.651,35.4016,36.644,38.904,40.2862,24.054,46.782,12.910882505312792,0.0344865070522055,7,3,True,True,True,True,True,True,C,0.2413265306122449,371.0
StatTrak™ AWP | PAW (Factory New),True,True,True,0.27,1.8452169872461148,99,summary,True,True,True,True,True,14.19,50,-0.0406672751126075,-0.0364622387699096,55,4.890561434274229,6.002646784918771,0.9363625866050808,1.1,0.0188877843400971,-0.0031301028212073,,0.0783402203856748,0.0546946740128558,-0.0942493570671168,2026-06-20T05:14:36.401270+00:00,ok,,best_deal,2026-05-11T10:14:46.211335+00:00,,True,8,15.42375,14.80125,1/1,18.3619,17.32,16.2178,16.734,17.632,19.5362,12.421,48.232,18.072203856899343,0.0185006576063129,7,3,True,True,True,True,True,True,C,0.04438775510204082,472.0
StatTrak™ AWP | Printstream (Battle-Scarred),True,True,True,0.0668,0.2479413452671899,38,summary,True,True,True,True,True,62.63,39,-0.0384064354413085,-0.0366991853632211,51,5.488480072090244,6.7966429165998505,0.9332062500938114,1.3076923076923077,-0.0377408287147004,-0.0052934197040749,-0.030185215060887,0.1506521606631317,0.0309623941000792,-0.0991093065590504,2026-06-20T04:56:35.983742+00:00,ok,,best_deal,2026-05-11T10:15:14.409448+00:00,,False,8,65.9525,63.57375,1/1->1/1,65.4735,66.623,62.173,64.1805,67.774,68.835,50.166,69.935,10.175109013570363,-0.0016581225185207,7,3,True,True,True,True,True,True,C,0.03775510204081633,475.0
M4A4 | In Living Color (Battle-Scarred),True,True,True,0.0557,0.24088117452967528,25,summary,True,True,True,True,True,29.82,27,-0.0472256197444923,-0.0372330040972552,65,8.722376701302494,10.387823796282744,0.8979439252336449,2.4074074074074074,0.0167347056950113,-0.0004217141387887,,0.0877210467864567,0.0793775094683487,-0.1404553764435883,2026-06-20T05:57:54.678663+00:00,ok,,best_deal,2026-04-17T23:13:55.325120+00:00,,False,8,30.97375,29.58375,1/1->1/1,34.165,34.775,31.226,32.43,35.41,36.533,29.376,37.499,15.533440655641744,0.0389952365454597,7,3,True,True,True,True,True,True,C,0.1875,397.0
StatTrak™ Galil AR | Control (Factory New),True,True,True,0.2569,0.6701949783741207,70,summary,True,True,True,True,True,5.84,50,-0.0326368202002554,-0.0384279921822584,63,6.13454043378716,8.486988132897578,0.9144919880260608,1.26,-0.029499039972072,-0.0089708787572198,-0.0200119095015685,0.0737410071942446,0.0,-0.1104245327462831,2026-06-20T04:18:32.132279+00:00,ok,,best_deal,2026-05-11T17:08:41.178727+00:00,,True,8,6.7475,6.5600000000000005,1/1,5.7217,5.679,5.1934,5.556,5.907,6.0222,4.362,12.038,14.485205445933904,-0.0119068775546472,7,3,True,True,True,True,True,True,C,0.11505102040816326,435.0
StatTrak™ AWP | Phobos (Minimal Wear),True,True,True,0.0633,0.4979334136101799,78,summary,True,True,True,True,True,6.24,50,-0.0302094181175341,-0.0385761865981749,143,8.950183785076057,6.888204883005115,0.9304990200512588,2.86,-0.0626292466765139,-0.0057706156524065,,0.112196659312953,0.0,-0.0873597208541501,2026-06-20T04:00:42.598168+00:00,ok,,best_deal,2026-05-11T10:15:05.917741+00:00,,True,8,6.875,6.6625,1/1,6.6926,6.633,6.172,6.423,7.022,7.3346,2.965,8.087,17.37142515614261,-0.1008784358175119,7,3,True,True,True,True,True,True,B,0.41428571428571426,287.0
StatTrak™ M4A4 | Evil Daimyo (Field-Tested),True,True,True,0.0522,0.2638491759071994,64,summary,True,True,True,True,True,8.39,50,-0.033931370404365,-0.0386714563569247,102,4.1725311692071125,5.687818804340239,0.9416457575912744,2.04,-0.0595992898808014,-0.0044070531284152,-0.0174668555956265,0.157982740021575,0.0,-0.0811520867755923,2026-06-20T04:27:21.662891+00:00,ok,,best_deal,2026-05-11T22:20:59.398979+00:00,,True,8,8.68125,8.39625,1/1,10.0179,9.7645,9.1947,9.567,9.985,11.1184,8.528,22.363,19.202627297138125,-0.0667941813056828,7,3,True,True,True,True,True,True,C,0.3030612244897959,343.0
M4A1-S | Blood Tiger (Minimal Wear),True,True,True,0.0751,0.9843648811175874,226,summary,True,True,True,True,True,5.8,50,-0.0474683011089289,-0.0388310195524903,196,4.588442422448315,4.113238708069118,0.9575767314799936,3.92,-0.0491713570981863,0.0015677470740529,-0.0014249749194525,0.0953712077612431,0.0101126366850284,-0.0747613861342728,2026-06-20T05:58:57.033081+00:00,ok,,best_deal,2026-04-17T21:17:36.075009+00:00,,True,8,6.07625,5.80125,1/1,6.4183,6.223,5.959,6.116,6.4105,7.019,5.488,14.342,16.515276630883573,-0.0216377091377091,7,3,True,True,True,True,True,True,B,0.538265306122449,226.0
P90 | Chopper (Factory New),True,True,True,0.2139,0.5907652045067496,58,summary,True,True,True,True,True,8.57,50,-0.0400513106407497,-0.0390785234475352,63,3.865470345917273,3.4986738897353327,0.9649271673030688,1.26,-0.0285392149954195,-0.0041155398417692,-0.0251413107497945,0.1066299144059191,0.0,-0.067955880755155,2026-06-20T05:09:20.722484+00:00,ok,,best_deal,2026-04-18T14:42:58.492069+00:00,,True,8,8.9125,8.57375,1/1,7.0884,7.071,6.823,6.88,7.154,7.2896,6.038,12.046,6.582585632864959,-0.0271681603274291,7,3,True,True,True,True,True,True,C,0.11505102040816326,434.0
M4A4 | 龍王 (Dragon King) (Field-Tested),True,True,True,0.0659,0.4164411474418161,188,summary,True,True,True,True,True,14.68,50,-0.0390856947089839,-0.0391307636615122,344,3.6435600618103967,2.2089082874725463,0.9774418604651164,6.88,-0.0018271413542993,-0.0039776301987216,-0.0063177637204949,0.0832593743066342,0.0330596849345462,-0.0432442532339182,2026-06-20T05:02:42.887764+00:00,ok,,best_deal,2026-04-18T00:22:07.687901+00:00,,True,8,16.16,15.545,1/1,18.4435,18.06,17.6526,17.982,18.654,19.2352,16.843,24.741,8.580800824138581,0.0065884980457844,7,3,True,True,True,True,True,True,B,0.6974489795918368,149.0
M4A4 | In Living Color (Minimal Wear),True,True,True,0.0532,0.18572881492412424,153,summary,True,True,True,True,True,56.65,50,-0.0394186313660817,-0.0392336765986114,81,7.98533264903704,5.145728100267406,0.9469922262221528,1.62,-0.0454210614431608,-0.0052484188470009,-0.0189430868766349,0.1204553028044266,0.0343230966203062,-0.0825098865423608,2026-06-20T05:05:04.662425+00:00,ok,,best_deal,2026-04-17T23:14:09.788408+00:00,,True,8,58.4175,56.2025,1/1,59.2336,57.501,54.453,55.184,59.914,64.93,50.168,107.565,17.687596229167234,-0.0209656925031765,7,3,True,True,True,True,True,True,C,0.20229591836734695,391.0
StatTrak™ M4A4 | Desolate Space (Field-Tested),True,True,True,0.1159,0.46932542163172364,39,summary,True,True,True,True,True,29.64,36,-0.0424414402453887,-0.0393178838166442,51,11.2031891827857,6.950853635354296,0.929282170586092,1.4166666666666667,-0.053585710477206,0.000883964948227,0.0047460701922883,0.1953943661971831,0.0452957746478872,-0.104285641561905,2026-06-20T05:26:09.728680+00:00,ok,,best_deal,2026-05-11T22:19:38.402453+00:00,,False,8,31.785,30.4175,1/1->1/1,36.2977,35.677,33.154,34.339,38.4055,39.386,27.08,45.719,17.169131928469294,0.0116554102191444,7,3,True,True,True,True,True,True,C,0.04668367346938776,469.0
Glock-18 | Water Elemental (Battle-Scarred),True,True,True,2.7706,16.86772064138515,37,summary,True,True,True,True,True,19.56,33,-0.0349479953932352,-0.0393520046196996,103,5.917189136596724,6.80576032405547,0.9320850052013672,3.121212121212121,0.0967824703648587,0.0158452858661319,0.0344484651992098,0.1121040565199083,0.1121040565199083,-0.0907050992639432,2026-06-20T04:34:25.208686+00:00,ok,,best_deal,2026-04-17T20:09:30.814215+00:00,,False,8,20.15125,19.47125,1/1->1/1,20.1447,20.187,18.816,19.6505,20.8425,21.21,16.6,23.568,11.884019121654836,0.0340606705694519,7,3,True,True,True,True,True,True,C,0.3438775510204082,322.0
AWP | Neo-Noir (Factory New),True,True,True,0.1111,0.5124580607037691,203,summary,True,True,True,True,True,61.54,50,-0.0374337150489852,-0.0399835921377583,95,1.9789977137732604,2.912032859665544,0.9703387321859008,1.9,-0.0664716113635445,-0.0040655418480175,-0.0331839194461368,0.1101795282868986,0.0,-0.0573060836876615,2026-06-20T04:51:42.976496+00:00,ok,,best_deal,2026-04-17T04:49:24.299432+00:00,,True,8,62.58375,60.3275,1/1,72.2588,70.941,68.8368,70.1175,71.5475,72.487,67.78,124.52,5.051564653716915,-0.0139286477248452,7,3,True,True,True,True,True,True,C,0.27653061224489794,354.0
StatTrak™ M4A4 | Magnesium (Minimal Wear),True,True,True,0.1972,1.3876515212872222,46,summary,True,True,True,True,True,3.91,40,-0.0342703861313588,-0.0421052631578947,263,6.4695909737514015,5.008086988717182,0.94907866059045,6.575,0.0348885648823162,-0.0023445190782474,0.0067895016806227,0.100935896145718,0.0472979772567173,-0.0667636032750437,2026-06-20T04:29:31.132353+00:00,ok,,best_deal,2026-05-11T22:25:33.059969+00:00,,False,8,3.95,3.82,1/1->1/1,5.1317,5.047,4.79,4.903,5.235,5.4356,2.037,8.707,12.580626303174386,-0.009667131752043,7,3,True,True,True,True,True,True,B,0.6362244897959184,179.0
USP-S | Monster Mashup (Field-Tested),True,True,True,0.1332,1.0181487639262239,61,summary,True,True,True,True,True,24.59,50,-0.0403259292870576,-0.0423098628037912,100,4.425664612545025,4.85807210264655,0.9508230685199832,2.0,0.0196570472605603,-0.0019576113745269,-0.0140345771844851,0.1106160041762993,0.0330934447013198,-0.0793642252191298,2026-06-20T05:11:59.886452+00:00,ok,,best_deal,2026-04-19T07:51:27.259039+00:00,,True,8,25.355,24.37125,1/2,26.8728,26.547,25.2415,26.166,27.3553,28.897,23.075,35.158,13.602974010895776,0.0124966964926189,7,3,True,True,True,True,True,True,C,0.29056122448979593,349.0
Dual Berettas | Sweet Little Angels (Factory New),True,True,True,0.2427,1.5322130167629846,246,summary,True,True,True,True,True,21.03,50,-0.0441885209469303,-0.0424540416211057,70,4.664805237676057,2.9675121038732377,0.969342806394316,1.4,-0.0694927267204427,-0.0107697162398986,-0.032209112153991,0.1172651432716719,0.0065288356909684,-0.0662594171514305,2026-06-20T05:36:26.165998+00:00,ok,,best_deal,2026-04-17T09:48:45.616363+00:00,,True,8,22.455,21.505,1/1,14.5408,14.075,13.6435,13.89,14.5683,15.244,10.695,25.086,11.006959727112676,-0.0128893662728248,7,3,True,True,True,True,True,True,C,0.15739795918367347,411.0
MAC-10 | Heat (Field-Tested),True,True,True,0.1748,0.44825889684578807,80,summary,True,True,True,True,True,3.03,50,-0.0407434678983339,-0.0426688526004702,156,7.855521048098758,10.778505624135509,0.8928107967817285,3.12,0.0987549518958688,0.007615072980638,0.010666295264438,0.1125418490857583,0.0976049446304403,-0.1362305798190262,2026-06-20T05:14:48.245683+00:00,ok,,best_deal,2026-04-18T01:58:38.316561+00:00,,True,8,3.675,3.53625,1/1,3.8317,3.853,3.44,3.721,4.022,4.1255,2.999,4.729,17.890231489939186,0.0,7,3,True,True,True,True,True,True,B,0.4459183673469388,271.0
UMP-45 | K.O. Factory (Factory New),True,True,True,0.2378,0.7286722744307447,144,summary,True,True,True,True,True,29.85,50,-0.0430662663010765,-0.0430249148759815,90,4.834676626695503,5.190092392372716,0.9451444005817576,1.8,-0.0399018321838107,-0.0070698796163447,-0.039612634597726,0.1537681798148963,0.0,-0.0860240295979592,2026-06-20T05:30:34.434150+00:00,ok,,best_deal,2026-04-18T21:32:11.098639+00:00,,True,8,30.97125,29.6925,1/1,25.435,24.065,22.7449,23.634,24.8637,29.1255,20.069,52.34,25.08590524867308,-0.1004598794798604,7,3,True,True,True,True,True,True,C,0.25357142857142856,367.0
MP7 | Nemesis (Minimal Wear),True,True,True,0.1516,0.5599754878654367,120,summary,True,True,True,True,True,8.55,50,-0.0365771833908213,-0.043327998421612,93,12.388937554749097,5.064788796486955,0.948051341890315,1.86,-0.038047295715289,-0.0103861541460157,-0.0224399515983507,0.1640501399537542,0.0,-0.07809775069311,2026-06-20T04:44:51.437555+00:00,ok,,best_deal,2026-04-18T06:18:10.741248+00:00,,True,8,10.0275,9.66375,1/1,8.7901,8.57,8.1248,8.289,9.378,9.625,7.774,11.226,17.066927566239283,-0.0206197854588796,7,3,True,True,True,True,True,True,C,0.26709183673469383,359.0
Sawed-Off | Kiss♥Love (Well-Worn),True,True,True,0.1916,1.5270372128081289,63,summary,True,True,True,True,True,3.77,50,-0.0395719141554061,-0.0434724451578384,415,3.626178508015106,5.22669867707005,0.947919262397209,8.3,0.0331369661266567,0.0094878297073762,0.0271652475297718,0.0610596341173674,0.0610596341173674,-0.0724692419550279,2026-06-20T05:06:17.377979+00:00,ok,,best_deal,2026-04-19T06:56:25.974430+00:00,,True,8,3.7125,3.57125,2/2,3.9987,4.013,3.804,3.943,4.088,4.203,3.49,4.332,9.97824292895192,0.0602015113350125,7,3,True,True,True,True,True,True,A,0.7306122448979592,133.0
StatTrak™ Desert Eagle | Mecha Industries (Minimal Wear),True,True,True,0.0596,0.2718958556480185,82,summary,True,True,True,True,True,17.09,50,-0.0445661895126165,-0.0442876150025037,67,10.88946774099218,6.687991218243751,0.9318448560425452,1.34,0.0671455697650478,0.0199256269468829,0.037125227874571,0.1747845474424387,0.1180808643827981,-0.1040617845468511,2026-06-20T05:38:42.570190+00:00,ok,,best_deal,2026-05-11T12:13:06.590699+00:00,,True,8,18.225,17.45125,1/1,22.2279,21.812,20.3254,20.896,23.3165,25.1224,16.319,32.52,21.58098605806217,0.0986904088939135,7,3,True,True,True,True,True,True,C,0.13622448979591836,424.0
AWP | Printstream (Battle-Scarred),True,True,True,0.0541,0.33611726758002247,82,summary,True,True,True,True,True,45.46,50,-0.031174981032301,-0.044479513340886,267,8.19991366492398,7.7490527123603075,0.922766559583907,5.34,0.0910685455741364,-0.0035985145157604,0.0112569401355591,0.0872853489221775,0.0834672999634636,-0.0926237229982694,2026-06-20T04:08:59.734749+00:00,ok,,best_deal,2026-04-17T04:52:44.207214+00:00,,True,8,46.6025,45.1925,1/1,52.1225,52.296,48.257,50.173,54.447,55.3832,40.783,57.846,13.672022638975498,0.0759916656838464,7,3,True,True,True,True,True,True,B,0.623469387755102,185.0
★ Bowie Knife | Rust Coat (Battle-Scarred),True,True,True,0.1188,0.5156002881182135,51,summary,True,True,True,True,True,51.15,50,-0.0476580244404069,-0.0450642940894624,81,9.146428109043471,8.34278027415601,0.9172383547912164,1.62,-0.0420273491406347,-0.0035770861323353,-0.0247654198376441,0.0978424567836563,0.0,-0.122719801355572,2026-06-20T06:00:24.907430+00:00,ok,,best_deal,2026-05-21T00:13:27.990790+00:00,,True,8,53.55,51.1175,1/1,63.3362,63.846,58.562,60.185,65.978,67.181,54.644,81.794,13.608331412367647,-0.066303915874423,7,3,True,True,True,True,True,True,C,0.20229591836734695,393.0
StatTrak™ AK-47 | The Outsiders (Field-Tested),True,True,True,0.0587,0.2122853880244882,46,summary,True,True,True,True,True,19.94,50,-0.0385191799887991,-0.0452469893795717,88,5.216708875386365,4.225365675162965,0.9575577318341192,1.76,-0.0550849377123441,-0.0050072666084418,-0.0267367241542463,0.1150582482381706,0.0298192626683927,-0.0719546550991244,2026-06-20T04:57:27.263820+00:00,ok,,best_deal,2026-05-11T09:07:04.053586+00:00,,True,8,21.965,21.15,1/1,20.7698,20.6775,19.7999,20.2905,21.374,21.7689,15.05,24.962,9.480110545118382,0.0221492625079631,7,3,True,True,True,True,True,True,C,0.23903061224489794,376.0
MP7 | Just Smile (Factory New),True,True,True,0.216,0.6861539315140699,98,summary,True,True,True,True,True,8.13,50,-0.0373162044160612,-0.0455104551045508,232,4.447268106734432,3.03030303030303,0.9691886072232554,4.64,-0.0598531902879728,-0.0109908335656343,-0.0278221882129129,0.0724724724724724,0.0,-0.0525936526394246,2026-06-20T04:51:05.088601+00:00,ok,,best_deal,2026-04-18T06:15:54.074215+00:00,,True,8,8.89625,8.575,1/1,5.1942,5.1085,4.9511,5.017,5.248,5.318,2.876,11.38,7.0636479149820826,-0.0238420949775258,7,3,True,True,True,True,True,True,B,0.588265306122449,203.0
AK-47 | Crane Flight (Minimal Wear),True,True,True,0.0811,0.8775415590436452,172,summary,True,True,True,True,True,59.08,50,-0.0462720040622884,-0.0455314827352741,827,4.783127877090246,6.709696321319646,0.9335706594589844,16.54,-0.0620722515810447,-0.013231318416315,-0.0328427893529308,0.1069597746270724,0.0189119290629472,-0.0884883754948844,2026-06-20T05:49:48.009084+00:00,ok,,best_deal,2026-04-17T00:38:01.406089+00:00,,True,8,61.81375,59.08,1/1,45.0542,45.507,42.484,44.078,46.233,46.686,41.007,53.893,9.326544473101285,-0.0344689200035672,7,3,True,True,True,True,True,True,A,0.8489795918367347,75.0
M4A1-S | Vaporwave (Minimal Wear),True,True,True,0.0608,0.2715178678421858,204,summary,True,True,True,True,True,106.31,50,-0.0429987313866219,-0.0462677304461949,62,5.816684994458871,3.133153906387052,0.9679886685552408,1.24,-0.0040777580585249,-0.0056157263451545,-0.005102468407371,0.1239815666674955,0.0803142949498968,-0.0673253100838091,2026-06-20T05:30:23.438314+00:00,ok,,best_deal,2026-04-17T22:17:16.878594+00:00,,True,8,109.96375,105.4275,1/1,116.8535,114.372,110.7108,112.572,119.369,128.1421,93.216,151.419,14.917225414728694,0.0539230245112596,7,3,True,True,True,True,True,True,C,0.10255102040816327,441.0
USP-S | Jawbreaker (Minimal Wear),True,True,True,0.0902,0.4281095449259435,273,summary,True,True,True,True,True,7.63,50,-0.0477355617817215,-0.0472066461185882,1142,4.949639577367432,4.04858299595141,0.9593808049535604,22.84,-0.0486493093753818,-0.0039589621923507,-0.0179926125627249,0.0851856610561479,0.0,-0.0606752667198716,2026-06-20T06:00:43.626274+00:00,ok,,best_deal,2026-04-19T07:50:37.260863+00:00,,True,8,8.0125,7.6475,1/2,8.1016,8.075,7.747,7.852,8.253,8.568,7.505,9.21,10.133800730719855,-0.0464346973780936,7,3,True,True,True,True,True,True,A,0.9096938775510205,45.0
MAC-10 | Disco Tech (Minimal Wear),True,True,True,0.1046,0.5434118261526664,102,summary,True,True,True,True,True,8.46,50,-0.0388906154040157,-0.0473830659558488,185,8.558427338750995,6.623740595272773,0.9337019907500504,3.7,0.0358841560088785,-0.0059272978255273,0.0010864177857772,0.0922401918269476,0.0346410897403193,-0.091686064198029,2026-06-20T05:01:19.769179+00:00,ok,,best_deal,2026-04-18T01:54:14.152126+00:00,,True,8,8.82625,8.49625,1/1,9.9551,9.946,9.2866,9.501,10.353,10.479,9.123,12.503,11.977780233247271,-0.0195578231292518,7,3,True,True,True,True,True,True,B,0.5168367346938776,237.0
Desert Eagle | Mulberry (Field-Tested),True,True,True,0.242,1.526477793831271,400,summary,True,True,True,True,True,3.49,50,-0.0343414542034638,-0.0477643450018044,1825,7.535340748108629,4.219790818940837,0.957330082291984,36.5,-0.0083285468121769,-0.0049281915252662,-0.0101974305220047,0.1349551114972488,0.0828265276571097,-0.0450587370383178,2026-06-20T04:30:04.378559+00:00,ok,,best_deal,2026-04-17T07:47:42.882624+00:00,,True,8,4.43125,4.2925,1/1,3.3177,3.281,3.141,3.183,3.433,3.525,3.082,7.259,11.574283389094852,0.0903062835491002,7,3,True,True,True,True,True,True,A,0.9530612244897959,24.0
USP-S | The Traitor (Battle-Scarred),True,True,True,0.085,0.45548727680088924,59,summary,True,True,True,True,True,31.49,50,-0.0459195360974676,-0.0477828647972251,99,6.14877106434994,3.568933903780668,0.9638753866548828,1.98,-0.0565348409290915,-0.0060988861330973,-0.0124351581786056,0.0817575397834873,0.0131857881794283,-0.0721245498537491,2026-06-20T05:47:53.781795+00:00,ok,,best_deal,2026-04-19T08:48:42.109271+00:00,,True,8,35.27875,33.74125,2/2,36.6496,36.208,34.9,35.3575,37.611,38.6892,31.797,44.226,10.33899415000437,-0.0258817698725186,7,3,True,True,True,True,True,True,C,0.286734693877551,350.0
StatTrak™ P250 | Asiimov (Battle-Scarred),True,True,True,0.1243,0.6838585793932862,61,summary,True,True,True,True,True,12.25,50,-0.0413099215940079,-0.0478474400453642,120,2.8192848282717056,3.688400023001157,0.9632148123873504,2.4,-0.0323825776044205,-0.0025371910314714,-0.0115982637655345,0.0674364896073902,0.0,-0.0675643434831743,2026-06-20T05:19:09.600453+00:00,ok,,best_deal,2026-05-12T05:35:05.838713+00:00,,True,8,12.64375,12.1425,1/1,12.1733,12.206,11.757,12.031,12.3742,12.517,10.712,12.651,6.243171531137817,-0.0251739664347113,7,3,True,True,True,True,True,True,B,0.3553571428571428,315.0
StatTrak™ Dual Berettas | Melondrama (Battle-Scarred),True,True,True,0.139,0.5650229087813977,36,summary,True,True,True,True,True,5.65,28,-0.0410364919321257,-0.0484126030907199,101,8.48307241459088,6.570525179301305,0.9342288096340898,3.607142857142857,-0.049750534568781,0.0024935917367651,0.0110970870570645,0.1253375337533752,0.072982298229823,-0.0934731101459981,2026-06-20T05:17:12.371747+00:00,ok,,best_deal,2026-05-11T13:09:07.335906+00:00,,False,8,5.72625,5.50125,1/1->1/1,6.4835,6.477,6.051,6.22,6.77,6.905,5.615,7.399,13.171897894655665,-0.0298355406782128,7,3,True,True,True,True,True,True,B,0.35025510204081634,317.0
USP-S | Stainless (Minimal Wear),True,True,True,0.2608,4.562302409244522,334,summary,True,True,True,True,True,12.26,50,-0.0488557002777635,-0.0488030234978094,102,15.816563807991542,7.810555688231381,0.9170360480640856,2.04,-0.0497983804871651,-0.0091432939762767,-0.0304148104169986,0.1769942036985921,0.0,-0.1173037854879022,2026-06-20T06:07:21.403099+00:00,ok,,best_deal,2026-04-19T08:47:44.903827+00:00,,True,8,13.3925,12.77125,2/2,15.9118,14.98,13.7372,14.0053,16.522,18.6207,7.155,34.223,30.69105946530248,-0.0676188637972076,7,3,True,True,True,True,True,True,C,0.3030612244897959,344.0
Desert Eagle | Firebreathing (Minimal Wear),True,True,True,0.0537,0.4768097095795406,79,summary,True,True,True,True,True,3.71,50,-0.0421159029649595,-0.0498652291105121,2389,10.567514677103713,9.589041095890414,0.9042657114946272,47.78,0.0003284072249589,-0.0167187090848416,-0.0440699931015885,0.2189757058437294,0.0761654629021667,-0.1042414780043094,2026-06-20T05:23:30.668392+00:00,ok,,best_deal,2026-04-17T06:56:10.557123+00:00,,True,8,3.86625,3.71,1/1,3.066,3.071,2.777,2.887,3.211,3.331,2.666,3.558,18.069145466405736,-0.017736214124476,7,3,True,True,True,True,True,True,A,0.9714285714285714,15.0
M4A4 | Tooth Fairy (Battle-Scarred),True,True,True,0.0549,0.2719394108826595,73,summary,True,True,True,True,True,3.81,50,-0.0421844494872751,-0.0506666666666666,543,7.200762994754402,4.721030042918444,0.9525065963060688,10.86,0.0289651950478861,0.0028841532227322,0.0073791435420798,0.0821793416572077,0.0821793416572077,-0.0679130561358946,2026-06-20T05:24:30.096926+00:00,ok,,best_deal,2026-04-18T00:17:36.910146+00:00,,True,8,3.98375,3.8225,1/1,4.194,4.169,3.971,4.041,4.343,4.467,3.211,4.83,11.826418693371473,0.0135757017947537,7,3,True,True,True,True,True,True,A,0.7770408163265307,110.0
UMP-45 | Neo-Noir (Field-Tested),True,True,True,0.1578,0.4064481625792652,123,summary,True,True,True,True,True,5.67,50,-0.0485464101096521,-0.0520179790608933,196,5.509513610826589,4.912002979793284,0.9502397610250766,3.92,-0.0540519581233035,-0.0095793598463169,-0.0261774462019364,0.0841121495327104,0.0050828004590917,-0.0838271378522377,2026-06-20T06:04:27.326073+00:00,ok,,best_deal,2026-04-18T22:20:48.584920+00:00,,True,8,5.83125,5.56125,1/1,6.4434,6.3605,6.044,6.119,6.474,6.707,5.025,13.496,10.28959865909303,0.0051087673038894,7,3,True,True,True,True,True,True,B,0.538265306122449,227.0
AWP | Sun in Leo (Field-Tested),True,True,True,0.0938,1.1639540059674127,167,summary,True,True,True,True,True,22.62,50,-0.0404417938828749,-0.0523114839199846,71,7.854260884142515,3.0784587894189404,0.9683918162969918,1.42,-0.0006313380420629,0.0004403327872755,,0.0972479962095787,0.0093576025585343,-0.0635500744574556,2026-06-20T05:13:13.105565+00:00,ok,,best_deal,2026-04-17T04:56:14.134014+00:00,,True,8,23.43,22.52125,1/1,26.2469,25.563,24.755,25.162,27.2235,27.714,23.854,42.093,11.273712324122084,-0.0793194954378567,7,3,True,True,True,True,True,True,C,0.16836734693877553,405.0
AK-47 | Cartel (Battle-Scarred),True,True,True,0.1578,1.2173162663598447,60,summary,True,True,True,True,True,18.15,50,-0.0446506328370792,-0.0568993952721275,88,8.601036269430058,5.218546565696822,0.9470990680385714,1.76,0.002193094303055,-0.0033352020202493,,0.1117557251908397,0.0995928753180662,-0.088017916852743,2026-06-20T05:39:26.832181+00:00,ok,,best_deal,2026-04-17T00:36:57.912708+00:00,,True,8,18.91125,18.1075,1/1,18.8175,18.563,17.581,17.999,19.6175,20.069,14.726,22.409,13.22173508702006,0.0049094814360233,7,3,True,True,True,True,True,True,C,0.23903061224489794,372.0
AWP | The End (Minimal Wear),True,True,True,0.4978,3.0005098507735273,36,summary,True,True,True,True,True,39.82,50,-0.0484320423492854,-0.0569242738589211,272,4.364737596502739,2.6335181252584587,0.9734249497991968,5.44,0.0384722179372474,0.0028413001633127,0.0181968393059048,0.0925133689839571,0.0925133689839571,-0.0585895062546737,2026-06-20T06:03:52.351109+00:00,ok,,best_deal,2026-04-17T04:56:54.165794+00:00,,True,8,40.585,38.7175,1/1,32.1623,31.872,31.025,31.313,32.7168,33.4951,29.452,42.752,7.680109942385968,0.0560993975903614,7,3,True,True,True,True,True,True,B,0.6326530612244898,181.0
Galil AR | Chromatic Aberration (Battle-Scarred),True,True,True,0.222,1.3984461709211988,67,summary,True,True,True,True,True,3.49,50,-0.0497650942461953,-0.058027136355975,240,4.232043347628465,5.675252304768755,0.943765903307888,4.8,-0.0020423793719683,0.004138836521135,0.0011141733265735,0.0810949091839345,0.0401637247377846,-0.0912490574226241,2026-06-20T06:12:40.590560+00:00,ok,,best_deal,2026-04-17T17:15:10.609915+00:00,,True,8,3.6125,3.44125,1/1,3.8941,3.93,3.709,3.8262,3.991,4.063,1.923,4.546,9.09067563750288,0.0007680491551458,7,3,True,True,True,True,True,True,B,0.5964285714285714,199.0
SSG 08 | Fever Dream (Factory New),True,True,True,0.1882,0.6409529211571187,151,summary,True,True,True,True,True,7.09,50,-0.0416625216853542,-0.0604745151684629,151,6.704491101911568,6.844683412775643,0.9300050598751898,3.02,-0.0671566989642499,-0.0122611961373626,-0.0723899185577364,0.2483882521489972,0.0,-0.0980248347514212,2026-06-20T05:21:32.423701+00:00,ok,,best_deal,2026-04-18T18:17:24.186173+00:00,,True,8,7.5525,7.25,1/1,6.0631,5.929,5.514,5.6315,6.038,6.273,4.589,26.166,12.518348699510144,-0.0624580255204836,7,3,True,True,True,True,True,True,B,0.42653061224489797,280.0
