1/2142 "P90 | Ancient Earth (Factory New)"  steam_n=18  median=2.657  iqr_risk=6.980600871610938  downside=10.459331250723123  ret7=-0.5425093632958802  0.4s
2/2142 "Dual Berettas | Switch Board (Factory New)"  steam_n=9  median=7.051  iqr_risk=11.85294036099482  downside=3.670945739873016  ret7=-0.11823922966297751  0.5s
3/2142 "P90 | Traction (Factory New)"  steam_n=33  median=3.6  iqr_risk=9.895399177176044  downside=16.047756056898546  ret7=-0.19503641758834633  0.4s
4/2142 "MAC-10 | Whitefish (Factory New)"  steam_n=33  median=4.162  iqr_risk=15.039609993906163  downside=15.736745886654477  ret7=-0.15873015873015872  0.4s
5/2142 "Tec-9 | Phoenix Chalk (Factory New)"  steam_n=36  median=18.5425  iqr_risk=10.928038670443614  downside=2.0972478494763434  ret7=-0.0015785697201626814  0.4s
6/2142 "Dual Berettas | Oil Change (Factory New)"  steam_n=42  median=2.766  iqr_risk=0.0  downside=3.4838993295966576  ret7=-0.07305630026809651  0.4s
7/2142 "P250 | Dark Filigree (Factory New)"  steam_n=8  median=18.976  iqr_risk=5.168294879068156  downside=3.9066688179542224  ret7=0.020129834706235306  0.4s
8/2142 "Desert Eagle | Calligraffiti (Factory New)"  steam_n=78  median=12.512  iqr_risk=6.859656702934134  downside=7.523469107191963  ret7=0.0262429847442891  0.4s
9/2142 "R8 Revolver | Tango (Factory New)"  steam_n=80  median=3.01  iqr_risk=3.724063086124121  downside=1.3223549951045719  ret7=-0.11004126547455295  0.3s
10/2142 "AUG | Triqua (Factory New)"  steam_n=67  median=3.586  iqr_risk=8.394200370653  downside=4.164395508557725  ret7=-0.15476190476190477  0.6s
11/2142 "MP7 | Sunbaked (Factory New)"  steam_n=74  median=2.172  iqr_risk=8.142353963679609  downside=9.880609304240437  ret7=-0.15251299826689768  0.4s
12/2142 "P250 | Cyber Shell (Factory New)"  steam_n=52  median=7.7005  iqr_risk=7.435446625380497  downside=12.023722053112213  ret7=-0.09244332493702778  0.4s
13/2142 "SG 553 | Damascus Steel (Factory New)"  steam_n=51  median=3.648  iqr_risk=11.561152411439462  downside=12.725204370486  ret7=-0.10782564364007141  0.5s
14/2142 "Galil AR | Black Sand (Factory New)"  steam_n=72  median=30.127  iqr_risk=21.052697996062786  downside=9.560029781434558  ret7=0.24936353116217558  0.4s
15/2142 "MAG-7 | Popdog (Factory New)"  steam_n=26  median=3.0665  iqr_risk=21.76086572957714  downside=13.703464094571553  ret7=-0.20591286307053946  0.4s
16/2142 "XM1014 | Solitude (Factory New)"  steam_n=14  median=84.7095  iqr_risk=4.561692869586873  downside=5.147895836784187  ret7=-0.11483214060741254  0.3s
17/2142 "Desert Eagle | Mudder (Factory New)"  steam_n=46  median=23.679  iqr_risk=8.195357783380553  downside=9.560817543038828  ret7=-0.0343134550670271  0.4s
18/2142 "Desert Eagle | The Bronze (Factory New)"  steam_n=422  median=53.23  iqr_risk=26.635193181753703  downside=16.263128925910575  ret7=0.33118349619978305  0.5s
19/2142 "Dual Berettas | Heist (Factory New)"  steam_n=19  median=4.86  iqr_risk=13.031361620284976  downside=7.66573772422185  ret7=-0.2592592592592592  0.4s
20/2142 "AUG | Amber Fade (Factory New)"  steam_n=127  median=9.274  iqr_risk=16.667169143879327  downside=6.743244193875801  ret7=0.07481118595631764  0.4s
21/2142 "Desert Eagle | Blue Ply (Factory New)"  steam_n=206  median=5.628  iqr_risk=24.371629184898737  downside=8.598758522438175  ret7=0.18956924172303302  0.4s
22/2142 "MP7 | Astrolabe (Factory New)"  steam_n=163  median=41.591  iqr_risk=4.7922711322772145  downside=6.140613152374368  ret7=-0.013161012385568105  0.3s
23/2142 "Five-SeveN | Scumbria (Factory New)"  steam_n=37  median=7.876  iqr_risk=27.75873015873016  downside=26.290793650793653  ret7=-0.22355541521945055  0.4s
24/2142 "MP9 | Black Sand (Factory New)"  steam_n=48  median=1.915  iqr_risk=6.292472895160045  downside=5.446905638844218  ret7=-0.07038834951456308  0.4s
25/2142 "FAMAS | Faulty Wiring (Factory New)"  steam_n=31  median=7.652  iqr_risk=4.119718767463321  downside=3.2879774390164673  ret7=-0.18090020410355567  0.5s
26/2142 "FAMAS | CaliCamo (Factory New)"  steam_n=176  median=4.537  iqr_risk=10.250762453405626  downside=2.1496950186377437  ret7=-0.0965981444424231  0.4s
27/2142 "Tec-9 | Groundwater (Factory New)"  steam_n=56  median=3.071  iqr_risk=12.517225539733575  downside=11.38526150009843  ret7=-0.03069736403069734  0.4s
28/2142 "USP-S | Desert Tactical (Factory New)"  steam_n=128  median=6.046  iqr_risk=1.8522419744283667  downside=1.8149702636568428  ret7=-0.011294397384455257  0.4s
29/2142 "Tec-9 | Cracked Opal (Factory New)"  steam_n=44  median=6.1725  iqr_risk=6.929912452160772  downside=11.91997503326162  ret7=-0.1311397234144015  0.4s
30/2142 "AK-47 | Emerald Pinstripe (Factory New)"  steam_n=44  median=41.182  iqr_risk=3.8863261144022436  downside=7.786248421870449  ret7=-0.09072256536085954  0.5s
31/2142 "Glock-18 | Gamma Doppler (Factory New)"  steam_n=26  median=189.1975  iqr_risk=6.652899868647062  downside=5.273325671078776  ret7=-0.009846283364015718  0.4s
32/2142 "P2000 | Urban Hazard (Factory New)"  steam_n=68  median=3.49  iqr_risk=2.4892753961537384  downside=4.923103860857394  ret7=-0.0011376564277588708  0.5s
33/2142 "Galil AR | Akoben (Factory New)"  steam_n=127  median=3.464  iqr_risk=1.0852324901911719  downside=2.198291454489807  ret7=-0.10118740320082598  0.4s
34/2142 "MAC-10 | Strats (Factory New)"  steam_n=7  median=5.078  iqr_risk=2.8908181666078128  downside=1.3756948188358784  ret7=-0.05722564288301335  0.5s
35/2142 "AUG | Surveillance (Factory New)"  steam_n=34  median=2.222  iqr_risk=19.05622036577106  downside=12.639421991420186  ret7=-0.07703862660944205  0.4s
36/2142 "CZ75-Auto | Silver (Factory New)"  steam_n=374  median=4.245  iqr_risk=1.5303983228511449  downside=5.404146284649434  ret7=-0.1612135633551457  0.5s
37/2142 "Tec-9 | Safety Net (Factory New)"  steam_n=52  median=24.4555  iqr_risk=21.87088589415228  downside=10.059362807286305  ret7=0.19095816464237525  0.4s
38/2142 "MAC-10 | Classic Crate (Factory New)"  steam_n=33  median=5.571  iqr_risk=12.741312741312733  downside=11.982541547758938  ret7=0.16189516129032255  0.5s
39/2142 "FAMAS | Crypsis (Factory New)"  steam_n=289  median=3.307  iqr_risk=2.363564740462419  downside=5.5755886185267025  ret7=-0.018359490672194223  0.4s
40/2142 "PP-Bizon | Photic Zone (Factory New)"  steam_n=18  median=4.8555  iqr_risk=10.702609339337492  downside=9.832829560175194  ret7=-0.18448883666274962  0.4s
41/2142 "AUG | Carved Jade (Factory New)"  steam_n=69  median=54.119  iqr_risk=9.998128103769119  downside=6.296912105295991  ret7=-0.17486668752137002  0.5s
42/2142 "SSG 08 | Ghost Crusader (Factory New)"  steam_n=42  median=31.427  iqr_risk=16.803486402496766  downside=20.62465822852342  ret7=-0.20401996032729985  0.5s
43/2142 "SSG 08 | Hand Brake (Factory New)"  steam_n=97  median=5.334  iqr_risk=10.619402845551248  downside=8.861966459139591  ret7=-0.03727100442198361  0.4s
44/2142 "P90 | Off World (Factory New)"  steam_n=75  median=2.059  iqr_risk=10.49184709970596  downside=4.2769313017909685  ret7=-0.19201481786375796  0.4s
45/2142 "P250 | Verdigris (Factory New)"  steam_n=105  median=2.853  iqr_risk=9.793253536452678  downside=8.564709186001622  ret7=-0.04638472032742158  0.4s
46/2142 "Glock-18 | Wraiths (Factory New)"  steam_n=109  median=12.075  iqr_risk=6.4856472709364485  downside=12.375316144003069  ret7=0.12390503479328707  0.4s
47/2142 "Dual Berettas | Moon in Libra (Factory New)"  steam_n=24  median=11.5115  iqr_risk=4.228066687985621  downside=3.477870063870428  ret7=-0.12377685080503686  0.4s
48/2142 "Dual Berettas | Panther (Factory New)"  steam_n=49  median=13.07  iqr_risk=5.473671335086547  downside=6.15252889731515  ret7=0.04401314281347912  0.5s
49/2142 "AWP | Acheron (Factory New)"  steam_n=503  median=29.429  iqr_risk=21.722492124652216  downside=9.913576475457484  ret7=0.11964634654194839  0.4s
50/2142 "CZ75-Auto | Imprint (Factory New)"  steam_n=40  median=3.7045  iqr_risk=8.254575374146633  downside=9.110720718717337  ret7=-0.2521686746987952  0.4s
51/2142 "Sawed-Off | Clay Ambush (Factory New)"  steam_n=29  median=2.559  iqr_risk=9.276634918386858  downside=8.639308855291585  ret7=-0.09976798143851506  0.4s
52/2142 "Glock-18 | Oxide Blaze (Factory New)"  steam_n=152  median=4.8905  iqr_risk=7.002228826151555  downside=8.783226019481596  ret7=0.06607574536663963  0.5s
53/2142 "XM1014 | Blue Tire (Factory New)"  steam_n=33  median=5.165  iqr_risk=13.499051874659715  downside=2.778664363629531  ret7=0.026954732510287904  0.3s
54/2142 "Dual Berettas | Dualing Dragons (Factory New)"  steam_n=38  median=7.023  iqr_risk=6.499091899745735  downside=15.966581910642926  ret7=-0.07176510754523735  0.4s
55/2142 "FAMAS | Night Borre (Factory New)"  steam_n=21  median=24.903  iqr_risk=4.3680546928536215  downside=8.086912266218896  ret7=-0.0928860233854224  0.3s
56/2142 "Galil AR | Sage Spray (Factory New)"  steam_n=61  median=3.417  iqr_risk=21.956750179746695  downside=10.12112161937945  ret7=-0.16611966675082046  0.5s
57/2142 "R8 Revolver | Survivalist (Factory New)"  steam_n=70  median=3.7825  iqr_risk=2.1072848035423655  downside=6.0684467443783525  ret7=0.019149227191902707  0.4s
58/2142 "FAMAS | Cyanospatter (Factory New)"  steam_n=33  median=26.004  iqr_risk=8.522127835824982  downside=11.340173959253214  ret7=-0.17478698555778527  0.4s
59/2142 "UMP-45 | Primal Saber (Field-Tested)"  steam_n=178  median=13.044  iqr_risk=4.289288692958421  downside=7.796675801262961  ret7=0.00913343729115601  0.4s
60/2142 "Dual Berettas | Elite 1.6 (Factory New)"  steam_n=83  median=1.66  iqr_risk=11.475498993854357  downside=12.726382770435633  ret7=-0.08801955990220045  0.4s
61/2142 "Tec-9 | Brother (Factory New)"  steam_n=65  median=6.5  iqr_risk=3.934191702432034  downside=10.449710766934125  ret7=-0.036180308422301244  0.4s
62/2142 "MAG-7 | Navy Sheen (Factory New)"  steam_n=90  median=0.925  iqr_risk=1.6155587569458785  downside=16.15558756945874  ret7=-0.17419354838709677  0.3s
63/2142 "XM1014 | Solitude (Minimal Wear)"  steam_n=138  median=5.3645  iqr_risk=10.29846309863096  downside=5.33981431294039  ret7=-0.12888436067244025  0.3s
64/2142 "AUG | Luxe Trim (Factory New)"  steam_n=50  median=3.5575  iqr_risk=11.701353921897725  downside=10.940472194248635  ret7=-0.08686558839933078  0.3s
65/2142 "Sawed-Off | Snake Camo (Factory New)"  steam_n=21  median=2.888  iqr_risk=0.6821772224615872  downside=14.03848915697257  ret7=-0.11531421598535696  0.5s
66/2142 "MP7 | Tall Grass (Factory New)"  steam_n=43  median=9.22  iqr_risk=13.051893701611222  downside=2.898095835948954  ret7=-0.10570019894472793  0.4s
67/2142 "Tec-9 | Flash Out (Factory New)"  steam_n=125  median=8.725  iqr_risk=14.439696698364473  downside=7.870428090537124  ret7=-0.14692246991517077  0.3s
68/2142 "UMP-45 | Wild Child (Field-Tested)"  steam_n=1844  median=4.223  iqr_risk=5.317521940660219  downside=3.3881555728100547  ret7=0.016818837097549277  0.3s
69/2142 "AUG | Radiation Hazard (Factory New)"  steam_n=38  median=16.25  iqr_risk=4.795346781802747  downside=3.2546251507876787  ret7=-0.06039462396339723  0.5s
70/2142 "AWP | Safari Mesh (Factory New)"  steam_n=46  median=17.4295  iqr_risk=10.036985798582682  downside=7.247522516163642  ret7=-0.04968616488211408  0.4s
71/2142 "Glock-18 | Warhawk (Factory New)"  steam_n=94  median=14.0755  iqr_risk=22.136306545885766  downside=17.787351684360463  ret7=0.32544237207077975  0.3s
72/2142 "AUG | Syd Mead (Field-Tested)"  steam_n=203  median=12.991  iqr_risk=8.09566893513237  downside=9.535423468785648  ret7=-0.051881918819188244  0.4s
73/2142 "AK-47 | Nightwish (Battle-Scarred)"  steam_n=302  median=74.1925  iqr_risk=6.460222292156565  downside=5.345249784906874  ret7=-0.05292063203541897  0.4s
74/2142 "FAMAS | Hexane (Factory New)"  steam_n=31  median=23.557  iqr_risk=25.371487898254497  downside=14.506683537732782  ret7=-0.15895302478765816  0.5s
75/2142 "Five-SeveN | Forest Night (Factory New)"  steam_n=78  median=3.7385  iqr_risk=3.0963956867751277  downside=7.455794877366438  ret7=0.011717171717171793  0.4s
76/2142 "M4A1-S | Player Two (Field-Tested)"  steam_n=156  median=66.186  iqr_risk=5.924773648878253  downside=5.083555468295751  ret7=-0.06355491329479768  0.3s
77/2142 "XM1014 | Entombed (Minimal Wear)"  steam_n=536  median=4.853  iqr_risk=9.287283884074803  downside=9.328744972842989  ret7=-0.06535417089506779  0.4s
78/2142 "MP7 | Powercore (Factory New)"  steam_n=24  median=22.2025  iqr_risk=20.564326564518268  downside=16.326400204479384  ret7=-0.26185818168395414  0.4s
79/2142 "MP7 | Akoben (Factory New)"  steam_n=57  median=3.132  iqr_risk=16.472807293303994  downside=10.34265954102484  ret7=-0.2105953317597693  0.4s
80/2142 "Glock-18 | Ironwork (Factory New)"  steam_n=153  median=90.498  iqr_risk=20.619035942110493  downside=23.711542685541694  ret7=0.2682128022153585  0.5s
81/2142 "AK-47 | Head Shot (Field-Tested)"  steam_n=507  median=42.29  iqr_risk=4.534694254004358  downside=4.567093373315889  ret7=0.008521086077412088  0.4s
82/2142 "P250 | Hive (Factory New)"  steam_n=54  median=19.195  iqr_risk=14.533807682816494  downside=13.80480381673111  ret7=0.4127427259755567  0.4s
83/2142 "FAMAS | Macabre (Factory New)"  steam_n=8  median=22.113  iqr_risk=9.297209007577708  downside=7.312632208427424  ret7=-0.25917118241004244  0.4s
84/2142 "MAC-10 | Sienna Damask (Factory New)"  steam_n=138  median=1.143  iqr_risk=1.4739032425871255  downside=0.0  ret7=-0.014655172413792994  0.4s
85/2142 "Glock-18 | Bunsen Burner (Factory New)"  steam_n=105  median=7.852  iqr_risk=7.086794178160491  downside=5.4027280347481605  ret7=0.02309539939644001  0.4s
86/2142 "Glock-18 | Night (Minimal Wear)"  steam_n=47  median=14.378  iqr_risk=8.968279577435144  downside=9.175212895803812  ret7=-0.14795807284376838  0.4s
87/2142 "PP-Bizon | Bamboo Print (Factory New)"  steam_n=12  median=30.738  iqr_risk=4.93361935859467  downside=7.074695623560384  ret7=-0.08078395445473274  0.4s
88/2142 "P250 | Valence (Factory New)"  steam_n=181  median=2.583  iqr_risk=7.665854706978076  downside=0.0  ret7=-0.15339233038348077  0.5s
89/2142 "R8 Revolver | Desert Brush (Factory New)"  steam_n=105  median=0.977  iqr_risk=1.289043133366387  downside=0.0  ret7=-0.0987084870848709  0.3s
90/2142 "MAC-10 | Pipe Down (Factory New)"  steam_n=43  median=11.13  iqr_risk=43.695534672899846  downside=30.40291303564487  ret7=-0.1988888888888889  0.5s
91/2142 "PP-Bizon | Seabird (Factory New)"  steam_n=43  median=9.981  iqr_risk=1.9188678679579063  downside=4.30745859942633  ret7=0.028565670814650668  0.3s
92/2142 "USP-S | Pathfinder (Factory New)"  steam_n=14  median=92.512  iqr_risk=0.12247673747756399  downside=0.44274266240790905  ret7=-0.12061942003889115  0.4s
93/2142 "P90 | Desert DDPAT (Factory New)"  steam_n=105  median=0.777  iqr_risk=7.589896727634684  downside=0.0  ret7=-0.009456264775413725  0.4s
94/2142 "Desert Eagle | Night Heist (Factory New)"  steam_n=9  median=216.995  iqr_risk=2.8605729214244398  downside=3.442147010912285  ret7=-0.1337153850877013  0.3s
95/2142 "Glock-18 | Clear Polymer (Factory New)"  steam_n=164  median=5.095  iqr_risk=16.70603231732464  downside=7.835639035729017  ret7=0.19705593719332692  0.3s
96/2142 "AK-47 | Midnight Laminate (Field-Tested)"  steam_n=3933  median=4.275  iqr_risk=7.034707663638493  downside=4.332634521313765  ret7=0.04564315352697079  0.4s
97/2142 "Dual Berettas | Briar (Factory New)"  steam_n=48  median=7.948  iqr_risk=3.1312140071791923  downside=5.614234434315524  ret7=-0.27191298784388995  0.4s
98/2142 "P2000 | Red FragCam (Factory New)"  steam_n=12  median=35.5385  iqr_risk=5.99093760101626  downside=3.832237868124519  ret7=-0.13237211242634406  0.4s
99/2142 "Glock-18 | Red Tire (Factory New)"  steam_n=33  median=22.754  iqr_risk=2.8621318943899583  downside=2.5776692443359206  ret7=-0.06730385505626957  0.4s
100/2142 "Galil AR | Blue Titanium (Factory New)"  steam_n=168  median=32.653  iqr_risk=7.649046935475081  downside=5.127226694286453  ret7=0.08735515285996054  0.4s
101/2142 "Zeus x27 | Dragon Snore (Field-Tested)"  steam_n=203  median=18.707  iqr_risk=4.620769878155347  downside=6.609523503208274  ret7=-0.033291149048270685  0.3s
102/2142 "M4A1-S | Mud-Spec (Factory New)"  steam_n=317  median=4.489  iqr_risk=6.849315068493149  downside=4.901344727912529  ret7=-0.10920221169036337  0.3s
103/2142 "AK-47 | Uncharted (Factory New)"  steam_n=329  median=3.664  iqr_risk=6.619843384193105  downside=6.081644735071714  ret7=-0.147872587770286  0.5s
104/2142 "Dual Berettas | Royal Consorts (Factory New)"  steam_n=100  median=56.879  iqr_risk=18.81400152190455  downside=20.23770699713736  ret7=0.29663656795867666  0.4s
105/2142 "USP-S | Purple DDPAT (Factory New)"  steam_n=93  median=42.214  iqr_risk=8.708865991972244  downside=6.1957897753027975  ret7=-0.022485725003125956  0.4s
106/2142 "Glock-18 | Catacombs (Factory New)"  steam_n=174  median=4.677  iqr_risk=10.135548200771558  downside=7.462529249320135  ret7=-0.009614431559123782  0.4s
107/2142 "Dual Berettas | Cartel (Factory New)"  steam_n=24  median=6.4955  iqr_risk=8.38073568448994  downside=3.161167993932501  ret7=-0.07387281539139379  0.4s
108/2142 "StatTrak™ Zeus x27 | Olympus (Minimal Wear)"  steam_n=164  median=11.416  iqr_risk=7.3584078555146535  downside=5.970541820094695  ret7=0.01686098654708501  0.3s
109/2142 "Glock-18 | Weasel (Factory New)"  steam_n=54  median=31.937  iqr_risk=10.634150905150225  downside=8.92582601780675  ret7=0.9179525564256106  0.5s
110/2142 "Tec-9 | Ossified (Factory New)"  steam_n=45  median=28.796  iqr_risk=6.429752761114541  downside=9.663200089701181  ret7=-0.022887323943661886  0.5s
111/2142 "Five-SeveN | Violent Daimyo (Factory New)"  steam_n=199  median=2.822  iqr_risk=6.632878669342489  downside=4.285860063267454  ret7=-0.08376623376623382  0.6s
112/2142 "Desert Eagle | Heat Treated (Factory New)"  steam_n=31  median=85.874  iqr_risk=11.04572175469547  downside=4.371124661159364  ret7=0.17481882367577994  0.3s
113/2142 "FAMAS | Decommissioned (Factory New)"  steam_n=49  median=9.597  iqr_risk=17.634515249194155  downside=7.051822464666505  ret7=-0.11574970484061398  0.5s
114/2142 "AWP | Duality (Field-Tested)"  steam_n=4007  median=3.983  iqr_risk=1.7751331349851172  downside=1.8501387604070378  ret7=-0.00499126528574978  0.3s
115/2142 "MAC-10 | Surfwood (Factory New)"  steam_n=37  median=14.632  iqr_risk=3.7334109107029043  downside=7.688471448757372  ret7=0.10521843800892161  0.6s
116/2142 "Dual Berettas | Balance (Factory New)"  steam_n=12  median=10.9325  iqr_risk=23.127841668895417  downside=8.964629580101628  ret7=-0.223421314956876  0.4s
117/2142 "Zeus x27 | Olympus (Field-Tested)"  steam_n=3088  median=4.0  iqr_risk=1.9310276533062622  downside=1.8320005941623512  ret7=0.0022427111886369477  0.3s
118/2142 "MP9 | Slide (Factory New)"  steam_n=122  median=1.448  iqr_risk=12.821389496717725  downside=9.450218818380735  ret7=-0.15341959334565614  0.6s
119/2142 "Glock-18 | Grinder (Factory New)"  steam_n=145  median=19.509  iqr_risk=21.35658712338781  downside=15.697352618662212  ret7=0.13010837959291588  0.7s
120/2142 "XM1014 | Entombed (Field-Tested)"  steam_n=978  median=4.225  iqr_risk=6.479327858736406  downside=5.3401053780794525  ret7=-0.01045053413841146  0.4s
121/2142 "★ Moto Gloves | POW! (Field-Tested)"  steam_n=47  median=124.9  iqr_risk=6.76699307518074  downside=3.8656477241385843  ret7=-0.06610262133047906  0.4s
122/2142 "StatTrak™ XM1014 | Entombed (Field-Tested)"  steam_n=111  median=5.654  iqr_risk=11.085545091324187  downside=18.211329908675797  ret7=-0.048429092171498156  0.4s
123/2142 "AUG | Navy Murano (Factory New)"  steam_n=18  median=32.371  iqr_risk=21.028235227703963  downside=18.233251896618235  ret7=0.26204860634353966  0.4s
124/2142 "AK-47 | Steel Delta (Factory New)"  steam_n=102  median=26.166  iqr_risk=7.92724620504171  downside=4.110255124523259  ret7=-0.05509908168197197  0.4s
125/2142 "Galil AR | Sandstorm (Minimal Wear)"  steam_n=27  median=15.3  iqr_risk=15.21790934124127  downside=16.443814869730996  ret7=-0.13523421588594697  0.4s
126/2142 "AUG | Aristocrat (Factory New)"  steam_n=34  median=13.471  iqr_risk=16.064410160145474  downside=13.344723411744006  ret7=-0.20211776030803785  0.4s
127/2142 "M4A1-S | Blood Tiger (Factory New)"  steam_n=108  median=27.445  iqr_risk=15.028851795722808  downside=8.639339954427475  ret7=-0.0026244975249991587  0.4s
128/2142 "Glock-18 | Franklin (Factory New)"  steam_n=5  median=224.568  iqr_risk=16.69017227209027  downside=13.675790776561419  ret7=-0.06377658199211433  0.4s
129/2142 "AUG | Amber Slipstream (Factory New)"  steam_n=153  median=1.806  iqr_risk=3.500583430571765  downside=3.4051129733743526  ret7=-0.0590070184559397  0.4s
130/2142 "AUG | Arctic Wolf (Factory New)"  steam_n=24  median=18.514  iqr_risk=8.517058320469452  downside=8.387433372238748  ret7=-0.048394941634241295  0.4s
131/2142 "P2000 | Wicked Sick (Field-Tested)"  steam_n=1575  median=4.223  iqr_risk=4.629520832843749  downside=3.3464150588677724  ret7=-0.0007100591715974991  0.3s
132/2142 "UMP-45 | Primal Saber (Minimal Wear)"  steam_n=48  median=14.601  iqr_risk=13.196423169195917  downside=18.604585716597374  ret7=-0.15837043929022387  0.4s
133/2142 "AWP | Black Nile (Factory New)"  steam_n=118  median=36.653  iqr_risk=4.134729890657147  downside=2.875121792789868  ret7=-0.07728943042258962  0.3s
134/2142 "StatTrak™ XM1014 | Entombed (Minimal Wear)"  steam_n=72  median=6.99  iqr_risk=5.9562427654800905  downside=14.083198765308602  ret7=0.009639258069227274  0.4s
135/2142 "FAMAS | 2A2F (Factory New)"  steam_n=198  median=12.878  iqr_risk=12.935191811082419  downside=15.319218443732305  ret7=0.29009737277236836  0.3s
136/2142 "P90 | Asiimov (Field-Tested)"  steam_n=67  median=206.7  iqr_risk=3.143878713368013  downside=3.7028338851436944  ret7=-0.03530843191399369  0.9s
137/2142 "Dual Berettas | Anodized Navy (Factory New)"  steam_n=38  median=16.629  iqr_risk=1.6044862359653058  downside=9.56548712396755  ret7=0.045770024385668906  0.4s
138/2142 "Glock-18 | Off World (Factory New)"  steam_n=125  median=9.187  iqr_risk=19.744580742732325  downside=12.155520080658704  ret7=0.2557606202904883  0.4s
139/2142 "Five-SeveN | Monkey Business (Field-Tested)"  steam_n=330  median=13.244  iqr_risk=4.9806848441660705  downside=4.058057982972661  ret7=-0.0415456130156886  0.4s
140/2142 "P2000 | Imperial Dragon (Field-Tested)"  steam_n=167  median=13.209  iqr_risk=4.079068852260513  downside=5.411009701978233  ret7=-0.07432191927101872  0.5s
141/2142 "Glock-18 | Winterized (Factory New)"  steam_n=266  median=1.991  iqr_risk=12.253513875302488  downside=11.996087113216296  ret7=-0.1505612493899463  0.4s
142/2142 "M4A4 | The Emperor (Field-Tested)"  steam_n=148  median=67.827  iqr_risk=5.823756145700101  downside=6.4256032853773295  ret7=-0.007202016564638147  0.4s
143/2142 "★ Moto Gloves | Finish Line (Field-Tested)"  steam_n=34  median=126.093  iqr_risk=6.127888334344813  downside=4.361298055875099  ret7=-0.04863810343292896  0.3s
144/2142 "P2000 | Granite Marbleized (Factory New)"  steam_n=21  median=9.501  iqr_risk=7.567011607648874  downside=4.9537163367687445  ret7=-0.10317160656975666  0.4s
145/2142 "MAC-10 | Lapis Gator (Factory New)"  steam_n=119  median=3.228  iqr_risk=10.13937907519293  downside=6.520308667823187  ret7=-0.11699684180304337  0.4s
146/2142 "AK-47 | Safari Mesh (Factory New)"  steam_n=53  median=15.516  iqr_risk=11.547918826840476  downside=6.990371796770849  ret7=-0.019223484848484795  0.4s
147/2142 "Five-SeveN | Nightshade (Factory New)"  steam_n=51  median=50.168  iqr_risk=17.648456246681132  downside=17.57559061091348  ret7=0.2928805494456166  0.4s
148/2142 "AK-47 | Safety Net (Factory New)"  steam_n=153  median=40.792  iqr_risk=7.576575427163792  downside=6.217306390036605  ret7=-0.11992649323886506  0.5s
149/2142 "Negev | dev_texture (Factory New)"  steam_n=164  median=2.722  iqr_risk=3.836930455635495  downside=3.8738240177089085  ret7=-0.04286233200145306  0.4s
150/2142 "Tec-9 | Mummy's Rot (Factory New)"  steam_n=19  median=19.701  iqr_risk=8.295394167960252  downside=12.935084959421589  ret7=-0.2303145164929381  0.3s
151/2142 "AWP | POP AWP (Factory New)"  steam_n=46  median=87.7975  iqr_risk=14.689777306211946  downside=7.713330038731743  ret7=0.04222650775083525  0.5s
152/2142 "M4A1-S | Fizzy POP (Factory New)"  steam_n=279  median=30.231  iqr_risk=28.20635024980278  downside=18.081120168288198  ret7=0.3081669562750453  0.3s
153/2142 "StatTrak™ Dual Berettas | Melondrama (Field-Tested)"  steam_n=299  median=6.93  iqr_risk=7.5323588404207635  downside=7.835384770782531  ret7=-0.006007646095030017  0.4s
154/2142 "Tec-9 | Snek-9 (Factory New)"  steam_n=83  median=10.077  iqr_risk=7.635148613604622  downside=9.74466387392779  ret7=0.0  0.4s
155/2142 "Five-SeveN | Fraise Crane (Factory New)"  steam_n=868  median=4.69  iqr_risk=2.8937045849141487  downside=4.222665209096951  ret7=-0.049515381373788525  0.5s
156/2142 "R8 Revolver | Phoenix Marker (Factory New)"  steam_n=19  median=25.084  iqr_risk=5.8908555376769325  downside=1.9784235727727135  ret7=-0.0981844328599677  0.4s
157/2142 "Five-SeveN | Buddy (Factory New)"  steam_n=72  median=8.368  iqr_risk=12.43459451621088  downside=11.588703732795192  ret7=-0.09996645420999661  0.4s
158/2142 "PP-Bizon | Chemical Green (Factory New)"  steam_n=6  median=22.8985  iqr_risk=10.245561012466942  downside=9.576879486210794  ret7=-0.22396205819249437  0.6s
159/2142 "Zeus x27 | Olympus (Minimal Wear)"  steam_n=1169  median=5.94  iqr_risk=3.4984934717107405  downside=3.1971878138600722  ret7=0.01924386920980936  0.4s
160/2142 "AWP | Hyper Beast (Battle-Scarred)"  steam_n=53  median=37.124  iqr_risk=3.0074497204665995  downside=3.8667210691713554  ret7=0.006037694044008779  0.4s
161/2142 "UMP-45 | Moonrise (Factory New)"  steam_n=182  median=2.809  iqr_risk=3.4420354139313716  downside=5.393704978531639  ret7=-0.06366666666666665  0.4s
162/2142 "★ Specialist Gloves | Lt. Commander (Field-Tested)"  steam_n=47  median=143.71  iqr_risk=9.649642316181536  downside=6.442185701470721  ret7=0.2339931341757362  0.4s
163/2142 "USP-S | Flashback (Factory New)"  steam_n=288  median=3.807  iqr_risk=9.221470269153283  downside=7.051712558764275  ret7=0.030138339920948498  0.4s
164/2142 "P250 | Mint Kimono (Minimal Wear)"  steam_n=50  median=15.1665  iqr_risk=6.495070168162785  downside=8.004789361730591  ret7=-0.05254247915229793  0.4s
165/2142 "P250 | Vino Primo (Factory New)"  steam_n=17  median=34.96  iqr_risk=2.3373706098412446  downside=2.1596531750434007  ret7=-0.13675719677347753  0.4s
166/2142 "UMP-45 | Momentum (Field-Tested)"  steam_n=320  median=5.17  iqr_risk=10.019843218923764  downside=11.568007230004518  ret7=0.08586387434554954  0.4s
167/2142 "Desert Eagle | Midnight Storm (Factory New)"  steam_n=27  median=234.052  iqr_risk=7.083623087621698  downside=11.644819193324055  ret7=0.03307820774272607  0.5s
168/2142 "CZ75-Auto | Circaetus (Factory New)"  steam_n=55  median=1.937  iqr_risk=9.886935299098477  downside=7.819893410370077  ret7=-0.1551880380607158  0.3s
169/2142 "MP7 | Vault Heist (Factory New)"  steam_n=2  median=23.062  iqr_risk=0.08672274737663505  downside=0.06937819790131727  ret7=None  0.3s
170/2142 "P250 | Contaminant (Factory New)"  steam_n=26  median=6.8465  iqr_risk=6.078341082277437  downside=9.15019087654669  ret7=0.06918424546393287  0.3s
171/2142 "R8 Revolver | Bone Forged (Factory New)"  steam_n=171  median=0.881  iqr_risk=2.2903260988112137  downside=2.8356418366234073  ret7=-0.16413662239089188  0.4s
172/2142 "★ Driver Gloves | Snow Leopard (Field-Tested)"  steam_n=22  median=371.324  iqr_risk=8.252487800503596  downside=6.264776060806798  ret7=0.41127065117484873  0.3s
173/2142 "P250 | Steel Disruption (Factory New)"  steam_n=34  median=16.1145  iqr_risk=15.056605408617388  downside=9.127428709371916  ret7=0.0036971400635541496  0.4s
174/2142 "CZ75-Auto | Tacticat (Factory New)"  steam_n=69  median=5.443  iqr_risk=6.458896250508942  downside=9.538438760780242  ret7=-0.15842530633527419  0.8s
175/2142 "M4A1-S | Nightmare (Factory New)"  steam_n=23  median=456.081  iqr_risk=9.82525001034796  downside=25.542574541781626  ret7=-0.06236815842514143  0.4s
176/2142 "SG 553 | Barricade (Factory New)"  steam_n=10  median=13.95  iqr_risk=14.029650724516301  downside=27.117392198219736  ret7=0.02251230323548925  0.3s
177/2142 "AWP | Exoskeleton (Factory New)"  steam_n=29  median=67.661  iqr_risk=5.831082739995084  downside=6.774797446599557  ret7=-0.10086866742720191  0.4s
178/2142 "USP-S | Night Ops (Factory New)"  steam_n=206  median=4.677  iqr_risk=6.011560693641628  downside=4.550709406200734  ret7=-0.10811313732787486  0.4s
179/2142 "Dual Berettas | Melondrama (Field-Tested)"  steam_n=2031  median=7.383  iqr_risk=2.991412407917412  downside=3.1067276254561746  ret7=-0.003429174360327081  0.5s
180/2142 "FAMAS | Rapid Eye Movement (Battle-Scarred)"  steam_n=675  median=6.696  iqr_risk=3.2175513685817307  downside=4.378862932311687  ret7=0.004747774480712064  0.4s
181/2142 "Dual Berettas | Hemoglobin (Factory New)"  steam_n=49  median=22.229  iqr_risk=7.7711299085344905  downside=7.832565389817287  ret7=-0.050460467682383436  0.4s
182/2142 "Five-SeveN | Hybrid (Factory New)"  steam_n=269  median=5.017  iqr_risk=5.606494189102382  downside=6.287838969028021  ret7=-0.11771137026239076  0.3s
183/2142 "USP-S | Royal Guard (Minimal Wear)"  steam_n=1258  median=3.876  iqr_risk=7.143765094699369  downside=5.389602135502726  ret7=0.08878504672897192  0.3s
184/2142 "P90 | Sand Spray (Factory New)"  steam_n=50  median=1.003  iqr_risk=20.433909968460277  downside=21.64771098155404  ret7=-0.097236438075742  0.4s
185/2142 "Glock-18 | Gold Toof (Factory New)"  steam_n=14  median=321.488  iqr_risk=3.9299468964504523  downside=2.391633546031754  ret7=-0.09675112494911609  0.3s
186/2142 "AWP | Atheris (Factory New)"  steam_n=137  median=66.221  iqr_risk=4.195660602011403  downside=9.337107078223482  ret7=-0.04636602849106275  0.4s
187/2142 "P2000 | Panther Camo (Factory New)"  steam_n=43  median=6.657  iqr_risk=2.929643484923608  downside=9.212601974128994  ret7=-0.05845788517949435  0.4s
188/2142 "SSG 08 | Spring Twilly (Factory New)"  steam_n=147  median=10.666  iqr_risk=16.289968353883136  downside=5.464575371366314  ret7=0.204232125681308  0.3s
189/2142 "P2000 | Imperial (Factory New)"  steam_n=262  median=1.483  iqr_risk=4.189678156541601  downside=8.82371611756491  ret7=-0.10391923990498819  0.4s
190/2142 "MP7 | Asterion (Factory New)"  steam_n=13  median=16.097  iqr_risk=2.7450327244912347  downside=6.3968515399942065  ret7=-0.10570906473226638  0.4s
191/2142 "CZ75-Auto | Midnight Palm (Factory New)"  steam_n=184  median=1.645  iqr_risk=10.678531701890986  downside=2.0022246941045623  ret7=0.09447004608294929  0.4s
192/2142 "MAC-10 | Pipsqueak (Factory New)"  steam_n=147  median=4.389  iqr_risk=6.218958271426755  downside=3.947871121110497  ret7=0.02133938706015881  0.3s
193/2142 "P90 | Verdant Growth (Factory New)"  steam_n=187  median=1.737  iqr_risk=8.092551433293448  downside=6.4968370661651615  ret7=-0.0856986899563319  0.3s
194/2142 "UMP-45 | K.O. Factory (Field-Tested)"  steam_n=1530  median=5.335  iqr_risk=2.5621031525008338  downside=2.0236901711781963  ret7=-0.024180402101068643  0.4s
195/2142 "P2000 | Turf (Factory New)"  steam_n=87  median=26.938  iqr_risk=27.90954519119351  downside=13.196697566628032  ret7=0.32172661870503605  0.4s
196/2142 "P250 | See Ya Later (Field-Tested)"  steam_n=126  median=123.1485  iqr_risk=4.083006260339288  downside=4.515634629731746  ret7=0.005719465963408554  0.3s
197/2142 "R8 Revolver | Blaze (Factory New)"  steam_n=741  median=6.379  iqr_risk=12.595241797543144  downside=7.634893484683558  ret7=-0.034094111017187956  0.5s
198/2142 "CZ75-Auto | Polymer (Factory New)"  steam_n=157  median=8.201  iqr_risk=11.228329940156694  downside=12.65963353692394  ret7=0.08434029049188352  0.4s
199/2142 "MP9 | Deadly Poison (Factory New)"  steam_n=24  median=7.573  iqr_risk=10.205678661327974  downside=9.412700689943007  ret7=-0.016410256410256396  0.4s
200/2142 "AUG | Stymphalian (Field-Tested)"  steam_n=347  median=4.118  iqr_risk=8.054627203000639  downside=4.61638335216754  ret7=0.01080019636720686  0.3s
201/2142 "Glock-18 | Steel Disruption (Factory New)"  steam_n=28  median=80.09  iqr_risk=5.119393480366114  downside=6.868312338519561  ret7=-0.059109982332155586  0.5s
202/2142 "MP9 | Orange Peel (Factory New)"  steam_n=44  median=5.427  iqr_risk=1.3780431786862688  downside=2.168121267799714  ret7=-0.039543997149982135  0.4s
203/2142 "Glock-18 | Gamma Doppler (Minimal Wear)"  steam_n=55  median=123.0  iqr_risk=17.221485028558234  downside=8.688774686757606  ret7=0.06991057418381796  0.3s
204/2142 "MAC-10 | Carnivore (Factory New)"  steam_n=42  median=4.8075  iqr_risk=12.916442906299103  downside=14.931280704894883  ret7=-0.057304277643260626  0.4s
205/2142 "P250 | Visions (Minimal Wear)"  steam_n=482  median=6.456  iqr_risk=4.44973193455185  downside=4.032569565687625  ret7=0.020440251572326984  0.4s
206/2142 "M4A4 | Neo-Noir (Field-Tested)"  steam_n=266  median=43.43  iqr_risk=3.926513631426841  downside=3.237578926053413  ret7=-0.000390633975964394  0.4s
207/2142 "M4A4 | Temukau (Field-Tested)"  steam_n=860  median=41.495  iqr_risk=3.7558752963114768  downside=2.8335646300570563  ret7=-0.03824313361919118  0.3s
208/2142 "AK-47 | Baroque Purple (Field-Tested)"  steam_n=102  median=6.66  iqr_risk=6.357255407534742  downside=5.801461108723682  ret7=-0.06039931054294756  0.4s
209/2142 "Tec-9 | Rust Leaf (Factory New)"  steam_n=3  median=25.014  iqr_risk=47.799284662318534  downside=44.54618135914159  ret7=0.03271769389648882  0.3s
210/2142 "USP-S | Royal Guard (Factory New)"  steam_n=601  median=9.056  iqr_risk=3.212025824687619  downside=3.0514245334532313  ret7=-0.01593753342603499  0.4s
211/2142 "SG 553 | Atlas (Factory New)"  steam_n=27  median=2.135  iqr_risk=3.112771255780854  downside=5.06937033084311  ret7=-0.11218195836545886  0.4s
212/2142 "PP-Bizon | Brass (Factory New)"  steam_n=47  median=5.532  iqr_risk=13.870886289032908  downside=14.860701961114378  ret7=-0.1893191806949167  0.4s
213/2142 "P250 | Asiimov (Battle-Scarred)"  steam_n=256  median=11.97  iqr_risk=4.162470627727429  downside=4.502349781805977  ret7=-0.02364532019704435  0.4s
214/2142 "Nova | Gila (Minimal Wear)"  steam_n=132  median=4.7465  iqr_risk=14.651258770119686  downside=15.934791580685106  ret7=0.11190276613579209  0.4s
215/2142 "M4A4 | Converter (Factory New)"  steam_n=917  median=3.193  iqr_risk=8.724133708828216  downside=5.785478143749236  ret7=-0.04114017043784901  0.4s
216/2142 "CZ75-Auto | Eco (Factory New)"  steam_n=22  median=28.6  iqr_risk=7.286623322727899  downside=5.113432009959884  ret7=-0.15899968234716555  0.3s
217/2142 "FAMAS | Rapid Eye Movement (Field-Tested)"  steam_n=2036  median=7.355  iqr_risk=3.378653423430754  downside=2.8358978534017276  ret7=0.0023756103998944234  0.4s
218/2142 "Dual Berettas | Flora Carnivora (Factory New)"  steam_n=157  median=6.15  iqr_risk=5.559980882587226  downside=8.797196112792735  ret7=-0.06563150312149835  0.3s
219/2142 "Glock-18 | Mirror Mosaic (Battle-Scarred)"  steam_n=289  median=4.214  iqr_risk=8.87511446080158  downside=6.151534361719622  ret7=-0.03201422854602043  0.3s
220/2142 "Tec-9 | Whiteout (Field-Tested)"  steam_n=652  median=5.674  iqr_risk=1.9749284506853728  downside=1.355671224623013  ret7=0.012879322512350022  0.4s
221/2142 "UMP-45 | Full Stop (Factory New)"  steam_n=44  median=8.21  iqr_risk=6.07095238688614  downside=16.311323223386637  ret7=0.01492004993164131  0.3s
222/2142 "MP7 | Special Delivery (Factory New)"  steam_n=28  median=10.1905  iqr_risk=27.35156447258531  downside=16.37889175908482  ret7=-0.12599215002180542  0.8s
223/2142 "MAG-7 | Silver (Factory New)"  steam_n=26  median=27.6295  iqr_risk=6.2193642664094  downside=5.910790162515692  ret7=-0.20767903746627148  0.4s
224/2142 "P250 | Asiimov (Field-Tested)"  steam_n=262  median=13.358  iqr_risk=3.319964181710099  downside=4.1386679509078785  ret7=-0.010494194700803816  0.4s
225/2142 "FAMAS | Waters of Nephthys (Factory New)"  steam_n=3  median=231.208  iqr_risk=9.715908609933045  downside=5.205746163157843  ret7=-0.1775402495951225  0.3s
226/2142 "G3SG1 | Stinger (Field-Tested)"  steam_n=190  median=4.704  iqr_risk=9.288978637474763  downside=14.262939738548184  ret7=0.046739130434782616  0.4s
227/2142 "USP-S | Blueprint (Minimal Wear)"  steam_n=96  median=31.698  iqr_risk=12.754521802801111  downside=6.384271448379004  ret7=0.07188801764273434  0.4s
228/2142 "MAC-10 | Button Masher (Factory New)"  steam_n=29  median=7.023  iqr_risk=6.14870917827185  downside=5.556912886499983  ret7=-0.14305804142163137  0.4s
229/2142 "MAG-7 | Bulldozer (Minimal Wear)"  steam_n=12  median=40.723  iqr_risk=9.330150956262989  downside=1.237502771863141  ret7=-0.4138182135939297  0.5s
230/2142 "AWP | Asiimov (Battle-Scarred)"  steam_n=95  median=90.567  iqr_risk=9.028575675523658  downside=3.2661358358977606  ret7=-0.06142169179229473  0.6s
231/2142 "CZ75-Auto | Red Astor (Factory New)"  steam_n=17  median=8.89  iqr_risk=10.227173818435018  downside=13.05161458786666  ret7=-0.05512744516893908  0.5s
232/2142 "★ Specialist Gloves | Field Agent (Field-Tested)"  steam_n=42  median=165.094  iqr_risk=7.1449598756527966  downside=5.222582677350786  ret7=-0.08795665682058185  0.9s
233/2142 "Galil AR | Urban Rubble (Factory New)"  steam_n=5  median=27.919  iqr_risk=6.358450202044208  downside=6.568184678197407  ret7=-0.23988700235897142  0.7s
234/2142 "SSG 08 | Dark Water (Minimal Wear)"  steam_n=99  median=17.432  iqr_risk=7.721010006928751  downside=4.948943082043172  ret7=0.09724113433189285  0.5s
235/2142 "P250 | Visions (Field-Tested)"  steam_n=1322  median=4.27  iqr_risk=4.013827985429573  downside=2.505742326164118  ret7=-0.021774008709603665  0.4s
236/2142 "P2000 | Ivory (Factory New)"  steam_n=88  median=20.196  iqr_risk=26.420963246017248  downside=12.271325986228806  ret7=0.6297821238634416  0.4s
237/2142 "AWP | Chromatic Aberration (Field-Tested)"  steam_n=438  median=40.853  iqr_risk=3.6053252112399217  downside=4.136618196109257  ret7=-0.007148277803618042  0.5s
238/2142 "AK-47 | Nouveau Rouge (Well-Worn)"  steam_n=1022  median=9.161  iqr_risk=5.106215835815521  downside=3.9060369000469026  ret7=-0.04620601949978809  0.4s
239/2142 "FAMAS | Pulse (Factory New)"  steam_n=52  median=39.8095  iqr_risk=17.059032570404415  downside=12.909190169135364  ret7=-0.08177693848881928  0.5s
240/2142 "★ Moto Gloves | Polygon (Field-Tested)"  steam_n=77  median=148.322  iqr_risk=11.045476259940962  downside=9.263565290805365  ret7=0.06329339991284644  0.5s
241/2142 "Nova | Wurst Hölle (Factory New)"  steam_n=103  median=3.333  iqr_risk=9.103367267032104  downside=7.802886228884673  ret7=0.11180317658050454  0.3s
242/2142 "G3SG1 | Orange Kimono (Factory New)"  steam_n=17  median=15.635  iqr_risk=9.128875602229925  downside=17.058102759191417  ret7=0.08662263375786106  0.4s
243/2142 "R8 Revolver | Llama Cannon (Field-Tested)"  steam_n=192  median=11.2455  iqr_risk=3.614726332679622  downside=5.745230878944544  ret7=0.009973521624007109  0.4s
244/2142 "★ Bloodhound Gloves | Charred (Field-Tested)"  steam_n=4  median=382.147  iqr_risk=3.7040283944080867  downside=6.883805880435087  ret7=-0.12634460335467135  0.4s
245/2142 "MP9 | Sand Dashed (Factory New)"  steam_n=45  median=1.7  iqr_risk=9.28562585118238  downside=23.152160455614702  ret7=-0.31045241809672386  0.5s
246/2142 "P2000 | Amber Fade (Factory New)"  steam_n=302  median=4.194  iqr_risk=5.5480348860433635  downside=4.993231397439029  ret7=-0.12083860092709653  0.4s
247/2142 "Galil AR | Chromatic Aberration (Factory New)"  steam_n=31  median=41.879  iqr_risk=2.599969482247248  downside=1.9550435354816567  ret7=-0.02198219338808749  0.4s
248/2142 "Five-SeveN | Urban Hazard (Factory New)"  steam_n=257  median=5.405  iqr_risk=7.187862108922369  downside=3.3495075318655942  ret7=-0.054808686659772454  0.6s
249/2142 "MP5-SD | Statics (Factory New)"  steam_n=30  median=2.722  iqr_risk=12.624596759578093  downside=6.843307115154593  ret7=-0.22343324250681196  0.4s
250/2142 "SSG 08 | Azure Glyph (Factory New)"  steam_n=74  median=4.479  iqr_risk=5.523993443064704  downside=5.95064334313879  ret7=-0.0020895194105355896  0.7s
251/2142 "MP7 | Nemesis (Factory New)"  steam_n=34  median=28.421  iqr_risk=7.454460467290374  downside=7.015285655483227  ret7=-0.18159699829981812  0.5s
252/2142 "Five-SeveN | Kami (Factory New)"  steam_n=101  median=6.91  iqr_risk=6.193063216245737  downside=6.234534621711671  ret7=0.031310177590756716  0.4s
253/2142 "P2000 | Pulse (Factory New)"  steam_n=45  median=11.645  iqr_risk=6.368541317323638  downside=14.587695595888686  ret7=0.04979307340448713  0.4s
254/2142 "Sawed-Off | Devourer (Field-Tested)"  steam_n=188  median=5.9045  iqr_risk=10.57386305307464  downside=11.437908496732025  ret7=-0.08170155300472648  0.4s
255/2142 "AWP | Chromatic Aberration (Minimal Wear)"  steam_n=190  median=50.705  iqr_risk=7.989983402731269  downside=9.139174407205736  ret7=-0.04059820617171761  0.4s
256/2142 "Dual Berettas | Urban Shock (Factory New)"  steam_n=38  median=7.372  iqr_risk=5.424925552126993  downside=7.079622168622753  ret7=-0.02736982643524699  0.4s
257/2142 "M4A4 | Royal Paladin (Field-Tested)"  steam_n=40  median=91.6495  iqr_risk=7.7229051759975995  downside=3.6881641254944  ret7=0.01915442525604094  0.5s
258/2142 "M4A4 | Dark Blossom (Factory New)"  steam_n=6  median=115.076  iqr_risk=4.128794279754679  downside=1.7909905112068019  ret7=-0.09576000700430609  0.5s
259/2142 "P250 | Mint Kimono (Factory New)"  steam_n=20  median=25.7435  iqr_risk=5.708247716116062  downside=3.2397425050005646  ret7=0.005144267274107772  0.8s
260/2142 "FAMAS | Eye of Athena (Factory New)"  steam_n=26  median=51.2585  iqr_risk=7.397633372828405  downside=8.086232631141614  ret7=-0.1111166138404649  0.5s
261/2142 "★ Specialist Gloves | Mogul (Field-Tested)"  steam_n=82  median=128.509  iqr_risk=6.597710938049511  downside=3.4798793829379857  ret7=-0.06724868338967316  0.4s
262/2142 "P2000 | Pathfinder (Factory New)"  steam_n=5  median=30.45  iqr_risk=3.26147667429118  downside=3.175035906165216  ret7=-0.032062221055395135  0.4s
263/2142 "MAC-10 | Palm (Factory New)"  steam_n=28  median=5.178  iqr_risk=5.00920664462352  downside=8.406755499237727  ret7=-0.057963163596966516  0.5s
264/2142 "StatTrak™ Five-SeveN | Case Hardened (Battle-Scarred)"  steam_n=6  median=28.796  iqr_risk=4.99404525605398  downside=13.72117362589772  ret7=-0.1670752565564424  0.4s
265/2142 "MAG-7 | Carbon Fiber (Factory New)"  steam_n=116  median=4.21  iqr_risk=6.857869518813716  downside=4.450802734064531  ret7=-0.048157359258421906  0.4s
266/2142 "SSG 08 | Red Stone (Minimal Wear)"  steam_n=27  median=11.011  iqr_risk=9.12365708478513  downside=7.685467479674793  ret7=-0.16349530420579828  0.4s
267/2142 "R8 Revolver | Banana Cannon (Factory New)"  steam_n=223  median=5.348  iqr_risk=3.739197398819196  downside=3.699837426200047  ret7=-0.09883321894303376  0.4s
268/2142 "Five-SeveN | Angry Mob (Field-Tested)"  steam_n=125  median=68.786  iqr_risk=7.401485034904977  downside=8.550425300375329  ret7=0.017957252978276106  0.4s
269/2142 "Negev | Nuclear Waste (Factory New)"  steam_n=13  median=7.922  iqr_risk=6.00159699147414  downside=11.346366844396355  ret7=-0.08682634730538918  0.4s
270/2142 "AUG | Lil' Pig (Minimal Wear)"  steam_n=2  median=107.745  iqr_risk=0.0018562346280526602  downside=0.0014849877024553176  ret7=-0.04489770591781017  0.4s
271/2142 "Glock-18 | Gold Toof (Field-Tested)"  steam_n=118  median=37.957  iqr_risk=13.93425789932021  downside=8.593264619103946  ret7=-0.18258551754775654  0.4s
272/2142 "Desert Eagle | Urban DDPAT (Minimal Wear)"  steam_n=43  median=8.262  iqr_risk=18.86093730047247  downside=26.510024262546295  ret7=-0.2777910021423471  0.8s
273/2142 "AK-47 | Baroque Purple (Factory New)"  steam_n=7  median=115.089  iqr_risk=2.933744297693772  downside=5.289174580190772  ret7=0.021970104685682612  0.4s
274/2142 "Sawed-Off | Bamboo Shadow (Factory New)"  steam_n=26  median=16.097  iqr_risk=0.7532005146674426  downside=3.9481337430305485  ret7=0.3813610229125548  0.4s
275/2142 "P250 | Boreal Forest (Factory New)"  steam_n=73  median=4.293  iqr_risk=2.4455002794857563  downside=7.2386808272778085  ret7=-0.09169590643274861  0.4s
276/2142 "Galil AR | Crimson Tsunami (Factory New)"  steam_n=98  median=11.183  iqr_risk=5.586343306188624  downside=8.399116163866074  ret7=-0.04694495373726171  0.4s
277/2142 "Galil AR | Firefight (Factory New)"  steam_n=36  median=17.33  iqr_risk=7.407880984678332  downside=5.275856701283095  ret7=-0.13541158090030259  0.4s
278/2142 "M249 | Jungle (Field-Tested)"  steam_n=34  median=5.994  iqr_risk=11.28622946440497  downside=10.867169760918927  ret7=-0.027333502581027402  0.4s
279/2142 "XM1014 | Watchdog (Factory New)"  steam_n=19  median=11.508  iqr_risk=10.137000709984497  downside=13.931473349286067  ret7=-0.023541534559289645  0.4s
280/2142 "XM1014 | Scumbria (Factory New)"  steam_n=13  median=3.342  iqr_risk=3.6494285390969785  downside=5.6863188864999445  ret7=-0.07208271787296894  0.4s
281/2142 "UMP-45 | Momentum (Minimal Wear)"  steam_n=162  median=6.2915  iqr_risk=15.897595517858539  downside=9.217959691852771  ret7=0.1302136317395728  0.4s
282/2142 "P2000 | Space Race (Factory New)"  steam_n=4  median=55.0185  iqr_risk=0.25262646284867374  downside=0.015415110798384967  ret7=-0.013291241412710098  0.3s
283/2142 "Glock-18 | Royal Legion (Factory New)"  steam_n=16  median=82.685  iqr_risk=4.703758423295591  downside=8.3221185258867  ret7=-0.11264098904283071  0.4s
284/2142 "AUG | Syd Mead (Minimal Wear)"  steam_n=65  median=14.152  iqr_risk=5.626179539223012  downside=9.088772567033432  ret7=-0.014201903126564996  0.4s
285/2142 "M4A1-S | Moss Quartz (Factory New)"  steam_n=8  median=166.961  iqr_risk=9.985848510293298  downside=7.02634131511133  ret7=-0.14495107914437932  0.5s
286/2142 "M4A4 | Temukau (Minimal Wear)"  steam_n=312  median=74.458  iqr_risk=5.375183207705195  downside=3.32260259631491  ret7=0.03986847513358005  0.4s
287/2142 "P250 | Asiimov (Minimal Wear)"  steam_n=11  median=60.282  iqr_risk=8.275147612098165  downside=7.318681465811562  ret7=-0.2762086556978276  0.6s
288/2142 "MAC-10 | Echoing Sands (Factory New)"  steam_n=72  median=3.813  iqr_risk=4.248066748066743  downside=0.5952380952380975  ret7=-0.08802816901408439  0.6s
289/2142 "StatTrak™ P250 | Visions (Field-Tested)"  steam_n=170  median=5.207  iqr_risk=7.421889829543297  downside=6.446224516912795  ret7=-0.10569598337950137  0.4s
290/2142 "P2000 | Dispatch (Factory New)"  steam_n=5  median=56.301  iqr_risk=4.587493560336584  downside=3.356685509618325  ret7=-0.06357424258271449  0.3s
291/2142 "Dual Berettas | Hydro Strike (Factory New)"  steam_n=45  median=8.09  iqr_risk=9.847281873115016  downside=9.768418360278366  ret7=-0.15575396825396826  0.3s
292/2142 "M4A1-S | Cyrex (Field-Tested)"  steam_n=62  median=203.467  iqr_risk=2.3569325361178444  downside=2.5384255027082836  ret7=0.00186890215487856  0.8s
293/2142 "SG 553 | Fallout Warning (Factory New)"  steam_n=10  median=8.6945  iqr_risk=12.187780050093068  downside=8.048208828327857  ret7=-0.17550175501755028  0.4s
294/2142 "P90 | Nostalgia (Field-Tested)"  steam_n=186  median=4.8815  iqr_risk=5.290172181096872  downside=6.063146701566398  ret7=-0.03612956810631218  0.4s
295/2142 "Nova | Yorkshire (Factory New)"  steam_n=127  median=4.351  iqr_risk=17.580981078566047  downside=7.191917401515492  ret7=0.13886847905951516  0.4s
296/2142 "Five-SeveN | Berries And Cherries (Factory New)"  steam_n=14  median=174.501  iqr_risk=9.48454996887162  downside=2.2398753331175967  ret7=-0.20616190006221968  0.5s
297/2142 "PP-Bizon | High Roller (Factory New)"  steam_n=14  median=38.66  iqr_risk=9.372108698827967  downside=7.012935088766952  ret7=-0.1934214791054284  0.5s
298/2142 "MP5-SD | Agent (Factory New)"  steam_n=15  median=9.739  iqr_risk=7.502662234986607  downside=9.181752664924115  ret7=0.03140666470067832  0.4s
299/2142 "CZ75-Auto | Slalom (Factory New)"  steam_n=19  median=24.81  iqr_risk=12.453970279599329  downside=4.065221903612409  ret7=-0.1301391580059892  0.9s
300/2142 "AWP | Duality (Minimal Wear)"  steam_n=1242  median=6.9005  iqr_risk=4.959979194960559  downside=3.807033259167228  ret7=0.028558679161088785  0.4s
301/2142 "AK-47 | Black Laminate (Minimal Wear)"  steam_n=21  median=93.225  iqr_risk=31.107100284873425  downside=10.854245056565794  ret7=0.5327653176293696  0.6s
302/2142 "M4A4 | Jungle Tiger (Minimal Wear)"  steam_n=6  median=42.38  iqr_risk=1.6983262049212042  downside=1.179992595234149  ret7=0.11931787903010926  0.5s
303/2142 "M4A4 | Choppa (Factory New)"  steam_n=572  median=2.1975  iqr_risk=7.124727256534717  downside=4.475219308010858  ret7=-0.09703053115851112  0.4s
304/2142 "Glock-18 | Gamma Doppler (Field-Tested)"  steam_n=60  median=98.4065  iqr_risk=6.769821160611053  downside=7.6197387518142214  ret7=-0.13334647739221872  0.4s
305/2142 "AK-47 | Asiimov (Field-Tested)"  steam_n=535  median=50.73  iqr_risk=4.69256522311801  downside=4.330842558244222  ret7=0.010820125433306016  0.6s
306/2142 "AK-47 | Emerald Pinstripe (Minimal Wear)"  steam_n=281  median=5.236  iqr_risk=10.791825146954448  downside=6.842708693515795  ret7=-0.052015604681404426  0.5s
307/2142 "Desert Eagle | Sputnik (Factory New)"  steam_n=504  median=21.04  iqr_risk=52.38313063243623  downside=35.28834772438965  ret7=0.8307219662058374  0.5s
308/2142 "R8 Revolver | Reboot (Factory New)"  steam_n=22  median=15.116  iqr_risk=3.2914371915496905  downside=1.457153446515771  ret7=-0.04231469357774731  0.4s
309/2142 "M4A1-S | Hyper Beast (Field-Tested)"  steam_n=92  median=135.226  iqr_risk=5.657073616745525  downside=5.159223323953331  ret7=0.00360870690398829  0.6s
310/2142 "★ Driver Gloves | Imperial Plaid (Field-Tested)"  steam_n=52  median=226.008  iqr_risk=12.422705184583364  downside=6.769918874452087  ret7=0.15952132722904677  0.4s
311/2142 "P90 | Shapewood (Field-Tested)"  steam_n=72  median=9.9975  iqr_risk=4.649043756883946  downside=7.984379693601679  ret7=-0.007135777998017789  0.5s
312/2142 "MP7 | Fade (Factory New)"  steam_n=311  median=40.248  iqr_risk=9.658283020853474  downside=4.762452491721991  ret7=-0.04292890517033365  0.8s
313/2142 "MP7 | Prey (Factory New)"  steam_n=136  median=1.3305  iqr_risk=7.1953230400239905  downside=3.560185879178541  ret7=-0.07547169811320764  0.4s
314/2142 "UMP-45 | K.O. Factory (Minimal Wear)"  steam_n=621  median=7.903  iqr_risk=1.6901479510109285  downside=4.742504698359036  ret7=0.003281999495077015  0.3s
315/2142 "★ Driver Gloves | Racing Green (Field-Tested)"  steam_n=305  median=41.959  iqr_risk=4.839812844792294  downside=4.108042609286298  ret7=0.02677856236213283  0.4s
316/2142 "P2000 | Silver (Factory New)"  steam_n=9  median=231.208  iqr_risk=19.144204639153717  downside=10.684992713750592  ret7=-0.13629017333909066  0.4s
317/2142 "M4A4 | The Coalition (Well-Worn)"  steam_n=6  median=329.1045  iqr_risk=18.581071969965414  downside=16.95293424793452  ret7=0.010074700638694756  0.4s
318/2142 "★ Sport Gloves | Bronze Morph (Field-Tested)"  steam_n=72  median=129.578  iqr_risk=6.659674479975284  downside=6.854183006686278  ret7=-0.037079887717168636  0.4s
319/2142 "MAC-10 | Neon Rider (Field-Tested)"  steam_n=81  median=140.805  iqr_risk=10.193114054403882  downside=6.872351001114486  ret7=0.07036646494284482  0.4s
320/2142 "UMP-45 | Wild Child (Battle-Scarred)"  steam_n=938  median=3.435  iqr_risk=9.200406327093315  downside=6.2980699463067795  ret7=0.002865329512893977  0.4s
321/2142 "SSG 08 | Detour (Factory New)"  steam_n=24  median=66.291  iqr_risk=9.108421308093671  downside=5.194909598349706  ret7=-0.09225060530953177  0.4s
322/2142 "FAMAS | Neural Net (Factory New)"  steam_n=88  median=15.2905  iqr_risk=17.69704225168839  downside=13.59288995302476  ret7=-0.11013497789155224  0.4s
323/2142 "P250 | Supernova (Factory New)"  steam_n=138  median=4.467  iqr_risk=5.519466268709126  downside=4.334372119562826  ret7=-0.005398671096345509  0.5s
324/2142 "Five-SeveN | Withered Vine (Factory New)"  steam_n=121  median=7.198  iqr_risk=4.676165270216533  downside=5.622368799967091  ret7=-0.18239060832443965  0.3s
325/2142 "Sawed-Off | Jungle Thicket (Factory New)"  steam_n=6  median=8.095  iqr_risk=8.044393132471797  downside=8.609238637915412  ret7=-0.14888186679630522  0.4s
326/2142 "M4A1-S | Bright Water (Minimal Wear)"  steam_n=30  median=78.5495  iqr_risk=19.618646554759938  downside=8.909007316977737  ret7=-0.14561586638830903  0.4s
327/2142 "SSG 08 | Abyss (Factory New)"  steam_n=83  median=6.13  iqr_risk=4.94360846022676  downside=11.607383253058902  ret7=-0.08342038501716154  0.5s
328/2142 "MAC-10 | Rangeen (Factory New)"  steam_n=110  median=1.841  iqr_risk=5.227619255064249  downside=5.881071661947281  ret7=-0.018656716417910446  0.4s
329/2142 "Tec-9 | Titanium Bit (Factory New)"  steam_n=28  median=30.358  iqr_risk=6.417910447761191  downside=13.207781318128456  ret7=0.04464256341086292  0.5s
330/2142 "Desert Eagle | Serpent Strike (Factory New)"  steam_n=1370  median=2.891  iqr_risk=2.4502191393173804  downside=1.8635469510301212  ret7=0.013795542978422448  0.5s
331/2142 "AK-47 | The Empress (Field-Tested)"  steam_n=113  median=120.402  iqr_risk=5.695519447570971  downside=3.1708804585504713  ret7=-0.029561890311781025  0.4s
332/2142 "Dual Berettas | Twin Turbo (Minimal Wear)"  steam_n=99  median=8.531  iqr_risk=10.306334953086868  downside=11.207649416664804  ret7=0.0852451098768412  0.4s
333/2142 "Galil AR | Eco (Minimal Wear)"  steam_n=8  median=160.144  iqr_risk=3.41355993294837  downside=3.66346056519882  ret7=0.01081524530003386  0.5s
334/2142 "CZ75-Auto | Pole Position (Factory New)"  steam_n=29  median=6.751  iqr_risk=6.3352056427863515  downside=6.119722457657557  ret7=-0.23994004381413592  0.4s
335/2142 "XM1014 | Tranquility (Factory New)"  steam_n=15  median=56.402  iqr_risk=11.340229659574169  downside=12.065184645456908  ret7=-0.18215061041544567  0.6s
336/2142 "M4A4 | Faded Zebra (Minimal Wear)"  steam_n=16  median=32.018  iqr_risk=11.130595963909624  downside=5.480493441277398  ret7=-0.09004186006777337  0.4s
337/2142 "MP7 | Abyssal Apparition (Minimal Wear)"  steam_n=855  median=8.664  iqr_risk=3.3476257079311194  downside=2.2630866943342585  ret7=0.001908396946564972  0.5s
338/2142 "Desert Eagle | Light Rail (Factory New)"  steam_n=195  median=21.751  iqr_risk=31.796911235918934  downside=19.284799110935587  ret7=0.27654597729155506  0.4s
339/2142 "CZ75-Auto | Indigo (Factory New)"  steam_n=1  median=17.008  iqr_risk=0.0  downside=0.0  ret7=-0.06441498432256998  0.3s
340/2142 "USP-S | Lead Conduit (Factory New)"  steam_n=56  median=22.685  iqr_risk=5.688455819881049  downside=6.44957165109034  ret7=-0.11037223878315372  1.0s
341/2142 "★ Sport Gloves | Red Racer (Battle-Scarred)"  steam_n=12  median=160.76  iqr_risk=6.496345264735654  downside=3.4848137262964625  ret7=-0.04083758122096148  0.3s
342/2142 "StatTrak™ FAMAS | Rapid Eye Movement (Field-Tested)"  steam_n=335  median=6.866  iqr_risk=5.509562408053764  downside=6.043211122969966  ret7=0.06046918257321865  0.4s
343/2142 "PP-Bizon | High Roller (Field-Tested)"  steam_n=170  median=11.327  iqr_risk=5.378581294046817  downside=8.667705492793136  ret7=0.002107851747760403  0.5s
344/2142 "StatTrak™ P250 | Visions (Minimal Wear)"  steam_n=65  median=8.876  iqr_risk=5.935726503471957  downside=10.913127697413872  ret7=-0.12126777562050695  0.4s
345/2142 "Five-SeveN | Capillary (Factory New)"  steam_n=137  median=2.556  iqr_risk=3.1341744029199465  downside=5.93509481869396  ret7=0.006671899529042458  0.4s
346/2142 "Dual Berettas | Twin Turbo (Factory New)"  steam_n=24  median=36.7635  iqr_risk=10.672965806076244  downside=8.52689691415456  ret7=-0.11609827649431614  0.4s
347/2142 "FAMAS | Djinn (Field-Tested)"  steam_n=154  median=13.016  iqr_risk=6.8184097062067615  downside=7.188640097494006  ret7=-0.02261343547436656  0.4s
348/2142 "P250 | Mehndi (Battle-Scarred)"  steam_n=12  median=19.9275  iqr_risk=8.737480907422796  downside=8.2659326916177  ret7=-0.10217188802274846  0.4s
349/2142 "M4A4 | Evil Daimyo (Factory New)"  steam_n=186  median=13.459  iqr_risk=7.97393025017838  downside=6.373994983191486  ret7=0.027457927369353374  0.4s
350/2142 "★ Broken Fang Gloves | Yellow-banded (Minimal Wear)"  steam_n=17  median=130.88  iqr_risk=6.860874951773277  downside=12.348037806671961  ret7=0.07706867464922018  0.4s
351/2142 "AUG | Eye of Zapems (Factory New)"  steam_n=85  median=14.972  iqr_risk=9.23088856998797  downside=4.06210810740927  ret7=0.04201991552856299  0.3s
352/2142 "M4A1-S | Leaded Glass (Field-Tested)"  steam_n=679  median=11.176  iqr_risk=2.2681429019678165  downside=2.4205477609933173  ret7=0.014674302075876833  0.4s
353/2142 "Desert Eagle | Ocean Drive (Field-Tested)"  steam_n=31  median=81.952  iqr_risk=6.699829647355029  downside=6.319533603433033  ret7=-0.06344687279928252  0.4s
354/2142 "StatTrak™ MP7 | Bloodsport (Field-Tested)"  steam_n=429  median=26.602  iqr_risk=13.053609566163853  downside=8.136625286599665  ret7=0.07540154099743157  0.4s
355/2142 "M4A4 | The Coalition (Field-Tested)"  steam_n=1  median=631.389  iqr_risk=0.0  downside=0.0  ret7=-0.16635991064025313  0.4s
356/2142 "AK-47 | Jungle Spray (Field-Tested)"  steam_n=45  median=23.583  iqr_risk=5.927299766668662  downside=10.059743079118979  ret7=-0.08474576271186451  0.5s
357/2142 "M4A1-S | Vaporwave (Battle-Scarred)"  steam_n=74  median=51.7785  iqr_risk=5.0655789191761835  downside=4.595823065050969  ret7=0.05954878290124688  0.4s
358/2142 "Zeus x27 | Charged Up (Minimal Wear)"  steam_n=237  median=11.762  iqr_risk=2.964979829785105  downside=2.03623121831439  ret7=0.06601301665117076  0.4s
359/2142 "USP-S | Jawbreaker (Well-Worn)"  steam_n=1716  median=3.91  iqr_risk=4.493005207801495  downside=5.156744613499438  ret7=-0.04268139593271403  0.4s
360/2142 "StatTrak™ AWP | Worm God (Field-Tested)"  steam_n=280  median=5.854  iqr_risk=5.0108226952772075  downside=4.618819559252124  ret7=0.01249358206400819  0.5s
361/2142 "AK-47 | Nightwish (Field-Tested)"  steam_n=694  median=79.265  iqr_risk=3.4880037158251915  downside=5.203922316029424  ret7=0.002506359419422566  0.4s
362/2142 "MP7 | Cirrus (Factory New)"  steam_n=213  median=26.986  iqr_risk=18.08779728495951  downside=16.220645682726417  ret7=0.1464583095699783  0.4s
363/2142 "★ Specialist Gloves | Fade (Field-Tested)"  steam_n=46  median=258.128  iqr_risk=14.425213930663563  downside=5.829349515388164  ret7=-0.005924817295248852  0.5s
364/2142 "Five-SeveN | Hot Shot (Factory New)"  steam_n=0  median=None  iqr_risk=None  downside=None  ret7=None  0.4s
365/2142 "M4A4 | Magnesium (Factory New)"  steam_n=192  median=7.302  iqr_risk=11.019177810305901  downside=3.8330811025380114  ret7=0.20295412583439854  0.6s
366/2142 "MP9 | Hydra (Minimal Wear)"  steam_n=102  median=15.268  iqr_risk=13.808340237503444  downside=7.4475122508879155  ret7=0.013846358673945014  0.4s
367/2142 "AK-47 | Blue Laminate (Factory New)"  steam_n=82  median=74.6365  iqr_risk=6.23554252858303  downside=4.98217869307011  ret7=-0.08851512931058969  0.5s
368/2142 "AUG | Plague (Factory New)"  steam_n=21  median=9.065  iqr_risk=11.69727727704262  downside=40.799821845075535  ret7=0.017918177110305633  0.4s
369/2142 "MP7 | Abyssal Apparition (Field-Tested)"  steam_n=1984  median=7.346  iqr_risk=3.237830925366643  downside=2.965744292982885  ret7=0.004107592420829587  0.5s
370/2142 "★ Specialist Gloves | Tiger Strike (Battle-Scarred)"  steam_n=13  median=135.7  iqr_risk=3.1022791667066736  downside=8.440208906991463  ret7=-0.010348641432606942  0.4s
371/2142 "FAMAS | Afterimage (Factory New)"  steam_n=2  median=91.9595  iqr_risk=0.9967431314872335  downside=0.7973075103714252  ret7=-0.09205776173285196  0.5s
372/2142 "AK-47 | Nouveau Rouge (Battle-Scarred)"  steam_n=1061  median=8.454  iqr_risk=2.103198515945327  downside=2.363144399938571  ret7=-0.05498395840247816  0.4s
373/2142 "PP-Bizon | Osiris (Factory New)"  steam_n=110  median=4.092  iqr_risk=4.195121951219527  downside=7.609756097560973  ret7=0.03173828125  0.4s
374/2142 "Five-SeveN | Case Hardened (Minimal Wear)"  steam_n=33  median=19.47  iqr_risk=28.818144850079257  downside=8.456642074076534  ret7=-0.049220195611948014  0.4s
375/2142 "MP7 | Forest DDPAT (Factory New)"  steam_n=61  median=2.81  iqr_risk=16.625190100926304  downside=6.670814323240704  ret7=-0.12621664050235482  0.4s
376/2142 "FAMAS | Eye of Athena (Field-Tested)"  steam_n=201  median=6.051  iqr_risk=4.50502293615692  downside=6.773976093783396  ret7=-0.08321474046887867  0.4s
377/2142 "StatTrak™ Galil AR | Chromatic Aberration (Field-Tested)"  steam_n=110  median=8.699  iqr_risk=4.099522866402594  downside=6.514449045732795  ret7=-0.019477569562748487  0.5s
378/2142 "Desert Eagle | Mulberry (Minimal Wear)"  steam_n=845  median=11.412  iqr_risk=5.0993987800061396  downside=4.406020976872784  ret7=0.025588627276765807  0.3s
379/2142 "P90 | Nostalgia (Factory New)"  steam_n=23  median=17.624  iqr_risk=7.7022505231822915  downside=7.231666237675823  ret7=-0.014397168824901496  0.4s
380/2142 "AWP | Mortis (Minimal Wear)"  steam_n=672  median=6.553  iqr_risk=5.799677628308462  downside=4.177274302155677  ret7=-0.010451935816281455  0.4s
381/2142 "Five-SeveN | Fowl Play (Field-Tested)"  steam_n=74  median=21.915  iqr_risk=4.672156662987789  downside=8.201979039910956  ret7=-0.01734809125818837  0.4s
382/2142 "M4A4 | In Living Color (Field-Tested)"  steam_n=188  median=41.312  iqr_risk=5.136409970381194  downside=3.914874793245373  ret7=0.02175213036328305  0.5s
383/2142 "MAC-10 | Last Dive (Factory New)"  steam_n=26  median=6.02  iqr_risk=17.963777095038445  downside=15.327686588698583  ret7=-0.2211567732115678  0.4s
384/2142 "Dual Berettas | Melondrama (Minimal Wear)"  steam_n=889  median=8.725  iqr_risk=4.284431716159247  downside=2.8979577920970874  ret7=0.018719324278050564  0.4s
385/2142 "MP9 | Starlight Protector (Field-Tested)"  steam_n=1010  median=78.702  iqr_risk=3.6679663430943763  downside=3.0692229214436573  ret7=-0.020221939150458224  0.4s
386/2142 "UMP-45 | Plastique (Factory New)"  steam_n=30  median=4.7595  iqr_risk=6.055451955982716  downside=4.9078874567101884  ret7=-0.12594458438287148  0.4s
387/2142 "MP9 | Bulldozer (Minimal Wear)"  steam_n=0  median=None  iqr_risk=None  downside=None  ret7=None  0.4s
388/2142 "MAG-7 | Heat (Factory New)"  steam_n=24  median=11.931  iqr_risk=5.060131421250565  downside=3.611191470016941  ret7=-0.04917351939529868  0.6s
389/2142 "Desert Eagle | Night (Minimal Wear)"  steam_n=72  median=22.657  iqr_risk=15.232733394628678  downside=6.906222317383946  ret7=-0.12304778104221437  0.4s
390/2142 "Galil AR | Control (Factory New)"  steam_n=284  median=4.915  iqr_risk=5.116269737766094  downside=5.738247627455318  ret7=-0.0573027204321821  0.4s
391/2142 "MP9 | Rose Iron (Factory New)"  steam_n=48  median=18.165  iqr_risk=7.296772818539759  downside=14.532972888086231  ret7=-0.002774665172616153  0.6s
392/2142 "StatTrak™ M4A1-S | Emphorosaur-S (Factory New)"  steam_n=171  median=7.52  iqr_risk=5.288193244931037  downside=6.191703648587591  ret7=0.004247975574140472  0.4s
393/2142 "P250 | Cartel (Field-Tested)"  steam_n=107  median=10.177  iqr_risk=3.40641705965168  downside=4.034536737125012  ret7=-0.013104053000779325  0.5s
394/2142 "AK-47 | Baroque Purple (Minimal Wear)"  steam_n=52  median=13.6955  iqr_risk=9.45959192818833  downside=4.8649329916397015  ret7=-0.03529001916042496  0.4s
395/2142 "R8 Revolver | Fade (Minimal Wear)"  steam_n=50  median=97.125  iqr_risk=9.158203923855407  downside=6.925626424980965  ret7=-0.06998015359392529  0.4s
396/2142 "MAG-7 | Sonar (Factory New)"  steam_n=149  median=7.434  iqr_risk=12.73893846625849  downside=9.457494630970968  ret7=0.09514537902388387  0.6s
397/2142 "★ Survival Knife | Rust Coat (Battle-Scarred)"  steam_n=148  median=53.413  iqr_risk=8.252859971658358  downside=7.612451551751641  ret7=-0.028251990438367125  0.4s
398/2142 "Galil AR | Amber Fade (Factory New)"  steam_n=42  median=25.351  iqr_risk=10.133017619611392  downside=5.083919493000906  ret7=-0.08655479312453285  0.4s
399/2142 "Desert Eagle | Starcade (Factory New)"  steam_n=4  median=297.826  iqr_risk=5.207050497615623  downside=2.1555216283663756  ret7=-0.027181307504748675  0.3s
400/2142 "Nova | Moon in Libra (Factory New)"  steam_n=18  median=8.0325  iqr_risk=6.653817351486058  downside=5.945468161115694  ret7=-0.07372525494901028  0.4s
401/2142 "AK-47 | Legion of Anubis (Field-Tested)"  steam_n=594  median=43.114  iqr_risk=2.5226055271845076  downside=2.405237352248039  ret7=-0.0070437172351677235  0.6s
402/2142 "M4A1-S | Glitched Paint (Minimal Wear)"  steam_n=963  median=4.913  iqr_risk=4.480796586059751  downside=4.104856736435683  ret7=0.0  0.4s
403/2142 "Sawed-Off | Wasteland Princess (Factory New)"  steam_n=12  median=82.8205  iqr_risk=8.105168202276394  downside=5.4184601414334255  ret7=-0.2984796190658805  0.4s
404/2142 "AK-47 | Ice Coaled (Factory New)"  steam_n=413  median=20.79  iqr_risk=3.9915417329943685  downside=3.0411746537099984  ret7=-0.0033911442689662508  0.4s
405/2142 "Five-SeveN | Boost Protocol (Factory New)"  steam_n=125  median=22.911  iqr_risk=10.564489354638242  downside=7.88718725791486  ret7=-0.009452389257063154  0.4s
406/2142 "M4A1-S | Moss Quartz (Field-Tested)"  steam_n=17  median=32.631  iqr_risk=16.703127860253097  downside=11.881247542995698  ret7=-0.12485664272348651  0.4s
407/2142 "P250 | Vino Primo (Minimal Wear)"  steam_n=174  median=4.4305  iqr_risk=13.37509044862518  downside=10.304359623733724  ret7=-0.1514255543822599  0.4s
408/2142 "AK-47 | Searing Rage (Well-Worn)"  steam_n=1845  median=5.021  iqr_risk=2.6825515799439845  downside=1.597696161584274  ret7=-0.024214020699082295  0.3s
409/2142 "AWP | Mortis (Field-Tested)"  steam_n=2009  median=4.212  iqr_risk=3.397989522865641  downside=2.6428807400066097  ret7=-0.036531791907514544  0.5s
410/2142 "M4A4 | Hellish (Battle-Scarred)"  steam_n=253  median=16.776  iqr_risk=3.2730004292459767  downside=4.220918586349969  ret7=-0.047646582629813916  0.3s
411/2142 "Glock-18 | Shinobu (Battle-Scarred)"  steam_n=1209  median=4.825  iqr_risk=3.8258711612035907  downside=2.895253851721654  ret7=0.0031185031185032575  0.4s
412/2142 "USP-S | Cortex (Minimal Wear)"  steam_n=607  median=8.632  iqr_risk=6.37023238699737  downside=4.196994262191408  ret7=0.046283143939394034  0.4s
413/2142 "P250 | Muertos (Factory New)"  steam_n=33  median=28.975  iqr_risk=8.692139416575653  downside=6.253958364001747  ret7=-0.18711904032953885  0.4s
414/2142 "USP-S | Para Green (Factory New)"  steam_n=2  median=88.0  iqr_risk=2.6159090909090823  downside=2.0927272727272723  ret7=-0.06840807568114049  0.4s
415/2142 "Glock-18 | Dragon Tattoo (Factory New)"  steam_n=17  median=156.65  iqr_risk=7.284222803095792  downside=8.298335984776799  ret7=0.23555209388981568  0.5s
416/2142 "★ Driver Gloves | Overtake (Field-Tested)"  steam_n=152  median=68.057  iqr_risk=10.489099246009866  downside=6.955800382961072  ret7=-0.0053802487068135285  0.4s
417/2142 "P250 | Mint Kimono (Field-Tested)"  steam_n=56  median=13.5145  iqr_risk=8.145117458783748  downside=10.949483664472492  ret7=-0.042856125863173666  0.4s
418/2142 "Galil AR | Sky Mandala (Factory New)"  steam_n=756  median=2.417  iqr_risk=3.7068719703450137  downside=2.158947411299847  ret7=-0.03712671509281684  0.3s
419/2142 "StatTrak™ AWP | Asiimov (Battle-Scarred)"  steam_n=9  median=191.95  iqr_risk=23.20071789899983  downside=18.05980582359498  ret7=-0.19514040091181373  0.5s
420/2142 "Dual Berettas | Demolition (Field-Tested)"  steam_n=5  median=28.15  iqr_risk=8.289832827737994  downside=8.278972784732225  ret7=0.09722326878155374  0.4s
421/2142 "AWP | Chrome Cannon (Field-Tested)"  steam_n=739  median=35.091  iqr_risk=2.397018805200098  downside=1.605563688775496  ret7=-0.05049515725323761  0.4s
422/2142 "UMP-45 | Late Night Transit (Factory New)"  steam_n=206  median=8.715  iqr_risk=2.2941805938595654  downside=8.225816274153274  ret7=0.19420094403236687  0.3s
423/2142 "MP5-SD | Phosphor (Minimal Wear)"  steam_n=136  median=8.222  iqr_risk=10.478206485134216  downside=9.832339074376986  ret7=-0.029179030662710104  0.4s
424/2142 "M4A4 | Tooth Fairy (Minimal Wear)"  steam_n=922  median=7.45  iqr_risk=6.676327089509582  downside=5.370840589728931  ret7=-0.00027292576419224446  0.5s
425/2142 "FAMAS | Rapid Eye Movement (Minimal Wear)"  steam_n=941  median=8.712  iqr_risk=3.78196730648745  downside=2.984564561143709  ret7=0.0027173913043476716  0.5s
426/2142 "★ Survival Knife | Blue Steel (Field-Tested)"  steam_n=28  median=81.3325  iqr_risk=5.857280520342413  downside=3.933424187546608  ret7=-0.06707576332149712  0.4s
427/2142 "P250 | Inferno (Factory New)"  steam_n=84  median=25.748  iqr_risk=10.267737617135207  downside=10.483457640084145  ret7=-0.15884587111002213  0.4s
428/2142 "★ Survival Knife | Crimson Web (Minimal Wear)"  steam_n=4  median=135.206  iqr_risk=17.055134500029084  downside=13.314764809466356  ret7=-0.043256745377479144  0.4s
429/2142 "SG 553 | Cyrex (Factory New)"  steam_n=5  median=46.704  iqr_risk=2.7204241071428674  downside=8.48606654575893  ret7=0.049884501745903975  0.4s
430/2142 "P90 | Wave Breaker (Factory New)"  steam_n=153  median=5.235  iqr_risk=5.0222310226270395  downside=4.428203697370088  ret7=-0.01664753157290466  0.4s
431/2142 "MP7 | Scorched (Field-Tested)"  steam_n=17  median=10.479  iqr_risk=13.477873017104299  downside=15.203816468215486  ret7=-0.09698013781921366  0.4s
432/2142 "SG 553 | Darkwing (Factory New)"  steam_n=50  median=6.435  iqr_risk=4.093005091848536  downside=5.165447526923707  ret7=-0.05941346299954409  0.5s
433/2142 "AK-47 | Jungle Spray (Minimal Wear)"  steam_n=14  median=65.3225  iqr_risk=8.14306759581253  downside=6.556437184092169  ret7=-0.07315178519083065  0.5s
434/2142 "AWP | Exoskeleton (Minimal Wear)"  steam_n=162  median=15.687  iqr_risk=5.010116702268279  downside=4.316042020333633  ret7=-0.02471309733438587  0.4s
435/2142 "★ Hand Wraps | Overprint (Field-Tested)"  steam_n=66  median=130.7455  iqr_risk=6.397051776601101  downside=4.808009080671822  ret7=-0.010543414963067432  0.4s
436/2142 "SSG 08 | Dragonfire (Field-Tested)"  steam_n=32  median=367.2205  iqr_risk=9.025019392404426  downside=16.14625063636867  ret7=-0.06606620383113637  0.5s
437/2142 "AUG | Momentum (Field-Tested)"  steam_n=274  median=6.631  iqr_risk=4.733212123033469  downside=5.244098510916443  ret7=-0.004098360655737654  0.4s
438/2142 "Tec-9 | Urban DDPAT (Factory New)"  steam_n=76  median=3.261  iqr_risk=11.182963876439977  downside=8.602279904953832  ret7=-0.08739255014326652  0.9s
439/2142 "M4A1-S | Control Panel (Field-Tested)"  steam_n=175  median=33.298  iqr_risk=9.622790219577015  downside=9.580834734346867  ret7=0.1805214434158322  0.4s
440/2142 "MP9 | Ruby Poison Dart (Factory New)"  steam_n=108  median=6.409  iqr_risk=6.74540362839401  downside=5.648057956897604  ret7=-0.08147590361445778  0.4s
441/2142 "MP5-SD | Kitbash (Factory New)"  steam_n=324  median=3.071  iqr_risk=1.915953506194918  downside=4.764337718738025  ret7=-0.02334505916213625  0.4s
442/2142 "MAC-10 | Disco Tech (Field-Tested)"  steam_n=594  median=6.468  iqr_risk=5.207445407064138  downside=4.7734916231421325  ret7=0.032702237521514466  0.4s
443/2142 "Zeus x27 | Charged Up (Field-Tested)"  steam_n=417  median=4.013  iqr_risk=2.356406480117822  downside=1.7182130584192399  ret7=0.016720738707262317  0.3s
444/2142 "AK-47 | Safety Net (Minimal Wear)"  steam_n=612  median=6.207  iqr_risk=4.7750407330332845  downside=4.131378147735888  ret7=-0.0691591547214423  0.4s
445/2142 "MAC-10 | Malachite (Factory New)"  steam_n=36  median=10.4915  iqr_risk=6.173469861398647  downside=3.318820263834606  ret7=-0.003547712180478446  0.4s
446/2142 "AK-47 | Head Shot (Battle-Scarred)"  steam_n=414  median=32.729  iqr_risk=7.311675938162711  downside=7.3116759381627014  ret7=0.01929899681918279  0.4s
447/2142 "P250 | Franklin (Factory New)"  steam_n=235  median=8.249  iqr_risk=6.364819904527706  downside=6.3527653213751885  ret7=-0.11129973474801069  0.6s
448/2142 "Glock-18 | Moonrise (Factory New)"  steam_n=325  median=4.332  iqr_risk=4.115825139792554  downside=4.793481198162429  ret7=-0.07716324710080291  0.5s
449/2142 "FAMAS | Sundown (Factory New)"  steam_n=1  median=144.998  iqr_risk=0.0  downside=0.0  ret7=None  0.4s
450/2142 "★ Hydra Gloves | Case Hardened (Well-Worn)"  steam_n=14  median=80.8835  iqr_risk=11.838203506037233  downside=10.668631378972297  ret7=-0.024496436137217525  0.4s
451/2142 "CZ75-Auto | Slalom (Field-Tested)"  steam_n=21  median=9.598  iqr_risk=12.454499280453733  downside=8.41234233471599  ret7=-0.15231105961117564  0.3s
452/2142 "★ Sport Gloves | Big Game (Battle-Scarred)"  steam_n=24  median=148.0295  iqr_risk=4.115855104554713  downside=3.9995853315789094  ret7=0.029967965630287585  0.5s
453/2142 "MAG-7 | Copper Coated (Factory New)"  steam_n=23  median=9.8  iqr_risk=2.888100637708128  downside=1.230834835533336  ret7=-0.055563743551952816  0.4s
454/2142 "AK-47 | Safety Net (Field-Tested)"  steam_n=1847  median=3.55  iqr_risk=3.3860360990625433  downside=2.518539247236599  ret7=0.0031581969566465418  0.5s
455/2142 "SCAR-20 | Bloodsport (Minimal Wear)"  steam_n=74  median=13.375  iqr_risk=5.605437039833856  downside=8.383613366056263  ret7=-0.041062100986651195  0.4s
456/2142 "M4A4 | Cyber Security (Factory New)"  steam_n=7  median=239.0  iqr_risk=3.950218139990306  downside=13.235551407162284  ret7=-0.1493532141799151  0.4s
457/2142 "Galil AR | Chatterbox (Field-Tested)"  steam_n=3  median=268.637  iqr_risk=4.486885676961788  downside=6.615112832370909  ret7=0.029333311104813076  0.4s
458/2142 "AWP | Ice Coaled (Field-Tested)"  steam_n=899  median=9.55  iqr_risk=5.057968902857864  downside=3.0493516225048505  ret7=0.0387137059007181  0.3s
459/2142 "MP5-SD | Phosphor (Field-Tested)"  steam_n=403  median=5.309  iqr_risk=9.03455054056097  downside=9.147954940651697  ret7=0.07289950576606263  0.5s
460/2142 "M4A4 | Desolate Space (Factory New)"  steam_n=17  median=130.436  iqr_risk=10.687035732459654  downside=7.266450791652095  ret7=-0.1504478898100724  0.4s
461/2142 "★ Sport Gloves | Amphibious (Battle-Scarred)"  steam_n=22  median=268.6475  iqr_risk=5.59458212618331  downside=3.7642412946799175  ret7=-0.030672991381462622  0.4s
462/2142 "M4A1-S | Black Lotus (Field-Tested)"  steam_n=5950  median=5.472  iqr_risk=2.854649259973091  downside=2.3091748790865245  ret7=-0.022234273318872066  0.4s
463/2142 "MP7 | Bloodsport (Minimal Wear)"  steam_n=193  median=52.201  iqr_risk=13.505472239588443  downside=8.59439142519264  ret7=-0.005381775791723387  0.4s
464/2142 "StatTrak™ Five-SeveN | Monkey Business (Field-Tested)"  steam_n=63  median=16.285  iqr_risk=11.057142684320993  downside=9.968364958293762  ret7=0.008780732563974158  0.6s
465/2142 "M4A4 | Tooth Fairy (Factory New)"  steam_n=179  median=21.302  iqr_risk=5.256480816410306  downside=5.081109318010099  ret7=-0.07905129470897099  0.5s
466/2142 "★ Survival Knife | Fade (Factory New)"  steam_n=50  median=177.27  iqr_risk=8.31402976479129  downside=3.7705714842160885  ret7=0.09203393656753733  0.4s
467/2142 "CZ75-Auto | Vendetta (Factory New)"  steam_n=2  median=5.943  iqr_risk=2.810028605081621  downside=2.2480228840652785  ret7=-0.07339375952514637  0.4s
468/2142 "AK-47 | Cartel (Factory New)"  steam_n=24  median=85.4635  iqr_risk=7.7459601568343  downside=14.033270629830241  ret7=-0.26114192890593946  0.5s
469/2142 "★ Driver Gloves | King Snake (Field-Tested)"  steam_n=59  median=190.637  iqr_risk=16.66227561112812  downside=6.053485430003019  ret7=-0.060179092024296055  0.6s
470/2142 "Galil AR | Phoenix Blacklight (Factory New)"  steam_n=3  median=357.403  iqr_risk=16.92761156845014  downside=20.82185699069894  ret7=0.4516995377620421  0.4s
471/2142 "★ Specialist Gloves | Fade (Well-Worn)"  steam_n=19  median=209.392  iqr_risk=12.80791458764656  downside=9.235273924979259  ret7=0.016634207576313287  0.4s
472/2142 "AK-47 | Searing Rage (Field-Tested)"  steam_n=3761  median=5.568  iqr_risk=3.17141782085968  downside=2.52638368780348  ret7=0.0012540308133286437  0.4s
473/2142 "FAMAS | Yeti Camo (Factory New)"  steam_n=787  median=2.727  iqr_risk=6.373911432277179  downside=7.300352047433761  ret7=0.06534199465036283  0.4s
474/2142 "AK-47 | Ice Coaled (Battle-Scarred)"  steam_n=1566  median=4.858  iqr_risk=5.401727728181772  downside=4.535801909160253  ret7=0.002720803683549766  0.4s
475/2142 "M4A1-S | Leaded Glass (Minimal Wear)"  steam_n=378  median=12.376  iqr_risk=8.647529561651474  downside=3.7592069116534557  ret7=0.1025598404255319  0.9s
476/2142 "M4A1-S | Dark Water (Minimal Wear)"  steam_n=22  median=143.9505  iqr_risk=6.9573744576439225  downside=7.750258717676137  ret7=-0.08239344174458163  0.4s
477/2142 "StatTrak™ UMP-45 | Primal Saber (Field-Tested)"  steam_n=44  median=11.821  iqr_risk=4.320771627331311  downside=6.78844266143143  ret7=-0.010125624973740588  0.6s
478/2142 "AWP | Queen's Gambit (Well-Worn)"  steam_n=292  median=69.037  iqr_risk=1.885905270811345  downside=1.77314279328766  ret7=0.019977268753278432  0.3s
479/2142 "★ Sport Gloves | Omega (Battle-Scarred)"  steam_n=27  median=177.604  iqr_risk=4.575579507261611  downside=2.748477834486549  ret7=0.013092501619365926  0.5s
480/2142 "StatTrak™ AWP | Duality (Battle-Scarred)"  steam_n=225  median=5.497  iqr_risk=7.123379152985687  downside=8.937614781011739  ret7=-0.09819121447028412  0.3s
481/2142 "★ Falchion Knife | Doppler (Factory New)"  steam_n=30  median=388.0825  iqr_risk=4.853147011549469  downside=7.044969981944805  ret7=0.052417514986547564  0.4s
482/2142 "AWP | Black Nile (Battle-Scarred)"  steam_n=209  median=4.184  iqr_risk=8.938314025027275  downside=6.384510017876637  ret7=0.05477424130273878  0.4s
483/2142 "StatTrak™ M4A4 | Tooth Fairy (Minimal Wear)"  steam_n=135  median=15.138  iqr_risk=7.7789224338742455  downside=6.599780838456949  ret7=-0.04198546904134248  0.8s
484/2142 "FAMAS | Commemoration (Field-Tested)"  steam_n=95  median=36.762  iqr_risk=3.3069251866108895  downside=5.344514539020627  ret7=-0.08333973817026619  0.4s
485/2142 "MP7 | Impire (Factory New)"  steam_n=61  median=19.574  iqr_risk=17.974331125422598  downside=8.6072825360889  ret7=-0.1693878386119977  0.5s
486/2142 "Galil AR | Connexion (Factory New)"  steam_n=311  median=4.371  iqr_risk=1.7842845705135602  downside=2.4019215372297937  ret7=-0.04231871280581889  0.4s
487/2142 "★ Gut Knife | Doppler (Factory New)"  steam_n=136  median=155.5035  iqr_risk=6.013748454745583  downside=4.2925443629611735  ret7=0.03319384680167925  0.6s
488/2142 "★ Specialist Gloves | Emerald Web (Battle-Scarred)"  steam_n=1  median=408.845  iqr_risk=0.0  downside=0.0  ret7=-0.03433086116491091  0.4s
489/2142 "Tec-9 | Fuel Injector (Field-Tested)"  steam_n=262  median=13.305  iqr_risk=3.426415094339627  downside=4.572075471698116  ret7=-0.0247059693764331  0.4s
490/2142 "Glock-18 | Water Elemental (Field-Tested)"  steam_n=357  median=21.603  iqr_risk=2.9784204133489105  downside=4.791533839975065  ret7=-0.0021535923753666086  0.4s
491/2142 "StatTrak™ P2000 | Wicked Sick (Minimal Wear)"  steam_n=112  median=7.876  iqr_risk=10.447179512967834  downside=8.737412468727609  ret7=0.02901554404145079  0.4s
492/2142 "AK-47 | Neon Revolution (Field-Tested)"  steam_n=89  median=134.825  iqr_risk=6.5563279168127915  downside=8.738073613121946  ret7=-0.04286324482095816  0.6s
493/2142 "P90 | Blind Spot (Factory New)"  steam_n=15  median=18.235  iqr_risk=8.979917784578442  downside=8.211894974354573  ret7=-0.22692553872413068  0.4s
494/2142 "P90 | Cold Blooded (Factory New)"  steam_n=12  median=79.2865  iqr_risk=22.895268696430882  downside=6.400564165013595  ret7=-0.21478048537399708  0.8s
495/2142 "Galil AR | Chromatic Aberration (Field-Tested)"  steam_n=903  median=4.682  iqr_risk=7.9472724960793455  downside=4.7471707709914  ret7=0.0945162728488631  0.4s
496/2142 "Five-SeveN | Monkey Business (Minimal Wear)"  steam_n=14  median=55.193  iqr_risk=4.41753707798536  downside=3.9669783091751607  ret7=-0.11586763598257843  0.5s
497/2142 "Five-SeveN | Anodized Gunmetal (Factory New)"  steam_n=19  median=20.757  iqr_risk=14.835828807338617  downside=5.751045583392859  ret7=-0.2553136626514899  0.4s
498/2142 "P2000 | Wicked Sick (Battle-Scarred)"  steam_n=791  median=3.55  iqr_risk=10.395010395010397  downside=8.119345957183786  ret7=-0.07459399944949074  0.4s
499/2142 "SSG 08 | Big Iron (Field-Tested)"  steam_n=144  median=9.75  iqr_risk=7.888920146284609  downside=5.339991158622347  ret7=-0.0070870622316489  0.4s
500/2142 "SCAR-20 | Emerald (Factory New)"  steam_n=9  median=49.768  iqr_risk=11.69041386063427  downside=6.7268839551567705  ret7=-0.03131852372713573  0.4s
501/2142 "AK-47 | Redline (Minimal Wear)"  steam_n=11  median=197.403  iqr_risk=4.766236083088139  downside=7.850005150922006  ret7=-0.21048629907849514  0.4s
502/2142 "AK-47 | Breakthrough (Minimal Wear)"  steam_n=1093  median=7.58  iqr_risk=3.8767304493602004  downside=2.370568281534452  ret7=-0.004483122362869185  0.3s
503/2142 "AK-47 | Point Disarray (Factory New)"  steam_n=31  median=95.083  iqr_risk=5.287316221772158  downside=5.1448269287523045  ret7=-0.012329905474187108  0.6s
504/2142 "P90 | ScaraB Rush (Factory New)"  steam_n=4  median=28.339  iqr_risk=12.598018984729675  downside=5.056403907002333  ret7=-0.22894995601097146  0.4s
505/2142 "AK-47 | Searing Rage (Battle-Scarred)"  steam_n=1497  median=4.929  iqr_risk=5.059973792964408  downside=5.039814534825119  ret7=0.005586592178770999  0.4s
506/2142 "CZ75-Auto | Army Sheen (Minimal Wear)"  steam_n=32  median=5.069  iqr_risk=12.396149544655701  downside=10.26721521009746  ret7=-0.06826849733028217  0.4s
507/2142 "P250 | Muertos (Field-Tested)"  steam_n=118  median=13.6945  iqr_risk=5.837797893958994  downside=8.871235913541472  ret7=-0.07314285714285707  0.5s
508/2142 "P90 | Deathgaze (Well-Worn)"  steam_n=827  median=6.675  iqr_risk=5.137807070101856  downside=4.140203714799277  ret7=0.019261637239165408  0.3s
509/2142 "M4A4 | Etch Lord (Factory New)"  steam_n=304  median=6.897  iqr_risk=2.4420512089009314  downside=5.276371157549395  ret7=-0.07606128096105824  0.4s
510/2142 "Dual Berettas | Balance (Minimal Wear)"  steam_n=69  median=4.326  iqr_risk=6.204436171862867  downside=3.2130115890004114  ret7=0.02115428834214761  0.4s
511/2142 "Glock-18 | Vogue (Field-Tested)"  steam_n=2561  median=4.343  iqr_risk=2.546923041622683  downside=2.546923041622683  ret7=-0.01855670103092788  0.4s
512/2142 "★ Gut Knife | Gamma Doppler (Factory New)"  steam_n=38  median=200.743  iqr_risk=14.112855762038187  downside=6.183200019913684  ret7=0.02241079818891145  0.4s
513/2142 "AK-47 | Fuel Injector (Field-Tested)"  steam_n=21  median=200.67  iqr_risk=5.873037791338224  downside=5.228639114216237  ret7=-0.01609605879460707  0.4s
514/2142 "R8 Revolver | Fade (Field-Tested)"  steam_n=33  median=93.914  iqr_risk=8.980642858508673  downside=6.118394914580856  ret7=-0.08168964054190053  0.5s
515/2142 "AWP | Ice Coaled (Well-Worn)"  steam_n=737  median=7.096  iqr_risk=5.099110457379  downside=4.314631925474537  ret7=0.04576757532281195  0.4s
516/2142 "StatTrak™ P90 | Wave Breaker (Factory New)"  steam_n=44  median=6.741  iqr_risk=3.8000085393450247  downside=8.976274853052105  ret7=-0.03692762186115217  0.3s
517/2142 "AUG | Death by Puppy (Minimal Wear)"  steam_n=128  median=6.0185  iqr_risk=6.370390067975206  downside=7.864514949558749  ret7=0.001311690441055946  0.4s
518/2142 "P90 | Shallow Grave (Minimal Wear)"  steam_n=40  median=52.678  iqr_risk=8.300680380597745  downside=6.521565784032468  ret7=-0.06197173031218173  0.4s
519/2142 "XM1014 | XOXO (Field-Tested)"  steam_n=440  median=4.3  iqr_risk=9.15326558234498  downside=5.781009841481035  ret7=-0.020861989912884016  0.4s
520/2142 "Glock-18 | Mirror Mosaic (Well-Worn)"  steam_n=298  median=5.908  iqr_risk=3.490966060998247  downside=6.402942628952886  ret7=-0.0013427324605572721  0.3s
521/2142 "G3SG1 | Dream Glade (Factory New)"  steam_n=234  median=5.034  iqr_risk=4.513287660919969  downside=4.968757057893552  ret7=-0.03179247123073914  0.4s
522/2142 "Glock-18 | Shinobu (Field-Tested)"  steam_n=3001  median=5.83  iqr_risk=4.739819581061107  downside=2.752153305132255  ret7=-0.015112922397690687  0.4s
523/2142 "Desert Eagle | Crimson Web (Field-Tested)"  steam_n=314  median=12.791  iqr_risk=6.838385282981943  downside=4.751868606655473  ret7=-0.017508754377188684  0.4s
524/2142 "Tec-9 | Bamboozle (Factory New)"  steam_n=52  median=12.501  iqr_risk=8.862541623494238  downside=7.207093197079822  ret7=-0.10053859964093359  0.3s
525/2142 "MAC-10 | Nuclear Garden (Factory New)"  steam_n=13  median=75.077  iqr_risk=8.787839704214846  downside=6.973307323154966  ret7=-0.1255114674842286  0.5s
526/2142 "AK-47 | Aquamarine Revenge (Battle-Scarred)"  steam_n=77  median=36.856  iqr_risk=4.41598169943809  downside=4.372280475534066  ret7=-0.02746936425692914  0.6s
527/2142 "AK-47 | The Oligarch (Well-Worn)"  steam_n=109  median=51.003  iqr_risk=6.40884408785595  downside=6.160055373036837  ret7=0.011865013117099865  0.3s
528/2142 "M4A1-S | Chantico's Fire (Battle-Scarred)"  steam_n=20  median=130.289  iqr_risk=3.1219527975340315  downside=5.7155312780650664  ret7=-0.10022712364131392  0.4s
529/2142 "★ Sport Gloves | Vice (Battle-Scarred)"  steam_n=16  median=342.9285  iqr_risk=7.615971764040051  downside=8.482302353164393  ret7=-0.056772077395170206  0.4s
530/2142 "USP-S | Cortex (Battle-Scarred)"  steam_n=661  median=3.829  iqr_risk=6.981768363368102  downside=7.060807250500586  ret7=-0.07127991675338186  1.2s
531/2142 "MAC-10 | Fade (Factory New)"  steam_n=40  median=76.042  iqr_risk=4.021393625412392  downside=2.1968821490059156  ret7=-0.036919507070960256  0.5s
532/2142 "AWP | Ice Coaled (Battle-Scarred)"  steam_n=948  median=5.257  iqr_risk=13.060198758709971  downside=10.813692266686967  ret7=0.22965116279069764  0.4s
533/2142 "USP-S | 27 (Factory New)"  steam_n=102  median=11.996  iqr_risk=9.498934983264016  downside=8.105960712715959  ret7=-0.05566293003478939  0.3s
534/2142 "★ Specialist Gloves | Crimson Web (Battle-Scarred)"  steam_n=30  median=126.1475  iqr_risk=6.45181585725427  downside=4.0272293146999125  ret7=0.00814619277053752  0.4s
535/2142 "AK-47 | Crossfade (Factory New)"  steam_n=282  median=8.77  iqr_risk=9.111318573841922  downside=3.223081710678394  ret7=-0.0773847125710675  0.3s
536/2142 "AWP | Sun in Leo (Factory New)"  steam_n=33  median=104.768  iqr_risk=9.940130811390583  downside=4.5360982976612405  ret7=-0.13670300195441876  0.6s
537/2142 "Desert Eagle | Hypnotic (Factory New)"  steam_n=15  median=301.006  iqr_risk=2.702656420143698  downside=11.754020323143543  ret7=0.03966622446809587  0.6s
538/2142 "FAMAS | Bad Trip (Field-Tested)"  steam_n=454  median=56.42  iqr_risk=6.499403092616  downside=4.619851232313528  ret7=-0.040371134723951485  0.4s
539/2142 "M4A4 | The Battlestar (Minimal Wear)"  steam_n=31  median=42.24  iqr_risk=11.507946684820748  downside=6.059390890163932  ret7=-0.10582106022664572  0.4s
540/2142 "Desert Eagle | Heat Treated (Minimal Wear)"  steam_n=728  median=4.04  iqr_risk=8.30810221630133  downside=5.8132493641758565  ret7=0.011435832274459878  0.4s
541/2142 "USP-S | Ticket to Hell (Factory New)"  steam_n=1229  median=3.281  iqr_risk=3.576473416884554  downside=2.0436990953626077  ret7=-0.07603491974091803  0.4s
542/2142 "AK-47 | Slate (Field-Tested)"  steam_n=4970  median=5.316  iqr_risk=2.978643686774069  downside=2.2667665792431535  ret7=0.021344918775972888  0.5s
543/2142 "AWP | Electric Hive (Factory New)"  steam_n=5  median=193.892  iqr_risk=17.368128425307344  downside=7.324874803760345  ret7=-0.14623136774826584  0.6s
544/2142 "AK-47 | Midnight Laminate (Minimal Wear)"  steam_n=1535  median=12.398  iqr_risk=4.008643889428913  downside=2.89522095741519  ret7=-0.005557792992347932  0.4s
545/2142 "Glock-18 | Shinobu (Well-Worn)"  steam_n=1363  median=5.007  iqr_risk=3.8757378808657856  downside=2.889909168604526  ret7=-0.02392344497607657  0.4s
546/2142 "P250 | Red Tide (Factory New)"  steam_n=378  median=2.02  iqr_risk=7.021307718562589  downside=5.314739870300842  ret7=-0.05397448478900879  0.5s
547/2142 "AK-47 | Elite Build (Factory New)"  steam_n=174  median=12.289  iqr_risk=9.793751245000855  downside=4.540230765694666  ret7=-0.027193765727737684  0.4s
548/2142 "AK-47 | Panthera onca (Minimal Wear)"  steam_n=1  median=294.838  iqr_risk=0.0  downside=0.0  ret7=-0.019099804044860003  0.3s
549/2142 "MAC-10 | Saibā Oni (Factory New)"  steam_n=108  median=7.944  iqr_risk=9.27897590808925  downside=7.137197613093324  ret7=0.016764866670716083  0.4s
550/2142 "AK-47 | Emerald Pinstripe (Field-Tested)"  steam_n=885  median=3.116  iqr_risk=4.462852372696327  downside=4.527066075900598  ret7=-0.044117647058823484  0.5s
551/2142 "AK-47 | Inheritance (Field-Tested)"  steam_n=1121  median=51.831  iqr_risk=3.1969972021477138  downside=2.0187521348495716  ret7=0.013333075315426823  0.4s
552/2142 "AK-47 | Wintergreen (Factory New)"  steam_n=762  median=7.259  iqr_risk=4.558485848992522  downside=3.6535822497588333  ret7=0.038390966831333806  0.3s
553/2142 "StatTrak™ AK-47 | Phantom Disruptor (Minimal Wear)"  steam_n=93  median=22.807  iqr_risk=4.843588802042338  downside=3.204287537813203  ret7=-0.04346706715297144  0.4s
554/2142 "StatTrak™ AK-47 | Slate (Field-Tested)"  steam_n=387  median=17.293  iqr_risk=4.582025677603429  downside=3.60855920114123  ret7=0.04668450787986944  0.7s
555/2142 "★ Driver Gloves | Black Tie (Battle-Scarred)"  steam_n=22  median=123.498  iqr_risk=8.964718562047103  downside=5.806487364264326  ret7=0.1124778958572974  0.3s
556/2142 "★ Driver Gloves | King Snake (Battle-Scarred)"  steam_n=23  median=134.01  iqr_risk=6.166093652211627  downside=4.623868287215082  ret7=0.0027913416852634043  0.4s
557/2142 "USP-S | Royal Blue (Minimal Wear)"  steam_n=37  median=55.865  iqr_risk=8.2349254309931  downside=7.567581275960585  ret7=0.024433157675773032  0.4s
558/2142 "Nova | Rising Skull (Factory New)"  steam_n=10  median=13.462  iqr_risk=1.8930414866552268  downside=1.061705807330437  ret7=0.8357015051047263  0.4s
559/2142 "MAG-7 | BI83 Spectrum (Factory New)"  steam_n=25  median=10.295  iqr_risk=5.80953105389266  downside=2.8924048225763492  ret7=-0.08504297499244151  0.4s
560/2142 "AWP | Duality (Battle-Scarred)"  steam_n=1529  median=3.524  iqr_risk=3.145979045532432  downside=2.101064576837735  ret7=0.004593541202672746  0.4s
561/2142 "★ Hydra Gloves | Mangrove (Field-Tested)"  steam_n=281  median=40.85  iqr_risk=5.093907511384028  downside=3.8429431249285093  ret7=-0.012825255888519016  0.4s
562/2142 "SG 553 | Candy Apple (Factory New)"  steam_n=18  median=15.415  iqr_risk=11.068547216901749  downside=6.1201720613178034  ret7=-0.07731122724815276  0.4s
563/2142 "★ Driver Gloves | Snow Leopard (Battle-Scarred)"  steam_n=13  median=265.24  iqr_risk=11.327653159556913  downside=7.768187846463567  ret7=0.01927065164473296  0.4s
564/2142 "★ Sport Gloves | Big Game (Field-Tested)"  steam_n=52  median=183.221  iqr_risk=6.4760952946896575  downside=4.01199286910486  ret7=-0.10848310266264816  0.5s
565/2142 "Galil AR | Kami (Factory New)"  steam_n=66  median=9.083  iqr_risk=11.559100494853098  downside=6.618921345499346  ret7=0.03208584140277404  0.4s
566/2142 "P250 | Wingshot (Factory New)"  steam_n=30  median=14.649  iqr_risk=4.657101000835176  downside=2.7184107120853245  ret7=-0.2934111518425623  0.4s
567/2142 "StatTrak™ AK-47 | Aquamarine Revenge (Minimal Wear)"  steam_n=5  median=215.0  iqr_risk=20.290909027492578  downside=12.473720787674425  ret7=0.7700668850444166  0.4s
568/2142 "MAC-10 | Neon Rider (Minimal Wear)"  steam_n=90  median=147.0695  iqr_risk=5.79866281116488  downside=8.397770530067577  ret7=0.03350767719712766  0.4s
569/2142 "Desert Eagle | Mecha Industries (Field-Tested)"  steam_n=1669  median=6.748  iqr_risk=2.7408564439598  downside=2.4903480592968155  ret7=-0.012195121951219523  0.4s
570/2142 "M4A4 | Tooth Fairy (Field-Tested)"  steam_n=2871  median=4.589  iqr_risk=6.759113901971035  downside=5.690737833594979  ret7=0.069011875420121  0.4s
571/2142 "MP9 | Setting Sun (Minimal Wear)"  steam_n=4  median=26.348  iqr_risk=2.008183583806305  downside=0.6863650934323858  ret7=0.02679049147748991  0.4s
572/2142 "StatTrak™ AWP | Neo-Noir (Field-Tested)"  steam_n=40  median=64.564  iqr_risk=4.673282349800718  downside=12.3473499022009  ret7=-0.014884455733845336  0.4s
573/2142 "Zeus x27 | Olympus (Battle-Scarred)"  steam_n=479  median=3.83  iqr_risk=9.081196581196583  downside=8.51573900354388  ret7=-0.05930725143284321  0.4s
574/2142 "P90 | Shallow Grave (Field-Tested)"  steam_n=112  median=41.648  iqr_risk=4.093769482543634  downside=6.0766053615960205  ret7=-0.0713041944940378  0.4s
575/2142 "★ Moto Gloves | 3rd Commando Company (Minimal Wear)"  steam_n=4  median=136.0455  iqr_risk=12.037744251989086  downside=14.44167553957546  ret7=-0.10743569357779004  0.3s
576/2142 "★ Driver Gloves | Imperial Plaid (Well-Worn)"  steam_n=12  median=180.3115  iqr_risk=6.3998387781626365  downside=2.056171153792269  ret7=0.07372730020055496  0.3s
577/2142 "AUG | Navy Murano (Minimal Wear)"  steam_n=57  median=5.214  iqr_risk=6.694464634099682  downside=4.701426877319155  ret7=0.13155386081982856  0.4s
578/2142 "UMP-45 | Wild Child (Factory New)"  steam_n=132  median=22.135  iqr_risk=2.500971484209565  downside=3.619597347084022  ret7=-0.002965892239248591  0.4s
579/2142 "StatTrak™ Glock-18 | Vogue (Field-Tested)"  steam_n=377  median=6.779  iqr_risk=5.823505251422875  downside=5.119403860822628  ret7=0.0037961746240327  0.4s
580/2142 "FAMAS | Djinn (Factory New)"  steam_n=7  median=80.827  iqr_risk=7.403110767379912  downside=6.585644311862405  ret7=-0.2750745372784792  0.4s
581/2142 "StatTrak™ P2000 | Wicked Sick (Field-Tested)"  steam_n=286  median=4.45  iqr_risk=4.843382219808064  downside=5.001810610175631  ret7=0.05209539245195649  0.4s
582/2142 "StatTrak™ AWP | Chromatic Aberration (Minimal Wear)"  steam_n=91  median=40.22  iqr_risk=4.6912424361765765  downside=7.928546482682777  ret7=0.12066505849090858  0.4s
583/2142 "AWP | Crakow! (Factory New)"  steam_n=22  median=161.739  iqr_risk=10.595182244729735  downside=6.706309260136702  ret7=0.031203948152282557  0.3s
584/2142 "USP-S | Printstream (Field-Tested)"  steam_n=641  median=48.109  iqr_risk=2.379852506887954  downside=1.8209789979047455  ret7=0.004908718719973226  0.4s
585/2142 "AK-47 | Neon Rider (Factory New)"  steam_n=10  median=268.2875  iqr_risk=6.679270095152298  downside=4.559238662415468  ret7=-0.028900110287232383  0.4s
586/2142 "AK-47 | The Oligarch (Field-Tested)"  steam_n=123  median=74.761  iqr_risk=3.7364816361307813  downside=2.758847110415112  ret7=0.02170264103438324  0.3s
587/2142 "SSG 08 | Big Iron (Factory New)"  steam_n=15  median=61.475  iqr_risk=7.123552184863002  downside=7.023828806082492  ret7=-0.173601167916  1.2s
588/2142 "P250 | Forest Night (Factory New)"  steam_n=14  median=17.776  iqr_risk=10.449335643504828  downside=4.791237381052585  ret7=0.17915620891597928  0.4s
589/2142 "FAMAS | Night Borre (Minimal Wear)"  steam_n=6  median=10.906  iqr_risk=4.548987335985009  downside=4.388972706075988  ret7=-0.09759260760314503  0.4s
590/2142 "★ Kukri Knife | Fade (Factory New)"  steam_n=103  median=223.898  iqr_risk=4.524385494076219  downside=3.175929869471196  ret7=0.0013409437774032362  0.4s
591/2142 "StatTrak™ UMP-45 | K.O. Factory (Field-Tested)"  steam_n=186  median=6.901  iqr_risk=4.5716965096855535  downside=9.377838994226764  ret7=-0.020402380277699028  0.4s
592/2142 "M4A1-S | Decimator (Factory New)"  steam_n=43  median=70.235  iqr_risk=6.292630696367466  downside=6.409900518933134  ret7=-0.11490902553961913  0.5s
593/2142 "AK-47 | Crossfade (Minimal Wear)"  steam_n=872  median=4.0115  iqr_risk=4.426967403670174  downside=3.9768511648612566  ret7=0.009615384615384581  0.3s
594/2142 "★ Shadow Daggers | Gamma Doppler (Factory New)"  steam_n=136  median=128.938  iqr_risk=5.986277665509021  downside=3.361003884364517  ret7=-0.0644040224785567  0.4s
595/2142 "M4A1-S | Flashback (Minimal Wear)"  steam_n=506  median=19.4215  iqr_risk=14.357564619336646  downside=11.271383196141127  ret7=0.051908206535295376  0.5s
596/2142 "SCAR-20 | Bloodsport (Field-Tested)"  steam_n=94  median=13.04  iqr_risk=5.593376973430883  downside=6.353484790142466  ret7=-0.04832383630577963  0.4s
597/2142 "P90 | Elite Build (Factory New)"  steam_n=45  median=3.49  iqr_risk=9.342961084775657  downside=7.601146510858787  ret7=-0.10060307017543857  0.4s
598/2142 "AK-47 | Searing Rage (Factory New)"  steam_n=120  median=34.406  iqr_risk=3.321713643413051  downside=4.108248082751163  ret7=-0.05730847049816823  0.3s
599/2142 "P2000 | Wicked Sick (Minimal Wear)"  steam_n=820  median=7.233  iqr_risk=2.0165685633311488  downside=2.493459777632437  ret7=0.032944406314344477  0.4s
600/2142 "★ Navaja Knife | Doppler (Factory New)"  steam_n=47  median=152.351  iqr_risk=12.815959344342037  downside=8.690134850656555  ret7=-0.02662318732500346  0.4s
601/2142 "Tec-9 | Fuel Injector (Battle-Scarred)"  steam_n=107  median=11.992  iqr_risk=5.116435760306564  downside=4.076304375289525  ret7=-0.013725644868659792  0.4s
602/2142 "AK-47 | Slate (Minimal Wear)"  steam_n=1954  median=8.721  iqr_risk=5.670692367768729  downside=3.542767886450335  ret7=-0.018798254447801144  0.4s
603/2142 "StatTrak™ AWP | Ice Coaled (Well-Worn)"  steam_n=150  median=12.512  iqr_risk=4.663064435504985  downside=3.848198487697676  ret7=-0.017046353425090865  0.3s
604/2142 "P2000 | Wicked Sick (Factory New)"  steam_n=103  median=23.775  iqr_risk=6.758816759274075  downside=4.642565873215496  ret7=-0.18984598440303424  0.4s
605/2142 "FAMAS | Mecha Industries (Minimal Wear)"  steam_n=123  median=54.888  iqr_risk=8.01774641195029  downside=8.589955854971521  ret7=0.016388795379245424  0.5s
606/2142 "★ Flip Knife | Gamma Doppler (Factory New)"  steam_n=10  median=495.6955  iqr_risk=14.170501657836224  downside=4.866103912624358  ret7=0.13745392562584646  0.5s
607/2142 "AK-47 | Inheritance (Factory New)"  steam_n=87  median=158.562  iqr_risk=2.671171876804056  downside=4.566580519293292  ret7=0.00991292656986209  0.3s
608/2142 "Galil AR | Cerberus (Factory New)"  steam_n=1  median=290.571  iqr_risk=0.0  downside=0.0  ret7=None  0.4s
609/2142 "Tec-9 | Toxic (Minimal Wear)"  steam_n=8  median=22.615  iqr_risk=7.462456471271044  downside=10.750689204875211  ret7=-0.055824247889171175  0.4s
610/2142 "AWP | Fever Dream (Field-Tested)"  steam_n=442  median=15.046  iqr_risk=5.060909180944828  downside=2.832524512231346  ret7=0.014534883720930258  0.4s
611/2142 "MP9 | Hypnotic (Factory New)"  steam_n=66  median=25.0055  iqr_risk=9.841530374973132  downside=4.476620356800915  ret7=0.05329171079770334  0.4s
612/2142 "SSG 08 | Parallax (Factory New)"  steam_n=14  median=24.644  iqr_risk=7.666439776999881  downside=6.16694217554777  ret7=-0.07523232642108801  0.4s
613/2142 "★ Survival Knife | Case Hardened (Field-Tested)"  steam_n=25  median=117.91  iqr_risk=9.263551908026042  downside=9.83290471909843  ret7=-0.20139607443607832  0.3s
614/2142 "Dual Berettas | Royal Consorts (Field-Tested)"  steam_n=255  median=5.366  iqr_risk=10.350153510011099  downside=8.720875477952951  ret7=0.07046018713003632  0.4s
615/2142 "Sawed-Off | Wasteland Princess (Minimal Wear)"  steam_n=41  median=53.217  iqr_risk=4.212304607730291  downside=7.312590502357702  ret7=0.05713947009661546  0.5s
616/2142 "Glock-18 | AXIA (Field-Tested)"  steam_n=308  median=37.69  iqr_risk=2.872487568925102  downside=3.219469200402462  ret7=0.009893597162590861  0.3s
617/2142 "Nova | Red Quartz (Field-Tested)"  steam_n=22  median=9.395  iqr_risk=4.328317963652043  downside=7.047403332794041  ret7=-0.047288642186165575  0.4s
618/2142 "AWP | Printstream (Well-Worn)"  steam_n=396  median=52.349  iqr_risk=5.199424460431656  downside=5.686330935251796  ret7=-0.0032581311208349506  0.4s
619/2142 "Desert Eagle | Printstream (Field-Tested)"  steam_n=890  median=44.791  iqr_risk=2.536529360327347  downside=2.345177145425447  ret7=-0.031483123229614995  0.4s
620/2142 "StatTrak™ AK-47 | Elite Build (Field-Tested)"  steam_n=416  median=6.657  iqr_risk=6.948702227672185  downside=5.985226708709237  ret7=0.03421937060800473  0.5s
621/2142 "★ Moto Gloves | Blood Pressure (Minimal Wear)"  steam_n=11  median=319.94  iqr_risk=11.2007161665439  downside=6.816561472629588  ret7=-0.01842421682602069  0.4s
622/2142 "USP-S | Cyrex (Minimal Wear)"  steam_n=963  median=11.534  iqr_risk=23.593158608869533  downside=23.562807969720787  ret7=0.2927998332812338  0.6s
623/2142 "Zeus x27 | Charged Up (Factory New)"  steam_n=71  median=35.62  iqr_risk=7.498060027892188  downside=2.121759703930401  ret7=0.0991818260945252  0.3s
624/2142 "MP9 | Starlight Protector (Battle-Scarred)"  steam_n=255  median=77.581  iqr_risk=7.748754780434614  downside=9.24964556886361  ret7=0.07633306994359823  0.4s
625/2142 "Glock-18 | Blue Fissure (Minimal Wear)"  steam_n=39  median=6.862  iqr_risk=5.590579279172119  downside=4.847812008511432  ret7=-0.11984004127966974  0.4s
626/2142 "AK-47 | Legion of Anubis (Minimal Wear)"  steam_n=381  median=48.31  iqr_risk=7.269601701582111  downside=6.755547415784593  ret7=0.02095477495828546  0.4s
627/2142 "StatTrak™ Five-SeveN | Buddy (Minimal Wear)"  steam_n=35  median=3.968  iqr_risk=18.727572749417217  downside=15.270174703370968  ret7=-0.09541697971450036  0.4s
628/2142 "StatTrak™ Glock-18 | Shinobu (Battle-Scarred)"  steam_n=244  median=7.262  iqr_risk=3.05466663140357  downside=3.5412975060167593  ret7=-0.018578570463450905  0.5s
629/2142 "USP-S | Jawbreaker (Field-Tested)"  steam_n=3437  median=4.576  iqr_risk=3.8671272458667345  downside=3.019835321210527  ret7=0.015208287414591126  0.5s
630/2142 "★ Sport Gloves | Omega (Field-Tested)"  steam_n=56  median=267.1265  iqr_risk=11.73381177280589  downside=3.9419636364143757  ret7=0.008461668034534853  0.4s
631/2142 "MP9 | Airlock (Field-Tested)"  steam_n=161  median=13.21  iqr_risk=6.507953324353362  downside=5.418249511903508  ret7=-0.010796420912519311  0.4s
632/2142 "★ Shadow Daggers | Doppler (Factory New)"  steam_n=28  median=170.8455  iqr_risk=24.02502010307255  downside=10.510911239007042  ret7=-0.06855879603001735  0.4s
633/2142 "Desert Eagle | Conspiracy (Minimal Wear)"  steam_n=240  median=21.81  iqr_risk=2.9765627874461806  downside=4.704919239118436  ret7=0.016354060796451853  0.4s
634/2142 "MP7 | Olive Plaid (Factory New)"  steam_n=3  median=12.128  iqr_risk=2.6789303970396476  downside=1.5556667788015823  ret7=0.00856658184902459  0.6s
635/2142 "P90 | Death by Kitty (Minimal Wear)"  steam_n=1  median=130.763  iqr_risk=0.0  downside=0.0  ret7=-0.010533086148840298  0.4s
636/2142 "★ Survival Knife | Tiger Tooth (Factory New)"  steam_n=75  median=135.465  iqr_risk=10.041985468753046  downside=10.735515461683223  ret7=-0.05107790744174212  0.5s
637/2142 "StatTrak™ USP-S | Flashback (Factory New)"  steam_n=114  median=4.212  iqr_risk=12.38159517769451  downside=8.74159238485349  ret7=-0.07955056179775277  0.4s
638/2142 "AK-47 | B the Monster (Minimal Wear)"  steam_n=34  median=281.239  iqr_risk=10.894346944112145  downside=6.335791761995793  ret7=-0.05977491317125305  0.3s
639/2142 "M4A1-S | Stratosphere (Factory New)"  steam_n=47  median=76.65  iqr_risk=8.215528608866151  downside=5.433619014852801  ret7=-0.07896038707964814  0.4s
640/2142 "USP-S | Guardian (Factory New)"  steam_n=152  median=9.066  iqr_risk=6.1239119303635325  downside=4.116743471582192  ret7=-0.014432881869999248  0.4s
641/2142 "AK-47 | Nightwish (Well-Worn)"  steam_n=439  median=74.166  iqr_risk=4.4638180953838935  downside=3.3935223607205507  ret7=-0.011794484422004037  0.4s
642/2142 "M4A1-S | Player Two (Factory New)"  steam_n=5  median=226.84  iqr_risk=5.4304586087703415  downside=6.1016870452108165  ret7=-0.11286915107972229  0.4s
643/2142 "★ Huntsman Knife | Freehand (Factory New)"  steam_n=35  median=109.113  iqr_risk=8.840458876350391  downside=4.796889699358415  ret7=-0.07733888830292168  0.4s
644/2142 "★ Huntsman Knife | Rust Coat (Battle-Scarred)"  steam_n=61  median=67.816  iqr_risk=7.6299679733387  downside=6.570783648675799  ret7=0.029477410913568702  0.4s
645/2142 "MP7 | Armor Core (Factory New)"  steam_n=207  median=1.972  iqr_risk=1.7924818191129737  downside=3.1240397418826156  ret7=-0.01231155778894466  0.5s
646/2142 "P250 | Crimson Kimono (Factory New)"  steam_n=13  median=54.094  iqr_risk=6.500860572373767  downside=8.900032038625168  ret7=-0.011476188735791815  0.5s
647/2142 "M4A4 | Buzz Kill (Field-Tested)"  steam_n=26  median=384.847  iqr_risk=7.348181700141751  downside=9.326103916032729  ret7=-0.01973885360651828  0.4s
648/2142 "M4A4 | Spider Lily (Factory New)"  steam_n=22  median=114.4915  iqr_risk=3.877610268602564  downside=1.2054132796448906  ret7=-0.008053839785434391  0.4s
649/2142 "AK-47 | Redline (Field-Tested)"  steam_n=624  median=37.606  iqr_risk=7.5889340001862635  downside=1.9809257240950517  ret7=0.02159283594743533  0.5s
650/2142 "★ Sport Gloves | Red Racer (Field-Tested)"  steam_n=35  median=234.017  iqr_risk=3.494525488297926  downside=3.374555135150322  ret7=-0.03355137854767809  0.4s
651/2142 "MP9 | Capillary (Factory New)"  steam_n=132  median=2.67  iqr_risk=2.9016777649640955  downside=6.175365499795392  ret7=-0.13823331085637225  0.4s
652/2142 "AWP | Exoskeleton (Battle-Scarred)"  steam_n=373  median=5.11  iqr_risk=5.124522002445799  downside=4.868295902323503  ret7=-0.015414258188824692  0.4s
653/2142 "★ StatTrak™ Flip Knife | Gamma Doppler (Factory New)"  steam_n=1  median=476.07  iqr_risk=0.0  downside=0.0  ret7=-0.009528763133257012  0.4s
654/2142 "AK-47 | Phantom Disruptor (Factory New)"  steam_n=85  median=34.367  iqr_risk=8.138507641940295  downside=4.002563673212487  ret7=-0.025123475793390693  0.4s
655/2142 "Glock-18 | Reactor (Factory New)"  steam_n=6  median=128.246  iqr_risk=1.34715518713218  downside=1.1939630608176706  ret7=0.001881003044873708  0.4s
656/2142 "StatTrak™ USP-S | Guardian (Field-Tested)"  steam_n=153  median=5.287  iqr_risk=7.789570835256108  downside=2.4919243193354825  ret7=-0.11690283400809709  0.4s
657/2142 "USP-S | Jawbreaker (Battle-Scarred)"  steam_n=1701  median=3.796  iqr_risk=6.201104162850941  downside=3.4537795337397545  ret7=-0.052310817673946186  0.4s
658/2142 "StatTrak™ USP-S | Kill Confirmed (Field-Tested)"  steam_n=6  median=231.469  iqr_risk=11.968233811279266  downside=8.21185098011512  ret7=0.02123595354649166  0.4s
659/2142 "StatTrak™ SG 553 | Pulse (Field-Tested)"  steam_n=73  median=5.401  iqr_risk=8.384064936451994  downside=6.105592936736801  ret7=-0.027382645803698424  0.4s
660/2142 "StatTrak™ AWP | Duality (Field-Tested)"  steam_n=688  median=5.811  iqr_risk=5.119424706788809  downside=3.886653539936655  ret7=0.01733220050977069  0.5s
661/2142 "Five-SeveN | Copper Galaxy (Factory New)"  steam_n=56  median=35.7365  iqr_risk=20.58465508954508  downside=2.49461893716172  ret7=-0.01514518778362417  0.6s
662/2142 "Galil AR | Rocket Pop (Factory New)"  steam_n=59  median=14.95  iqr_risk=6.407369634034896  downside=6.812010755109334  ret7=-0.07362039872507975  0.4s
663/2142 "AK-47 | Phantom Disruptor (Field-Tested)"  steam_n=2506  median=6.313  iqr_risk=2.5583525472979365  downside=2.4162218502258233  ret7=0.015110110914644093  0.5s
664/2142 "Glock-18 | Gold Toof (Minimal Wear)"  steam_n=42  median=67.822  iqr_risk=3.3517474352832894  downside=4.569099759898862  ret7=-0.1491673391067877  0.4s
665/2142 "Galil AR | Signal (Factory New)"  steam_n=245  median=3.752  iqr_risk=4.9947758721745155  downside=6.192502739481661  ret7=-0.017789072426937724  0.4s
666/2142 "SG 553 | Triarch (Factory New)"  steam_n=29  median=7.8  iqr_risk=5.236143167177654  downside=5.683971201212581  ret7=0.023356181772023366  0.4s
667/2142 "M4A4 | Full Throttle (Minimal Wear)"  steam_n=60  median=114.853  iqr_risk=4.186268588427657  downside=2.9184297203406135  ret7=-0.03226107859709326  0.4s
668/2142 "★ Flip Knife | Doppler (Factory New)"  steam_n=49  median=404.234  iqr_risk=6.956037572116168  downside=3.7956510338319918  ret7=0.07693763098657147  0.8s
669/2142 "SG 553 | Integrale (Field-Tested)"  steam_n=99  median=9.522  iqr_risk=8.502921815901301  downside=8.811146654739566  ret7=0.006828123332977665  0.5s
670/2142 "AK-47 | Inheritance (Battle-Scarred)"  steam_n=403  median=42.473  iqr_risk=4.904232856253303  downside=3.431792538075108  ret7=0.03935977929984791  0.4s
671/2142 "P250 | Visions (Factory New)"  steam_n=231  median=15.306  iqr_risk=2.6616253327031605  downside=1.3743439217929798  ret7=-0.023494860499265857  0.4s
672/2142 "Desert Eagle | Printstream (Battle-Scarred)"  steam_n=260  median=42.52  iqr_risk=4.4193118064787  downside=2.439178781676631  ret7=-0.005098169401498542  0.4s
673/2142 "Galil AR | Cerberus (Field-Tested)"  steam_n=23  median=39.742  iqr_risk=7.902442595349052  downside=3.5592103657792564  ret7=-0.02040358185128821  0.5s
674/2142 "★ Stiletto Knife | Slaughter (Minimal Wear)"  steam_n=10  median=448.062  iqr_risk=5.512063348711868  downside=9.867549956271779  ret7=-0.19800678169973362  0.4s
675/2142 "StatTrak™ M4A1-S | Black Lotus (Field-Tested)"  steam_n=589  median=16.586  iqr_risk=9.35258771079667  downside=7.038670284938936  ret7=0.12139202930588011  0.4s
676/2142 "SSG 08 | Threat Detected (Factory New)"  steam_n=6  median=43.982  iqr_risk=4.487449013649827  downside=3.0353404219350777  ret7=-0.17379279827424077  0.4s
677/2142 "P250 | Kintsugi (Well-Worn)"  steam_n=831  median=6.738  iqr_risk=4.924208715256145  downside=3.960131707751184  ret7=0.016369482607424546  0.3s
678/2142 "M4A1-S | Solitude (Factory New)"  steam_n=158  median=29.533  iqr_risk=9.267833512119235  downside=4.64109875399977  ret7=-0.015358865806832767  0.4s
679/2142 "AK-47 | Rat Rod (Factory New)"  steam_n=14  median=150.66  iqr_risk=9.454132497625004  downside=15.336007709190962  ret7=-0.06850696516122345  0.4s
680/2142 "M4A1-S | Electrum (Minimal Wear)"  steam_n=2850  median=3.9525  iqr_risk=8.622875982754245  downside=7.925437484149126  ret7=-0.0012623074981065185  0.4s
681/2142 "P2000 | Wicked Sick (Well-Worn)"  steam_n=1040  median=3.6145  iqr_risk=6.409905221059551  downside=3.9034679230811395  ret7=-0.02071973827699025  0.4s
682/2142 "Glock-18 | Coral Bloom (Factory New)"  steam_n=451  median=3.123  iqr_risk=4.682830647894272  downside=4.282325395113844  ret7=-0.014778325123152691  0.4s
683/2142 "Glock-18 | Water Elemental (Factory New)"  steam_n=109  median=75.906  iqr_risk=7.617517265320514  downside=6.683901304958438  ret7=0.05273962187642556  0.4s
684/2142 "Desert Eagle | Golden Koi (Factory New)"  steam_n=6  median=360.2565  iqr_risk=4.585448148849671  downside=2.783716366654331  ret7=-0.08873332597022399  0.5s
685/2142 "M4A1-S | Vaporwave (Field-Tested)"  steam_n=179  median=69.271  iqr_risk=9.41935894542529  downside=8.787158076257601  ret7=0.04043903982108854  0.4s
686/2142 "UMP-45 | Crimson Foil (Field-Tested)"  steam_n=805  median=4.031  iqr_risk=2.7957148865632386  downside=2.5483064895222483  ret7=0.03285678454978691  0.4s
687/2142 "USP-S | The Traitor (Well-Worn)"  steam_n=112  median=39.244  iqr_risk=3.897914185062211  downside=3.098056111716553  ret7=0.013492300792345535  0.5s
688/2142 "AK-47 | Nouveau Rouge (Factory New)"  steam_n=24  median=117.29  iqr_risk=5.847672944709485  downside=3.1646790097458584  ret7=-0.12488834385550562  0.4s
689/2142 "★ Paracord Knife | Doppler (Factory New)"  steam_n=43  median=265.89  iqr_risk=10.521707509337922  downside=5.484296806516852  ret7=-0.020100624152776025  0.4s
690/2142 "R8 Revolver | Grip (Factory New)"  steam_n=58  median=1.563  iqr_risk=6.388297379872239  downside=5.693917229886121  ret7=-0.12017167381974259  0.5s
691/2142 "AWP | Hyper Beast (Field-Tested)"  steam_n=129  median=43.519  iqr_risk=5.518498533086046  downside=4.251556470518883  ret7=0.004298420101973122  0.4s
692/2142 "AK-47 | Rat Rod (Field-Tested)"  steam_n=698  median=5.242  iqr_risk=1.7243993026605053  downside=1.3833093307056847  ret7=-0.029706646862235453  0.4s
693/2142 "AWP | Chrome Cannon (Battle-Scarred)"  steam_n=399  median=30.393  iqr_risk=7.574109238600098  downside=6.138407574438912  ret7=0.0739909533750871  0.4s
694/2142 "M4A4 | Desert-Strike (Field-Tested)"  steam_n=41  median=37.12  iqr_risk=10.038240917782021  downside=7.145728315661394  ret7=-0.06788881839167349  0.4s
695/2142 "StatTrak™ M4A1-S | Cyrex (Field-Tested)"  steam_n=11  median=199.003  iqr_risk=4.12529305325285  downside=4.761004088443975  ret7=-0.05937873066146915  0.4s
696/2142 "★ Survival Knife | Ultraviolet (Minimal Wear)"  steam_n=9  median=95.002  iqr_risk=10.264036679515948  downside=8.615820725644523  ret7=-0.013676415554371157  0.4s
697/2142 "AK-47 | The Empress (Battle-Scarred)"  steam_n=40  median=114.896  iqr_risk=5.2619052219444935  downside=6.841627306085102  ret7=0.03433318966703047  0.4s
698/2142 "PP-Bizon | Lumen (Factory New)"  steam_n=6  median=5.9725  iqr_risk=5.4418757731549245  downside=2.4286995108553837  ret7=-0.06977808281857689  0.5s
699/2142 "P90 | Astral Jörmungandr (Factory New)"  steam_n=0  median=None  iqr_risk=None  downside=None  ret7=None  0.4s
700/2142 "MP7 | Abyssal Apparition (Battle-Scarred)"  steam_n=622  median=6.7  iqr_risk=3.4496662335916835  downside=3.5840688141212342  ret7=-0.008119279598464701  0.4s
701/2142 "★ Moto Gloves | Eclipse (Field-Tested)"  steam_n=0  median=None  iqr_risk=None  downside=None  ret7=None  0.4s
702/2142 "M4A1-S | Guardian (Factory New)"  steam_n=17  median=101.224  iqr_risk=5.25766751280633  downside=3.6204796260522905  ret7=-0.10543230956967953  0.6s
703/2142 "AK-47 | Head Shot (Well-Worn)"  steam_n=318  median=36.091  iqr_risk=5.993032892890351  downside=4.408098574109448  ret7=-0.016970322300361107  0.5s
704/2142 "AK-47 | Slate (Factory New)"  steam_n=332  median=22.999  iqr_risk=8.773786937439427  downside=5.004926349046073  ret7=-0.013172573586201053  0.4s
705/2142 "M4A1-S | Electrum (Field-Tested)"  steam_n=3256  median=2.008  iqr_risk=4.398460538811409  downside=5.997900734742845  ret7=-0.05818864382918798  0.5s
706/2142 "StatTrak™ AK-47 | Nightwish (Field-Tested)"  steam_n=150  median=78.3915  iqr_risk=5.623417183459075  downside=5.830517661707762  ret7=0.019652691703190728  0.4s
707/2142 "MAC-10 | Stalker (Minimal Wear)"  steam_n=10  median=62.9945  iqr_risk=6.51347997960931  downside=5.915064426255264  ret7=0.03441086122650372  0.7s
708/2142 "USP-S | Cortex (Well-Worn)"  steam_n=850  median=3.923  iqr_risk=4.269041769041776  downside=4.27416052416053  ret7=-0.01891648436494664  0.6s
709/2142 "USP-S | Overgrowth (Field-Tested)"  steam_n=20  median=24.7175  iqr_risk=8.602911321672504  downside=6.961524082121623  ret7=0.12910284463894972  0.6s
710/2142 "AK-47 | Slate (Battle-Scarred)"  steam_n=2190  median=4.454  iqr_risk=4.8222496355276405  downside=3.9923741168554434  ret7=0.01492199864345456  0.5s
711/2142 "★ Broken Fang Gloves | Jade (Battle-Scarred)"  steam_n=13  median=95.031  iqr_risk=4.920846763362877  downside=3.4848828229922217  ret7=-0.01729111121505522  0.4s
712/2142 "Dual Berettas | Melondrama (Factory New)"  steam_n=106  median=24.299  iqr_risk=4.676243675651411  downside=4.3588165387280515  ret7=-0.02360752489856144  0.4s
713/2142 "StatTrak™ AK-47 | Elite Build (Well-Worn)"  steam_n=348  median=4.791  iqr_risk=5.688493167625069  downside=3.8459160328943374  ret7=0.018534299105240626  0.4s
714/2142 "AK-47 | Bloodsport (Field-Tested)"  steam_n=85  median=163.548  iqr_risk=8.159540246503063  downside=4.199949398200027  ret7=-0.06654327056426257  0.6s
715/2142 "M4A1-S | Golden Coil (Battle-Scarred)"  steam_n=46  median=61.551  iqr_risk=7.557855411305521  downside=4.602390735417992  ret7=0.009293942741339212  0.4s
716/2142 "M4A1-S | Decimator (Field-Tested)"  steam_n=732  median=15.067  iqr_risk=6.152081284824644  downside=4.568993772533601  ret7=0.015536816944426102  0.5s
717/2142 "★ Paracord Knife | Case Hardened (Well-Worn)"  steam_n=4  median=117.9545  iqr_risk=2.8268216145384293  downside=6.221249008586497  ret7=0.06390755221846711  0.4s
718/2142 "M4A1-S | Hyper Beast (Well-Worn)"  steam_n=43  median=130.88  iqr_risk=6.121961212783393  downside=4.056117029348385  ret7=0.005413742337022853  0.4s
719/2142 "SG 553 | Tiger Moth (Factory New)"  steam_n=21  median=9.179  iqr_risk=2.887063060079885  downside=2.9801941265340783  ret7=0.07492469879518082  0.5s
720/2142 "Galil AR | Chromatic Aberration (Minimal Wear)"  steam_n=317  median=8.896  iqr_risk=6.1400874295058046  downside=5.005506056662341  ret7=0.0244829513694802  0.4s
721/2142 "MAC-10 | Cat Fight (Factory New)"  steam_n=73  median=4.956  iqr_risk=10.318815826928553  downside=9.002277255906636  ret7=-0.053973168214654255  0.4s
722/2142 "M4A1-S | Chantico's Fire (Field-Tested)"  steam_n=39  median=138.405  iqr_risk=7.045964301714309  downside=7.304971640011949  ret7=-0.055629853027470255  0.4s
723/2142 "AK-47 | Ice Coaled (Field-Tested)"  steam_n=5577  median=5.179  iqr_risk=2.8535621324592633  downside=2.54506892895017  ret7=0.031636328239073475  0.4s
724/2142 "★ Survival Knife | Crimson Web (Field-Tested)"  steam_n=29  median=115.16  iqr_risk=8.58327601254243  downside=4.082314634740042  ret7=0.08085233934884362  0.4s
725/2142 "★ Broken Fang Gloves | Unhinged (Field-Tested)"  steam_n=109  median=72.852  iqr_risk=6.687458362882275  downside=4.392581608750792  ret7=-0.05091638867107029  0.4s
726/2142 "Five-SeveN | Heat Treated (Minimal Wear)"  steam_n=212  median=6.9  iqr_risk=10.491916504655691  downside=4.335925509055567  ret7=-0.02384846007086394  0.4s
727/2142 "AK-47 | Leet Museo (Field-Tested)"  steam_n=8  median=284.7275  iqr_risk=7.240510643928559  downside=12.590089733761564  ret7=-0.13405380212353812  0.4s
728/2142 "Galil AR | Rainbow Spoon (Factory New)"  steam_n=78  median=64.8155  iqr_risk=4.422728651669891  downside=3.1125799403683945  ret7=0.008288369304556342  0.4s
729/2142 "USP-S | Cyrex (Field-Tested)"  steam_n=790  median=4.833  iqr_risk=7.815422988983569  downside=7.960922885055083  ret7=0.06591099916036947  0.5s
730/2142 "SG 553 | Barricade (Minimal Wear)"  steam_n=6  median=11.408  iqr_risk=8.293851291106492  downside=5.834892218395415  ret7=-0.15411987980389064  0.4s
731/2142 "StatTrak™ Glock-18 | Water Elemental (Minimal Wear)"  steam_n=22  median=47.283  iqr_risk=9.14570103234396  downside=9.457623178605026  ret7=0.13594262522933231  0.4s
732/2142 "Desert Eagle | Mecha Industries (Minimal Wear)"  steam_n=613  median=9.611  iqr_risk=5.600574417889007  downside=2.4946148322904897  ret7=-0.010879419764279086  0.5s
733/2142 "AK-47 | Slate (Well-Worn)"  steam_n=2908  median=4.6  iqr_risk=5.1297656827370295  downside=3.69517019519193  ret7=0.020956123117223058  0.7s
734/2142 "Glock-18 | Ramese's Reach (Factory New)"  steam_n=7  median=85.145  iqr_risk=9.924358251241285  downside=8.135774396740198  ret7=-0.044409974182718415  0.4s
735/2142 "★ Survival Knife | Damascus Steel (Factory New)"  steam_n=18  median=96.022  iqr_risk=5.791930584600536  downside=6.2367997703901  ret7=0.15244221012179127  0.3s
736/2142 "Galil AR | Eco (Field-Tested)"  steam_n=283  median=14.692  iqr_risk=9.28832732273046  downside=4.267960459746254  ret7=-0.000689179875947632  0.5s
737/2142 "Glock-18 | Sacrifice (Factory New)"  steam_n=77  median=21.142  iqr_risk=17.681856897506666  downside=10.11854616877586  ret7=0.05292093147990884  0.7s
738/2142 "★ Bowie Knife | Freehand (Factory New)"  steam_n=27  median=106.44  iqr_risk=6.491891771069662  downside=5.475522573771284  ret7=-0.01871055618615214  0.4s
739/2142 "★ Talon Knife | Case Hardened (Minimal Wear)"  steam_n=2  median=571.397  iqr_risk=6.235944535935601  downside=4.988755628748501  ret7=None  0.3s
740/2142 "Glock-18 | Vogue (Minimal Wear)"  steam_n=700  median=7.41  iqr_risk=7.0542356130721044  downside=5.809527625305508  ret7=-0.042674993494665636  1.0s
741/2142 "FAMAS | Bad Trip (Well-Worn)"  steam_n=236  median=52.637  iqr_risk=7.232462608967744  downside=6.734106307107298  ret7=0.001415590626494545  0.4s
742/2142 "★ Hand Wraps | Arboreal (Minimal Wear)"  steam_n=15  median=116.703  iqr_risk=4.76374387956967  downside=11.738524059030771  ret7=-0.08131259107027045  0.4s
743/2142 "StatTrak™ Glock-18 | Vogue (Minimal Wear)"  steam_n=118  median=14.171  iqr_risk=6.232518756550041  downside=5.550967150878309  ret7=-0.025252173913043463  0.4s
744/2142 "AK-47 | Wasteland Rebel (Field-Tested)"  steam_n=34  median=94.874  iqr_risk=4.592906999685386  downside=7.7591088691831445  ret7=0.10554712719723502  0.5s
745/2142 "P90 | Nostalgia (Minimal Wear)"  steam_n=64  median=7.093  iqr_risk=16.70266079685466  downside=10.695794224326491  ret7=-0.036565977742448186  0.6s
746/2142 "★ Hydra Gloves | Rattler (Field-Tested)"  steam_n=238  median=41.1  iqr_risk=4.391483213455405  downside=3.3699148854675087  ret7=-0.005869495812765635  0.5s
747/2142 "FAMAS | Valence (Factory New)"  steam_n=14  median=33.2255  iqr_risk=4.492043034853741  downside=3.089207665583311  ret7=-0.15362786701726072  0.5s
748/2142 "P90 | Asiimov (Minimal Wear)"  steam_n=51  median=222.408  iqr_risk=9.437413320648286  downside=4.8006681986997775  ret7=0.0008057463682324961  0.5s
749/2142 "XM1014 | XOXO (Well-Worn)"  steam_n=108  median=3.827  iqr_risk=5.994636377977605  downside=6.615133827627908  ret7=-0.018278454757583606  0.4s
750/2142 "Tec-9 | Whiteout (Minimal Wear)"  steam_n=91  median=37.731  iqr_risk=7.527522261505978  downside=4.113188765708123  ret7=0.026872880485047768  0.5s
751/2142 "M4A1-S | Cyrex (Minimal Wear)"  steam_n=52  median=208.011  iqr_risk=1.7744202136611307  downside=1.4420999990890082  ret7=0.01614942204264791  0.6s
752/2142 "AK-47 | Head Shot (Minimal Wear)"  steam_n=231  median=64.86  iqr_risk=8.54080298786182  downside=5.357236227824461  ret7=-0.027451232652010993  0.5s
753/2142 "AUG | Random Access (Factory New)"  steam_n=67  median=12.983  iqr_risk=4.903235676585329  downside=7.528493842270338  ret7=-0.029110472400324272  0.4s
754/2142 "P250 | Contamination (Factory New)"  steam_n=3  median=21.0  iqr_risk=16.36751488787691  downside=24.849552710142582  ret7=0.4059800664451827  0.5s
755/2142 "AK-47 | Point Disarray (Field-Tested)"  steam_n=736  median=16.228  iqr_risk=2.165820642978005  downside=1.581295185356108  ret7=0.004714347745177205  0.5s
756/2142 "USP-S | Blueprint (Field-Tested)"  steam_n=146  median=7.8  iqr_risk=9.065768302493963  downside=7.6805108608205925  ret7=-0.12681436210847985  0.7s
757/2142 "M4A1-S | Golden Coil (Field-Tested)"  steam_n=62  median=81.5505  iqr_risk=8.60067923177371  downside=3.8897852142751552  ret7=0.0008278452547167969  0.4s
758/2142 "★ Specialist Gloves | Marble Fade (Field-Tested)"  steam_n=37  median=190.002  iqr_risk=13.552615680544712  downside=6.151642361180191  ret7=-0.020826159136115296  0.4s
759/2142 "AK-47 | Aquamarine Revenge (Field-Tested)"  steam_n=136  median=48.993  iqr_risk=4.3019703557631646  downside=4.049008356636019  ret7=-0.031019294000868558  0.5s
760/2142 "Galil AR | Tuxedo (Factory New)"  steam_n=336  median=5.341  iqr_risk=9.04561901125476  downside=6.181930580556007  ret7=0.0055576849367573455  0.7s
761/2142 "UMP-45 | Crimson Foil (Factory New)"  steam_n=134  median=11.685  iqr_risk=5.552165444833619  downside=5.374950889834411  ret7=0.013069209271740823  0.4s
762/2142 "USP-S | The Traitor (Field-Tested)"  steam_n=191  median=43.003  iqr_risk=5.130718277551145  downside=3.108340983395337  ret7=0.028478798339319766  0.4s
763/2142 "MAC-10 | Heat (Factory New)"  steam_n=18  median=19.489  iqr_risk=9.96078585538923  downside=8.398116934810169  ret7=-0.07802419354838697  0.5s
764/2142 "StatTrak™ Galil AR | Galigator (Minimal Wear)"  steam_n=210  median=4.0035  iqr_risk=4.250352575013381  downside=2.626075961678735  ret7=0.017443309244953964  0.5s
765/2142 "USP-S | Black Lotus (Minimal Wear)"  steam_n=414  median=3.73  iqr_risk=6.625886571571706  downside=4.271363408653464  ret7=-0.1218872870249017  0.4s
766/2142 "★ Driver Gloves | Black Tie (Field-Tested)"  steam_n=50  median=166.81  iqr_risk=10.890706571379367  downside=14.456742820624305  ret7=-0.04859316766488464  0.4s
767/2142 "AWP | Printstream (Field-Tested)"  steam_n=594  median=59.713  iqr_risk=3.9000283820558606  downside=3.5844867021720592  ret7=-0.022482135634353417  0.5s
768/2142 "USP-S | Orion (Factory New)"  steam_n=8  median=201.504  iqr_risk=8.280630001307477  downside=7.870462188021973  ret7=-0.13503664615819644  0.5s
769/2142 "PP-Bizon | Judgement of Anubis (Field-Tested)"  steam_n=44  median=137.0025  iqr_risk=8.264174602484161  downside=8.610355735612407  ret7=-0.028552711680474352  0.6s
770/2142 "★ Shadow Daggers | Fade (Factory New)"  steam_n=10  median=178.7005  iqr_risk=8.726731924128584  downside=7.596090895292808  ret7=-0.09101037940538304  0.7s
771/2142 "★ Falchion Knife | Lore (Field-Tested)"  steam_n=70  median=130.706  iqr_risk=3.5838004175436033  downside=7.046915471694034  ret7=-0.03585424646189783  0.4s
772/2142 "AWP | Green Energy (Factory New)"  steam_n=82  median=73.2305  iqr_risk=5.819960866312924  downside=4.552077751679702  ret7=0.11753161796772771  0.4s
773/2142 "Five-SeveN | Heat Treated (Well-Worn)"  steam_n=260  median=3.961  iqr_risk=2.07807976090407  downside=3.5911086205286247  ret7=-0.026508457460237334  0.4s
774/2142 "AK-47 | Rat Rod (Minimal Wear)"  steam_n=131  median=11.848  iqr_risk=4.304268399496167  downside=4.4377340863022505  ret7=-0.044434013924743776  0.4s
775/2142 "USP-S | Serum (Factory New)"  steam_n=3  median=154.359  iqr_risk=6.159008517656236  downside=2.466649279809739  ret7=-0.13219544281594164  0.6s
776/2142 "StatTrak™ FAMAS | Rapid Eye Movement (Minimal Wear)"  steam_n=143  median=8.9  iqr_risk=8.465963031216834  downside=6.319316468420184  ret7=-0.201962574167047  0.4s
777/2142 "P250 | Kintsugi (Field-Tested)"  steam_n=687  median=7.656  iqr_risk=4.1750946527669734  downside=3.3322960427363686  ret7=-0.03486285567803116  0.4s
778/2142 "P90 | Asiimov (Well-Worn)"  steam_n=20  median=198.071  iqr_risk=1.9885804795176845  downside=6.665167907826324  ret7=0.012536714112596936  0.5s
779/2142 "AK-47 | Ice Coaled (Minimal Wear)"  steam_n=1771  median=9.854  iqr_risk=4.208175884575757  downside=2.9906844221714732  ret7=0.004316546762589857  0.4s
780/2142 "FAMAS | Rapid Eye Movement (Factory New)"  steam_n=97  median=26.092  iqr_risk=1.7850236515633846  downside=3.4644334037425977  ret7=-0.02332459752901539  0.4s
781/2142 "StatTrak™ AWP | Mortis (Field-Tested)"  steam_n=352  median=7.56  iqr_risk=4.110632485816344  downside=3.033725572599284  ret7=-0.01616506768300696  0.5s
782/2142 "P250 | Kintsugi (Minimal Wear)"  steam_n=526  median=14.7075  iqr_risk=2.6877711496746177  downside=3.5046095444685426  ret7=0.03754125412541254  0.9s
783/2142 "M4A1-S | Printstream (Field-Tested)"  steam_n=60  median=248.1295  iqr_risk=9.759031871520866  downside=7.633041751895564  ret7=-0.0216613583119023  0.5s
784/2142 "PP-Bizon | High Roller (Minimal Wear)"  steam_n=58  median=12.8965  iqr_risk=6.092635757310021  downside=5.711846022478132  ret7=-0.0011458253762125503  0.5s
785/2142 "Sawed-Off | Kiss♥Love (Battle-Scarred)"  steam_n=413  median=3.706  iqr_risk=12.428807153883007  downside=5.988183318251985  ret7=0.09563066776586981  0.4s
786/2142 "USP-S | Cortex (Field-Tested)"  steam_n=1738  median=4.402  iqr_risk=4.512635379061376  downside=3.294223826714799  ret7=0.046119235095613  0.4s
787/2142 "AUG | Fleet Flock (Field-Tested)"  steam_n=68  median=13.1415  iqr_risk=6.16423051139998  downside=9.040614573781996  ret7=-0.10534425999859909  0.4s
788/2142 "USP-S | Whiteout (Minimal Wear)"  steam_n=19  median=160.545  iqr_risk=9.448296182696655  downside=2.6007220677976775  ret7=-0.07364799940542233  0.4s
789/2142 "MP7 | Fade (Field-Tested)"  steam_n=250  median=10.779  iqr_risk=5.84212547312989  downside=5.403280367167066  ret7=0.11748417721519  0.6s
790/2142 "AK-47 | Vulcan (Field-Tested)"  steam_n=17  median=240.81  iqr_risk=21.246876448192197  downside=6.204105369328764  ret7=0.13226705736320543  0.5s
791/2142 "AWP | Black Nile (Minimal Wear)"  steam_n=473  median=7.274  iqr_risk=11.202806139790354  downside=6.525906489198271  ret7=-0.052449487960143815  0.4s
792/2142 "★ Stiletto Knife | Scorched (Minimal Wear)"  steam_n=4  median=197.5195  iqr_risk=8.334083455259929  downside=9.39172994390105  ret7=-0.07053997628482545  0.4s
793/2142 "Five-SeveN | Heat Treated (Factory New)"  steam_n=55  median=40.82  iqr_risk=8.71065832633352  downside=4.542447008695408  ret7=0.1179279123271404  0.4s
794/2142 "M4A1-S | Player Two (Battle-Scarred)"  steam_n=34  median=61.0475  iqr_risk=5.984294961367407  downside=4.04434629917113  ret7=-0.14101247248716076  0.5s
795/2142 "FAMAS | ZX Spectron (Factory New)"  steam_n=24  median=80.229  iqr_risk=8.036874303877239  downside=6.931221505166177  ret7=-0.04084907390427295  0.4s
796/2142 "FAMAS | Rapid Eye Movement (Well-Worn)"  steam_n=979  median=7.028  iqr_risk=1.9747403713648346  downside=1.9179133103183705  ret7=-0.0024147727272727515  0.5s
797/2142 "Glock-18 | Shinobu (Minimal Wear)"  steam_n=904  median=11.081  iqr_risk=3.4525820246523127  downside=3.108491752614368  ret7=0.09195925050027287  0.4s
798/2142 "Glock-18 | Block-18 (Factory New)"  steam_n=1172  median=2.783  iqr_risk=1.5470964956465478  downside=1.8709073900841926  ret7=-0.01963534361851338  0.4s
799/2142 "UMP-45 | Scaffold (Factory New)"  steam_n=12  median=8.0835  iqr_risk=3.131550054895702  downside=7.974847789200528  ret7=-0.11598676957001097  0.4s
800/2142 "SSG 08 | Blood in the Water (Minimal Wear)"  steam_n=29  median=112.7  iqr_risk=6.987838882363112  downside=2.889037083279355  ret7=-0.05049202834552058  0.5s
801/2142 "Galil AR | Aqua Terrace (Factory New)"  steam_n=0  median=None  iqr_risk=None  downside=None  ret7=None  0.6s
802/2142 "M4A1-S | Control Panel (Minimal Wear)"  steam_n=40  median=58.456  iqr_risk=6.5322221125672515  downside=6.37568019166176  ret7=0.12405988978615734  0.4s
803/2142 "AWP | Mortis (Factory New)"  steam_n=120  median=27.37  iqr_risk=5.522441002385642  downside=4.919423829958895  ret7=-0.11013257725753567  0.5s
804/2142 "USP-S | Black Lotus (Factory New)"  steam_n=51  median=45.989  iqr_risk=6.051606641420529  downside=8.07157403989331  ret7=-0.02841865531240717  0.4s
805/2142 "SG 553 | Integrale (Battle-Scarred)"  steam_n=200  median=3.955  iqr_risk=3.9520112914608454  downside=5.318076418993846  ret7=0.04065040650406515  0.4s
806/2142 "StatTrak™ M4A4 | The Battlestar (Field-Tested)"  steam_n=7  median=45.013  iqr_risk=10.981754090264461  downside=14.43724032314335  ret7=0.23030028214429654  0.4s
807/2142 "MP7 | Abyssal Apparition (Well-Worn)"  steam_n=937  median=7.015  iqr_risk=1.6385967912000132  downside=1.923570146191328  ret7=0.02088920254057869  0.5s
808/2142 "AWP | BOOM (Minimal Wear)"  steam_n=10  median=190.278  iqr_risk=5.374525734134061  downside=0.7769879403714063  ret7=-0.2222505259006048  0.4s
809/2142 "StatTrak™ AK-47 | Legion of Anubis (Field-Tested)"  steam_n=102  median=46.274  iqr_risk=4.740148734369431  downside=5.713994394258897  ret7=0.055158787102756346  0.5s
810/2142 "UMP-45 | Primal Saber (Factory New)"  steam_n=17  median=28.015  iqr_risk=9.751973956366117  downside=13.064983183150783  ret7=-0.05284700903619677  0.8s
811/2142 "★ Sport Gloves | Scarlet Shamagh (Field-Tested)"  steam_n=17  median=277.087  iqr_risk=9.302443118744405  downside=15.140585373778212  ret7=-0.012530158266305103  0.4s
812/2142 "★ Sport Gloves | Amphibious (Field-Tested)"  steam_n=30  median=401.7815  iqr_risk=3.5878594366545538  downside=1.1486302015550887  ret7=-0.0038919425328024504  0.4s
813/2142 "StatTrak™ M4A1-S | Black Lotus (Minimal Wear)"  steam_n=158  median=25.9805  iqr_risk=4.159054230991751  downside=3.712965500441522  ret7=-0.02282915803352803  0.4s
814/2142 "XM1014 | Incinegator (Field-Tested)"  steam_n=304  median=6.84  iqr_risk=3.45419847328245  downside=5.945390487375224  ret7=-0.02229526940117188  1.0s
815/2142 "StatTrak™ AWP | Duality (Minimal Wear)"  steam_n=185  median=11.277  iqr_risk=7.651270532079178  downside=5.061069773971629  ret7=-0.051615394516668744  0.4s
816/2142 "XM1014 | XOXO (Minimal Wear)"  steam_n=140  median=6.936  iqr_risk=3.1225945129478725  downside=11.254411572480498  ret7=-0.0005829204313612113  0.4s
817/2142 "Nova | Graphite (Factory New)"  steam_n=24  median=14.975  iqr_risk=11.043909214306007  downside=11.35705041194482  ret7=0.07076232554877615  0.4s
818/2142 "AK-47 | The Empress (Factory New)"  steam_n=9  median=319.93  iqr_risk=16.173943989640982  downside=6.7512765422806975  ret7=0.039642426071213155  0.5s
819/2142 "AWP | Neo-Noir (Field-Tested)"  steam_n=203  median=49.392  iqr_risk=4.198516551143353  downside=3.0223650968452462  ret7=0.01545244850884897  0.6s
820/2142 "Glock-18 | Snack Attack (Field-Tested)"  steam_n=62  median=22.999  iqr_risk=6.509311390212198  downside=5.148549155478564  ret7=-0.06214983191932133  0.4s
821/2142 "M4A4 | Polysoup (Field-Tested)"  steam_n=76  median=15.386  iqr_risk=11.154076090413026  downside=6.2359286159481995  ret7=-0.03245709034819999  0.4s
822/2142 "P250 | Whiteout (Minimal Wear)"  steam_n=8  median=121.9075  iqr_risk=4.933993568786417  downside=2.3448416406466563  ret7=-0.058716455562353165  0.4s
823/2142 "M4A4 | Neo-Noir (Minimal Wear)"  steam_n=102  median=69.7155  iqr_risk=7.934622369404981  downside=9.935120891642644  ret7=-0.028319706794474264  0.4s
824/2142 "StatTrak™ AK-47 | Phantom Disruptor (Field-Tested)"  steam_n=241  median=15.115  iqr_risk=4.729455180085669  downside=5.635378989228832  ret7=-0.1511779252896005  0.4s
825/2142 "Sawed-Off | Kiss♥Love (Field-Tested)"  steam_n=880  median=4.493  iqr_risk=4.905660377358492  downside=4.654827968923433  ret7=-0.014902476440937895  0.4s
826/2142 "M4A1-S | Glitched Paint (Factory New)"  steam_n=340  median=11.936  iqr_risk=2.4925974873279024  downside=3.504692440236216  ret7=0.01402756002970551  0.4s
827/2142 "M4A1-S | Basilisk (Minimal Wear)"  steam_n=206  median=13.3985  iqr_risk=6.622938015722071  downside=4.3644279236604815  ret7=-0.050564349861970115  0.5s
828/2142 "MP7 | Bloodsport (Field-Tested)"  steam_n=234  median=40.954  iqr_risk=9.507472147474715  downside=10.435601903122299  ret7=-0.06519497562804644  0.7s
829/2142 "M4A4 | Eye of Horus (Battle-Scarred)"  steam_n=2  median=204.815  iqr_risk=0.10643751678344737  downside=0.0851500134267468  ret7=-0.14951114880031924  0.4s
830/2142 "StatTrak™ AWP | Worm God (Minimal Wear)"  steam_n=187  median=6.779  iqr_risk=3.7219039865080883  downside=3.242127300747287  ret7=-0.031218673922382978  0.5s
831/2142 "FAMAS | Waters of Nephthys (Field-Tested)"  steam_n=12  median=60.9385  iqr_risk=7.890744558307519  downside=11.058827044307014  ret7=-0.17445015297581257  0.4s
832/2142 "★ Hand Wraps | Giraffe (Minimal Wear)"  steam_n=3  median=125.664  iqr_risk=2.73882062152416  downside=0.14204478791055175  ret7=-0.09939601311268453  0.4s
833/2142 "M4A1-S | Nitro (Factory New)"  steam_n=124  median=39.72  iqr_risk=7.983455153266459  downside=10.31477446571785  ret7=-0.031361586168013544  0.5s
834/2142 "P250 | Black & Tan (Factory New)"  steam_n=9  median=7.983  iqr_risk=6.148358774817924  downside=4.157936745485374  ret7=-0.03724207347760444  0.4s
835/2142 "AK-47 | Aquamarine Revenge (Minimal Wear)"  steam_n=45  median=85.739  iqr_risk=7.503787122608829  downside=10.106039433047206  ret7=0.0701625233591936  0.6s
836/2142 "★ Paracord Knife | Marble Fade (Factory New)"  steam_n=73  median=175.421  iqr_risk=8.617700283466567  downside=6.9449590639437355  ret7=-0.028868465353291795  0.4s
837/2142 "★ Driver Gloves | Imperial Plaid (Battle-Scarred)"  steam_n=17  median=151.356  iqr_risk=2.968757913765766  downside=1.447756483930919  ret7=-0.10867500610533742  0.6s
838/2142 "AWP | Queen's Gambit (Field-Tested)"  steam_n=176  median=75.952  iqr_risk=4.153183503515512  downside=4.107830551989732  ret7=0.02012001870421365  0.4s
839/2142 "AUG | Death by Puppy (Field-Tested)"  steam_n=99  median=4.81  iqr_risk=7.860822076498226  downside=7.4595064231190875  ret7=-0.04244114002478305  0.4s
840/2142 "Galil AR | Stone Cold (Factory New)"  steam_n=53  median=39.215  iqr_risk=8.952030018424042  downside=3.0248411958372206  ret7=0.13584277236621234  0.4s
841/2142 "AK-47 | Frontside Misty (Factory New)"  steam_n=6  median=159.913  iqr_risk=4.689909871390907  downside=7.552957141662109  ret7=-0.07555067979169583  0.5s
842/2142 "★ Falchion Knife | Bright Water (Factory New)"  steam_n=26  median=109.2125  iqr_risk=7.267979938510481  downside=10.011280185154463  ret7=0.0843185600984353  0.4s
843/2142 "StatTrak™ AUG | Stymphalian (Field-Tested)"  steam_n=79  median=4.493  iqr_risk=5.86957996878605  downside=11.531066929044814  ret7=-0.0005965875193891801  0.8s
844/2142 "M4A4 | Hellfire (Minimal Wear)"  steam_n=2  median=271.6515  iqr_risk=13.747908625573583  downside=10.99835634995573  ret7=-0.219250898869623  0.4s
845/2142 "M4A1-S | Printstream (Well-Worn)"  steam_n=6  median=234.4675  iqr_risk=12.532839177651702  downside=15.757900575543934  ret7=-0.07888026696594763  0.4s
846/2142 "MAG-7 | Bulldozer (Field-Tested)"  steam_n=23  median=17.64  iqr_risk=10.172644306225658  downside=15.22408882171714  ret7=0.23700972175662094  0.6s
847/2142 "M4A1-S | Black Lotus (Factory New)"  steam_n=430  median=19.387  iqr_risk=4.415999348792716  downside=3.6884787187496895  ret7=-0.03837910581667747  0.5s
848/2142 "FAMAS | Waters of Nephthys (Minimal Wear)"  steam_n=7  median=115.175  iqr_risk=4.250306058271428  downside=3.6590679091323923  ret7=-0.10825126948847319  0.4s
849/2142 "Five-SeveN | Heat Treated (Field-Tested)"  steam_n=430  median=4.142  iqr_risk=6.4565350074112775  downside=3.3786729444589816  ret7=-0.023033570203381593  0.3s
850/2142 "Desert Eagle | Mecha Industries (Factory New)"  steam_n=226  median=18.1805  iqr_risk=18.54907568384993  downside=4.554713137942724  ret7=0.32158875979465007  0.5s
851/2142 "AWP | Hyper Beast (Factory New)"  steam_n=1  median=307.66  iqr_risk=0.0  downside=0.0  ret7=0.12881211658692648  0.5s
852/2142 "★ Specialist Gloves | Crimson Web (Field-Tested)"  steam_n=64  median=177.996  iqr_risk=9.78409427852786  downside=5.542976053429798  ret7=0.003857835912185914  0.5s
853/2142 "★ StatTrak™ Navaja Knife | Doppler (Factory New)"  steam_n=2  median=189.996  iqr_risk=8.158066485610222  downside=6.526453188488181  ret7=-0.25221156820290747  0.4s
854/2142 "M4A1-S | Decimator (Minimal Wear)"  steam_n=279  median=24.73  iqr_risk=7.577944858190391  downside=4.508007071693849  ret7=-0.024198692393557653  0.6s
855/2142 "Dual Berettas | Royal Consorts (Minimal Wear)"  steam_n=191  median=11.735  iqr_risk=9.03117796510357  downside=7.9248902125082035  ret7=0.1510347129506009  0.4s
856/2142 "P90 | Shallow Grave (Factory New)"  steam_n=11  median=80.539  iqr_risk=3.2925402146101588  downside=2.499157030366748  ret7=-0.045572190100796606  0.4s
857/2142 "AWP | Atheris (Well-Worn)"  steam_n=1429  median=4.6  iqr_risk=5.055107176950439  downside=4.773062570511146  ret7=0.05935678825814805  0.5s
858/2142 "StatTrak™ M4A4 | Desert-Strike (Field-Tested)"  steam_n=16  median=41.12  iqr_risk=7.047128112205975  downside=1.9371924411695922  ret7=0.14373187238156637  0.5s
859/2142 "AK-47 | Frontside Misty (Field-Tested)"  steam_n=713  median=20.179  iqr_risk=4.29565412426679  downside=2.7256193592112647  ret7=0.10290708904771106  0.5s
860/2142 "Sawed-Off | Wasteland Princess (Field-Tested)"  steam_n=80  median=41.857  iqr_risk=8.06316102797502  downside=6.757308214870393  ret7=-0.048518619189997336  0.4s
861/2142 "★ Huntsman Knife | Damascus Steel (Minimal Wear)"  steam_n=11  median=122.33  iqr_risk=8.437457585821772  downside=6.6211087291036055  ret7=-0.028126327484233715  0.4s
862/2142 "AWP | Wildfire (Field-Tested)"  steam_n=151  median=57.292  iqr_risk=6.243403034086919  downside=5.605265154912282  ret7=-0.02006754567008373  0.5s
863/2142 "Glock-18 | Green Line (Factory New)"  steam_n=207  median=29.368  iqr_risk=18.91529200711974  downside=16.450365096494792  ret7=0.17465160075329567  0.4s
864/2142 "Desert Eagle | Conspiracy (Field-Tested)"  steam_n=65  median=21.677  iqr_risk=2.3232488162160787  downside=2.9996967647127457  ret7=-0.031173826508933966  0.4s
865/2142 "AK-47 | Nightwish (Factory New)"  steam_n=40  median=150.363  iqr_risk=9.435477415907945  downside=10.344060145287335  ret7=0.08111759846543731  0.4s
866/2142 "M4A4 | Desert-Strike (Minimal Wear)"  steam_n=31  median=40.952  iqr_risk=5.246203065152975  downside=5.057650312282793  ret7=0.03110081769627082  0.4s
867/2142 "★ Survival Knife | Marble Fade (Factory New)"  steam_n=74  median=169.266  iqr_risk=3.9280765790607313  downside=8.076447612998734  ret7=0.0006065046118370887  0.4s
868/2142 "★ Driver Gloves | Imperial Plaid (Minimal Wear)"  steam_n=16  median=420.1415  iqr_risk=11.651764864784084  downside=6.807395893294746  ret7=0.36791460367298034  0.4s
869/2142 "Desert Eagle | Mint Fan (Factory New)"  steam_n=813  median=1.78  iqr_risk=3.4974740465219534  downside=1.9430411369566383  ret7=0.042134831460674205  0.4s
870/2142 "Sawed-Off | The Kraken (Minimal Wear)"  steam_n=6  median=92.9555  iqr_risk=0.826761092333278  downside=0.27147379151242035  ret7=0.09853760034047787  5.6s
871/2142 "StatTrak™ M4A1-S | Leaded Glass (Field-Tested)"  steam_n=176  median=14.773  iqr_risk=4.2853193254078  downside=6.918548588305898  ret7=0.028530180118245596  0.4s
872/2142 "StatTrak™ M4A1-S | Cyrex (Factory New)"  steam_n=3  median=273.73  iqr_risk=8.122159916733205  downside=3.945089965542689  ret7=-0.12500680521609076  0.4s
873/2142 "P90 | Attack Vector (Minimal Wear)"  steam_n=26  median=14.095  iqr_risk=7.949696372886929  downside=5.1390940423436735  ret7=0.13882745368188254  0.4s
874/2142 "AWP | Green Energy (Battle-Scarred)"  steam_n=637  median=8.027  iqr_risk=2.9250132955149666  downside=8.45848000607794  ret7=0.16611131679624802  0.4s
875/2142 "Dual Berettas | Cobra Strike (Minimal Wear)"  steam_n=5  median=80.504  iqr_risk=5.862702442534563  downside=1.4348788501907457  ret7=-0.11244472520530635  0.4s
876/2142 "MP9 | Arctic Tri-Tone (Field-Tested)"  steam_n=690  median=4.033  iqr_risk=3.0060367130713286  downside=1.7740544536158802  ret7=0.04312736443883991  0.4s
877/2142 "FAMAS | Commemoration (Minimal Wear)"  steam_n=55  median=41.89  iqr_risk=5.943085301170651  downside=3.8925968364972223  ret7=0.06440042578793914  0.4s
878/2142 "MP9 | Mount Fuji (Field-Tested)"  steam_n=311  median=7.161  iqr_risk=5.857752174153881  downside=5.040713454827451  ret7=0.0001414227124876266  0.5s
879/2142 "M4A4 | Asiimov (Battle-Scarred)"  steam_n=19  median=113.424  iqr_risk=13.950499678945135  downside=12.570285293299014  ret7=0.11413534534954128  0.4s
880/2142 "Galil AR | Dusk Ruins (Factory New)"  steam_n=3  median=67.81  iqr_risk=6.137848532253616  downside=9.710131591055493  ret7=-0.08175010494671409  0.4s
881/2142 "AWP | Redline (Minimal Wear)"  steam_n=38  median=85.6775  iqr_risk=8.601330095925976  downside=3.9955685023111207  ret7=0.1677287731523931  0.4s
882/2142 "MAC-10 | Surfwood (Field-Tested)"  steam_n=18  median=5.59  iqr_risk=2.645168279647545  downside=8.74981944243824  ret7=-0.03685589519650645  0.4s
883/2142 "★ Bowie Knife | Lore (Field-Tested)"  steam_n=80  median=115.887  iqr_risk=7.294708812918749  downside=7.28165263700395  ret7=-0.06414701803051326  0.4s
884/2142 "Tec-9 | Isaac (Factory New)"  steam_n=22  median=27.466  iqr_risk=6.331868473484155  downside=5.168929898684453  ret7=-0.05193538451007895  0.5s
885/2142 "SSG 08 | Dragonfire (Minimal Wear)"  steam_n=33  median=396.517  iqr_risk=12.811370486341733  downside=8.801432932470405  ret7=-0.08154997037329648  0.4s
886/2142 "★ Sport Gloves | Vice (Field-Tested)"  steam_n=27  median=576.928  iqr_risk=23.742448525816425  downside=2.5371078084721983  ret7=0.0138594703673387  0.4s
887/2142 "AK-47 | Phantom Disruptor (Battle-Scarred)"  steam_n=401  median=6.029  iqr_risk=2.807728730208843  downside=3.804555498330317  ret7=-0.004318936877076407  0.7s
888/2142 "★ Moto Gloves | Smoke Out (Field-Tested)"  steam_n=48  median=150.5025  iqr_risk=10.366532877163479  downside=6.657932909103326  ret7=-0.0341387591812814  0.4s
889/2142 "StatTrak™ Zeus x27 | Olympus (Field-Tested)"  steam_n=273  median=6.893  iqr_risk=4.533725964692333  downside=8.834205577503388  ret7=0.008974547594527094  0.4s
890/2142 "M4A1-S | Flashback (Field-Tested)"  steam_n=563  median=5.622  iqr_risk=9.253622306100086  downside=6.435789949731263  ret7=0.006228866346325024  0.5s
891/2142 "StatTrak™ AWP | PAW (Field-Tested)"  steam_n=213  median=6.159  iqr_risk=9.67886673931157  downside=4.45484263829241  ret7=-0.12142751369761595  0.4s
892/2142 "★ Kukri Knife | Crimson Web (Field-Tested)"  steam_n=74  median=118.0095  iqr_risk=6.679199137928116  downside=7.45183781428297  ret7=-0.00576839262671236  0.4s
893/2142 "M4A1-S | Leaded Glass (Well-Worn)"  steam_n=53  median=10.794  iqr_risk=5.0097514534749354  downside=4.159387738124958  ret7=0.013180515759312339  0.4s
894/2142 "Glock-18 | Neo-Noir (Field-Tested)"  steam_n=78  median=47.7035  iqr_risk=6.6902232463806115  downside=8.600751814706971  ret7=-0.27828984119383937  0.4s
895/2142 "AK-47 | The Empress (Well-Worn)"  steam_n=48  median=114.994  iqr_risk=3.3300434925137123  downside=4.617463970983955  ret7=-0.042712961276687555  0.6s
896/2142 "AWP | PAW (Factory New)"  steam_n=283  median=10.792  iqr_risk=5.289287934754781  downside=4.598983286398713  ret7=-0.04124687849823472  0.4s
897/2142 "M4A1-S | Master Piece (Minimal Wear)"  steam_n=1  median=215.014  iqr_risk=0.0  downside=0.0  ret7=-0.07004082903705744  0.5s
898/2142 "★ Sport Gloves | Scarlet Shamagh (Well-Worn)"  steam_n=4  median=211.725  iqr_risk=9.55417089759466  downside=4.009804914348669  ret7=-0.12979380075253943  0.4s
899/2142 "Glock-18 | Fully Tuned (Well-Worn)"  steam_n=323  median=68.943  iqr_risk=2.776358297263985  downside=2.4385947288501004  ret7=0.007884918090130144  0.4s
900/2142 "MAG-7 | Justice (Field-Tested)"  steam_n=218  median=6.361  iqr_risk=4.794240623722842  downside=4.668490049985849  ret7=-0.04628616106333061  0.4s
901/2142 "MP5-SD | Desert Strike (Factory New)"  steam_n=19  median=1.553  iqr_risk=6.388526727509785  downside=7.418513689700124  ret7=-0.11184971098265895  0.4s
902/2142 "USP-S | Guardian (Minimal Wear)"  steam_n=169  median=4.279  iqr_risk=10.20431098424402  downside=4.414375941201585  ret7=-0.2530405769023787  0.5s
903/2142 "★ Sport Gloves | Blaze (Battle-Scarred)"  steam_n=21  median=155.975  iqr_risk=2.5536652757703133  downside=3.260392140839747  ret7=-0.05540793229012919  0.4s
904/2142 "StatTrak™ AK-47 | Searing Rage (Field-Tested)"  steam_n=466  median=10.089  iqr_risk=7.231496747060506  downside=6.081367912886376  ret7=0.06645136034449006  0.4s
905/2142 "SG 553 | Gator Mesh (Factory New)"  steam_n=3  median=17.008  iqr_risk=1.4065281899109692  downside=2.250445103857572  ret7=None  0.5s
906/2142 "FAMAS | Styx (Field-Tested)"  steam_n=36  median=15.0125  iqr_risk=6.690282856528287  downside=6.940336631533656  ret7=-0.0716850645032584  0.6s
907/2142 "AK-47 | Midnight Laminate (Battle-Scarred)"  steam_n=1189  median=3.025  iqr_risk=5.693463903438846  downside=3.0256693886846464  ret7=-0.004895561357702416  0.4s
908/2142 "AWP | Atheris (Minimal Wear)"  steam_n=1039  median=10.689  iqr_risk=7.463588285047719  downside=5.409474946323516  ret7=-0.07289985761746565  0.4s
909/2142 "M4A1-S | Decimator (Battle-Scarred)"  steam_n=256  median=14.496  iqr_risk=8.552235672801057  downside=8.806241690574486  ret7=0.10125467752586403  0.5s
910/2142 "AK-47 | Crane Flight (Field-Tested)"  steam_n=1454  median=23.0  iqr_risk=4.485079979605418  downside=4.299281868696911  ret7=0.02434094525437569  0.4s
911/2142 "StatTrak™ P90 | Asiimov (Field-Tested)"  steam_n=5  median=207.353  iqr_risk=7.238144743992618  downside=1.2933865746757056  ret7=0.09280704535097972  0.5s
912/2142 "M4A1-S | Flashback (Well-Worn)"  steam_n=242  median=4.511  iqr_risk=6.064496137757023  downside=9.91567251720857  ret7=-0.04207758053911881  0.6s
913/2142 "★ Bowie Knife | Autotronic (Battle-Scarred)"  steam_n=21  median=103.5  iqr_risk=10.697658743723188  downside=9.67603714812551  ret7=-0.1270535772592848  0.4s
914/2142 "AK-47 | Blue Laminate (Minimal Wear)"  steam_n=164  median=20.431  iqr_risk=9.785212201303251  downside=5.603348968227409  ret7=-0.0012051677593520882  0.4s
915/2142 "AUG | Lil' Pig (Field-Tested)"  steam_n=6  median=52.7815  iqr_risk=1.7256605269797844  downside=1.676098475291064  ret7=-0.1756239652641114  0.4s
916/2142 "StatTrak™ Glock-18 | Shinobu (Minimal Wear)"  steam_n=129  median=23.676  iqr_risk=5.605343395717869  downside=6.746626686656658  ret7=-0.04816523651416482  0.4s
917/2142 "AUG | Spalted Wood (Factory New)"  steam_n=140  median=2.452  iqr_risk=5.420054200542001  downside=6.212215968313531  ret7=-0.07023144453312036  0.4s
918/2142 "AUG | Stymphalian (Minimal Wear)"  steam_n=140  median=5.885  iqr_risk=10.794482276933818  downside=12.729177579884757  ret7=-0.09445910290237469  0.5s
919/2142 "P90 | Glacier Mesh (Minimal Wear)"  steam_n=5  median=7.966  iqr_risk=5.278372867356682  downside=9.717884521074776  ret7=-0.0022371364653241965  0.4s
920/2142 "SG 553 | Colony IV (Factory New)"  steam_n=3  median=71.474  iqr_risk=8.757395974555584  downside=1.793369084725987  ret7=-0.17388270940477613  0.4s
921/2142 "StatTrak™ AK-47 | Searing Rage (Battle-Scarred)"  steam_n=316  median=7.791  iqr_risk=4.452378180501117  downside=5.905028005225919  ret7=0.034456008791777126  0.4s
922/2142 "Galil AR | Cerberus (Minimal Wear)"  steam_n=9  median=90.005  iqr_risk=9.71977119532103  downside=1.9074787419537758  ret7=0.014700909108993798  0.5s
923/2142 "M4A1-S | Nightmare (Well-Worn)"  steam_n=400  median=8.323  iqr_risk=5.550360833393263  downside=4.4354935385648195  ret7=0.09138604197169364  0.4s
924/2142 "AK-47 | Point Disarray (Minimal Wear)"  steam_n=235  median=26.76  iqr_risk=4.722313115388046  downside=3.567391498349058  ret7=-0.011487984876576984  0.5s
925/2142 "StatTrak™ M4A4 | Tooth Fairy (Field-Tested)"  steam_n=387  median=7.658  iqr_risk=2.9460072476992463  downside=3.38139061970436  ret7=0.00566460281912784  0.4s
926/2142 "AK-47 | The Outsiders (Well-Worn)"  steam_n=301  median=7.98  iqr_risk=5.533161413084313  downside=4.005908715355153  ret7=0.05524439918533597  0.4s
927/2142 "Tec-9 | Fuel Injector (Well-Worn)"  steam_n=96  median=12.535  iqr_risk=7.047879747590893  downside=4.388512680135919  ret7=-0.0348402512814584  0.4s
928/2142 "★ Stiletto Knife | Rust Coat (Battle-Scarred)"  steam_n=35  median=165.787  iqr_risk=4.059383463966972  downside=5.276866434903156  ret7=0.07507566327787862  0.5s
929/2142 "Desert Eagle | Code Red (Minimal Wear)"  steam_n=40  median=71.6265  iqr_risk=13.575593228112623  downside=12.53174680525376  ret7=0.11992855320234752  0.5s
930/2142 "M4A4 | Griffin (Field-Tested)"  steam_n=434  median=7.0405  iqr_risk=5.7577715557469995  downside=6.942350491779731  ret7=-0.05708413445601013  0.5s
931/2142 "AK-47 | Orbit Mk01 (Factory New)"  steam_n=14  median=185.7165  iqr_risk=8.807894454336065  downside=14.150423374099391  ret7=-0.04758933663496656  0.4s
932/2142 "AWP | LongDog (Field-Tested)"  steam_n=25  median=193.94  iqr_risk=6.0307554103211  downside=5.1445825705605515  ret7=0.03561991606652515  0.6s
933/2142 "Dual Berettas | Melondrama (Well-Worn)"  steam_n=1038  median=7.038  iqr_risk=1.8464597684823507  downside=1.9600880619274186  ret7=0.03490376328641198  0.6s
934/2142 "Glock-18 | Twilight Galaxy (Minimal Wear)"  steam_n=1  median=221.91  iqr_risk=0.0  downside=0.0  ret7=-0.37047165689840056  0.5s
935/2142 "M4A1-S | Basilisk (Factory New)"  steam_n=43  median=69.607  iqr_risk=4.578864574725654  downside=7.010120101128645  ret7=-0.06655374858321761  0.5s
936/2142 "USP-S | Kill Confirmed (Field-Tested)"  steam_n=69  median=85.721  iqr_risk=4.135226651345016  downside=2.909803042056319  ret7=0.34809110196809323  0.5s
937/2142 "★ Bowie Knife | Case Hardened (Well-Worn)"  steam_n=2  median=163.943  iqr_risk=5.217667116009834  downside=4.174133692807881  ret7=-0.12848171295477617  0.4s
938/2142 "MP9 | Arctic Tri-Tone (Factory New)"  steam_n=270  median=12.673  iqr_risk=3.679831243407946  downside=2.0922692292667633  ret7=0.0397670676576507  0.4s
939/2142 "AK-47 | Blue Laminate (Field-Tested)"  steam_n=237  median=17.947  iqr_risk=4.926671529826784  downside=3.068145938353988  ret7=-0.021938942991574506  0.5s
940/2142 "AWP | POP AWP (Field-Tested)"  steam_n=284  median=12.084  iqr_risk=3.926513273138068  downside=10.408645099051379  ret7=-0.13057221591830115  0.4s
941/2142 "Negev | Boroque Sand (Factory New)"  steam_n=6  median=10.023  iqr_risk=0.26144579524771794  downside=4.359105855380258  ret7=-0.20690474305170647  0.4s
942/2142 "★ M9 Bayonet | Lore (Field-Tested)"  steam_n=7  median=600.259  iqr_risk=8.088959499522401  downside=3.98689413849253  ret7=-0.02418466590982149  0.4s
943/2142 "StatTrak™ MP7 | Abyssal Apparition (Field-Tested)"  steam_n=235  median=6.874  iqr_risk=4.740719130625036  downside=5.455473707242355  ret7=0.08017057569296382  0.5s
944/2142 "SSG 08 | Turbo Peek (Field-Tested)"  steam_n=92  median=22.013  iqr_risk=5.1909326860576614  downside=4.785476297619541  ret7=-0.10625253755582609  0.4s
945/2142 "AWP | Fever Dream (Factory New)"  steam_n=79  median=33.329  iqr_risk=8.797667142189246  downside=8.320845870745769  ret7=-0.007557098074339574  0.5s
946/2142 "AWP | PAW (Minimal Wear)"  steam_n=667  median=4.171  iqr_risk=5.788951372808471  downside=2.882661499929112  ret7=-0.012930039251904835  0.4s
947/2142 "StatTrak™ XM1014 | XOXO (Field-Tested)"  steam_n=78  median=5.0025  iqr_risk=10.930218604372087  downside=11.474229484589703  ret7=-0.0885073915116833  0.4s
948/2142 "AK-47 | Bloodsport (Minimal Wear)"  steam_n=46  median=183.5315  iqr_risk=10.746263173505332  downside=6.389085932827612  ret7=-0.028791961494158302  0.4s
949/2142 "Tec-9 | Blue Titanium (Factory New)"  steam_n=135  median=47.114  iqr_risk=18.20051975009163  downside=10.276801930735683  ret7=0.46712285942547527  0.5s
950/2142 "★ Sport Gloves | Slingshot (Field-Tested)"  steam_n=15  median=470.121  iqr_risk=6.232350995560346  downside=4.1313461291713205  ret7=-0.05454083216810901  0.4s
951/2142 "AK-47 | The Oligarch (Battle-Scarred)"  steam_n=141  median=39.375  iqr_risk=2.6791286742879694  downside=4.729068038705284  ret7=-0.050500689572464896  0.4s
952/2142 "★ Classic Knife | Night Stripe (Field-Tested)"  steam_n=8  median=115.159  iqr_risk=3.792902104626638  downside=4.24555190355484  ret7=-0.05630836411054918  0.4s
953/2142 "AWP | Crakow! (Well-Worn)"  steam_n=202  median=25.4025  iqr_risk=7.182372577467941  downside=5.884064467170738  ret7=-0.06531007751937978  0.4s
954/2142 "M249 | Humidor (Minimal Wear)"  steam_n=37  median=2.67  iqr_risk=6.953782319720298  downside=21.70655806984517  ret7=-0.05350089766606825  0.5s
955/2142 "USP-S | Monster Mashup (Factory New)"  steam_n=9  median=125.079  iqr_risk=5.245449136670116  downside=3.9258343478674274  ret7=-0.07096354922189585  0.5s
956/2142 "★ Bowie Knife | Marble Fade (Factory New)"  steam_n=43  median=213.016  iqr_risk=5.807035750443912  downside=4.578133309301623  ret7=-0.050828698320187105  0.5s
957/2142 "★ Bloodhound Gloves | Guerrilla (Field-Tested)"  steam_n=8  median=318.3685  iqr_risk=3.654036642445034  downside=3.480282442728845  ret7=None  0.6s
958/2142 "Glock-18 | Bullet Queen (Field-Tested)"  steam_n=81  median=68.473  iqr_risk=4.055306317570059  downside=6.385232036478626  ret7=0.06539946447474931  0.5s
959/2142 "M4A4 | Eye of Horus (Field-Tested)"  steam_n=9  median=392.617  iqr_risk=27.20301874657034  downside=6.621300155156999  ret7=0.29391446437094015  0.4s
960/2142 "SG 553 | Berry Gel Coat (Factory New)"  steam_n=21  median=7.727  iqr_risk=4.302792950633819  downside=4.483149541378965  ret7=0.109674728940784  0.4s
961/2142 "AWP | Containment Breach (Field-Tested)"  steam_n=12  median=114.904  iqr_risk=14.06548834188327  downside=4.601811094733856  ret7=-0.09823544903871473  0.4s
962/2142 "AWP | Crakow! (Battle-Scarred)"  steam_n=253  median=23.237  iqr_risk=3.8270894362022823  downside=2.7103181080175447  ret7=-0.028662822509364916  0.5s
963/2142 "★ Talon Knife | Boreal Forest (Field-Tested)"  steam_n=12  median=255.3  iqr_risk=7.759347709418961  downside=4.426167184238426  ret7=-0.07826987242897487  0.4s
964/2142 "★ Huntsman Knife | Autotronic (Field-Tested)"  steam_n=73  median=125.419  iqr_risk=7.337522068996541  downside=4.084609198223586  ret7=-0.07832960225704566  0.4s
965/2142 "AWP | Pink DDPAT (Field-Tested)"  steam_n=15  median=32.891  iqr_risk=7.791925678390007  downside=2.149660916581612  ret7=0.07026854049441322  0.7s
966/2142 "MP9 | Setting Sun (Field-Tested)"  steam_n=3  median=18.627  iqr_risk=11.19789050728278  downside=1.2255148166750365  ret7=0.07008314152848882  0.5s
967/2142 "UMP-45 | Blaze (Factory New)"  steam_n=30  median=34.851  iqr_risk=7.935816975752634  downside=7.387793578814758  ret7=-0.042562110499399064  0.5s
968/2142 "MP9 | Music Box (Factory New)"  steam_n=63  median=12.708  iqr_risk=7.540139817162177  downside=4.593992471383581  ret7=-0.03181975736568465  0.4s
969/2142 "★ Paracord Knife | Rust Coat (Battle-Scarred)"  steam_n=135  median=55.054  iqr_risk=7.986200308991502  downside=7.36912183455567  ret7=-0.06420974702515303  0.4s
970/2142 "Five-SeveN | Withered Vine (Field-Tested)"  steam_n=184  median=0.475  iqr_risk=12.823207904141265  downside=11.561908766029008  ret7=-0.18323586744639386  0.5s
971/2142 "StatTrak™ MAC-10 | Neon Rider (Field-Tested)"  steam_n=14  median=145.268  iqr_risk=9.852505467445512  downside=10.480207566157503  ret7=-0.0053555725344904825  0.5s
972/2142 "USP-S | Printstream (Minimal Wear)"  steam_n=163  median=77.894  iqr_risk=4.4121437431992785  downside=3.3659260613586492  ret7=0.020665872150518627  0.4s
973/2142 "P250 | Nevermore (Factory New)"  steam_n=333  median=4.179  iqr_risk=2.0966381491745936  downside=5.036751415833235  ret7=-0.06475138121546964  0.5s
974/2142 "★ Moto Gloves | POW! (Minimal Wear)"  steam_n=8  median=220.4875  iqr_risk=11.12542724873448  downside=2.457751049193094  ret7=0.16167829726240734  0.4s
975/2142 "Glock-18 | Water Elemental (Minimal Wear)"  steam_n=273  median=22.696  iqr_risk=4.8579497095269195  downside=3.4708370251714307  ret7=0.013465783664459163  0.4s
976/2142 "Desert Eagle | Conspiracy (Factory New)"  steam_n=298  median=23.574  iqr_risk=23.802309717947917  downside=4.951378533582918  ret7=0.18681453593059416  0.5s
977/2142 "★ Huntsman Knife | Marble Fade (Factory New)"  steam_n=27  median=248.668  iqr_risk=9.330851305995727  downside=7.779247281003478  ret7=-0.028236539938954808  0.5s
978/2142 "SSG 08 | Turbo Peek (Factory New)"  steam_n=14  median=80.8205  iqr_risk=2.3315379661612403  downside=3.4840124504810372  ret7=0.009665107116473726  0.5s
979/2142 "★ Bowie Knife | Case Hardened (Field-Tested)"  steam_n=2  median=173.2865  iqr_risk=1.567635101407205  downside=1.2541080811257543  ret7=-0.39880868461863817  0.4s
980/2142 "StatTrak™ MP7 | Bloodsport (Minimal Wear)"  steam_n=103  median=36.644  iqr_risk=15.59746014800977  downside=15.256904249581602  ret7=-0.13248629270350076  0.7s
981/2142 "★ Bowie Knife | Bright Water (Factory New)"  steam_n=21  median=81.007  iqr_risk=3.6787388569069086  downside=3.01683305399695  ret7=-0.08399378708829508  0.4s
982/2142 "★ Falchion Knife | Lore (Factory New)"  steam_n=10  median=190.1885  iqr_risk=13.344499904507751  downside=5.6587158615207604  ret7=0.15105885191810353  0.4s
983/2142 "★ Hand Wraps | Desert Shamagh (Field-Tested)"  steam_n=108  median=54.05  iqr_risk=7.661472346111473  downside=5.020313826041416  ret7=-0.004420570623458908  0.6s
984/2142 "StatTrak™ UMP-45 | K.O. Factory (Well-Worn)"  steam_n=103  median=6.282  iqr_risk=9.118365460786906  downside=23.03274359651439  ret7=-0.11266924564796921  0.5s
985/2142 "XM1014 | Ziggy (Factory New)"  steam_n=49  median=4.3  iqr_risk=7.165330822405444  downside=4.841191465907261  ret7=-0.043367641956748026  0.4s
986/2142 "StatTrak™ M4A1-S | Black Lotus (Well-Worn)"  steam_n=39  median=16.734  iqr_risk=9.894982358930633  downside=6.65979967322584  ret7=0.16625122991144625  0.4s
987/2142 "MP9 | Food Chain (Field-Tested)"  steam_n=782  median=4.655  iqr_risk=5.015727280455662  downside=2.422851313440446  ret7=0.0003221649484537181  0.5s
988/2142 "AWP | Asiimov (Field-Tested)"  steam_n=84  median=151.4685  iqr_risk=9.156183246130082  downside=5.334632824613976  ret7=0.09451990921371123  0.6s
989/2142 "★ Bayonet | Crimson Web (Field-Tested)"  steam_n=5  median=235.75  iqr_risk=8.183254992918574  downside=5.1354912867669755  ret7=0.01697433289854744  0.5s
990/2142 "P250 | Mehndi (Well-Worn)"  steam_n=15  median=18.449  iqr_risk=3.76662926751081  downside=2.161671207992745  ret7=0.02437848264037701  0.6s
991/2142 "SG 553 | Dragon Tech (Factory New)"  steam_n=662  median=2.432  iqr_risk=1.4481360420373264  downside=2.441143613720043  ret7=-0.022368151036322614  0.5s
992/2142 "★ Nomad Knife | Damascus Steel (Minimal Wear)"  steam_n=15  median=178.527  iqr_risk=6.707260217848917  downside=6.496475142336426  ret7=0.004498273884652848  0.4s
993/2142 "Zeus x27 | Olympus (Well-Worn)"  steam_n=155  median=4.0  iqr_risk=12.987670573938578  downside=11.848401225347477  ret7=0.014450159196669032  0.7s
994/2142 "FAMAS | Commemoration (Factory New)"  steam_n=18  median=81.874  iqr_risk=6.5840387895634604  downside=3.320546939162298  ret7=-0.0336973586996675  0.5s
995/2142 "★ Specialist Gloves | Marble Fade (Battle-Scarred)"  steam_n=22  median=134.5105  iqr_risk=5.243940100844151  downside=2.649351721433702  ret7=-0.03535731259371688  0.4s
996/2142 "StatTrak™ SSG 08 | Blood in the Water (Minimal Wear)"  steam_n=2  median=305.0145  iqr_risk=2.7419680047997574  downside=2.193600632101105  ret7=0.0533733399616505  0.5s
997/2142 "★ StatTrak™ Talon Knife | Ultraviolet (Field-Tested)"  steam_n=1  median=392.617  iqr_risk=0.0  downside=0.0  ret7=0.4191112685423475  0.4s
998/2142 "CZ75-Auto | Victoria (Minimal Wear)"  steam_n=3  median=95.978  iqr_risk=5.414025753033669  downside=5.011038660984747  ret7=-0.18216761928993974  0.5s
999/2142 "StatTrak™ P2000 | Wicked Sick (Battle-Scarred)"  steam_n=140  median=3.693  iqr_risk=12.442947185394484  downside=10.044012171267113  ret7=-0.12031608462911036  0.4s
1000/2142 "★ Specialist Gloves | Lt. Commander (Minimal Wear)"  steam_n=13  median=255.53  iqr_risk=14.136316066206053  downside=19.88314997824601  ret7=-0.12546642219077553  0.4s
1001/2142 "★ Moto Gloves | 3rd Commando Company (Field-Tested)"  steam_n=143  median=57.203  iqr_risk=8.054977737282753  downside=7.462050232941948  ret7=-0.004447941971464697  0.4s
1002/2142 "AWP | CMYK (Field-Tested)"  steam_n=7  median=279.081  iqr_risk=3.422053642400069  downside=3.849180632255897  ret7=-0.1951514427524399  0.4s
1003/2142 "CZ75-Auto | Syndicate (Field-Tested)"  steam_n=25  median=8.795  iqr_risk=4.942432536361388  downside=4.580515279694173  ret7=0.14399223630739333  0.4s
1004/2142 "★ Specialist Gloves | Tiger Strike (Minimal Wear)"  steam_n=3  median=463.105  iqr_risk=3.1067618246669495  downside=1.0154243920688244  ret7=-0.2561691132682715  0.4s
1005/2142 "AWP | Containment Breach (Well-Worn)"  steam_n=28  median=63.278  iqr_risk=8.019911418439825  downside=4.1818953469029845  ret7=-0.0918121000581732  0.5s
1006/2142 "Desert Eagle | Code Red (Field-Tested)"  steam_n=70  median=53.575  iqr_risk=4.944098918998975  downside=3.2405967718051274  ret7=-0.03247329316526826  0.7s
1007/2142 "USP-S | Kill Confirmed (Battle-Scarred)"  steam_n=25  median=64.241  iqr_risk=5.402933880113404  downside=11.40422488861887  ret7=-0.1053221483518395  0.4s
1008/2142 "Five-SeveN | Boost Protocol (Field-Tested)"  steam_n=271  median=4.136  iqr_risk=5.865948648908543  downside=5.000480815463029  ret7=0.0720308359431463  0.5s
1009/2142 "★ Talon Knife | Urban Masked (Battle-Scarred)"  steam_n=3  median=255.688  iqr_risk=4.164020984654596  downside=0.20172571473408576  ret7=-0.06536193793887479  0.4s
1010/2142 "Tec-9 | Bamboo Forest (Minimal Wear)"  steam_n=52  median=15.286  iqr_risk=3.6108402196787015  downside=2.930760149874246  ret7=-0.020979020979020935  0.6s
1011/2142 "StatTrak™ MP7 | Abyssal Apparition (Minimal Wear)"  steam_n=150  median=8.6905  iqr_risk=7.192257678454298  downside=7.934498670870789  ret7=0.07359150681626248  0.4s
1012/2142 "UMP-45 | Neo-Noir (Well-Worn)"  steam_n=103  median=4.755  iqr_risk=8.547815325236503  downside=8.243659933295572  ret7=0.04401722870049385  0.4s
1013/2142 "USP-S | Whiteout (Field-Tested)"  steam_n=9  median=83.994  iqr_risk=2.3607429527106047  downside=5.066221926142631  ret7=-0.08915035514829484  0.4s
1014/2142 "M4A1-S | Vaporwave (Factory New)"  steam_n=13  median=243.71  iqr_risk=5.464365741934194  downside=0.4792216119032024  ret7=0.0030659681444151765  0.4s
1015/2142 "M4A1-S | Black Lotus (Well-Worn)"  steam_n=279  median=5.809  iqr_risk=5.488492972677217  downside=4.1548404746435095  ret7=-0.0008570449091531707  0.4s
1016/2142 "AWP | Atheris (Battle-Scarred)"  steam_n=789  median=4.293  iqr_risk=7.170448499988447  downside=5.158096824185225  ret7=0.010815894662591141  0.4s
1017/2142 "StatTrak™ USP-S | Jawbreaker (Field-Tested)"  steam_n=269  median=10.972  iqr_risk=4.818107454583057  downside=3.3349213911386255  ret7=-0.027454838132713322  0.5s
1018/2142 "SSG 08 | Death's Head (Factory New)"  steam_n=12  median=61.7455  iqr_risk=7.198605225399571  downside=9.136440989021986  ret7=0.004308360192067262  0.4s
1019/2142 "AK-47 | Nightwish (Minimal Wear)"  steam_n=348  median=92.483  iqr_risk=4.861877369804398  downside=6.10634805312502  ret7=0.0726027397260276  0.4s
1020/2142 "Dual Berettas | Melondrama (Battle-Scarred)"  steam_n=686  median=6.717  iqr_risk=3.5681760499246034  downside=5.4493065197593245  ret7=-0.012946888333088102  0.4s
1021/2142 "★ Talon Knife | Urban Masked (Field-Tested)"  steam_n=8  median=275.473  iqr_risk=8.069893215493867  downside=6.646820854470731  ret7=-0.07558463492546919  0.9s
1022/2142 "MAC-10 | Stalker (Field-Tested)"  steam_n=31  median=49.819  iqr_risk=12.173856556769715  downside=10.803612572140814  ret7=0.105477111806356  0.4s
1023/2142 "P2000 | Fire Elemental (Field-Tested)"  steam_n=17  median=86.358  iqr_risk=2.6098218557915174  downside=2.530457506717218  ret7=0.05279574581486046  0.5s
1024/2142 "StatTrak™ MP7 | Special Delivery (Minimal Wear)"  steam_n=8  median=3.974  iqr_risk=18.84225905587183  downside=24.49745579122374  ret7=0.32944406314344543  0.4s
1025/2142 "P250 | Epicenter (Factory New)"  steam_n=18  median=38.9795  iqr_risk=5.573643284025126  downside=2.078050171437384  ret7=0.2777537708088975  0.8s
1026/2142 "Desert Eagle | Mecha Industries (Well-Worn)"  steam_n=125  median=6.7  iqr_risk=5.99318888211413  downside=5.695760153473223  ret7=0.051427694197113905  0.4s
1027/2142 "P2000 | Scorpion (Factory New)"  steam_n=22  median=145.5985  iqr_risk=4.077083056832054  downside=1.0102262246508753  ret7=-0.03838210739080772  1.0s
1028/2142 "AK-47 | Emerald Pinstripe (Battle-Scarred)"  steam_n=395  median=2.949  iqr_risk=5.93924995757678  downside=5.667741388087555  ret7=-0.09272183449651039  0.5s
1029/2142 "★ Stiletto Knife | Marble Fade (Factory New)"  steam_n=16  median=415.366  iqr_risk=2.5959553366895487  downside=2.664237697095486  ret7=0.007379785634798353  0.4s
1030/2142 "StatTrak™ Desert Eagle | Light Rail (Field-Tested)"  steam_n=362  median=3.8395  iqr_risk=7.773146845994525  downside=5.2289754276509335  ret7=-0.06882842589141502  0.5s
1031/2142 "P250 | Undertow (Factory New)"  steam_n=3  median=56.423  iqr_risk=1.4091545602395823  downside=0.689390902653554  ret7=-0.12131070618597017  0.4s
1032/2142 "Desert Eagle | Crimson Web (Factory New)"  steam_n=1  median=311.816  iqr_risk=0.0  downside=0.0  ret7=0.26653046137848957  0.6s
1033/2142 "PP-Bizon | Antique (Factory New)"  steam_n=15  median=14.998  iqr_risk=2.002872807461199  downside=2.8336941201858523  ret7=-0.0057665539868760884  0.9s
1034/2142 "Dual Berettas | Panther (Minimal Wear)"  steam_n=49  median=5.891  iqr_risk=4.426423382328089  downside=7.112687954046297  ret7=0.030189959294436797  0.5s
1035/2142 "★ Sport Gloves | Scarlet Shamagh (Battle-Scarred)"  steam_n=17  median=192.698  iqr_risk=4.718481080685717  downside=5.292728943077877  ret7=0.1482163324207637  0.4s
1036/2142 "StatTrak™ AK-47 | Wasteland Rebel (Field-Tested)"  steam_n=7  median=131.0  iqr_risk=6.598404185072281  downside=16.277984589316567  ret7=-0.008082995305930263  0.4s
1037/2142 "Tec-9 | Avalanche (Factory New)"  steam_n=15  median=21.393  iqr_risk=8.86202073233824  downside=9.661039682691754  ret7=-0.06120340879745201  0.5s
1038/2142 "AK-47 | Red Laminate (Minimal Wear)"  steam_n=0  median=None  iqr_risk=None  downside=None  ret7=None  0.5s
1039/2142 "M4A1-S | Hyper Beast (Battle-Scarred)"  steam_n=32  median=133.924  iqr_risk=10.600816898480542  downside=9.870997794143134  ret7=-0.05605098393319541  0.4s
1040/2142 "Desert Eagle | Mulberry (Factory New)"  steam_n=208  median=22.6385  iqr_risk=2.8620910064609792  downside=3.2572642780637846  ret7=0.0320111031518624  0.4s
1041/2142 "Glock-18 | Fully Tuned (Battle-Scarred)"  steam_n=229  median=49.386  iqr_risk=2.1720452556268435  downside=1.7665432762954034  ret7=0.0022642858561581214  0.4s
1042/2142 "M4A1-S | Flashback (Battle-Scarred)"  steam_n=160  median=3.821  iqr_risk=6.010985594362116  downside=5.575707327184172  ret7=-0.052894835563336295  0.4s
1043/2142 "StatTrak™ AK-47 | Bloodsport (Minimal Wear)"  steam_n=5  median=392.623  iqr_risk=3.685851627098289  downside=8.831567988293394  ret7=0.03355766329515797  0.5s
1044/2142 "★ StatTrak™ Huntsman Knife | Gamma Doppler (Factory New)"  steam_n=10  median=307.8645  iqr_risk=7.3985385131463595  downside=7.386952253931968  ret7=0.09399388755508897  0.5s
1045/2142 "AWP | Electric Hive (Minimal Wear)"  steam_n=24  median=46.785  iqr_risk=11.467034303787198  downside=9.96162858691616  ret7=-0.11902157701103722  0.6s
1046/2142 "AK-47 | Vulcan (Well-Worn)"  steam_n=7  median=175.58  iqr_risk=10.885906040268447  downside=9.659860059974301  ret7=0.044912944631938734  0.5s
1047/2142 "P250 | Mehndi (Minimal Wear)"  steam_n=7  median=19.823  iqr_risk=5.395854502134813  downside=3.1233888769314646  ret7=-0.06039250232467075  0.5s
1048/2142 "★ Huntsman Knife | Tiger Tooth (Factory New)"  steam_n=33  median=190.7  iqr_risk=6.001175487982191  downside=5.536342170115788  ret7=-0.07216179237618425  0.5s
1049/2142 "StatTrak™ Dual Berettas | Melondrama (Minimal Wear)"  steam_n=164  median=8.869  iqr_risk=7.051674489263767  downside=8.446137450967045  ret7=-0.04725575039854235  0.5s
1050/2142 "Galil AR | Chatterbox (Well-Worn)"  steam_n=17  median=133.144  iqr_risk=6.712805107463662  downside=3.3617669190612878  ret7=-0.04593545890673523  0.5s
1051/2142 "Zeus x27 | Dragon Snore (Battle-Scarred)"  steam_n=31  median=14.083  iqr_risk=11.213540244849952  downside=7.58068919174314  ret7=-0.06592953780646937  0.4s
1052/2142 "AK-47 | Aphrodite (Minimal Wear)"  steam_n=237  median=55.029  iqr_risk=13.891104007322602  downside=7.98829492895827  ret7=0.6014318524366613  0.4s
1053/2142 "AWP | Black Nile (Field-Tested)"  steam_n=1549  median=4.04  iqr_risk=6.6676618400756285  downside=6.71742051052396  ret7=0.009297520661156966  0.4s
1054/2142 "MP7 | Bloodsport (Factory New)"  steam_n=61  median=100.05  iqr_risk=10.39521317117143  downside=15.42290293899626  ret7=-0.03757358882604189  0.4s
1055/2142 "M4A4 | Cyber Security (Minimal Wear)"  steam_n=17  median=60.336  iqr_risk=8.802450934930624  downside=3.301598672197044  ret7=-0.13067274125791373  0.5s
1056/2142 "AWP | Exothermic (Factory New)"  steam_n=279  median=18.05  iqr_risk=3.4493149800359557  downside=3.1372084763821575  ret7=-0.025821721093500782  0.4s
1057/2142 "StatTrak™ USP-S | Cyrex (Factory New)"  steam_n=91  median=24.104  iqr_risk=7.971141571878936  downside=6.676264391489293  ret7=-0.11870711448176241  0.4s
1058/2142 "★ Specialist Gloves | Tiger Strike (Field-Tested)"  steam_n=23  median=226.13  iqr_risk=9.013737916633492  downside=5.381320143444962  ret7=0.11649318552860644  0.4s
1059/2142 "StatTrak™ USP-S | Jawbreaker (Battle-Scarred)"  steam_n=228  median=7.1795  iqr_risk=3.7911521199788174  downside=4.168873526050235  ret7=0.022243984331281608  0.4s
1060/2142 "PP-Bizon | Urban Dashed (Factory New)"  steam_n=17  median=1.34  iqr_risk=3.495723317218292  downside=2.261063592413535  ret7=0.022660818713450492  0.5s
1061/2142 "CZ75-Auto | Yellow Jacket (Factory New)"  steam_n=6  median=34.799  iqr_risk=9.172795425124827  downside=6.341664651407597  ret7=None  0.4s
1062/2142 "USP-S | Stainless (Factory New)"  steam_n=9  median=74.169  iqr_risk=26.622684301870812  downside=9.658963414093034  ret7=-0.021148641184268624  0.4s
1063/2142 "StatTrak™ AK-47 | Ice Coaled (Field-Tested)"  steam_n=574  median=11.5  iqr_risk=2.9364010087401105  downside=1.735931184578717  ret7=0.0538732394366197  0.5s
1064/2142 "M4A1-S | Hyper Beast (Factory New)"  steam_n=3  median=396.713  iqr_risk=4.326367717643322  downside=2.4129410480082094  ret7=None  0.6s
1065/2142 "M4A4 | Bullet Rain (Field-Tested)"  steam_n=11  median=85.346  iqr_risk=3.7997786649207033  downside=1.3743633719414414  ret7=0.0257217096951059  0.4s
1066/2142 "M4A1-S | Black Lotus (Minimal Wear)"  steam_n=1708  median=9.593  iqr_risk=1.8165021434725366  downside=1.9514423027019234  ret7=-0.0009343853820598103  0.4s
1067/2142 "★ Gut Knife | Lore (Field-Tested)"  steam_n=21  median=107.935  iqr_risk=10.255305753905795  downside=9.07993100541023  ret7=-0.07479686149925369  0.4s
1068/2142 "StatTrak™ MP9 | Food Chain (Minimal Wear)"  steam_n=50  median=16.9165  iqr_risk=8.226296985265877  downside=6.938908081613364  ret7=0.028625954198473247  0.4s
1069/2142 "★ Bayonet | Ultraviolet (Field-Tested)"  steam_n=22  median=174.539  iqr_risk=5.781609914131821  downside=6.737409466060289  ret7=0.08754608011796505  0.6s
1070/2142 "Galil AR | Rainbow Spoon (Field-Tested)"  steam_n=231  median=37.812  iqr_risk=3.579908193953462  downside=3.355669287184083  ret7=-0.018048666476225272  0.4s
1071/2142 "StatTrak™ M4A1-S | Night Terror (Factory New)"  steam_n=275  median=5.897  iqr_risk=4.993132423042742  downside=4.443726266461991  ret7=-0.07911547911547923  0.4s
1072/2142 "StatTrak™ AWP | Fever Dream (Factory New)"  steam_n=18  median=43.14  iqr_risk=5.420389315276012  downside=8.160471631820542  ret7=0.1294261294261294  0.4s
1073/2142 "XM1014 | Entombed (Factory New)"  steam_n=376  median=9.3185  iqr_risk=1.711543751337136  downside=3.295740497366474  ret7=-0.007992327365728968  0.4s
1074/2142 "M4A1-S | Mecha Industries (Field-Tested)"  steam_n=53  median=127.653  iqr_risk=4.293113310296744  downside=4.403751674854854  ret7=-0.0018207738676336849  0.4s
1075/2142 "Glock-18 | Reactor (Minimal Wear)"  steam_n=16  median=27.2355  iqr_risk=6.954553725775642  downside=19.205107208928514  ret7=-0.49459332393041844  0.4s
1076/2142 "AK-47 | Neon Rider (Field-Tested)"  steam_n=176  median=57.2475  iqr_risk=6.230033602196905  downside=5.16883896474875  ret7=-0.07781716264116723  0.4s
1077/2142 "P250 | Epicenter (Field-Tested)"  steam_n=226  median=5.859  iqr_risk=7.4606527219459124  downside=6.021325884036253  ret7=0.07031381104212131  0.4s
1078/2142 "★ Bayonet | Night (Field-Tested)"  steam_n=8  median=176.71  iqr_risk=11.54806063037812  downside=12.8806357472137  ret7=0.1649760765550241  0.4s
1079/2142 "M4A1-S | Nightmare (Battle-Scarred)"  steam_n=372  median=8.127  iqr_risk=1.9712930450317274  downside=3.338877595022495  ret7=-0.017482092995022458  0.6s
1080/2142 "StatTrak™ AWP | Mortis (Minimal Wear)"  steam_n=148  median=11.8  iqr_risk=7.837469962526679  downside=6.616646221579941  ret7=0.4248252488879476  0.4s
1081/2142 "P250 | Asiimov (Well-Worn)"  steam_n=95  median=12.791  iqr_risk=3.9240845114770613  downside=4.989136937561012  ret7=-0.056982403594159514  0.5s
1082/2142 "★ Nomad Knife | Tiger Tooth (Factory New)"  steam_n=48  median=247.783  iqr_risk=7.572797835105001  downside=6.1606737749546205  ret7=-0.07184082563456995  0.4s
1083/2142 "★ Ursus Knife | Damascus Steel (Minimal Wear)"  steam_n=10  median=105.053  iqr_risk=4.252096050875168  downside=3.723302536259047  ret7=0.013357400722021628  0.6s
1084/2142 "AK-47 | Green Laminate (Factory New)"  steam_n=17  median=87.004  iqr_risk=2.720442772358752  downside=8.843325824194677  ret7=-0.033153883645708704  0.6s
1085/2142 "Glock-18 | Fully Tuned (Minimal Wear)"  steam_n=146  median=150.756  iqr_risk=4.212516892473271  downside=2.1663927288171227  ret7=0.019922029866525692  0.4s
1086/2142 "AWP | Hyper Beast (Well-Worn)"  steam_n=64  median=37.18  iqr_risk=6.331189975571565  downside=4.253045579357847  ret7=-0.02954786340252824  0.4s
1087/2142 "Desert Eagle | Ocean Drive (Battle-Scarred)"  steam_n=13  median=78.392  iqr_risk=3.7051484569820414  downside=9.208027735829868  ret7=0.06557198782079166  0.4s
1088/2142 "StatTrak™ M4A4 | Tooth Fairy (Battle-Scarred)"  steam_n=127  median=7.313  iqr_risk=3.813512314177938  downside=5.824273352562679  ret7=0.07314252674183286  0.9s
1089/2142 "★ Specialist Gloves | Lt. Commander (Battle-Scarred)"  steam_n=11  median=105.006  iqr_risk=6.569506087187927  downside=7.050873874986929  ret7=-0.07069970845481055  0.5s
1090/2142 "StatTrak™ Glock-18 | Grinder (Minimal Wear)"  steam_n=43  median=7.318  iqr_risk=7.102646029572465  downside=15.49165248903826  ret7=-0.07924069445382698  0.5s
1091/2142 "M4A4 | Temukau (Factory New)"  steam_n=43  median=142.225  iqr_risk=7.771445683281741  downside=1.683397318279907  ret7=-0.040183006359268414  0.4s
1092/2142 "StatTrak™ MP9 | Hypnotic (Factory New)"  steam_n=8  median=38.4325  iqr_risk=3.6033965902037695  downside=9.611610739141343  ret7=0.201607827430337  0.5s
1093/2142 "P250 | See Ya Later (Factory New)"  steam_n=20  median=171.307  iqr_risk=6.72793928426279  downside=14.19181255690325  ret7=-0.08907299669798785  0.4s
1094/2142 "FAMAS | Spitfire (Field-Tested)"  steam_n=6  median=26.6665  iqr_risk=4.625583455545723  downside=3.601232794109974  ret7=-0.005820215801507822  0.4s
1095/2142 "Desert Eagle | Directive (Minimal Wear)"  steam_n=115  median=9.109  iqr_risk=4.65945945945947  downside=4.951351351351353  ret7=-0.09686311787072244  0.5s
1096/2142 "SSG 08 | Dragonfire (Factory New)"  steam_n=16  median=497.153  iqr_risk=5.696911440820043  downside=7.823702397474504  ret7=0.03356956009713086  0.4s
1097/2142 "StatTrak™ AWP | Worm God (Factory New)"  steam_n=100  median=10.956  iqr_risk=6.671223634685037  downside=5.062673105603292  ret7=0.01322440873803954  0.7s
1098/2142 "★ Talon Knife | Forest DDPAT (Field-Tested)"  steam_n=11  median=261.754  iqr_risk=3.1506845651226105  downside=3.6034569650341313  ret7=-0.04988297521151619  0.4s
1099/2142 "Galil AR | Chatterbox (Battle-Scarred)"  steam_n=64  median=130.0  iqr_risk=4.919547392385386  downside=4.862477866278393  ret7=-0.012554497601376502  0.7s
1100/2142 "MP9 | Food Chain (Well-Worn)"  steam_n=341  median=3.88  iqr_risk=4.704197985376073  downside=4.832029452369997  ret7=-0.03243987975951912  0.4s
1101/2142 "StatTrak™ MAC-10 | Disco Tech (Field-Tested)"  steam_n=51  median=9.597  iqr_risk=7.399379841745568  downside=8.348284194260941  ret7=-0.05567071365116971  0.4s
1102/2142 "Five-SeveN | Angry Mob (Factory New)"  steam_n=13  median=115.032  iqr_risk=7.996212548971913  downside=4.63458915711841  ret7=-0.04484975332635677  0.5s
1103/2142 "M4A4 | Radiation Hazard (Minimal Wear)"  steam_n=8  median=131.16  iqr_risk=7.966442878379536  downside=3.4179922817137407  ret7=0.07967323156603534  0.9s
1104/2142 "SSG 08 | Rapid Transit (Factory New)"  steam_n=57  median=10.287  iqr_risk=3.25063206734642  downside=3.022809990831563  ret7=-0.0490939349112427  0.4s
1105/2142 "★ Paracord Knife | Blue Steel (Field-Tested)"  steam_n=22  median=96.0915  iqr_risk=6.552919698428491  downside=10.947803715453691  ret7=-0.023442476060929973  0.4s
1106/2142 "AK-47 | Wintergreen (Minimal Wear)"  steam_n=2790  median=2.722  iqr_risk=8.762999054614214  downside=4.9087339102610645  ret7=0.09117975437290671  0.4s
1107/2142 "USP-S | Alpine Camo (Factory New)"  steam_n=594  median=3.56  iqr_risk=13.02452316076295  downside=6.348773841961855  ret7=0.2597292724196276  0.4s
1108/2142 "Galil AR | Tornado (Field-Tested)"  steam_n=14  median=10.419  iqr_risk=11.34461400444738  downside=8.93005411286398  ret7=-0.1607361426822872  0.4s
1109/2142 "★ StatTrak™ Survival Knife | Doppler (Factory New)"  steam_n=2  median=330.354  iqr_risk=30.980100135006687  downside=24.784080108005348  ret7=-0.16231616769106982  0.4s
1110/2142 "★ Hand Wraps | Badlands (Field-Tested)"  steam_n=0  median=None  iqr_risk=None  downside=None  ret7=None  0.4s
1111/2142 "★ Specialist Gloves | Crimson Web (Minimal Wear)"  steam_n=7  median=418.774  iqr_risk=12.563645047519334  downside=12.322096101190168  ret7=-0.09260012899141568  0.4s
1112/2142 "StatTrak™ USP-S | Cortex (Minimal Wear)"  steam_n=83  median=18.313  iqr_risk=7.357783086894767  downside=5.4203786646059  ret7=-0.042497433403577034  0.6s
1113/2142 "AK-47 | First Class (Field-Tested)"  steam_n=2  median=107.5955  iqr_risk=9.245368068367165  downside=7.396220102141816  ret7=-0.15538909984171334  0.4s
1114/2142 "M4A4 | Griffin (Factory New)"  steam_n=50  median=214.709  iqr_risk=15.449153241194418  downside=18.471826164664915  ret7=-0.0006474407591704479  0.5s
1115/2142 "Five-SeveN | Orange Peel (Factory New)"  steam_n=26  median=7.935  iqr_risk=12.019476854829184  downside=16.77975667056028  ret7=-0.1683545811986179  0.6s
1116/2142 "AWP | Printstream (Minimal Wear)"  steam_n=230  median=92.9005  iqr_risk=3.528963276272078  downside=2.3091815192865983  ret7=0.04388270872738542  0.4s
1117/2142 "P250 | Digital Architect (Factory New)"  steam_n=3  median=63.972  iqr_risk=0.8015150266575591  downside=0.0  ret7=-0.038896651192139586  0.4s
1118/2142 "★ Specialist Gloves | Mogul (Minimal Wear)"  steam_n=16  median=201.57  iqr_risk=5.920449940441834  downside=6.428843343607625  ret7=-0.13467318648782023  0.4s
1119/2142 "★ Flip Knife | Black Laminate (Field-Tested)"  steam_n=7  median=155.31  iqr_risk=5.906459665266277  downside=1.8557181336898894  ret7=-0.0061991450809424364  0.4s
1120/2142 "Desert Eagle | Trigger Discipline (Factory New)"  steam_n=154  median=8.168  iqr_risk=7.509222896584555  downside=4.277043912888242  ret7=0.006977808281857678  0.4s
1121/2142 "P90 | Desert Warfare (Factory New)"  steam_n=5  median=8.134  iqr_risk=30.14398768960211  downside=37.77753352385139  ret7=-0.46755109358192903  0.6s
1122/2142 "USP-S | Jawbreaker (Factory New)"  steam_n=131  median=25.886  iqr_risk=6.65893754273313  downside=2.738636701447718  ret7=0.14022946969012562  0.4s
1123/2142 "SSG 08 | Necropos (Factory New)"  steam_n=35  median=6.16  iqr_risk=2.4507046780336488  downside=5.862406993748691  ret7=-0.10147125739420593  0.6s
1124/2142 "★ Sport Gloves | Bronze Morph (Battle-Scarred)"  steam_n=21  median=108.537  iqr_risk=9.033165204738127  downside=6.134740853977004  ret7=0.0036327578377677305  0.4s
1125/2142 "AK-47 | Aphrodite (Factory New)"  steam_n=8  median=655.0855  iqr_risk=5.866624736691857  downside=4.460624854771675  ret7=0.019620409887404877  0.4s
1126/2142 "AK-47 | Breakthrough (Factory New)"  steam_n=226  median=20.523  iqr_risk=1.5962508326196576  downside=2.2932724331525325  ret7=-0.03203672384633971  0.4s
1127/2142 "AK-47 | Point Disarray (Battle-Scarred)"  steam_n=177  median=15.683  iqr_risk=3.5521810905774  downside=4.008247740543044  ret7=-0.016963151207115557  0.8s
1128/2142 "AWP | POP AWP (Well-Worn)"  steam_n=54  median=12.136  iqr_risk=4.56993961867061  downside=9.657672103491757  ret7=-0.009284818067753942  0.4s
1129/2142 "AWP | Pink DDPAT (Minimal Wear)"  steam_n=6  median=68.796  iqr_risk=2.30840684555667  downside=17.674460807834752  ret7=0.02106677953767444  0.5s
1130/2142 "★ Sport Gloves | Vice (Well-Worn)"  steam_n=15  median=468.121  iqr_risk=6.0208949620356496  downside=10.663076289051288  ret7=0.02056225932055411  0.4s
1131/2142 "StatTrak™ USP-S | Dark Water (Minimal Wear)"  steam_n=4  median=131.745  iqr_risk=0.0  downside=0.0  ret7=-0.21661959268619002  0.4s
1132/2142 "StatTrak™ MAC-10 | Saibā Oni (Minimal Wear)"  steam_n=39  median=6.544  iqr_risk=14.8392859893114  downside=15.293628424894878  ret7=-0.07908428720083249  0.4s
1133/2142 "StatTrak™ AWP | Mortis (Factory New)"  steam_n=41  median=23.985  iqr_risk=10.910100931708744  downside=5.836965268218555  ret7=-0.0563072378138848  0.5s
1134/2142 "StatTrak™ MP9 | Starlight Protector (Field-Tested)"  steam_n=195  median=78.978  iqr_risk=3.5102447425948062  downside=5.684163324789664  ret7=0.038192522517989325  0.4s
1135/2142 "★ Survival Knife | Urban Masked (Field-Tested)"  steam_n=70  median=62.181  iqr_risk=6.520050105443431  downside=3.7721787939810008  ret7=-0.080419165231847  0.4s
1136/2142 "★ Flip Knife | Lore (Field-Tested)"  steam_n=9  median=220.738  iqr_risk=10.870124453117382  downside=9.675848598271655  ret7=0.005812613059979377  0.5s
1137/2142 "Galil AR | Chromatic Aberration (Well-Worn)"  steam_n=386  median=4.008  iqr_risk=4.107719036981886  downside=3.6237279722015368  ret7=0.05614300100704939  0.4s
1138/2142 "AK-47 | Ice Coaled (Well-Worn)"  steam_n=480  median=5.54  iqr_risk=4.76598850469847  downside=6.842441383085484  ret7=0.07898773006134974  0.4s
1139/2142 "★ Specialist Gloves | Field Agent (Minimal Wear)"  steam_n=5  median=431.09  iqr_risk=5.676904242295194  downside=7.186245808271667  ret7=0.11812106722333704  0.4s
1140/2142 "★ Bowie Knife | Crimson Web (Field-Tested)"  steam_n=13  median=139.0  iqr_risk=12.142817711230682  downside=10.816074919281435  ret7=0.19369150555393633  0.4s
1141/2142 "★ Hand Wraps | CAUTION! (Field-Tested)"  steam_n=41  median=157.272  iqr_risk=6.956230148010841  downside=2.859617910336534  ret7=-0.046233758502135736  0.4s
1142/2142 "★ Survival Knife | Slaughter (Factory New)"  steam_n=13  median=157.917  iqr_risk=3.7290554670764404  downside=6.517801262905093  ret7=0.011282695875980187  0.4s
1143/2142 "★ Nomad Knife | Marble Fade (Factory New)"  steam_n=46  median=299.868  iqr_risk=7.46862911284286  downside=5.124543658711127  ret7=-0.04042902371689894  0.5s
1144/2142 "StatTrak™ AWP | Chromatic Aberration (Field-Tested)"  steam_n=259  median=28.569  iqr_risk=9.612437274627782  downside=6.161465526445388  ret7=0.10113251100050502  0.4s
1145/2142 "AK-47 | Wasteland Rebel (Minimal Wear)"  steam_n=9  median=133.507  iqr_risk=5.4318936755618905  downside=2.01950334256319  ret7=-0.02327132340137017  0.5s
1146/2142 "StatTrak™ M4A1-S | Leaded Glass (Minimal Wear)"  steam_n=45  median=25.013  iqr_risk=6.482483083166861  downside=5.500240823062165  ret7=0.03220625180182046  0.5s
1147/2142 "★ Specialist Gloves | Blackbook (Field-Tested)"  steam_n=36  median=399.6275  iqr_risk=12.675586253554963  downside=7.117401793799523  ret7=-0.004193441487413407  0.4s
1148/2142 "★ Bowie Knife | Lore (Minimal Wear)"  steam_n=28  median=142.405  iqr_risk=8.365322603258281  downside=7.523764125283907  ret7=0.07130736722526065  0.4s
1149/2142 "★ Specialist Gloves | Crimson Web (Well-Worn)"  steam_n=15  median=164.039  iqr_risk=8.836889169415297  downside=9.118895992101596  ret7=0.003524436090225347  0.4s
1150/2142 "★ Paracord Knife | Slaughter (Field-Tested)"  steam_n=4  median=163.652  iqr_risk=5.832924019530041  downside=8.42134358267546  ret7=-0.13304441778143883  0.4s
1151/2142 "M4A1-S | Master Piece (Field-Tested)"  steam_n=7  median=160.016  iqr_risk=5.702073727353893  downside=7.523892890877744  ret7=-0.1771244372811649  0.5s
1152/2142 "★ Paracord Knife | Case Hardened (Minimal Wear)"  steam_n=8  median=139.737  iqr_risk=7.868578770416758  downside=12.722632117495902  ret7=-0.20852794807068153  0.4s
1153/2142 "AK-47 | Jaguar (Minimal Wear)"  steam_n=3  median=198.603  iqr_risk=34.817464237734086  downside=2.1061681826073477  ret7=None  0.5s
1154/2142 "StatTrak™ M4A4 | Tooth Fairy (Factory New)"  steam_n=32  median=36.0905  iqr_risk=4.8693842995556835  downside=4.947128446611075  ret7=-0.1430144666366321  0.4s
1155/2142 "AK-47 | Cartel (Minimal Wear)"  steam_n=166  median=26.913  iqr_risk=9.781451356187093  downside=6.908083701971809  ret7=-0.011537130331115697  0.5s
1156/2142 "AK-47 | Fuel Injector (Battle-Scarred)"  steam_n=13  median=124.521  iqr_risk=0.41576026672497485  downside=2.2248361298065773  ret7=-0.05103516968245314  0.7s
1157/2142 "AK-47 | Fuel Injector (Minimal Wear)"  steam_n=10  median=285.112  iqr_risk=7.260902500685634  downside=11.03709652259821  ret7=0.05557016719894814  0.5s
1158/2142 "StatTrak™ USP-S | Neo-Noir (Field-Tested)"  steam_n=11  median=124.049  iqr_risk=5.05609928816737  downside=4.406894829696404  ret7=-0.02674606537055335  0.4s
1159/2142 "M4A1-S | Flashback (Factory New)"  steam_n=127  median=213.322  iqr_risk=13.371173063307513  downside=14.17303004528413  ret7=0.08820443834320835  0.4s
1160/2142 "StatTrak™ UMP-45 | K.O. Factory (Factory New)"  steam_n=6  median=44.143  iqr_risk=23.753426599867673  downside=32.13796200018905  ret7=0.44307531150071644  0.4s
1161/2142 "StatTrak™ AK-47 | Searing Rage (Well-Worn)"  steam_n=384  median=8.008  iqr_risk=4.525536510155926  downside=5.205927516510393  ret7=-0.0127538684719537  0.4s
1162/2142 "Tec-9 | Fuel Injector (Factory New)"  steam_n=8  median=62.5675  iqr_risk=7.858407472745038  downside=8.418101861840519  ret7=-0.04343038903841445  0.4s
1163/2142 "★ Huntsman Knife | Damascus Steel (Field-Tested)"  steam_n=23  median=109.95  iqr_risk=8.457282387084172  downside=6.979064289240909  ret7=0.04177886740886616  0.5s
1164/2142 "★ Falchion Knife | Crimson Web (Field-Tested)"  steam_n=7  median=144.847  iqr_risk=8.100899410730914  downside=7.065026362038668  ret7=-0.0977344786560107  0.5s
1165/2142 "P90 | Asiimov (Battle-Scarred)"  steam_n=21  median=193.697  iqr_risk=5.240942261850644  downside=6.448501341325905  ret7=-0.074130893700878  1.1s
1166/2142 "AWP | Neo-Noir (Minimal Wear)"  steam_n=182  median=53.813  iqr_risk=5.237456717724447  downside=4.868386644485369  ret7=0.08298569725864136  0.8s
1167/2142 "AK-47 | The Oligarch (Minimal Wear)"  steam_n=39  median=139.597  iqr_risk=4.565559679652621  downside=2.053686956940744  ret7=0.0001687561965164619  0.4s
1168/2142 "USP-S | Printstream (Battle-Scarred)"  steam_n=271  median=39.3  iqr_risk=3.0424003559849986  downside=3.3055749793401494  ret7=-0.04704699796513778  0.4s
1169/2142 "★ Moto Gloves | Blood Pressure (Field-Tested)"  steam_n=46  median=170.403  iqr_risk=6.236630591171995  downside=8.367473116726277  ret7=0.010490083592853638  0.5s
1170/2142 "★ Talon Knife | Tiger Tooth (Factory New)"  steam_n=23  median=617.019  iqr_risk=4.236045059942667  downside=5.370009327192383  ret7=0.048878269348935355  0.4s
1171/2142 "★ Paracord Knife | Case Hardened (Field-Tested)"  steam_n=19  median=129.066  iqr_risk=8.884512493427358  downside=12.398900182732696  ret7=0.31472164369456834  0.4s
1172/2142 "AK-47 | The Empress (Minimal Wear)"  steam_n=78  median=132.434  iqr_risk=7.261496535136096  downside=6.7528898959976225  ret7=-0.07568683475749671  0.6s
1173/2142 "MP9 | Airlock (Minimal Wear)"  steam_n=56  median=15.609  iqr_risk=4.593318576710979  downside=12.167816062540778  ret7=0.047880165841915234  0.6s
1174/2142 "★ Flip Knife | Slaughter (Factory New)"  steam_n=2  median=373.998  iqr_risk=6.674367242605572  downside=5.339493794084464  ret7=-0.08401293071780191  0.8s
1175/2142 "StatTrak™ USP-S | Blood Tiger (Minimal Wear)"  steam_n=68  median=5.235  iqr_risk=9.52034538927458  downside=11.041702908291557  ret7=-0.01883408071748882  0.6s
1176/2142 "StatTrak™ M4A4 | Temukau (Field-Tested)"  steam_n=168  median=43.271  iqr_risk=5.61289278280475  downside=7.356035683589693  ret7=0.0019950925310157075  0.4s
1177/2142 "★ Gut Knife | Stained (Field-Tested)"  steam_n=10  median=73.26  iqr_risk=4.938498382699458  downside=8.845570585294308  ret7=-0.061067137990214904  0.4s
1178/2142 "★ Huntsman Knife | Ultraviolet (Field-Tested)"  steam_n=41  median=82.2  iqr_risk=8.23009700583203  downside=9.015248990562359  ret7=-0.020048998141857788  0.4s
1179/2142 "PP-Bizon | Fuel Rod (Factory New)"  steam_n=23  median=8.062  iqr_risk=2.637481821094919  downside=3.7886070645073757  ret7=-0.026769989432898877  0.4s
1180/2142 "★ Bowie Knife | Autotronic (Field-Tested)"  steam_n=75  median=110.1  iqr_risk=6.453989229067836  downside=6.788039469713469  ret7=-0.02050174154578721  0.4s
1181/2142 "AK-47 | Panthera onca (Field-Tested)"  steam_n=1  median=238.01  iqr_risk=0.0  downside=0.0  ret7=None  0.5s
1182/2142 "StatTrak™ XM1014 | XOXO (Minimal Wear)"  steam_n=23  median=10.628  iqr_risk=18.343868404877014  downside=14.917294336749197  ret7=0.030473135525260542  0.5s
1183/2142 "Glock-18 | Brass (Battle-Scarred)"  steam_n=6  median=32.844  iqr_risk=17.300164812525743  downside=9.129826219733879  ret7=0.18489103806062146  0.6s
1184/2142 "M4A4 | Neo-Noir (Battle-Scarred)"  steam_n=84  median=33.501  iqr_risk=8.010556780182043  downside=5.281389176301226  ret7=-0.025363405787220072  0.5s
1185/2142 "P2000 | Fire Elemental (Minimal Wear)"  steam_n=12  median=91.999  iqr_risk=5.282147417015782  downside=5.174618886915452  ret7=-0.17289400341634453  0.6s
1186/2142 "CZ75-Auto | Tread Plate (Factory New)"  steam_n=5  median=18.558  iqr_risk=0.2399526790995595  downside=12.853651186928715  ret7=-0.08708056813248166  0.5s
1187/2142 "★ Broken Fang Gloves | Unhinged (Well-Worn)"  steam_n=10  median=69.7115  iqr_risk=7.035886042129522  downside=1.140984897488548  ret7=-0.044596780942285585  0.4s
1188/2142 "StatTrak™ Glock-18 | Dragon Tattoo (Factory New)"  steam_n=4  median=298.232  iqr_risk=5.817658199932543  downside=2.514431933165561  ret7=0.007019642407454008  0.8s
1189/2142 "MP9 | Arctic Tri-Tone (Battle-Scarred)"  steam_n=74  median=4.013  iqr_risk=4.505068201726936  downside=3.67163058440746  ret7=0.03685134118826783  0.5s
1190/2142 "StatTrak™ AK-47 | Bloodsport (Field-Tested)"  steam_n=3  median=348.993  iqr_risk=0.1188643962276471  downside=0.19018303396425165  ret7=0.025078204167951812  0.4s
1191/2142 "P250 | See Ya Later (Minimal Wear)"  steam_n=71  median=134.98  iqr_risk=8.304155445857804  downside=10.927894665933994  ret7=-0.006813794693019237  0.4s
1192/2142 "M4A4 | Radiation Hazard (Field-Tested)"  steam_n=11  median=48.602  iqr_risk=31.06495539464571  downside=23.833232935429802  ret7=0.5476203471236765  0.5s
1193/2142 "★ Hand Wraps | Cobalt Skulls (Field-Tested)"  steam_n=44  median=266.5995  iqr_risk=4.402407324943012  downside=2.994029029332616  ret7=0.020290017775282942  0.5s
1194/2142 "StatTrak™ SSG 08 | Big Iron (Field-Tested)"  steam_n=14  median=26.528  iqr_risk=4.245255965649478  downside=2.532700667969206  ret7=0.06713442832084193  0.5s
1195/2142 "Desert Eagle | Starcade (Minimal Wear)"  steam_n=9  median=120.247  iqr_risk=11.858785485041382  downside=5.894652426383804  ret7=0.1571639102669069  0.4s
1196/2142 "AWP | Chrome Cannon (Factory New)"  steam_n=28  median=105.5005  iqr_risk=5.629486059735009  downside=4.7815967300254005  ret7=-0.04294433682979426  0.4s
1197/2142 "★ Skeleton Knife | Urban Masked (Minimal Wear)"  steam_n=9  median=200.671  iqr_risk=12.019294479340598  downside=7.729080223845794  ret7=0.12903834821760607  0.4s
1198/2142 "★ Broken Fang Gloves | Yellow-banded (Battle-Scarred)"  steam_n=29  median=62.33  iqr_risk=7.815806781404862  downside=9.396550040047664  ret7=-0.02767818383523335  0.4s
1199/2142 "Desert Eagle | Naga (Factory New)"  steam_n=21  median=46.154  iqr_risk=3.3839874177791773  downside=4.790518710366124  ret7=-0.045171433149082674  0.4s
1200/2142 "UMP-45 | K.O. Factory (Well-Worn)"  steam_n=710  median=4.779  iqr_risk=5.3871210223001755  downside=3.841977783345865  ret7=-0.03220478943022287  0.6s
1201/2142 "MAG-7 | SWAG-7 (Factory New)"  steam_n=33  median=5.226  iqr_risk=7.426325417957219  downside=2.930681591769465  ret7=0.02000708215297453  0.5s
1202/2142 "★ Driver Gloves | Overtake (Well-Worn)"  steam_n=17  median=65.436  iqr_risk=8.652804143861795  downside=8.093784055312302  ret7=-0.04043194184114052  0.4s
1203/2142 "AK-47 | Phantom Disruptor (Minimal Wear)"  steam_n=720  median=10.009  iqr_risk=6.957387848485752  downside=4.437738528445914  ret7=0.00468945393914133  0.4s
1204/2142 "MP9 | Starlight Protector (Minimal Wear)"  steam_n=360  median=89.8605  iqr_risk=5.550732380570762  downside=5.297515693869377  ret7=-0.07253660298773879  0.4s
1205/2142 "Glock-18 | Vogue (Factory New)"  steam_n=174  median=16.5355  iqr_risk=2.439140272836886  downside=2.6517558602913684  ret7=-0.10486626605396465  0.6s
1206/2142 "AK-47 | The Outsiders (Field-Tested)"  steam_n=984  median=8.719  iqr_risk=3.719677780059774  downside=3.023664453116072  ret7=0.006459799284807888  0.4s
1207/2142 "★ Specialist Gloves | Buckshot (Minimal Wear)"  steam_n=11  median=115.26  iqr_risk=6.917550775055882  downside=9.109972604443401  ret7=-0.014612469426700248  0.4s
1208/2142 "★ Broken Fang Gloves | Jade (Field-Tested)"  steam_n=88  median=106.5235  iqr_risk=9.638025600990893  downside=8.534505581682094  ret7=0.031216613873634058  0.5s
1209/2142 "StatTrak™ Glock-18 | Shinobu (Well-Worn)"  steam_n=235  median=7.425  iqr_risk=5.555630469666527  downside=5.434269609892254  ret7=-0.01816347124117057  0.4s
1210/2142 "M4A1-S | Fade (Factory New)"  steam_n=119  median=352.27  iqr_risk=3.983650918995294  downside=3.3018698734762375  ret7=0.016524190839572572  0.4s
1211/2142 "StatTrak™ M4A4 | Turbine (Field-Tested)"  steam_n=196  median=3.871  iqr_risk=6.794066006768606  downside=5.038296139850885  ret7=0.08023583696488101  0.4s
1212/2142 "StatTrak™ Zeus x27 | Tosai (Factory New)"  steam_n=116  median=4.371  iqr_risk=7.445374809447005  downside=7.52270066058371  ret7=-0.02212784979883775  0.4s
1213/2142 "AWP | Redline (Field-Tested)"  steam_n=103  median=46.935  iqr_risk=9.160905122875915  downside=4.911804448861128  ret7=0.06887720717077772  0.5s
1214/2142 "★ Huntsman Knife | Lore (Field-Tested)"  steam_n=74  median=125.3085  iqr_risk=6.948018569386215  downside=8.377026006778781  ret7=0.018681127335140824  0.4s
1215/2142 "★ Talon Knife | Damascus Steel (Field-Tested)"  steam_n=17  median=392.612  iqr_risk=7.499055874260425  downside=20.64767428346426  ret7=-0.04762476427717499  0.5s
1216/2142 "P2000 | Imperial Dragon (Factory New)"  steam_n=27  median=63.501  iqr_risk=12.348637698807245  downside=15.513036832167987  ret7=-0.02787000406699458  0.5s
1217/2142 "★ Bowie Knife | Case Hardened (Battle-Scarred)"  steam_n=1  median=209.39  iqr_risk=0.0  downside=0.0  ret7=None  0.4s
1218/2142 "P90 | Deathgaze (Minimal Wear)"  steam_n=569  median=14.754  iqr_risk=1.77769967014546  downside=1.852052127832147  ret7=0.03316186556927314  0.4s
1219/2142 "Glock-18 | Brass (Minimal Wear)"  steam_n=3  median=73.998  iqr_risk=29.363537722167848  downside=6.100349783277659  ret7=-0.26249065630139023  0.5s
1220/2142 "StatTrak™ Desert Eagle | Conspiracy (Minimal Wear)"  steam_n=52  median=23.72  iqr_risk=9.281268151614645  downside=4.796351757179274  ret7=-0.06672721651078306  0.5s
1221/2142 "FAMAS | Roll Cage (Field-Tested)"  steam_n=59  median=135.121  iqr_risk=6.173309300692341  downside=8.219223500547075  ret7=-0.053627489541244966  0.5s
1222/2142 "★ Stiletto Knife | Ultraviolet (Field-Tested)"  steam_n=25  median=211.467  iqr_risk=7.657720520689281  downside=7.792765552145762  ret7=-0.04366343082517554  0.4s
1223/2142 "Nova | Antique (Factory New)"  steam_n=24  median=13.8325  iqr_risk=19.92672558451728  downside=7.053361673565268  ret7=-0.02492326580724369  0.5s
1224/2142 "M4A4 | Full Throttle (Battle-Scarred)"  steam_n=146  median=32.304  iqr_risk=3.9376971536162624  downside=3.5245768204170544  ret7=-0.03778648974668264  0.4s
1225/2142 "M4A4 | Poly Mag (Factory New)"  steam_n=268  median=2.068  iqr_risk=5.291755256319401  downside=2.5041341837939965  ret7=-0.08810572687224683  0.4s
1226/2142 "Desert Eagle | Kumicho Dragon (Field-Tested)"  steam_n=241  median=23.43  iqr_risk=5.668246524800149  downside=3.338199798369378  ret7=-0.005798470921742238  0.5s
1227/2142 "M4A1-S | Hyper Beast (Minimal Wear)"  steam_n=28  median=147.301  iqr_risk=9.515018295557933  downside=5.880809918782318  ret7=0.013127814557092776  0.5s
1228/2142 "★ Bowie Knife | Tiger Tooth (Factory New)"  steam_n=45  median=166.647  iqr_risk=5.340215035353719  downside=4.657157362458106  ret7=0.14381557955703173  0.5s
1229/2142 "★ Paracord Knife | Fade (Factory New)"  steam_n=31  median=193.211  iqr_risk=5.7989183348552045  downside=7.361810263772571  ret7=-0.06439309801704296  0.4s
1230/2142 "Negev | Lionfish (Factory New)"  steam_n=97  median=2.46  iqr_risk=2.0301068678898355  downside=5.209330830811664  ret7=-0.10959396334890392  0.5s
1231/2142 "Glock-18 | Snack Attack (Battle-Scarred)"  steam_n=40  median=19.369  iqr_risk=4.635696619524865  downside=5.567689535346018  ret7=-0.06741023383230604  0.4s
1232/2142 "★ Survival Knife | Blue Steel (Minimal Wear)"  steam_n=8  median=98.1935  iqr_risk=9.957139911821615  downside=5.524332318330324  ret7=0.1246770353108062  0.4s
1233/2142 "★ Stiletto Knife | Slaughter (Factory New)"  steam_n=4  median=514.216  iqr_risk=2.204989494595005  downside=1.6898944607742106  ret7=0.10069989907411481  0.4s
1234/2142 "Galil AR | Sugar Rush (Field-Tested)"  steam_n=7  median=63.25  iqr_risk=6.202311223682115  downside=4.775051448472372  ret7=0.1042371098995325  0.6s
1235/2142 "★ Driver Gloves | Queen Jaguar (Minimal Wear)"  steam_n=11  median=160.537  iqr_risk=8.395857106877566  downside=7.79140016977031  ret7=-0.0487909358280314  0.5s
1236/2142 "SSG 08 | Bloodshot (Field-Tested)"  steam_n=123  median=21.812  iqr_risk=8.027997870123011  downside=6.427859519139319  ret7=0.028849285747522213  0.5s
1237/2142 "SSG 08 | Blood in the Water (Factory New)"  steam_n=0  median=None  iqr_risk=None  downside=None  ret7=None  0.5s
1238/2142 "★ Sport Gloves | Bronze Morph (Well-Worn)"  steam_n=11  median=123.29  iqr_risk=9.65467844114054  downside=10.304587857697458  ret7=-0.002268173439127996  0.6s
1239/2142 "StatTrak™ SSG 08 | Rapid Transit (Minimal Wear)"  steam_n=55  median=11.307  iqr_risk=8.019935770317478  downside=6.010564554340773  ret7=-0.04060740487971348  0.5s
1240/2142 "USP-S | Neo-Noir (Factory New)"  steam_n=16  median=159.85  iqr_risk=9.522648090404237  downside=9.733337052391363  ret7=0.15867805240874233  0.5s
1241/2142 "★ Nomad Knife | Rust Coat (Battle-Scarred)"  steam_n=41  median=121.58  iqr_risk=2.8754413334428075  downside=3.5232777732161895  ret7=-0.0073411606181856826  0.4s
1242/2142 "★ Paracord Knife | Slaughter (Factory New)"  steam_n=10  median=180.53  iqr_risk=6.696091275788635  downside=8.488174585265694  ret7=-0.10461716781280894  0.5s
1243/2142 "MP9 | Urban Sovereign (Factory New)"  steam_n=485  median=7.163  iqr_risk=1.8326618065194267  downside=2.4983492568286927  ret7=-0.025547954767555447  0.4s
1244/2142 "Dual Berettas | Sweet Little Angels (Field-Tested)"  steam_n=565  median=2.809  iqr_risk=5.006346072486247  downside=3.384571992666764  ret7=0.013587954461990348  0.4s
1245/2142 "StatTrak™ USP-S | Ticket to Hell (Factory New)"  steam_n=217  median=7.092  iqr_risk=21.292521553164484  downside=6.418498964111475  ret7=0.02974484922908993  0.5s
1246/2142 "Desert Eagle | Printstream (Minimal Wear)"  steam_n=345  median=57.862  iqr_risk=5.496103789436946  downside=2.8626966499775874  ret7=0.04664511619779854  0.4s
1247/2142 "M4A4 | Evil Daimyo (Field-Tested)"  steam_n=876  median=3.992  iqr_risk=5.361397934868937  downside=3.152303415409049  ret7=-0.021629778672032196  0.7s
1248/2142 "★ Bayonet | Tiger Tooth (Factory New)"  steam_n=17  median=378.238  iqr_risk=6.0656864793814504  downside=7.6671978628790605  ret7=-0.04170398603547365  0.4s
1249/2142 "M4A1-S | Golden Coil (Well-Worn)"  steam_n=39  median=68.993  iqr_risk=10.998787546705682  downside=7.809831364068239  ret7=-0.01665063717239701  0.5s
1250/2142 "SG 553 | Desert Blossom (Factory New)"  steam_n=45  median=5.235  iqr_risk=2.298934462122308  downside=3.503138227995916  ret7=-0.20673076923076927  0.4s
1251/2142 "StatTrak™ MP5-SD | Phosphor (Factory New)"  steam_n=6  median=33.627  iqr_risk=2.4752251913562624  downside=5.986556188814872  ret7=0.040728831725616255  0.4s
1252/2142 "M4A1-S | Atomic Alloy (Minimal Wear)"  steam_n=43  median=53.544  iqr_risk=5.362164508374764  downside=3.5146960643128584  ret7=-0.06188315960799251  0.5s
1253/2142 "★ Flip Knife | Autotronic (Field-Tested)"  steam_n=13  median=216.724  iqr_risk=4.354752765125398  downside=1.3704862844981367  ret7=-0.03348311760904121  0.4s
1254/2142 "★ Bayonet | Night (Minimal Wear)"  steam_n=4  median=217.849  iqr_risk=8.730916248418724  downside=4.109714160451934  ret7=0.1236106433142472  0.5s
1255/2142 "M4A4 | Spider Lily (Field-Tested)"  steam_n=463  median=10.792  iqr_risk=8.53372593925514  downside=4.3531999200247125  ret7=0.1002126282703153  0.4s
1256/2142 "★ Kukri Knife | Night Stripe (Field-Tested)"  steam_n=102  median=63.2295  iqr_risk=4.6785950333700885  downside=5.384958774416322  ret7=0.002181514869590284  0.4s
1257/2142 "AWP | Atheris (Field-Tested)"  steam_n=2619  median=5.698  iqr_risk=5.3374595778712814  downside=2.816509614381599  ret7=-0.023838524447537757  0.5s
1258/2142 "AK-47 | Vulcan (Battle-Scarred)"  steam_n=24  median=132.9315  iqr_risk=2.076163593751059  downside=4.293986328840197  ret7=0.033349075315941556  0.5s
1259/2142 "MAC-10 | Propaganda (Field-Tested)"  steam_n=23  median=42.133  iqr_risk=10.18640505832851  downside=1.2463473452436957  ret7=0.3523225117951021  0.5s
1260/2142 "M4A1-S | Chantico's Fire (Factory New)"  steam_n=3  median=361.207  iqr_risk=3.561299157479289  downside=3.4929956941541245  ret7=-0.24727371239827867  0.5s
1261/2142 "StatTrak™ Glock-18 | Shinobu (Factory New)"  steam_n=18  median=60.89  iqr_risk=6.7021336440712105  downside=6.93132960983646  ret7=0.31291245226339415  0.4s
1262/2142 "M4A1-S | Briefing (Factory New)"  steam_n=14  median=126.309  iqr_risk=5.333124083351605  downside=7.783209468669526  ret7=-0.17114790793004397  0.4s
1263/2142 "★ Sport Gloves | Frosty (Battle-Scarred)"  steam_n=17  median=173.406  iqr_risk=4.5207559300592335  downside=4.444899276008373  ret7=0.007614073161311685  0.5s
1264/2142 "StatTrak™ AWP | Ice Coaled (Battle-Scarred)"  steam_n=190  median=11.456  iqr_risk=3.8783330110909953  downside=4.446944263793438  ret7=-0.019075385256143385  0.4s
1265/2142 "USP-S | Neo-Noir (Field-Tested)"  steam_n=76  median=118.136  iqr_risk=5.555246302739858  downside=6.2782127775460665  ret7=-0.08263982575622131  0.5s
1266/2142 "AUG | Syd Mead (Factory New)"  steam_n=10  median=33.08  iqr_risk=15.300488426417505  downside=5.279364263280835  ret7=-0.13122502807301595  0.5s
1267/2142 "Galil AR | Eco (Well-Worn)"  steam_n=97  median=12.975  iqr_risk=4.2248791497137885  downside=7.259607500136656  ret7=0.005735989458181434  0.6s
1268/2142 "USP-S | Blueprint (Factory New)"  steam_n=8  median=175.32  iqr_risk=13.431325960486149  downside=16.19902367375151  ret7=-0.07273335047570073  0.5s
1269/2142 "M249 | Emerald Poison Dart (Factory New)"  steam_n=40  median=6.9115  iqr_risk=2.983031097516576  downside=5.405287306095699  ret7=-0.37160751565762007  0.4s
1270/2142 "Glock-18 | Grinder (Minimal Wear)"  steam_n=167  median=3.455  iqr_risk=6.745718050065882  downside=5.744400527009222  ret7=-0.06922660897782584  0.5s
1271/2142 "StatTrak™ MP9 | Starlight Protector (Battle-Scarred)"  steam_n=66  median=78.438  iqr_risk=12.59956476866967  downside=14.191151175005976  ret7=-0.015871814282109598  0.4s
1272/2142 "★ Ursus Knife | Slaughter (Minimal Wear)"  steam_n=5  median=195.698  iqr_risk=11.703314768504217  downside=6.551225976148016  ret7=0.094871421615625  0.4s
1273/2142 "AK-47 | Case Hardened (Battle-Scarred)"  steam_n=6  median=230.5995  iqr_risk=18.125293582034924  downside=55.05704093244148  ret7=-0.01608145180729814  0.5s
1274/2142 "AK-47 | Nouveau Rouge (Field-Tested)"  steam_n=839  median=13.776  iqr_risk=2.0238950186067766  downside=1.6394275061115762  ret7=-0.038968481375358244  0.4s
1275/2142 "M4A1-S | Printstream (Battle-Scarred)"  steam_n=21  median=185.852  iqr_risk=7.283455124002619  downside=5.772931024374133  ret7=0.02879035134171226  0.4s
1276/2142 "★ Navaja Knife | Marble Fade (Factory New)"  steam_n=58  median=124.3955  iqr_risk=6.195651560778782  downside=7.305445581654708  ret7=0.08905871607296989  0.4s
1277/2142 "AK-47 | The Outsiders (Factory New)"  steam_n=13  median=87.065  iqr_risk=6.273931462306058  downside=4.485407822329244  ret7=-0.10550820107828984  0.4s
1278/2142 "USP-S | Purple DDPAT (Minimal Wear)"  steam_n=55  median=7.682  iqr_risk=9.081273471951427  downside=10.994360188953301  ret7=-0.03981681719882979  0.4s
1279/2142 "R8 Revolver | Memento (Factory New)"  steam_n=10  median=6.99  iqr_risk=5.715928272622745  downside=0.561440418817434  ret7=0.008335688047471201  0.5s
1280/2142 "Tec-9 | Remote Control (Factory New)"  steam_n=11  median=52.707  iqr_risk=3.9521245481679186  downside=5.048895354941277  ret7=-0.06871875470246958  0.4s
1281/2142 "AWP | Chrome Cannon (Well-Worn)"  steam_n=399  median=30.94  iqr_risk=4.770331118997201  downside=3.3231157997879213  ret7=-0.008761720012932406  0.4s
1282/2142 "Glock-18 | Trace Lock (Factory New)"  steam_n=347  median=10.147  iqr_risk=4.9352222506127585  downside=2.7198137580558144  ret7=-0.06133209990749311  0.4s
1283/2142 "★ Hydra Gloves | Case Hardened (Minimal Wear)"  steam_n=17  median=141.665  iqr_risk=19.749699550536892  downside=10.041349544000324  ret7=0.28248334081127346  0.4s
1284/2142 "P90 | Deathgaze (Field-Tested)"  steam_n=722  median=7.6815  iqr_risk=3.087412362513671  downside=2.437769344568081  ret7=-0.03183810260376385  0.4s
1285/2142 "MP7 | Nemesis (Field-Tested)"  steam_n=55  median=7.55  iqr_risk=10.248649222722255  downside=7.102367013155975  ret7=0.0011200421662933557  0.5s
1286/2142 "★ Driver Gloves | King Snake (Minimal Wear)"  steam_n=8  median=604.525  iqr_risk=9.365957144997042  downside=5.610633267875401  ret7=0.06204656648374529  0.4s
1287/2142 "StatTrak™ M4A1-S | Player Two (Minimal Wear)"  steam_n=8  median=126.46  iqr_risk=10.747862803018556  downside=6.5751721978951485  ret7=0.00031640563202040006  0.4s
1288/2142 "StatTrak™ AWP | Neo-Noir (Minimal Wear)"  steam_n=19  median=87.583  iqr_risk=6.733189957186086  downside=6.195971469178174  ret7=-0.129526507574365  0.5s
1289/2142 "StatTrak™ SSG 08 | Turbo Peek (Factory New)"  steam_n=2  median=167.5505  iqr_risk=19.767413406704257  downside=15.813978472162121  ret7=0.21608785721393486  0.4s
1290/2142 "AK-47 | Legion of Anubis (Battle-Scarred)"  steam_n=157  median=42.141  iqr_risk=5.721019978893324  downside=8.348004163376297  ret7=0.03269886569763214  0.4s
1291/2142 "UMP-45 | K.O. Factory (Battle-Scarred)"  steam_n=521  median=4.711  iqr_risk=6.696098519253928  downside=4.288037853023812  ret7=-0.024905023216547084  0.5s
1292/2142 "Tec-9 | Decimator (Factory New)"  steam_n=2  median=165.178  iqr_risk=5.641187083025575  downside=4.512949666420464  ret7=-0.20381693817397906  0.4s
1293/2142 "Glock-18 | Neo-Noir (Well-Worn)"  steam_n=36  median=38.389  iqr_risk=5.788582090134836  downside=5.3227892404454025  ret7=-0.057314048572059906  0.5s
1294/2142 "★ Bloodhound Gloves | Snakebite (Field-Tested)"  steam_n=8  median=394.798  iqr_risk=4.673333446736639  downside=4.042694342409265  ret7=0.08496470172522352  0.5s
1295/2142 "M4A1-S | Solitude (Minimal Wear)"  steam_n=1458  median=5.63  iqr_risk=5.288874100278463  downside=4.3624454913224  ret7=0.004627915586819631  0.5s
1296/2142 "StatTrak™ Glock-18 | Water Elemental (Field-Tested)"  steam_n=74  median=24.772  iqr_risk=3.080460328447516  downside=5.748033727195073  ret7=-0.00837035861631219  0.5s
1297/2142 "MP5-SD | Bamboo Garden (Factory New)"  steam_n=19  median=8.001  iqr_risk=5.2709281470003235  downside=7.881989775375481  ret7=-0.4612974807466388  0.6s
1298/2142 "AK-47 | Elite Build (Minimal Wear)"  steam_n=1723  median=3.725  iqr_risk=5.620371850194457  downside=4.341803846358752  ret7=0.031258721741557194  0.5s
1299/2142 "UMP-45 | Wild Child (Minimal Wear)"  steam_n=670  median=7.259  iqr_risk=1.442604932334965  downside=2.459297932266267  ret7=-0.015353535353535341  0.9s
1300/2142 "★ Bayonet | Boreal Forest (Field-Tested)"  steam_n=5  median=157.206  iqr_risk=4.217025598886118  downside=3.820240962022031  ret7=0.03194503350581046  0.5s
1301/2142 "★ Falchion Knife | Autotronic (Field-Tested)"  steam_n=58  median=131.327  iqr_risk=7.656323069489518  downside=9.312655460800956  ret7=0.019401345545665194  0.5s
1302/2142 "P250 | Muertos (Minimal Wear)"  steam_n=76  median=14.195  iqr_risk=9.831567452500911  downside=5.8332814973010665  ret7=0.12983218968679933  0.5s
1303/2142 "P250 | Cartel (Factory New)"  steam_n=4  median=54.1855  iqr_risk=3.940488692333853  downside=2.5910011980653374  ret7=-0.059507403088448374  0.6s
1304/2142 "M4A1-S | Leaded Glass (Factory New)"  steam_n=87  median=64.572  iqr_risk=18.713073715729998  downside=22.76735837210426  ret7=0.19524522650692622  0.5s
1305/2142 "MP9 | Hydra (Factory New)"  steam_n=3  median=65.009  iqr_risk=6.084741930969368  downside=4.841341488358792  ret7=-0.12510206712793848  0.4s
1306/2142 "MP9 | Bulldozer (Field-Tested)"  steam_n=3  median=112.402  iqr_risk=7.266344488009491  downside=8.802407221664993  ret7=-0.11608631373659217  0.4s
1307/2142 "AK-47 | B the Monster (Field-Tested)"  steam_n=75  median=156.51  iqr_risk=7.017249521537051  downside=5.189148211667039  ret7=0.00888201996126936  0.4s
1308/2142 "★ Driver Gloves | Overtake (Minimal Wear)"  steam_n=15  median=143.54  iqr_risk=4.453020632328938  downside=9.296612679360694  ret7=-0.08593173762915862  0.4s
1309/2142 "★ Talon Knife | Crimson Web (Battle-Scarred)"  steam_n=3  median=380.862  iqr_risk=2.703370368690059  downside=2.018460595987152  ret7=0.09641291041902522  0.4s
1310/2142 "★ Huntsman Knife | Black Laminate (Battle-Scarred)"  steam_n=40  median=78.1595  iqr_risk=5.691032723632182  downside=6.882452843123425  ret7=-0.006956092747903209  0.4s
1311/2142 "★ Butterfly Knife | Forest DDPAT (Field-Tested)"  steam_n=15  median=540.5  iqr_risk=2.9974808326846767  downside=3.735630425190867  ret7=0.04838579839921486  0.7s
1312/2142 "StatTrak™ USP-S | Guardian (Factory New)"  steam_n=47  median=13.393  iqr_risk=5.670672113511889  downside=9.33041772427807  ret7=-0.2018904600373519  0.5s
1313/2142 "AK-47 | Case Hardened (Field-Tested)"  steam_n=17  median=263.0  iqr_risk=16.877493119054286  downside=5.30715729728739  ret7=0.2969251481412327  0.5s
1314/2142 "P2000 | Fire Elemental (Battle-Scarred)"  steam_n=3  median=83.271  iqr_risk=4.411226995956762  downside=1.0111021365998978  ret7=-0.10199711576279336  0.5s
1315/2142 "AK-47 | Fuel Injector (Well-Worn)"  steam_n=14  median=148.3705  iqr_risk=5.259219130256239  downside=1.8290718269216415  ret7=0.09148802772748721  0.6s
1316/2142 "Glock-18 | Nuclear Garden (Minimal Wear)"  steam_n=516  median=15.83  iqr_risk=11.630135715831443  downside=6.00983089621912  ret7=0.08601049532829896  0.5s
1317/2142 "★ Falchion Knife | Case Hardened (Well-Worn)"  steam_n=3  median=165.771  iqr_risk=7.952240286133268  downside=0.0  ret7=-0.08587778150244807  0.4s
1318/2142 "Nova | Rising Sun (Factory New)"  steam_n=137  median=5.832  iqr_risk=6.75255740513665  downside=4.753666033964348  ret7=-0.0631003643590593  0.4s
1319/2142 "M4A1-S | Control Panel (Factory New)"  steam_n=9  median=266.971  iqr_risk=12.56702682536083  downside=4.333828338173653  ret7=-0.045007186366436414  0.5s
1320/2142 "★ Specialist Gloves | Buckshot (Field-Tested)"  steam_n=114  median=65.4535  iqr_risk=6.8537069903332775  downside=6.626299122293397  ret7=-0.04154094995178703  0.5s
1321/2142 "M4A4 | The Battlestar (Factory New)"  steam_n=4  median=143.135  iqr_risk=3.5115005399888743  downside=3.931538496489184  ret7=None  0.6s
1322/2142 "P2000 | Panther Camo (Minimal Wear)"  steam_n=55  median=2.818  iqr_risk=10.763490241102192  downside=16.984787600459253  ret7=0.06489563567362433  0.4s
1323/2142 "P250 | Crimson Kimono (Field-Tested)"  steam_n=15  median=17.869  iqr_risk=19.607951867357983  downside=11.43205700501844  ret7=-0.03463590569018449  0.5s
1324/2142 "R8 Revolver | Fade (Factory New)"  steam_n=22  median=105.999  iqr_risk=12.498435297138204  downside=5.64745805454211  ret7=0.12317627875042914  0.5s
1325/2142 "★ Specialist Gloves | Lime Polycam (Field-Tested)"  steam_n=30  median=409.203  iqr_risk=0.9754778028504804  downside=0.8194753624579967  ret7=0.041611619867486516  0.4s
1326/2142 "★ Falchion Knife | Black Laminate (Field-Tested)"  steam_n=73  median=82.889  iqr_risk=5.971106378859745  downside=5.7840480108411585  ret7=-0.14627681409286575  0.5s
1327/2142 "★ Talon Knife | Scorched (Field-Tested)"  steam_n=7  median=270.483  iqr_risk=7.53658004011675  downside=6.438116617940078  ret7=-0.11984498234202745  0.5s
1328/2142 "★ Huntsman Knife | Slaughter (Factory New)"  steam_n=3  median=370.805  iqr_risk=3.671936927111862  downside=1.2965691881280768  ret7=0.12764954535778372  0.5s
1329/2142 "CZ75-Auto | Distressed (Factory New)"  steam_n=21  median=1.885  iqr_risk=2.788203753351209  downside=4.343163538873992  ret7=-0.11264258555133089  0.5s
1330/2142 "★ Gut Knife | Tiger Tooth (Factory New)"  steam_n=30  median=129.406  iqr_risk=7.143665401138592  downside=8.19999765883809  ret7=0.0002495878019634912  0.5s
1331/2142 "AK-47 | Searing Rage (Minimal Wear)"  steam_n=1153  median=9.154  iqr_risk=4.978747920992274  downside=4.076485743170528  ret7=0.02726861280832793  0.5s
1332/2142 "★ Nomad Knife | Ultraviolet (Field-Tested)"  steam_n=42  median=144.492  iqr_risk=9.05045083578815  downside=6.225466185591192  ret7=0.023390769906162623  0.4s
1333/2142 "StatTrak™ Glock-18 | Block-18 (Factory New)"  steam_n=192  median=6.456  iqr_risk=3.7535092209141805  downside=4.39718952119492  ret7=0.019351212461859557  0.4s
1334/2142 "★ Gut Knife | Fade (Factory New)"  steam_n=12  median=158.4775  iqr_risk=7.930027180106297  downside=6.535793217606252  ret7=0.11714884186879582  0.7s
1335/2142 "M4A4 | Desert Storm (Minimal Wear)"  steam_n=2  median=18.9395  iqr_risk=10.789091581087156  downside=8.631695662504283  ret7=0.146267515227664  0.5s
1336/2142 "★ Paracord Knife | Damascus Steel (Factory New)"  steam_n=25  median=94.44  iqr_risk=4.290038246245027  downside=4.768538453095581  ret7=-0.040143949996317096  0.4s
1337/2142 "M4A1-S | Chantico's Fire (Well-Worn)"  steam_n=15  median=130.288  iqr_risk=9.075501698332639  downside=18.47886019707386  ret7=0.1229487158921383  0.5s
1338/2142 "★ Kukri Knife | Scorched (Field-Tested)"  steam_n=118  median=57.71  iqr_risk=5.87035594564144  downside=5.563824016246371  ret7=-0.05159996586739479  1.1s
1339/2142 "AWP | Crakow! (Minimal Wear)"  steam_n=97  median=68.926  iqr_risk=5.626622924974491  downside=6.806721227858668  ret7=0.017599564546856517  0.5s
1340/2142 "★ Nomad Knife | Fade (Factory New)"  steam_n=19  median=367.284  iqr_risk=8.441085482971692  downside=4.361650083151108  ret7=-0.010658844254810229  0.4s
1341/2142 "CZ75-Auto | Emerald (Factory New)"  steam_n=9  median=51.47  iqr_risk=1.652943930044148  downside=2.9457752812044093  ret7=-0.05461879195866981  0.5s
1342/2142 "★ Paracord Knife | Tiger Tooth (Factory New)"  steam_n=71  median=139.632  iqr_risk=5.832686300355722  downside=6.956898575323671  ret7=-0.10692037881445104  0.5s
1343/2142 "★ Huntsman Knife | Night (Field-Tested)"  steam_n=7  median=100.0  iqr_risk=16.392556198248077  downside=11.981750000730697  ret7=0.19993281561839282  0.5s
1344/2142 "StatTrak™ UMP-45 | Moonrise (Factory New)"  steam_n=48  median=3.474  iqr_risk=10.362529002320183  downside=14.437354988399079  ret7=-0.07484120408726869  0.4s
1345/2142 "★ Flip Knife | Tiger Tooth (Factory New)"  steam_n=17  median=263.542  iqr_risk=6.404295349108614  downside=1.1764189912946668  ret7=-0.06194363680886794  0.7s
1346/2142 "★ Hand Wraps | Constrictor (Field-Tested)"  steam_n=70  median=65.438  iqr_risk=7.39647116424984  downside=5.3901182927640185  ret7=-0.05613610586011342  0.5s
1347/2142 "★ Sport Gloves | Slingshot (Battle-Scarred)"  steam_n=14  median=229.243  iqr_risk=3.202084028982286  downside=3.7789918329898344  ret7=-0.044178613900634156  0.4s
1348/2142 "★ Bayonet | Damascus Steel (Factory New)"  steam_n=2  median=250.2675  iqr_risk=2.386446502242599  downside=1.9091572017940883  ret7=-0.13897563141904523  0.6s
1349/2142 "★ Ursus Knife | Tiger Tooth (Factory New)"  steam_n=29  median=178.868  iqr_risk=5.200539899935833  downside=7.425428294680719  ret7=0.08043232146361334  0.6s
1350/2142 "AWP | POP AWP (Minimal Wear)"  steam_n=108  median=14.79  iqr_risk=9.879409682946024  downside=3.96433225509846  ret7=-0.12885154061624637  0.6s
1351/2142 "M4A1-S | Party Animal (Factory New)"  steam_n=156  median=59.597  iqr_risk=3.0953561227621122  downside=3.8510694979783553  ret7=-0.015255222290381898  0.4s
1352/2142 "SG 553 | Colony IV (Field-Tested)"  steam_n=35  median=11.272  iqr_risk=11.132432687118248  downside=9.293161199681315  ret7=0.0874172185430464  0.4s
1353/2142 "FAMAS | Djinn (Battle-Scarred)"  steam_n=47  median=11.901  iqr_risk=5.110132905863287  downside=7.892928933106029  ret7=-0.0646600225044206  0.5s
1354/2142 "MP9 | Latte Rush (Field-Tested)"  steam_n=138  median=26.133  iqr_risk=6.388530105143178  downside=3.7860423459399035  ret7=0.09551282051282062  0.4s
1355/2142 "UMP-45 | Exposure (Factory New)"  steam_n=73  median=3.51  iqr_risk=5.875131532795512  downside=11.74441716356833  ret7=0.015570934256055269  0.5s
1356/2142 "R8 Revolver | Nitro (Factory New)"  steam_n=39  median=6.099  iqr_risk=2.101259094382247  downside=4.175940998637924  ret7=-0.04179294943372158  0.6s
1357/2142 "★ Paracord Knife | Blue Steel (Minimal Wear)"  steam_n=11  median=115.002  iqr_risk=16.647664856585422  downside=9.969885885178238  ret7=-0.00805762422170686  1.2s
1358/2142 "P90 | Trigon (Field-Tested)"  steam_n=117  median=10.867  iqr_risk=6.794740645500363  downside=8.071100766754585  ret7=0.020426200530295535  0.5s
1359/2142 "M4A4 | Royal Paladin (Minimal Wear)"  steam_n=12  median=108.6415  iqr_risk=5.755990741997367  downside=3.3050409164102055  ret7=-0.13338934307041073  0.4s
1360/2142 "UMP-45 | Continuum (Factory New)"  steam_n=66  median=4.7775  iqr_risk=31.995806489795225  downside=4.852973503102858  ret7=1.8702725544052399  0.4s
1361/2142 "MP7 | Whiteout (Field-Tested)"  steam_n=7  median=50.142  iqr_risk=31.947379114181224  downside=25.732222673709888  ret7=0.2215854328382958  0.5s
1362/2142 "M4A4 | Turbine (Factory New)"  steam_n=52  median=30.8905  iqr_risk=4.856221983955774  downside=10.271473046466259  ret7=-0.10704124155769512  0.4s
1363/2142 "★ Stiletto Knife | Damascus Steel (Field-Tested)"  steam_n=14  median=222.637  iqr_risk=5.3438581026031375  downside=2.0185830739983848  ret7=0.07094387319687989  0.5s
1364/2142 "★ Huntsman Knife | Freehand (Field-Tested)"  steam_n=88  median=86.3725  iqr_risk=6.251239976004618  downside=8.145395037278528  ret7=-0.08113222881424809  0.4s
1365/2142 "StatTrak™ Desert Eagle | Cobalt Disruption (Factory New)"  steam_n=3  median=274.832  iqr_risk=13.609134330987379  downside=21.733036092255826  ret7=0.2668887475925874  0.5s
1366/2142 "UMP-45 | Fade (Factory New)"  steam_n=9  median=201.917  iqr_risk=6.806441007006353  downside=7.308974006558991  ret7=-0.07137110178596373  0.4s
1367/2142 "Five-SeveN | Hyper Beast (Field-Tested)"  steam_n=2  median=426.914  iqr_risk=0.2063647479351747  downside=0.16509179834813978  ret7=None  0.5s
1368/2142 "★ Specialist Gloves | Field Agent (Battle-Scarred)"  steam_n=16  median=118.0685  iqr_risk=3.839053230527556  downside=2.861000899929368  ret7=0.03332045077251444  0.5s
1369/2142 "StatTrak™ AK-47 | Inheritance (Battle-Scarred)"  steam_n=27  median=83.313  iqr_risk=5.256758605399332  downside=2.4977711107651923  ret7=0.0037468976651164887  0.4s
1370/2142 "AK-47 | Frontside Misty (Well-Worn)"  steam_n=136  median=18.903  iqr_risk=5.16014615072328  downside=5.1387790859169655  ret7=0.012724411129191537  0.5s
1371/2142 "Five-SeveN | Retrobution (Factory New)"  steam_n=30  median=25.01  iqr_risk=18.535346892574307  downside=11.171028979788684  ret7=0.043727847125905495  0.5s
1372/2142 "M4A1-S | Black Lotus (Battle-Scarred)"  steam_n=783  median=5.6  iqr_risk=5.048447381007212  downside=3.719908596531628  ret7=-0.049717912552891375  0.4s
1373/2142 "★ Sport Gloves | Omega (Well-Worn)"  steam_n=8  median=207.2275  iqr_risk=9.550328721094417  downside=13.840581766375628  ret7=-0.0625851408200302  0.4s
1374/2142 "Desert Eagle | Kumicho Dragon (Battle-Scarred)"  steam_n=95  median=22.301  iqr_risk=3.2084194666535075  downside=4.9541045796768595  ret7=-0.02748162373352747  0.5s
1375/2142 "★ Driver Gloves | Lunar Weave (Well-Worn)"  steam_n=0  median=None  iqr_risk=None  downside=None  ret7=None  0.4s
1376/2142 "AWP | Hyper Beast (Minimal Wear)"  steam_n=53  median=68.91  iqr_risk=8.233881441909482  downside=10.863188120838545  ret7=0.10426812223219417  1.1s
1377/2142 "M4A1-S | Nightmare (Field-Tested)"  steam_n=668  median=11.658  iqr_risk=3.444531170461878  downside=2.952455288967311  ret7=0.036125654450261724  0.8s
1378/2142 "M4A1-S | Atomic Alloy (Field-Tested)"  steam_n=80  median=30.101  iqr_risk=7.198857744627104  downside=4.470172468932013  ret7=-0.010431896962428744  0.5s
1379/2142 "M4A4 | Royal Paladin (Factory New)"  steam_n=3  median=343.252  iqr_risk=10.904274037496545  downside=8.024243498520127  ret7=-0.005664164575209241  0.5s
1380/2142 "★ Ursus Knife | Forest DDPAT (Field-Tested)"  steam_n=25  median=75.05  iqr_risk=7.509016335002743  downside=6.786902402965933  ret7=0.04691967416518317  0.5s
1381/2142 "★ Specialist Gloves | Chocolate Chesterfield (Field-Tested)"  steam_n=32  median=131.868  iqr_risk=3.5853652682241424  downside=3.586601776644391  ret7=-0.03641656914163527  0.4s
1382/2142 "StatTrak™ Five-SeveN | Copper Galaxy (Factory New)"  steam_n=12  median=32.1465  iqr_risk=5.84250505223969  downside=6.020368422505249  ret7=0.03813014403292181  0.6s
1383/2142 "StatTrak™ Desert Eagle | Cobalt Disruption (Minimal Wear)"  steam_n=4  median=168.388  iqr_risk=5.732118223846095  downside=3.5092461412273512  ret7=0.022967030396594312  0.5s
1384/2142 "StatTrak™ USP-S | Cortex (Well-Worn)"  steam_n=184  median=7.715  iqr_risk=3.6947477899115877  downside=4.862194487779506  ret7=-0.1245994577273849  0.5s
1385/2142 "FAMAS | Meltdown (Factory New)"  steam_n=6  median=165.002  iqr_risk=9.277310985330036  downside=6.9662198637768125  ret7=-0.05416462917685427  0.5s
1386/2142 "★ Bowie Knife | Freehand (Minimal Wear)"  steam_n=52  median=95.435  iqr_risk=8.824796199710129  downside=8.09416469389872  ret7=0.003229883443336634  0.5s
1387/2142 "P250 | Bengal Tiger (Minimal Wear)"  steam_n=9  median=24.485  iqr_risk=5.798767108975034  downside=3.8015479453155683  ret7=0.2141282155982036  0.5s
1388/2142 "AUG | Fleet Flock (Minimal Wear)"  steam_n=28  median=14.5705  iqr_risk=4.140704317878688  downside=3.5262344142960442  ret7=0.12700948237773146  0.7s
1389/2142 "★ Stiletto Knife | Stained (Field-Tested)"  steam_n=3  median=225.01  iqr_risk=2.8127513769950463  downside=2.4490991494303924  ret7=None  0.4s
1390/2142 "M4A4 | Griffin (Minimal Wear)"  steam_n=242  median=22.5275  iqr_risk=13.892665128884286  downside=8.724576159695483  ret7=-0.04000224626558346  0.5s
1391/2142 "AK-47 | Case Hardened (Minimal Wear)"  steam_n=12  median=321.239  iqr_risk=9.27389341703037  downside=7.506490526721719  ret7=0.29458818272416454  0.6s
1392/2142 "StatTrak™ USP-S | Cortex (Battle-Scarred)"  steam_n=143  median=7.73  iqr_risk=2.8997297084525164  downside=7.969664366126961  ret7=-0.03372766171658692  0.5s
1393/2142 "StatTrak™ AK-47 | Ice Coaled (Minimal Wear)"  steam_n=203  median=23.278  iqr_risk=4.999916389358043  downside=3.9756860253172897  ret7=-0.0003468759484889228  0.5s
1394/2142 "★ Driver Gloves | Seigaiha (Well-Worn)"  steam_n=13  median=104.71  iqr_risk=13.751507840772014  downside=7.060590557279174  ret7=0.010477086774478561  0.4s
1395/2142 "FAMAS | Styx (Factory New)"  steam_n=7  median=128.927  iqr_risk=1.2112103468635846  downside=1.2080986953623145  ret7=-0.03817289329195506  0.5s
1396/2142 "Five-SeveN | Case Hardened (Field-Tested)"  steam_n=35  median=14.95  iqr_risk=3.9219299811678203  downside=3.8413029330968262  ret7=-0.2584097481400923  0.5s
1397/2142 "P2000 | Panther Camo (Field-Tested)"  steam_n=115  median=2.853  iqr_risk=16.386976477337917  downside=17.627653471026967  ret7=-0.02694406548431094  0.4s
1398/2142 "AUG | Fleet Flock (Battle-Scarred)"  steam_n=27  median=12.184  iqr_risk=2.5458753512977337  downside=5.817490494296572  ret7=-0.077385540311392  0.5s
1399/2142 "FAMAS | Dark Water (Minimal Wear)"  steam_n=51  median=24.203  iqr_risk=16.548280412505495  downside=14.357048598100382  ret7=-0.07619172944698471  0.5s
1400/2142 "AWP | Exoskeleton (Field-Tested)"  steam_n=448  median=6.687  iqr_risk=5.91886926632689  downside=4.582493777409037  ret7=-0.0277652708989945  0.5s
1401/2142 "SG 553 | Danger Close (Factory New)"  steam_n=77  median=3.45  iqr_risk=17.084147569136018  downside=26.404926866820638  ret7=-0.15857664233576652  0.5s
1402/2142 "Dual Berettas | Emerald (Factory New)"  steam_n=13  median=55.94  iqr_risk=16.456732400182897  downside=15.016445670290116  ret7=0.08423342334233408  0.4s
1403/2142 "★ Moto Gloves | Polygon (Minimal Wear)"  steam_n=14  median=249.8525  iqr_risk=8.58562530503532  downside=11.587377239889168  ret7=0.04477247937566231  0.4s
1404/2142 "StatTrak™ SSG 08 | Big Iron (Minimal Wear)"  steam_n=8  median=47.988  iqr_risk=4.5141664633068705  downside=5.281393841985241  ret7=0.11561269746349723  0.5s
1405/2142 "Galil AR | Phoenix Blacklight (Minimal Wear)"  steam_n=2  median=135.8725  iqr_risk=8.631253564922991  downside=6.905002851938402  ret7=0.18468576932338054  0.5s
1406/2142 "StatTrak™ P250 | Asiimov (Field-Tested)"  steam_n=44  median=19.0035  iqr_risk=6.336005620066933  downside=14.046034960122302  ret7=0.06348298541607078  0.5s
1407/2142 "★ Skeleton Knife | Case Hardened (Minimal Wear)"  steam_n=3  median=381.03  iqr_risk=1.2420893302190854  downside=0.318801623236809  ret7=0.029903605041195824  0.4s
1408/2142 "★ Falchion Knife | Doppler (Minimal Wear)"  steam_n=1  median=702.347  iqr_risk=0.0  downside=0.0  ret7=None  0.4s
1409/2142 "StatTrak™ P90 | Blind Spot (Field-Tested)"  steam_n=11  median=13.606  iqr_risk=2.8159718402815996  downside=3.754629120375466  ret7=-0.018571428571428572  0.5s
1410/2142 "★ Shadow Daggers | Tiger Tooth (Factory New)"  steam_n=46  median=98.363  iqr_risk=5.875290178891572  downside=5.129481765598977  ret7=-0.006603673102965724  0.5s
1411/2142 "StatTrak™ Desert Eagle | Mecha Industries (Field-Tested)"  steam_n=195  median=17.262  iqr_risk=4.818736074889029  downside=3.5026511684139594  ret7=-0.1377377095365545  0.5s
1412/2142 "★ Hand Wraps | Arboreal (Field-Tested)"  steam_n=115  median=60.729  iqr_risk=4.822804339700624  downside=5.468918516176725  ret7=-0.10149202215284192  0.6s
1413/2142 "★ Ursus Knife | Stained (Minimal Wear)"  steam_n=4  median=107.4635  iqr_risk=8.171557688328106  downside=8.095400556683467  ret7=-0.11322498082733523  0.5s
1414/2142 "★ Gut Knife | Case Hardened (Field-Tested)"  steam_n=6  median=126.501  iqr_risk=9.125946820022127  downside=10.670849088337452  ret7=0.04144505525736686  0.6s
1415/2142 "★ StatTrak™ Shadow Daggers | Doppler (Factory New)"  steam_n=6  median=209.051  iqr_risk=20.075205106844603  downside=6.40321174305702  ret7=0.02548144163528776  0.5s
1416/2142 "Sawed-Off | Kiss♥Love (Minimal Wear)"  steam_n=356  median=7.648  iqr_risk=3.2220807685745387  downside=6.024175449188241  ret7=-0.039412776087819124  0.5s
1417/2142 "AK-47 | Inheritance (Minimal Wear)"  steam_n=363  median=80.5  iqr_risk=3.578777406937021  downside=2.4605940672042146  ret7=0.029987437185929666  0.4s
1418/2142 "Five-SeveN | Fowl Play (Minimal Wear)"  steam_n=50  median=22.6235  iqr_risk=9.871636406518201  downside=4.517402679082274  ret7=-0.05905344549239533  0.5s
1419/2142 "StatTrak™ AK-47 | Slate (Minimal Wear)"  steam_n=154  median=27.8095  iqr_risk=8.356642388324245  downside=5.397200144008422  ret7=0.14244620872166602  0.6s
1420/2142 "★ Hydra Gloves | Emerald (Field-Tested)"  steam_n=214  median=46.616  iqr_risk=5.238502569370899  downside=4.368248901039422  ret7=-0.09289033916740819  0.5s
1421/2142 "AWP | Wildfire (Factory New)"  steam_n=4  median=262.289  iqr_risk=11.732387536757798  downside=11.957157604955263  ret7=-0.008416117517304755  0.6s
1422/2142 "Five-SeveN | Case Hardened (Factory New)"  steam_n=5  median=78.0  iqr_risk=22.244050071107267  downside=1.960573246693562  ret7=-0.09738113702797824  0.5s
1423/2142 "AWP | Chrome Cannon (Minimal Wear)"  steam_n=346  median=47.5985  iqr_risk=4.233533523678252  downside=3.606149411683377  ret7=0.029578848453784445  0.4s
1424/2142 "★ Karambit | Bright Water (Field-Tested)"  steam_n=4  median=534.5415  iqr_risk=7.160460566455015  downside=4.251001663748671  ret7=-0.10397357754869518  0.5s
1425/2142 "★ Sport Gloves | Occult (Battle-Scarred)"  steam_n=6  median=464.935  iqr_risk=16.199278227065392  downside=16.14420059207901  ret7=-0.045844235034605996  0.4s
1426/2142 "MP9 | Airlock (Factory New)"  steam_n=9  median=43.624  iqr_risk=5.873711785626571  downside=4.8272223687681475  ret7=-0.20280940139551973  0.5s
1427/2142 "★ Ursus Knife | Crimson Web (Field-Tested)"  steam_n=17  median=165.012  iqr_risk=13.88138919253514  downside=12.858629208113593  ret7=0.024846251928455132  0.4s
1428/2142 "★ Broken Fang Gloves | Needle Point (Field-Tested)"  steam_n=115  median=67.507  iqr_risk=4.742090634295918  downside=10.596275101321273  ret7=0.010182676339480778  0.4s
1429/2142 "★ Ursus Knife | Ultraviolet (Field-Tested)"  steam_n=40  median=111.5975  iqr_risk=5.342958811857582  downside=5.5546315870922225  ret7=0.042735275433342546  0.4s
1430/2142 "FAMAS | Pulse (Field-Tested)"  steam_n=66  median=10.713  iqr_risk=3.8260902024095054  downside=3.532134491736569  ret7=0.024555461473327878  0.5s
1431/2142 "AWP | Mortis (Battle-Scarred)"  steam_n=389  median=4.08  iqr_risk=5.8790661516410365  downside=3.158176031873282  ret7=0.03267010562515349  0.5s
1432/2142 "AUG | Radiation Hazard (Field-Tested)"  steam_n=21  median=2.932  iqr_risk=6.095720924618261  downside=5.552537871929498  ret7=-0.06857638888888884  0.5s
1433/2142 "SG 553 | Cyrex (Field-Tested)"  steam_n=114  median=5.152  iqr_risk=11.462625640235684  downside=9.319520930411677  ret7=-0.13344196994387114  1.0s
1434/2142 "Nova | Baroque Orange (Factory New)"  steam_n=0  median=None  iqr_risk=None  downside=None  ret7=None  0.5s
1435/2142 "StatTrak™ M4A1-S | Dark Water (Minimal Wear)"  steam_n=9  median=156.523  iqr_risk=8.928560603029458  downside=0.0  ret7=0.10928323048132138  0.5s
1436/2142 "AWP | Graphite (Factory New)"  steam_n=13  median=280.945  iqr_risk=4.853982161083253  downside=7.876336442024891  ret7=0.26017313447429347  0.7s
1437/2142 "StatTrak™ MP7 | Just Smile (Factory New)"  steam_n=47  median=6.452  iqr_risk=5.892308656678986  downside=13.777972795085564  ret7=-0.12181346359334455  0.4s
1438/2142 "★ Bayonet | Autotronic (Battle-Scarred)"  steam_n=3  median=340.006  iqr_risk=1.3561813536918665  downside=2.005346484182817  ret7=0.06423520003998306  0.5s
1439/2142 "AK-47 | Nouveau Rouge (Minimal Wear)"  steam_n=295  median=36.172  iqr_risk=4.689671944044492  downside=4.186713609444564  ret7=-0.13701884144037146  0.5s
1440/2142 "★ Bowie Knife | Damascus Steel (Minimal Wear)"  steam_n=14  median=114.74  iqr_risk=15.517339670843766  downside=11.559483640172871  ret7=0.04244907808771359  1.3s
1441/2142 "StatTrak™ M4A4 | Neo-Noir (Field-Tested)"  steam_n=50  median=47.6635  iqr_risk=7.511033562557731  downside=4.517910294570455  ret7=0.014766351354088547  0.5s
1442/2142 "★ Sport Gloves | Nocts (Battle-Scarred)"  steam_n=10  median=517.1175  iqr_risk=7.4986684715951215  downside=6.284659185842248  ret7=-0.001810708015274498  0.4s
1443/2142 "AWP | Man-o'-war (Minimal Wear)"  steam_n=50  median=146.586  iqr_risk=6.799706355087541  downside=8.693591497305384  ret7=-0.13316425396101672  0.6s
1444/2142 "SSG 08 | Dragonfire (Battle-Scarred)"  steam_n=2  median=350.919  iqr_risk=1.8377460325602242  downside=1.4701968260481761  ret7=None  0.5s
1445/2142 "★ Hand Wraps | Giraffe (Field-Tested)"  steam_n=85  median=59.16  iqr_risk=11.01387694538588  downside=7.812231271182145  ret7=-0.009754175082516414  0.9s
1446/2142 "M4A4 | Turbine (Minimal Wear)"  steam_n=291  median=4.711  iqr_risk=4.261363636363648  downside=4.292929292929306  ret7=0.024207369323050454  0.7s
1447/2142 "MP7 | Bloodsport (Battle-Scarred)"  steam_n=91  median=38.738  iqr_risk=3.0673294796456436  downside=11.28415133223811  ret7=-0.10500213655845769  0.5s
1448/2142 "★ Falchion Knife | Marble Fade (Factory New)"  steam_n=38  median=231.4575  iqr_risk=5.92152303721029  downside=7.5663208156382655  ret7=0.016395134791060917  0.6s
1449/2142 "★ Flip Knife | Marble Fade (Factory New)"  steam_n=20  median=336.5665  iqr_risk=6.643571263889426  downside=4.920967611542121  ret7=-0.4084129156221179  1.0s
1450/2142 "★ Driver Gloves | Rezan the Red (Well-Worn)"  steam_n=17  median=85.747  iqr_risk=8.265794565442961  downside=7.397016662589803  ret7=-0.11187312473210453  0.4s
1451/2142 "StatTrak™ M4A4 | Cyber Security (Minimal Wear)"  steam_n=3  median=71.666  iqr_risk=2.375714914210287  downside=0.13528376594808353  ret7=-0.04568336187865096  0.4s
1452/2142 "★ Moto Gloves | Turtle (Minimal Wear)"  steam_n=20  median=186.5335  iqr_risk=5.961414696376275  downside=14.525209381101678  ret7=0.020887113066511143  0.5s
1453/2142 "★ Skeleton Knife | Forest DDPAT (Field-Tested)"  steam_n=26  median=143.856  iqr_risk=6.2273850344987  downside=5.760461728305644  ret7=0.01824747363796142  0.8s
1454/2142 "★ Bowie Knife | Case Hardened (Minimal Wear)"  steam_n=3  median=193.961  iqr_risk=9.54193702112375  downside=6.389625736060579  ret7=-0.22589314011088013  0.5s
1455/2142 "★ Bowie Knife | Crimson Web (Minimal Wear)"  steam_n=2  median=194.544  iqr_risk=7.943704251994396  downside=6.354963401595529  ret7=0.14223981023732057  0.5s
1456/2142 "Sawed-Off | Kiss♥Love (Factory New)"  steam_n=63  median=23.217  iqr_risk=4.44127961539095  downside=4.704710473023022  ret7=0.7617708466487707  0.8s
1457/2142 "★ Bowie Knife | Forest DDPAT (Field-Tested)"  steam_n=13  median=64.576  iqr_risk=3.777417875097126  downside=6.579353860268293  ret7=0.023203463203463448  0.5s
1458/2142 "★ Moto Gloves | Transport (Field-Tested)"  steam_n=196  median=49.868  iqr_risk=6.3503773340378284  downside=5.491032708929418  ret7=-0.059762800115707226  0.5s
1459/2142 "M4A4 | 龍王 (Dragon King) (Minimal Wear)"  steam_n=152  median=34.214  iqr_risk=8.883312130031424  downside=7.531238563287499  ret7=-0.020571051233832516  0.5s
1460/2142 "P90 | Ancient Earth (Well-Worn)"  steam_n=11  median=0.62  iqr_risk=19.69057665260197  downside=15.002344116268162  ret7=-0.3367088607594937  0.5s
1461/2142 "AK-47 | Frontside Misty (Minimal Wear)"  steam_n=186  median=36.867  iqr_risk=7.796884089060609  downside=4.849692436059059  ret7=-0.04372404554588094  0.7s
1462/2142 "M4A4 | Urban DDPAT (Factory New)"  steam_n=30  median=44.5315  iqr_risk=9.542982734399784  downside=7.294829383241954  ret7=-0.017450059991159228  0.7s
1463/2142 "Five-SeveN | Fowl Play (Factory New)"  steam_n=7  median=110.107  iqr_risk=1.9371517813812706  downside=2.2133495278444806  ret7=-0.014067228997654002  0.5s
1464/2142 "P250 | Apep's Curse (Minimal Wear)"  steam_n=1  median=140.714  iqr_risk=0.0  downside=0.0  ret7=0.008001604619010338  0.5s
1465/2142 "StatTrak™ Desert Eagle | Kumicho Dragon (Factory New)"  steam_n=2  median=139.606  iqr_risk=7.449536552870224  downside=5.959629242296172  ret7=-0.128881757257858  0.5s
1466/2142 "Glock-18 | Wasteland Rebel (Field-Tested)"  steam_n=46  median=129.5595  iqr_risk=5.956920332577957  downside=5.738974781028602  ret7=0.008665484778090038  0.5s
1467/2142 "★ Bowie Knife | Lore (Well-Worn)"  steam_n=50  median=108.133  iqr_risk=5.952373308432404  downside=3.2233002228058085  ret7=0.03856575144508656  0.4s
1468/2142 "MAG-7 | Monster Call (Factory New)"  steam_n=139  median=4.938  iqr_risk=2.186659442305096  downside=2.376298933761631  ret7=-0.03178530643319377  0.5s
1469/2142 "StatTrak™ FAMAS | Roll Cage (Field-Tested)"  steam_n=16  median=127.6645  iqr_risk=4.387905546451659  downside=6.13603573849711  ret7=-0.04585871698821464  0.5s
1470/2142 "StatTrak™ M4A1-S | Decimator (Field-Tested)"  steam_n=70  median=31.935  iqr_risk=7.764279902864985  downside=5.725003571140214  ret7=-0.10003176528343294  0.5s
1471/2142 "USP-S | Cyrex (Factory New)"  steam_n=991  median=86.646  iqr_risk=27.203959939581807  downside=28.124791478365314  ret7=0.5051592954174338  0.5s
1472/2142 "StatTrak™ AWP | Phobos (Factory New)"  steam_n=76  median=10.545  iqr_risk=7.9333680374804665  downside=8.139699966873309  ret7=-0.10146480886030718  0.5s
1473/2142 "MAC-10 | Derailment (Factory New)"  steam_n=107  median=24.47  iqr_risk=19.19085927480472  downside=5.639112354747193  ret7=0.23930961318753075  0.4s
1474/2142 "★ Flip Knife | Freehand (Minimal Wear)"  steam_n=6  median=163.5135  iqr_risk=7.088606976178638  downside=4.540516363822993  ret7=0.0016100942095049753  0.5s
1475/2142 "★ Broken Fang Gloves | Yellow-banded (Field-Tested)"  steam_n=110  median=67.9115  iqr_risk=9.184366696778703  downside=7.621684790377513  ret7=0.15129452686574507  0.6s
1476/2142 "★ Falchion Knife | Bright Water (Field-Tested)"  steam_n=105  median=85.695  iqr_risk=4.9253607465111  downside=6.996288786919452  ret7=0.06882310785040135  0.4s
1477/2142 "★ Hand Wraps | Duct Tape (Field-Tested)"  steam_n=169  median=62.489  iqr_risk=10.44654990185717  downside=5.235228245004772  ret7=-0.06432868974242045  0.5s
1478/2142 "★ Sport Gloves | Bronze Morph (Minimal Wear)"  steam_n=19  median=204.632  iqr_risk=13.087618884115166  downside=11.647794093755206  ret7=0.2733963926794112  0.4s
1479/2142 "★ Gut Knife | Marble Fade (Factory New)"  steam_n=29  median=152.189  iqr_risk=9.060288883547738  downside=8.032108415289029  ret7=0.0330166206117366  0.6s
1480/2142 "R8 Revolver | Skull Crusher (Field-Tested)"  steam_n=130  median=10.173  iqr_risk=8.154125250387386  downside=3.7888809100873027  ret7=1.7377587579617835  0.5s
1481/2142 "★ Hand Wraps | Cobalt Skulls (Minimal Wear)"  steam_n=10  median=498.575  iqr_risk=7.239118817244404  downside=5.005690835480164  ret7=0.05326556932431159  0.4s
1482/2142 "AWP | Corticera (Minimal Wear)"  steam_n=46  median=31.7375  iqr_risk=5.805832023747158  downside=9.252849908952584  ret7=-0.08882876140583174  0.6s
1483/2142 "★ Stiletto Knife | Fade (Factory New)"  steam_n=10  median=523.8335  iqr_risk=13.046669515352525  downside=6.013881265901126  ret7=-0.14511199353652038  0.6s
1484/2142 "★ Survival Knife | Damascus Steel (Field-Tested)"  steam_n=50  median=73.919  iqr_risk=7.086574525184658  downside=5.952542963370216  ret7=-0.0687972397868084  0.4s
1485/2142 "StatTrak™ M4A4 | 龍王 (Dragon King) (Minimal Wear)"  steam_n=16  median=65.2265  iqr_risk=13.23532631781775  downside=2.417331213789296  ret7=0.0060266896254843605  0.5s
1486/2142 "Galil AR | Urban Rubble (Minimal Wear)"  steam_n=9  median=11.885  iqr_risk=27.22919361040232  downside=18.085217938410985  ret7=0.2963680387409202  0.5s
1487/2142 "Dual Berettas | Sweet Little Angels (Minimal Wear)"  steam_n=192  median=6.5025  iqr_risk=5.342806071439399  downside=4.658102826673131  ret7=-0.09710682492581613  0.5s
1488/2142 "M4A4 | In Living Color (Factory New)"  steam_n=10  median=147.873  iqr_risk=2.8111990253522863  downside=3.5575987857289375  ret7=-0.07209869623647347  0.5s
1489/2142 "★ Skeleton Knife | Blue Steel (Field-Tested)"  steam_n=6  median=296.394  iqr_risk=2.330854903896593  downside=7.270059681129323  ret7=0.07850869782473491  0.5s
1490/2142 "M4A4 | Tornado (Minimal Wear)"  steam_n=13  median=47.126  iqr_risk=3.745436564298417  downside=6.238466475186476  ret7=0.0654493183298519  0.5s
1491/2142 "★ Skeleton Knife | Rust Coat (Battle-Scarred)"  steam_n=50  median=162.962  iqr_risk=4.816690379453488  downside=4.548210295749776  ret7=0.00896294933681796  0.4s
1492/2142 "★ Butterfly Knife | Urban Masked (Field-Tested)"  steam_n=8  median=585.6425  iqr_risk=3.7003158423708666  downside=4.124255556035464  ret7=0.08278844632070115  0.5s
1493/2142 "StatTrak™ AK-47 | Redline (Field-Tested)"  steam_n=36  median=79.348  iqr_risk=33.078590717926495  downside=3.691371972780708  ret7=0.008103337612323402  0.6s
1494/2142 "M4A4 | Asiimov (Field-Tested)"  steam_n=8  median=232.8755  iqr_risk=5.184593877825057  downside=5.749202278248997  ret7=-0.0993211281543791  0.5s
1495/2142 "StatTrak™ M4A1-S | Cyrex (Minimal Wear)"  steam_n=8  median=209.7025  iqr_risk=9.019367406590801  downside=1.7559708603853605  ret7=0.04349906065151421  0.6s
1496/2142 "AK-47 | Bloodsport (Factory New)"  steam_n=54  median=219.874  iqr_risk=4.217029471377805  downside=5.436656120332889  ret7=0.0375487691271823  0.5s
1497/2142 "USP-S | Whiteout (Battle-Scarred)"  steam_n=32  median=37.1975  iqr_risk=8.247724000562918  downside=7.094298364311466  ret7=-0.032035727192937125  0.4s
1498/2142 "USP-S | Kill Confirmed (Factory New)"  steam_n=0  median=None  iqr_risk=None  downside=None  ret7=None  0.8s
1499/2142 "AUG | Hot Rod (Factory New)"  steam_n=0  median=None  iqr_risk=None  downside=None  ret7=None  0.4s
1500/2142 "★ Navaja Knife | Crimson Web (Field-Tested)"  steam_n=30  median=78.819  iqr_risk=6.774059831512619  downside=10.753474015828376  ret7=0.07464490406179913  0.4s
1501/2142 "StatTrak™ FAMAS | Commemoration (Minimal Wear)"  steam_n=5  median=55.57  iqr_risk=4.482188345589692  downside=2.7981249752290576  ret7=-0.0022354092414870186  0.4s
1502/2142 "StatTrak™ AWP | Wildfire (Minimal Wear)"  steam_n=2  median=162.5135  iqr_risk=7.695053026363971  downside=6.156042421091174  ret7=-0.10482854212858894  0.4s
1503/2142 "StatTrak™ AWP | Wildfire (Field-Tested)"  steam_n=9  median=118.396  iqr_risk=7.117349085918355  downside=12.454802643218718  ret7=-0.0037805424697852086  0.4s
1504/2142 "XM1014 | Banana Leaf (Factory New)"  steam_n=6  median=24.027  iqr_risk=15.77414888418309  downside=9.624938915132764  ret7=0.1090156053546334  0.4s
1505/2142 "SG 553 | Barricade (Field-Tested)"  steam_n=15  median=9.292  iqr_risk=8.951473046927735  downside=4.947194616654723  ret7=-0.14666480602846788  0.6s
1506/2142 "Nova | Red Quartz (Factory New)"  steam_n=16  median=21.162  iqr_risk=4.767479183580998  downside=3.172025753828147  ret7=-0.05998189225894068  0.4s
1507/2142 "★ Ursus Knife | Marble Fade (Factory New)"  steam_n=33  median=208.133  iqr_risk=7.486838239841674  downside=8.096898385799985  ret7=-0.10553234592676952  0.4s
1508/2142 "StatTrak™ Glock-18 | Moonrise (Minimal Wear)"  steam_n=249  median=3.612  iqr_risk=9.149282112051143  downside=6.795822195276544  ret7=-0.07698391774321123  0.5s
1509/2142 "Tec-9 | Toxic (Factory New)"  steam_n=7  median=45.003  iqr_risk=7.768095624745581  downside=7.221488139423002  ret7=-0.07506278862513172  0.8s
1510/2142 "AUG | Death by Puppy (Factory New)"  steam_n=42  median=18.8455  iqr_risk=8.822527183172763  downside=3.919746393647449  ret7=0.05723133386856305  0.5s
1511/2142 "StatTrak™ MAC-10 | Disco Tech (Factory New)"  steam_n=1  median=54.23  iqr_risk=0.0  downside=0.0  ret7=-0.13141667334027396  0.4s
1512/2142 "StatTrak™ AK-47 | Fuel Injector (Minimal Wear)"  steam_n=0  median=None  iqr_risk=None  downside=None  ret7=None  0.4s
1513/2142 "StatTrak™ Desert Eagle | Light Rail (Well-Worn)"  steam_n=89  median=3.565  iqr_risk=5.851375073142187  downside=5.338683161971628  ret7=-0.25421478826496735  0.5s
1514/2142 "★ Skeleton Knife | Damascus Steel (Field-Tested)"  steam_n=30  median=247.963  iqr_risk=5.005025940597562  downside=3.2679854006862836  ret7=-0.10732986164475111  0.5s
1515/2142 "★ Karambit | Urban Masked (Field-Tested)"  steam_n=6  median=503.789  iqr_risk=5.489093830730249  downside=4.473078065264099  ret7=0.011526001201343394  0.5s
1516/2142 "StatTrak™ Galil AR | Chromatic Aberration (Factory New)"  steam_n=3  median=40.134  iqr_risk=4.225457838648041  downside=0.0  ret7=-0.02128904821128097  0.4s
1517/2142 "M4A1-S | Stratosphere (Field-Tested)"  steam_n=960  median=6.154  iqr_risk=2.1488351051798236  downside=1.9549552460658475  ret7=-0.0029743268628679154  0.5s
1518/2142 "Glock-18 | Glockingbird (Minimal Wear)"  steam_n=872  median=2.608  iqr_risk=3.1605803282434097  downside=2.269525151365146  ret7=-0.0358744394618834  0.4s
1519/2142 "FAMAS | Bad Trip (Minimal Wear)"  steam_n=200  median=61.763  iqr_risk=5.999578640925458  downside=4.271846829592171  ret7=-0.10394712047197285  0.4s
1520/2142 "StatTrak™ AWP | PAW (Minimal Wear)"  steam_n=98  median=9.8545  iqr_risk=3.4762350451696866  downside=11.941482868071947  ret7=-0.03343981863149226  0.6s
1521/2142 "AK-47 | Breakthrough (Field-Tested)"  steam_n=2547  median=3.485  iqr_risk=4.2294173120338385  downside=4.0579544480324605  ret7=-0.032329988851728  0.4s
1522/2142 "R8 Revolver | Crazy 8 (Factory New)"  steam_n=114  median=5.689  iqr_risk=5.711226128859545  downside=5.852384274658064  ret7=-0.032869033463563624  0.4s
1523/2142 "StatTrak™ UMP-45 | Wild Child (Field-Tested)"  steam_n=229  median=4.489  iqr_risk=5.219749180883512  downside=9.616992430233875  ret7=0.04484657749803289  0.4s
1524/2142 "AK-47 | Neon Revolution (Factory New)"  steam_n=3  median=376.58  iqr_risk=6.4198039421572775  downside=6.8026309767083655  ret7=-0.227769645039552  0.7s
1525/2142 "Glock-18 | Nuclear Garden (Factory New)"  steam_n=216  median=116.212  iqr_risk=6.46312205811944  downside=9.974913910484284  ret7=0.13593495339425354  0.5s
1526/2142 "★ Huntsman Knife | Black Laminate (Well-Worn)"  steam_n=34  median=80.61  iqr_risk=6.198873183501661  downside=7.827516391372055  ret7=0.006863376295234591  0.4s
1527/2142 "P2000 | Handgun (Factory New)"  steam_n=12  median=21.559  iqr_risk=1.8756927661584888  downside=9.721894136245526  ret7=-0.08179665031297567  0.6s
1528/2142 "★ Stiletto Knife | Case Hardened (Field-Tested)"  steam_n=10  median=283.532  iqr_risk=12.180688388177456  downside=10.50629491543739  ret7=-0.007192935697676428  0.5s
1529/2142 "Glock-18 | AXIA (Minimal Wear)"  steam_n=134  median=47.136  iqr_risk=7.719193236353525  downside=6.511612992870814  ret7=0.017498610339077292  0.4s
1530/2142 "M4A4 | Global Offensive (Factory New)"  steam_n=42  median=93.136  iqr_risk=9.670901592512179  downside=1.5571922753290415  ret7=-0.02683843755730797  0.6s
1531/2142 "★ Flip Knife | Fade (Factory New)"  steam_n=5  median=409.682  iqr_risk=10.060929891162807  downside=9.803931240775674  ret7=0.016122767546334682  0.5s
1532/2142 "StatTrak™ USP-S | Cortex (Factory New)"  steam_n=7  median=46.163  iqr_risk=4.100571575364463  downside=2.5851476034508583  ret7=0.031670190274841525  0.4s
1533/2142 "AWP | Green Energy (Minimal Wear)"  steam_n=360  median=26.703  iqr_risk=6.255787251379681  downside=3.959405903922364  ret7=0.011220580186097395  0.4s
1534/2142 "StatTrak™ AK-47 | Head Shot (Minimal Wear)"  steam_n=76  median=61.808  iqr_risk=7.746168800100466  downside=6.087955861525229  ret7=0.07789162420610007  0.4s
1535/2142 "Desert Eagle | Crimson Web (Minimal Wear)"  steam_n=40  median=43.5345  iqr_risk=10.569095003987357  downside=5.596743521658738  ret7=-0.19867240178920564  0.6s
1536/2142 "AK-47 | Vulcan (Minimal Wear)"  steam_n=14  median=447.3325  iqr_risk=6.303690715237644  downside=1.5186810120370435  ret7=-0.1953623503217572  0.5s
1537/2142 "AK-47 | Predator (Minimal Wear)"  steam_n=12  median=18.872  iqr_risk=4.841638724687718  downside=8.366275917611086  ret7=0.023385866802236865  0.5s
1538/2142 "AWP | Printstream (Factory New)"  steam_n=36  median=278.6795  iqr_risk=1.8091300857272112  downside=1.5591604313263223  ret7=-0.12426536523181808  0.4s
1539/2142 "★ Specialist Gloves | Marble Fade (Minimal Wear)"  steam_n=7  median=516.261  iqr_risk=7.981867418169991  downside=6.029660372476649  ret7=-0.20556903134971327  0.4s
1540/2142 "★ Huntsman Knife | Slaughter (Minimal Wear)"  steam_n=4  median=268.3  iqr_risk=3.1752019808388723  downside=8.305046121910452  ret7=-0.0390229051379859  0.4s
1541/2142 "StatTrak™ AK-47 | Nightwish (Battle-Scarred)"  steam_n=81  median=74.927  iqr_risk=3.079308456713477  downside=6.403931539600027  ret7=-0.08432708688245305  0.4s
1542/2142 "AK-47 | Bloodsport (Well-Worn)"  steam_n=15  median=165.013  iqr_risk=5.462434889277428  downside=6.989206953687856  ret7=0.05282600901454604  0.5s
1543/2142 "StatTrak™ AK-47 | Asiimov (Field-Tested)"  steam_n=41  median=79.98  iqr_risk=7.716372265160568  downside=6.263053247854799  ret7=0.01140848544647266  0.4s
1544/2142 "StatTrak™ AK-47 | Vulcan (Field-Tested)"  steam_n=1  median=410.066  iqr_risk=0.0  downside=0.0  ret7=-0.160923326874165  0.5s
1545/2142 "MP9 | Hydra (Field-Tested)"  steam_n=203  median=7.25  iqr_risk=9.321522045500299  downside=4.550030199315488  ret7=-0.07066296149265594  0.4s
1546/2142 "AK-47 | Redline (Battle-Scarred)"  steam_n=111  median=29.095  iqr_risk=3.15949752569471  downside=4.49527632626224  ret7=0.04641500053268954  0.7s
1547/2142 "SG 553 | Ultraviolet (Minimal Wear)"  steam_n=15  median=22.183  iqr_risk=12.206872438691216  downside=8.602745072529757  ret7=0.2535560485449564  0.5s
1548/2142 "Five-SeveN | Fairy Tale (Minimal Wear)"  steam_n=9  median=90.843  iqr_risk=2.9568759107435083  downside=5.908607483669524  ret7=-0.40588134328850867  0.9s
1549/2142 "StatTrak™ AWP | Redline (Field-Tested)"  steam_n=9  median=92.954  iqr_risk=5.473784888808277  downside=5.224367464012249  ret7=-0.026589912280701733  0.5s
1550/2142 "MP5-SD | Phosphor (Factory New)"  steam_n=25  median=19.888  iqr_risk=11.651552891725693  downside=9.595625437845413  ret7=-0.1870370370370371  0.5s
1551/2142 "StatTrak™ Glock-18 | Neo-Noir (Field-Tested)"  steam_n=10  median=59.1295  iqr_risk=13.207240234856501  downside=9.959599449251101  ret7=0.22932036066859118  0.4s
1552/2142 "StatTrak™ AK-47 | Aquamarine Revenge (Well-Worn)"  steam_n=4  median=69.6505  iqr_risk=7.012223603555702  downside=5.425670286079744  ret7=-0.05812941891294732  0.5s
1553/2142 "Desert Eagle | Cobalt Disruption (Factory New)"  steam_n=16  median=206.713  iqr_risk=4.843269869473636  downside=5.478749497201059  ret7=-0.1962817304254557  0.5s
1554/2142 "★ Shadow Daggers | Bright Water (Field-Tested)"  steam_n=168  median=48.5975  iqr_risk=5.0260747062991085  downside=4.629187194147399  ret7=-0.012895542002915872  0.6s
1555/2142 "Desert Eagle | Night (Factory New)"  steam_n=3  median=117.314  iqr_risk=6.352507969621373  downside=8.270379960394724  ret7=-0.0432875014271501  0.5s
1556/2142 "AK-47 | Red Laminate (Field-Tested)"  steam_n=31  median=75.003  iqr_risk=19.229280693213504  downside=10.29472573538848  ret7=-0.14542785909602696  0.5s
1557/2142 "StatTrak™ AK-47 | Ice Coaled (Factory New)"  steam_n=45  median=44.483  iqr_risk=3.9702134788857877  downside=5.485992928126126  ret7=-0.01849454816699947  0.5s
1558/2142 "★ Gut Knife | Bright Water (Minimal Wear)"  steam_n=24  median=73.736  iqr_risk=9.691841449875488  downside=6.799155475904062  ret7=0.06034908062989186  0.4s
1559/2142 "USP-S | Dark Water (Minimal Wear)"  steam_n=7  median=155.764  iqr_risk=4.42439536873572  downside=4.547930578181744  ret7=0.13559344673973284  0.5s
1560/2142 "FAMAS | Mecha Industries (Field-Tested)"  steam_n=97  median=40.946  iqr_risk=4.211386999374451  downside=4.061156235069281  ret7=-0.034749746520416736  0.5s
1561/2142 "AUG | Chameleon (Field-Tested)"  steam_n=65  median=87.291  iqr_risk=5.567099586934956  downside=4.918750128868043  ret7=-0.013514297987948565  0.5s
1562/2142 "★ Driver Gloves | Queen Jaguar (Field-Tested)"  steam_n=112  median=67.0495  iqr_risk=9.597930665572415  downside=5.138896013013938  ret7=-0.12948832111788489  0.4s
1563/2142 "★ Hand Wraps | CAUTION! (Battle-Scarred)"  steam_n=15  median=130.0  iqr_risk=9.165639474148755  downside=6.750202318079941  ret7=-0.04983931607931236  0.4s
1564/2142 "★ StatTrak™ Nomad Knife | Doppler (Factory New)"  steam_n=5  median=523.008  iqr_risk=12.032258698273155  downside=12.280245236032268  ret7=-0.10173030923872561  0.4s
1565/2142 "AK-47 | Aquamarine Revenge (Well-Worn)"  steam_n=75  median=38.384  iqr_risk=8.514643491838475  downside=4.09154878938232  ret7=-0.0878573609903921  0.7s
1566/2142 "★ Nomad Knife | Damascus Steel (Field-Tested)"  steam_n=40  median=161.2045  iqr_risk=5.356637010631535  downside=6.575780821093642  ret7=-0.0005146663938828677  0.4s
1567/2142 "★ Bayonet | Forest DDPAT (Field-Tested)"  steam_n=4  median=162.1215  iqr_risk=3.79021394979214  downside=0.8492046822049917  ret7=0.12920619704808511  0.5s
1568/2142 "MAC-10 | Amber Fade (Factory New)"  steam_n=3  median=39.0  iqr_risk=30.528155257475316  downside=46.160509044874566  ret7=None  0.5s
1569/2142 "G3SG1 | Stinger (Factory New)"  steam_n=52  median=16.773  iqr_risk=21.512862066604285  downside=14.649859624295267  ret7=0.1342681458828121  0.5s
1570/2142 "★ Bayonet | Black Laminate (Minimal Wear)"  steam_n=9  median=234.72  iqr_risk=6.918857220809837  downside=10.946964349775493  ret7=-0.030854026406463952  0.4s
1571/2142 "StatTrak™ AWP | Hyper Beast (Minimal Wear)"  steam_n=2  median=154.7465  iqr_risk=55.092360731906695  downside=44.07388858552535  ret7=0.07202286110148948  0.5s
1572/2142 "StatTrak™ AK-47 | Inheritance (Field-Tested)"  steam_n=60  median=102.8015  iqr_risk=4.28112117999487  downside=3.5170479329579925  ret7=-0.047427775531293404  0.4s
1573/2142 "StatTrak™ AK-47 | Neon Rider (Minimal Wear)"  steam_n=8  median=212.3355  iqr_risk=2.776185219990211  downside=4.520939881525848  ret7=-0.05992581486728754  0.4s
1574/2142 "★ Survival Knife | Case Hardened (Minimal Wear)"  steam_n=9  median=123.48  iqr_risk=14.137912480687476  downside=3.068325941412944  ret7=-0.1912700227294123  0.5s
1575/2142 "★ Ursus Knife | Stained (Field-Tested)"  steam_n=5  median=91.645  iqr_risk=6.016718340499142  downside=3.016495657685125  ret7=-0.007397658646345229  0.5s
1576/2142 "M4A4 | The Emperor (Factory New)"  steam_n=4  median=368.5405  iqr_risk=3.824328148639972  downside=2.589063163279753  ret7=0.006130264016223519  0.5s
1577/2142 "StatTrak™ USP-S | Blueprint (Minimal Wear)"  steam_n=7  median=36.374  iqr_risk=8.19025820600079  downside=4.812033368834044  ret7=-0.019200930954228035  0.5s
1578/2142 "StatTrak™ AK-47 | Neon Revolution (Field-Tested)"  steam_n=20  median=124.7225  iqr_risk=3.5183176707182975  downside=13.688055727710813  ret7=0.10186230248306982  0.5s
1579/2142 "★ Hand Wraps | Overprint (Minimal Wear)"  steam_n=13  median=176.363  iqr_risk=7.67291899498703  downside=0.941956459238088  ret7=0.02196970102370077  0.4s
1580/2142 "★ Moto Gloves | Polygon (Battle-Scarred)"  steam_n=27  median=103.52  iqr_risk=10.853566058582514  downside=3.2671092371528085  ret7=-0.16950557671931998  0.5s
1581/2142 "CZ75-Auto | Tuxedo (Factory New)"  steam_n=49  median=3.839  iqr_risk=12.65551724876336  downside=7.267821580761899  ret7=-0.1868421052631578  0.5s
1582/2142 "AK-47 | Aquamarine Revenge (Factory New)"  steam_n=4  median=276.773  iqr_risk=9.586338073521576  downside=17.779749736032176  ret7=-0.06682922241925959  0.5s
1583/2142 "StatTrak™ M4A1-S | Vaporwave (Field-Tested)"  steam_n=11  median=121.556  iqr_risk=2.9694077163442834  downside=7.394668543243031  ret7=-0.05095739080559114  0.4s
1584/2142 "★ Sport Gloves | Frosty (Minimal Wear)"  steam_n=2  median=594.849  iqr_risk=8.043553910320094  downside=6.434843128256079  ret7=0.10311920180839218  0.5s
1585/2142 "StatTrak™ UMP-45 | K.O. Factory (Minimal Wear)"  steam_n=90  median=11.5605  iqr_risk=4.457978705075635  downside=5.6243754522587  ret7=0.017551557700746123  0.4s
1586/2142 "★ Nomad Knife | Scorched (Field-Tested)"  steam_n=13  median=113.85  iqr_risk=11.699098159158467  downside=10.460317573747998  ret7=0.060305677652337186  0.4s
1587/2142 "StatTrak™ Glock-18 | Shinobu (Field-Tested)"  steam_n=263  median=11.011  iqr_risk=5.549220146003757  downside=4.466314078676798  ret7=0.023903287846872345  0.4s
1588/2142 "AWP | Chromatic Aberration (Factory New)"  steam_n=50  median=96.81  iqr_risk=6.350908398984901  downside=6.841639386312933  ret7=-0.06718537730023466  0.4s
1589/2142 "★ Falchion Knife | Slaughter (Factory New)"  steam_n=2  median=283.926  iqr_risk=3.2008340201320142  downside=2.560667216105603  ret7=-0.06742899799803181  0.5s
1590/2142 "★ Huntsman Knife | Lore (Minimal Wear)"  steam_n=31  median=153.561  iqr_risk=8.638865896670843  downside=10.528837371450834  ret7=0.04826667209179325  0.5s
1591/2142 "★ Sport Gloves | Frosty (Well-Worn)"  steam_n=5  median=220.11  iqr_risk=1.0023152449769797  downside=1.6363817541818502  ret7=0.0021889306550411103  0.4s
1592/2142 "★ Huntsman Knife | Lore (Factory New)"  steam_n=12  median=175.747  iqr_risk=5.425025743397042  downside=2.9210287422769867  ret7=-0.10160098522167482  0.4s
1593/2142 "AWP | LongDog (Minimal Wear)"  steam_n=15  median=358.023  iqr_risk=5.608945951958977  downside=4.108183734922112  ret7=-0.08015848826577265  0.5s
1594/2142 "MP9 | Hydra (Well-Worn)"  steam_n=112  median=5.818  iqr_risk=6.061626536453954  downside=4.817309311331863  ret7=0.002505657937277528  0.4s
1595/2142 "P2000 | Acid Etched (Factory New)"  steam_n=36  median=15.8135  iqr_risk=7.363639766899191  downside=6.788374907970097  ret7=-0.18363931433208225  0.4s
1596/2142 "AK-47 | The Outsiders (Battle-Scarred)"  steam_n=544  median=7.756  iqr_risk=1.9100964082443848  downside=1.6906934424325364  ret7=-0.011116790186557646  0.4s
1597/2142 "UMP-45 | Houndstooth (Field-Tested)"  steam_n=12  median=5.203  iqr_risk=7.285057558603408  downside=13.156794954598999  ret7=-0.1823764200184218  0.5s
1598/2142 "StatTrak™ USP-S | Printstream (Field-Tested)"  steam_n=61  median=80.508  iqr_risk=5.27827340942977  downside=4.281035367731528  ret7=-0.05843736359668261  1.0s
1599/2142 "AWP | Asiimov (Well-Worn)"  steam_n=23  median=115.0  iqr_risk=10.990321566620377  downside=6.229454851616842  ret7=-0.051325126100709606  0.6s
1600/2142 "USP-S | Kill Confirmed (Well-Worn)"  steam_n=35  median=70.104  iqr_risk=7.880757869407427  downside=4.896866992613685  ret7=0.008153932438845324  0.6s
1601/2142 "★ Skeleton Knife | Boreal Forest (Field-Tested)"  steam_n=31  median=142.544  iqr_risk=5.452445816429517  downside=4.524317592053741  ret7=0.020963425512934952  0.4s
1602/2142 "USP-S | Blueprint (Well-Worn)"  steam_n=24  median=5.9765  iqr_risk=10.293491460202814  downside=10.03958428614234  ret7=-0.08618549388189412  1.1s
1603/2142 "StatTrak™ AK-47 | Slate (Well-Worn)"  steam_n=255  median=14.277  iqr_risk=9.21629829593386  downside=8.732635959732288  ret7=0.09157120097109472  0.5s
1604/2142 "Negev | Nuclear Waste (Minimal Wear)"  steam_n=4  median=5.2655  iqr_risk=6.3909774436090245  downside=6.676306149990366  ret7=0.03897000789266003  0.8s
1605/2142 "Desert Eagle | Printstream (Factory New)"  steam_n=63  median=98.538  iqr_risk=3.9341740317388423  downside=5.876751172453608  ret7=0.08537676930623461  0.6s
1606/2142 "StatTrak™ Desert Eagle | Mecha Industries (Factory New)"  steam_n=22  median=33.6815  iqr_risk=5.401678067735642  downside=3.848800430214479  ret7=-0.07385887479747466  0.4s
1607/2142 "★ Huntsman Knife | Case Hardened (Field-Tested)"  steam_n=5  median=195.008  iqr_risk=10.821000411757243  downside=2.81835962245028  ret7=-0.09188568157827615  0.5s
1608/2142 "★ Kukri Knife | Case Hardened (Field-Tested)"  steam_n=41  median=131.932  iqr_risk=13.55328628011966  downside=10.676380165848414  ret7=-0.09539084050781854  0.5s
1609/2142 "★ Paracord Knife | Case Hardened (Battle-Scarred)"  steam_n=9  median=109.933  iqr_risk=8.83198777564653  downside=4.126616036751984  ret7=0.03126641651031914  0.4s
1610/2142 "MAC-10 | Surfwood (Minimal Wear)"  steam_n=9  median=6.893  iqr_risk=12.592296651425697  downside=8.789452656811818  ret7=-0.10435535428875853  0.6s
1611/2142 "StatTrak™ M4A4 | Hellfire (Factory New)"  steam_n=2  median=289.9865  iqr_risk=2.277485331213694  downside=1.8220158524620902  ret7=0.08405916818047232  0.5s
1612/2142 "StatTrak™ AK-47 | Slate (Battle-Scarred)"  steam_n=216  median=13.456  iqr_risk=7.462630931524206  downside=6.411451149960856  ret7=0.3219253872905472  0.4s
1613/2142 "UMP-45 | Crime Scene (Factory New)"  steam_n=0  median=None  iqr_risk=None  downside=None  ret7=None  0.4s
1614/2142 "★ Paracord Knife | Ultraviolet (Minimal Wear)"  steam_n=14  median=114.493  iqr_risk=1.7069233918387943  downside=2.0140096706536568  ret7=-0.027799996596266086  0.4s
1615/2142 "MP5-SD | Condition Zero (Factory New)"  steam_n=3  median=7.331  iqr_risk=6.3759769642122555  downside=5.72603866721514  ret7=-0.11786294446784173  0.5s
1616/2142 "AUG | Chameleon (Minimal Wear)"  steam_n=72  median=93.152  iqr_risk=4.9445582383624  downside=5.1352722954968915  ret7=0.0817257602842636  0.6s
1617/2142 "SG 553 | Desert Blossom (Minimal Wear)"  steam_n=50  median=2.7605  iqr_risk=9.421560035056968  downside=18.05799006719252  ret7=-0.11944922547332182  0.4s
1618/2142 "StatTrak™ Desert Eagle | Printstream (Factory New)"  steam_n=5  median=200.435  iqr_risk=14.003123624952241  downside=4.118156190918273  ret7=-0.033094758667437496  0.5s
1619/2142 "StatTrak™ Five-SeveN | Case Hardened (Factory New)"  steam_n=1  median=93.356  iqr_risk=0.0  downside=0.0  ret7=-0.0022337412493989017  0.6s
1620/2142 "USP-S | Printstream (Well-Worn)"  steam_n=52  median=45.882  iqr_risk=8.04991468708282  downside=8.820383156666344  ret7=0.001684745983782987  0.4s
1621/2142 "★ Kukri Knife | Boreal Forest (Field-Tested)"  steam_n=147  median=54.719  iqr_risk=4.830382744274822  downside=4.27470713534696  ret7=-0.002420193431429407  0.4s
1622/2142 "★ Flip Knife | Lore (Minimal Wear)"  steam_n=8  median=262.863  iqr_risk=7.463790910562006  downside=6.502285894901768  ret7=-0.012467421105482268  0.5s
1623/2142 "★ Falchion Knife | Slaughter (Minimal Wear)"  steam_n=10  median=259.127  iqr_risk=7.5170697194684415  downside=5.405314299043044  ret7=-0.00819407230925906  0.5s
1624/2142 "★ Shadow Daggers | Urban Masked (Field-Tested)"  steam_n=21  median=53.55  iqr_risk=5.519599094876114  downside=8.038433879645623  ret7=0.021340300556869307  0.6s
1625/2142 "★ Shadow Daggers | Freehand (Field-Tested)"  steam_n=107  median=61.889  iqr_risk=6.6045606229143505  downside=4.576467392710253  ret7=-0.057907077188869116  0.4s
1626/2142 "P90 | Trigon (Minimal Wear)"  steam_n=24  median=18.75  iqr_risk=7.275328960769133  downside=10.275695604350844  ret7=-0.07270029673590495  1.0s
1627/2142 "StatTrak™ M4A1-S | Vaporwave (Minimal Wear)"  steam_n=6  median=244.6705  iqr_risk=14.830181361390018  downside=16.009160090365725  ret7=-0.05245574961903643  0.4s
1628/2142 "FAMAS | Mecha Industries (Factory New)"  steam_n=112  median=246.921  iqr_risk=12.022748400503096  downside=10.924052504410128  ret7=0.12906289460538933  0.6s
1629/2142 "★ Hand Wraps | Slaughter (Battle-Scarred)"  steam_n=2  median=243.8325  iqr_risk=11.375267858058303  downside=9.100181477038541  ret7=None  0.4s
1630/2142 "★ Hand Wraps | Desert Shamagh (Minimal Wear)"  steam_n=5  median=103.494  iqr_risk=1.4630467286539663  downside=0.5956150183447934  ret7=-0.07796418371562519  0.5s
1631/2142 "StatTrak™ USP-S | Kill Confirmed (Minimal Wear)"  steam_n=2  median=355.5495  iqr_risk=5.601076643336583  downside=4.480838814286056  ret7=None  0.4s
1632/2142 "★ Skeleton Knife | Marble Fade (Factory New)"  steam_n=30  median=514.433  iqr_risk=5.329224027288914  downside=4.204266668627407  ret7=-0.04477862887932227  0.4s
1633/2142 "★ Hand Wraps | Cobalt Skulls (Battle-Scarred)"  steam_n=14  median=211.0735  iqr_risk=3.414914903789992  downside=5.9136273586667985  ret7=-0.0790950697146372  0.4s
1634/2142 "Glock-18 | Wasteland Rebel (Minimal Wear)"  steam_n=36  median=133.998  iqr_risk=8.705403371607181  downside=4.048124964530523  ret7=-0.006626437435955701  0.6s
1635/2142 "★ Bayonet | Case Hardened (Battle-Scarred)"  steam_n=4  median=255.41  iqr_risk=4.06261483647286  downside=7.579207208934475  ret7=-0.056873540687786384  0.4s
1636/2142 "StatTrak™ AWP | Phobos (Minimal Wear)"  steam_n=116  median=6.544  iqr_risk=8.783579837005732  downside=6.723513431934802  ret7=0.13407059536433863  0.7s
1637/2142 "★ Moto Gloves | Smoke Out (Battle-Scarred)"  steam_n=19  median=100.335  iqr_risk=6.0491178718609335  downside=4.74119250801755  ret7=0.07823941340419371  0.6s
1638/2142 "★ Karambit | Rust Coat (Battle-Scarred)"  steam_n=8  median=558.5595  iqr_risk=3.17368311089547  downside=1.3830210135762298  ret7=-0.0617659430408547  0.5s
1639/2142 "★ Bowie Knife | Ultraviolet (Field-Tested)"  steam_n=43  median=78.88  iqr_risk=9.415043379743807  downside=7.395433068314526  ret7=-0.1626583796999782  0.5s
1640/2142 "★ Stiletto Knife | Tiger Tooth (Factory New)"  steam_n=37  median=366.226  iqr_risk=5.8427088958508335  downside=8.760303556841986  ret7=-0.05037022733916374  0.5s
1641/2142 "★ Huntsman Knife | Autotronic (Battle-Scarred)"  steam_n=18  median=121.2805  iqr_risk=10.63775379737125  downside=8.549189131180238  ret7=-0.04168812221077933  0.4s
1642/2142 "StatTrak™ M4A4 | Turbine (Factory New)"  steam_n=16  median=29.183  iqr_risk=4.124719395132971  downside=5.446833124457729  ret7=-0.0059610499576628895  0.5s
1643/2142 "P250 | Mehndi (Field-Tested)"  steam_n=10  median=18.56  iqr_risk=7.217427579219963  downside=4.692790698934338  ret7=-0.009624967217414238  0.6s
1644/2142 "FAMAS | Bad Trip (Battle-Scarred)"  steam_n=196  median=52.362  iqr_risk=11.666781028186293  downside=8.866829822434683  ret7=-0.11072329227732913  0.5s
1645/2142 "M4A1-S | Guardian (Field-Tested)"  steam_n=45  median=29.266  iqr_risk=11.714240153085626  downside=7.845000797320995  ret7=0.02627617353222922  0.5s
1646/2142 "AUG | Anodized Navy (Factory New)"  steam_n=3  median=39.311  iqr_risk=13.751261286900737  downside=13.050115132855545  ret7=-0.144973615805973  0.5s
1647/2142 "P90 | Storm (Minimal Wear)"  steam_n=17  median=4.013  iqr_risk=4.226778030878254  downside=9.597570235383447  ret7=-0.08419126058110282  0.5s
1648/2142 "StatTrak™ Glock-18 | Vogue (Factory New)"  steam_n=38  median=28.325  iqr_risk=3.6329858254548415  downside=7.359367202988659  ret7=-0.034128492013229206  0.4s
1649/2142 "★ Driver Gloves | Snow Leopard (Well-Worn)"  steam_n=6  median=338.365  iqr_risk=9.868699167898145  downside=10.58659628306157  ret7=0.04790666765118523  0.4s
1650/2142 "StatTrak™ M4A1-S | Basilisk (Field-Tested)"  steam_n=43  median=25.743  iqr_risk=3.162866323409857  downside=3.234872827223102  ret7=-0.0013090517075423636  0.5s
1651/2142 "★ Talon Knife | Blue Steel (Field-Tested)"  steam_n=2  median=512.585  iqr_risk=6.3850873513661  downside=5.108069881092902  ret7=None  0.4s
1652/2142 "StatTrak™ AK-47 | Uncharted (Minimal Wear)"  steam_n=405  median=3.217  iqr_risk=6.104741245739065  downside=5.3300278896808235  ret7=0.03621386384830583  0.5s
1653/2142 "MP7 | Whiteout (Minimal Wear)"  steam_n=1  median=151.157  iqr_risk=0.0  downside=0.0  ret7=None  0.8s
1654/2142 "AK-47 | Neon Rider (Minimal Wear)"  steam_n=54  median=95.3945  iqr_risk=4.619501894509055  downside=6.078751215185632  ret7=-0.05583058029662513  0.6s
1655/2142 "★ Talon Knife | Stained (Field-Tested)"  steam_n=7  median=399.012  iqr_risk=1.7417293331726824  downside=6.902465450097053  ret7=-0.12576801412298  0.4s
1656/2142 "StatTrak™ Glock-18 | Gold Toof (Minimal Wear)"  steam_n=8  median=83.6755  iqr_risk=5.901154469993313  downside=5.886261085681168  ret7=0.061062219213489755  0.5s
1657/2142 "MP9 | Hot Rod (Factory New)"  steam_n=5  median=240.901  iqr_risk=18.899708825528663  downside=13.20887118319643  ret7=-0.0676989403778725  0.5s
1658/2142 "AK-47 | Legion of Anubis (Factory New)"  steam_n=100  median=68.5675  iqr_risk=6.863659018993035  downside=8.417803428023142  ret7=-0.015063133809779417  0.4s
1659/2142 "Glock-18 | Synth Leaf (Factory New)"  steam_n=0  median=None  iqr_risk=None  downside=None  ret7=None  0.4s
1660/2142 "★ Specialist Gloves | Marble Fade (Well-Worn)"  steam_n=12  median=163.2035  iqr_risk=10.61404465192319  downside=7.4620474489879784  ret7=-0.04115645251975264  0.4s
1661/2142 "StatTrak™ AWP | Electric Hive (Minimal Wear)"  steam_n=3  median=86.251  iqr_risk=3.9082201674105845  downside=5.666860045226905  ret7=0.044537431161773  0.6s
1662/2142 "★ Huntsman Knife | Black Laminate (Minimal Wear)"  steam_n=26  median=92.395  iqr_risk=7.494622535843496  downside=5.087516014265446  ret7=-0.05137576249443676  0.4s
1663/2142 "AWP | Containment Breach (Battle-Scarred)"  steam_n=28  median=56.8935  iqr_risk=2.7172062488933744  downside=1.6882090954904  ret7=-0.04473201205651067  0.5s
1664/2142 "P250 | Bengal Tiger (Field-Tested)"  steam_n=4  median=20.1415  iqr_risk=11.592418763304343  downside=13.495934959349592  ret7=0.027470285160434482  0.5s
1665/2142 "Desert Eagle | Fennec Fox (Minimal Wear)"  steam_n=4  median=332.477  iqr_risk=6.06391574575027  downside=9.101419086856456  ret7=-0.03788783909579341  0.5s
1666/2142 "★ Driver Gloves | Crimson Weave (Battle-Scarred)"  steam_n=4  median=204.3485  iqr_risk=35.844226430115654  downside=91.36683671614199  ret7=-0.08613612612011656  0.4s
1667/2142 "AWP | Printstream (Battle-Scarred)"  steam_n=314  median=50.345  iqr_risk=7.502453104732279  downside=5.508380042685008  ret7=-0.09848397840817735  0.4s
1668/2142 "★ Paracord Knife | Ultraviolet (Field-Tested)"  steam_n=76  median=82.231  iqr_risk=4.677502777671359  downside=3.030894410175848  ret7=-0.03910326913626483  0.5s
1669/2142 "AWP | Elite Build (Battle-Scarred)"  steam_n=88  median=13.093  iqr_risk=3.945632193551836  downside=2.7763582417414843  ret7=-0.06170919629603455  0.5s
1670/2142 "StatTrak™ M4A1-S | Player Two (Factory New)"  steam_n=1  median=361.216  iqr_risk=0.0  downside=0.0  ret7=0.5191376794223159  0.4s
1671/2142 "SG 553 | Phantom (Factory New)"  steam_n=108  median=5.75  iqr_risk=28.66163397770566  downside=17.849583744884992  ret7=-0.11934097421203438  0.4s
1672/2142 "StatTrak™ USP-S | Printstream (Battle-Scarred)"  steam_n=33  median=62.162  iqr_risk=4.568325733004937  downside=4.149210297428893  ret7=-0.3664637827782582  0.5s
1673/2142 "UMP-45 | Wild Child (Well-Worn)"  steam_n=967  median=3.584  iqr_risk=7.115959685457959  downside=5.371580462952706  ret7=-0.029747011398387424  0.5s
1674/2142 "★ Sport Gloves | Violet Beadwork (Battle-Scarred)"  steam_n=4  median=218.5175  iqr_risk=3.8253016307608014  downside=3.7950575845727084  ret7=-0.0010721911771387482  0.4s
1675/2142 "AUG | Wings (Minimal Wear)"  steam_n=11  median=18.034  iqr_risk=5.090098354822377  downside=4.314490795567638  ret7=-0.10001265983035812  0.7s
1676/2142 "★ Broken Fang Gloves | Needle Point (Minimal Wear)"  steam_n=20  median=106.005  iqr_risk=6.859482585284145  downside=6.0831969614320025  ret7=-0.0033848902261294223  0.4s
1677/2142 "★ Talon Knife | Damascus Steel (Factory New)"  steam_n=15  median=450.009  iqr_risk=4.495583348684308  downside=4.169338325941254  ret7=-0.05732371127661884  0.4s
1678/2142 "StatTrak™ AK-47 | Neon Rider (Factory New)"  steam_n=0  median=None  iqr_risk=None  downside=None  ret7=None  0.4s
1679/2142 "G3SG1 | Keeping Tabs (Factory New)"  steam_n=10  median=5.1625  iqr_risk=2.7037087831351423  downside=2.5371759957680937  ret7=-0.14215221104573939  0.5s
1680/2142 "USP-S | The Traitor (Minimal Wear)"  steam_n=52  median=74.0825  iqr_risk=7.4130656681359595  downside=7.552354767853746  ret7=0.04321608040201008  0.4s
1681/2142 "M4A4 | X-Ray (Minimal Wear)"  steam_n=23  median=95.185  iqr_risk=9.536611902065143  downside=7.440313079767955  ret7=-0.05035770954541663  0.7s
1682/2142 "Tec-9 | Whiteout (Well-Worn)"  steam_n=218  median=2.913  iqr_risk=5.191501065804848  downside=3.943477961906073  ret7=-0.014910370246272509  0.4s
1683/2142 "StatTrak™ AWP | Atheris (Field-Tested)"  steam_n=251  median=11.097  iqr_risk=5.572545628003602  downside=3.9944007061529856  ret7=-0.03272160664819945  0.6s
1684/2142 "Tec-9 | Bamboo Forest (Factory New)"  steam_n=72  median=69.999  iqr_risk=8.12032845189767  downside=5.5077330726122415  ret7=0.0391791320816135  0.5s
1685/2142 "★ Navaja Knife | Tiger Tooth (Factory New)"  steam_n=83  median=93.012  iqr_risk=8.970652346012105  downside=10.70123346469758  ret7=0.007108401773581408  0.5s
1686/2142 "AUG | Lil' Pig (Factory New)"  steam_n=4  median=147.4235  iqr_risk=6.492929189768487  downside=2.6988295077438145  ret7=0.04910983488872911  0.4s
1687/2142 "★ Paracord Knife | Stained (Factory New)"  steam_n=1  median=120.019  iqr_risk=0.0  downside=0.0  ret7=0.029755214455474466  0.5s
1688/2142 "★ Ursus Knife | Slaughter (Factory New)"  steam_n=7  median=214.234  iqr_risk=6.324030121073652  downside=2.873582738858595  ret7=-0.05072437903286575  0.5s
1689/2142 "★ Gut Knife | Black Laminate (Field-Tested)"  steam_n=26  median=70.0145  iqr_risk=9.997250719877284  downside=11.140372455107148  ret7=-0.017722417015703096  0.6s
1690/2142 "AWP | Fever Dream (Minimal Wear)"  steam_n=271  median=17.851  iqr_risk=6.978947484384141  downside=3.31045575226113  ret7=0.02468937446443875  0.5s
1691/2142 "AK-47 | Case Hardened (Well-Worn)"  steam_n=6  median=234.725  iqr_risk=10.483482365810444  downside=5.624090102434991  ret7=-0.10173396247354671  0.6s
1692/2142 "StatTrak™ AWP | Queen's Gambit (Battle-Scarred)"  steam_n=25  median=58.203  iqr_risk=4.003075073923328  downside=3.7982984362667005  ret7=-0.01640188922284236  0.4s
1693/2142 "★ Bayonet | Lore (Field-Tested)"  steam_n=23  median=305.0  iqr_risk=16.43400516849101  downside=8.404720915649557  ret7=0.10869701519626473  0.5s
1694/2142 "★ Hand Wraps | Overprint (Well-Worn)"  steam_n=8  median=123.357  iqr_risk=9.570502594753956  downside=6.894251156028513  ret7=-0.039135738515783114  0.4s
1695/2142 "StatTrak™ UMP-45 | Momentum (Minimal Wear)"  steam_n=28  median=8.837  iqr_risk=13.919963095375397  downside=26.71202860108407  ret7=0.1864493122771267  0.5s
1696/2142 "AK-47 | Inheritance (Well-Worn)"  steam_n=60  median=50.342  iqr_risk=4.971897105082472  downside=5.399029172721027  ret7=-0.05880398671096343  0.5s
1697/2142 "★ StatTrak™ Bayonet | Fade (Factory New)"  steam_n=1  median=654.352  iqr_risk=0.0  downside=0.0  ret7=None  0.4s
1698/2142 "★ Bayonet | Urban Masked (Field-Tested)"  steam_n=10  median=168.2445  iqr_risk=4.547958519464335  downside=4.149721078951297  ret7=0.07239862221099402  0.6s
1699/2142 "USP-S | Printstream (Factory New)"  steam_n=31  median=143.067  iqr_risk=6.300372435132728  downside=6.238597348613286  ret7=-0.08039858678011613  0.5s
1700/2142 "★ Bayonet | Damascus Steel (Field-Tested)"  steam_n=19  median=223.75  iqr_risk=6.41489954183167  downside=8.043711258490276  ret7=0.08623851458480591  0.6s
1701/2142 "★ Shadow Daggers | Freehand (Factory New)"  steam_n=44  median=74.135  iqr_risk=7.820472445201955  downside=5.860623664430635  ret7=-0.04795233019558487  0.4s
1702/2142 "MP7 | Smoking Kills (Well-Worn)"  steam_n=282  median=6.5385  iqr_risk=7.288247892879704  downside=8.297508436185458  ret7=0.07309796121332668  0.4s
1703/2142 "★ Paracord Knife | Boreal Forest (Field-Tested)"  steam_n=52  median=60.082  iqr_risk=7.760137000154183  downside=6.717881470994399  ret7=-0.04177572491660253  0.5s
1704/2142 "StatTrak™ Galil AR | Control (Factory New)"  steam_n=78  median=5.595  iqr_risk=7.614713418020888  downside=13.754859978857967  ret7=-0.0060422960725075026  0.5s
1705/2142 "StatTrak™ MP9 | Food Chain (Factory New)"  steam_n=10  median=41.6845  iqr_risk=3.533217580243083  downside=7.386049489296072  ret7=None  0.5s
1706/2142 "★ Paracord Knife | Crimson Web (Well-Worn)"  steam_n=8  median=101.886  iqr_risk=8.97675204480628  downside=13.744217504801451  ret7=-0.104633106882147  0.4s
1707/2142 "USP-S | Target Acquired (Minimal Wear)"  steam_n=0  median=None  iqr_risk=None  downside=None  ret7=None  0.4s
1708/2142 "Glock-18 | Water Elemental (Well-Worn)"  steam_n=16  median=20.9835  iqr_risk=3.9019180616278035  downside=5.063339420147503  ret7=0.03179560320661001  0.5s
1709/2142 "★ Shadow Daggers | Marble Fade (Factory New)"  steam_n=44  median=130.9  iqr_risk=6.004393421445499  downside=7.3434424681157076  ret7=0.0466672066088929  1.0s
1710/2142 "StatTrak™ M4A1-S | Chantico's Fire (Minimal Wear)"  steam_n=7  median=184.296  iqr_risk=3.0231155520955397  downside=11.676476375426677  ret7=-0.16729543418051485  0.6s
1711/2142 "★ Bayonet | Case Hardened (Minimal Wear)"  steam_n=1  median=479.873  iqr_risk=0.0  downside=0.0  ret7=0.49005744449619626  0.4s
1712/2142 "Tec-9 | Orange Murano (Factory New)"  steam_n=0  median=None  iqr_risk=None  downside=None  ret7=None  0.5s
1713/2142 "AWP | CMYK (Battle-Scarred)"  steam_n=4  median=145.5385  iqr_risk=5.826754777638861  downside=0.18301969507542193  ret7=-0.003731343283582156  0.4s
1714/2142 "P250 | Whiteout (Field-Tested)"  steam_n=9  median=50.57  iqr_risk=13.058509638871149  downside=4.751042801848855  ret7=-0.06942324413100176  0.5s
1715/2142 "Desert Eagle | Firebreathing (Factory New)"  steam_n=522  median=8.271  iqr_risk=3.744475121754698  downside=3.3297389532059176  ret7=0.004647793806965561  0.5s
1716/2142 "★ Kukri Knife | Safari Mesh (Field-Tested)"  steam_n=166  median=52.8185  iqr_risk=3.161390715516632  downside=3.6318278458501476  ret7=-0.01662083772788925  0.4s
1717/2142 "★ Gut Knife | Slaughter (Minimal Wear)"  steam_n=12  median=121.7735  iqr_risk=9.982552716646545  downside=5.363601223011616  ret7=-0.1480641969417329  0.5s
1718/2142 "★ Skeleton Knife | Ultraviolet (Field-Tested)"  steam_n=43  median=240.0  iqr_risk=7.802793647530959  downside=4.125159652986303  ret7=0.058966573116250975  0.4s
1719/2142 "★ Skeleton Knife | Tiger Tooth (Factory New)"  steam_n=41  median=401.117  iqr_risk=4.543113037808667  downside=3.201033249634804  ret7=0.035666158709368734  0.4s
1720/2142 "★ Skeleton Knife | Crimson Web (Field-Tested)"  steam_n=9  median=341.681  iqr_risk=13.441314848019253  downside=0.40479273271236543  ret7=-0.07809809709463866  0.4s
1721/2142 "CZ75-Auto | Slalom (Minimal Wear)"  steam_n=11  median=13.401  iqr_risk=8.03031928206229  downside=2.5599771175229753  ret7=-0.025012874273523167  0.5s
1722/2142 "StatTrak™ AUG | Stymphalian (Minimal Wear)"  steam_n=27  median=7.381  iqr_risk=11.962785530792202  downside=14.944108866208428  ret7=-0.07480653482373167  0.5s
1723/2142 "Glock-18 | Groundwater (Minimal Wear)"  steam_n=3  median=26.918  iqr_risk=3.6299850947031786  downside=0.33446031919147395  ret7=0.05084560232061741  0.6s
1724/2142 "P90 | ScaraB Rush (Field-Tested)"  steam_n=26  median=8.987  iqr_risk=4.2915362619052955  downside=7.131920833990045  ret7=-0.11646183870457316  0.5s
1725/2142 "M4A4 | 龍王 (Dragon King) (Factory New)"  steam_n=17  median=95.092  iqr_risk=3.2764198872684123  downside=6.238994346569599  ret7=-0.12113515496057214  0.6s
1726/2142 "AK-47 | Cartel (Field-Tested)"  steam_n=371  median=19.029  iqr_risk=4.619251409550984  downside=3.704806843180593  ret7=0.0015652718355421147  0.6s
1727/2142 "★ Hydra Gloves | Mangrove (Battle-Scarred)"  steam_n=58  median=40.172  iqr_risk=5.4088840921213  downside=6.472881708205722  ret7=-0.038796610980805  0.4s
1728/2142 "AK-47 | Neon Revolution (Well-Worn)"  steam_n=2  median=127.3455  iqr_risk=2.8077945431915494  downside=2.2461728133306624  ret7=-0.10543662093988071  0.6s
1729/2142 "★ Talon Knife | Blue Steel (Minimal Wear)"  steam_n=1  median=603.77  iqr_risk=0.0  downside=0.0  ret7=0.017923286110001158  0.5s
1730/2142 "★ Moto Gloves | Smoke Out (Minimal Wear)"  steam_n=4  median=328.5805  iqr_risk=4.969676879891967  downside=7.953541553231585  ret7=0.15287560590085603  0.4s
1731/2142 "StatTrak™ AWP | Oni Taiji (Field-Tested)"  steam_n=0  median=None  iqr_risk=None  downside=None  ret7=None  0.4s
1732/2142 "M4A1-S | Cyrex (Factory New)"  steam_n=29  median=229.009  iqr_risk=6.457782108588528  downside=6.393022231623618  ret7=-0.2649335981445522  0.5s
1733/2142 "StatTrak™ AK-47 | The Oligarch (Minimal Wear)"  steam_n=4  median=267.08  iqr_risk=2.236197385608645  downside=2.282658747685856  ret7=0.07761029066898306  0.4s
1734/2142 "StatTrak™ M4A4 | Temukau (Minimal Wear)"  steam_n=43  median=110.386  iqr_risk=10.025786090905592  downside=15.676550418497067  ret7=-0.061916501636826604  0.4s
1735/2142 "XM1014 | Teclu Burner (Factory New)"  steam_n=25  median=7.041  iqr_risk=3.0228314318748466  downside=5.51353309094962  ret7=-0.07369249950784174  0.5s
1736/2142 "★ Hand Wraps | CAUTION! (Minimal Wear)"  steam_n=4  median=264.2485  iqr_risk=3.644559282555203  downside=3.8906858538517324  ret7=-0.081084953134122  1.2s
1737/2142 "StatTrak™ M4A4 | Evil Daimyo (Field-Tested)"  steam_n=146  median=9.58  iqr_risk=3.6507390138832356  downside=5.5074005695152914  ret7=-0.041035912245563355  0.7s
1738/2142 "MAC-10 | Toybox (Field-Tested)"  steam_n=28  median=22.968  iqr_risk=11.759303232049879  downside=18.555837313285725  ret7=-0.10880044619736262  0.5s
1739/2142 "P250 | Dark Filigree (Field-Tested)"  steam_n=9  median=6.705  iqr_risk=6.371490280777542  downside=11.302067263190368  ret7=0.06327073426291618  0.5s
1740/2142 "Galil AR | Rainbow Spoon (Minimal Wear)"  steam_n=116  median=42.6  iqr_risk=7.616713335707521  downside=6.179865509367562  ret7=0.08176980899866071  0.4s
1741/2142 "AWP | Elite Build (Field-Tested)"  steam_n=94  median=14.639  iqr_risk=9.314238352106747  downside=8.440561435928094  ret7=-0.020211253300832732  0.5s
1742/2142 "USP-S | Orange Anolis (Factory New)"  steam_n=19  median=83.985  iqr_risk=2.2707842592626086  downside=3.338419601491486  ret7=-0.09427995626353369  0.4s
1743/2142 "USP-S | Royal Blue (Field-Tested)"  steam_n=43  median=11.962  iqr_risk=7.181471052697533  downside=8.066308498282956  ret7=-0.006910673150754998  0.5s
1744/2142 "XM1014 | XOXO (Battle-Scarred)"  steam_n=121  median=3.775  iqr_risk=7.638309889459677  downside=8.256905408676472  ret7=-0.03697705802968965  0.5s
1745/2142 "StatTrak™ M4A4 | Magnesium (Minimal Wear)"  steam_n=293  median=4.89  iqr_risk=3.3273144109233237  downside=4.422893546227353  ret7=0.009962143853357253  0.6s
1746/2142 "StatTrak™ P250 | Epicenter (Minimal Wear)"  steam_n=12  median=20.367  iqr_risk=7.367619518017733  downside=36.722335411907565  ret7=0.15008270950738778  0.4s
1747/2142 "Desert Eagle | Mulberry (Field-Tested)"  steam_n=1866  median=3.359  iqr_risk=6.130790190735691  downside=5.301504561070958  ret7=0.07714016933207901  0.5s
1748/2142 "Negev | Phoenix Stencil (Factory New)"  steam_n=3  median=28.698  iqr_risk=3.9253417492850806  downside=6.086332527677314  ret7=None  0.4s
1749/2142 "★ Kukri Knife | Stained (Minimal Wear)"  steam_n=21  median=90.426  iqr_risk=8.891303073180383  downside=6.279337594049013  ret7=-0.025100861910874683  0.4s
1750/2142 "★ Bayonet | Marble Fade (Factory New)"  steam_n=12  median=479.87  iqr_risk=6.869770045763455  downside=4.967902967806578  ret7=0.06216277896306055  0.5s
1751/2142 "Zeus x27 | Dragon Snore (Factory New)"  steam_n=20  median=79.163  iqr_risk=8.477652939854806  downside=7.7477509498246295  ret7=0.11114685970909566  0.4s
1752/2142 "★ Driver Gloves | Rezan the Red (Battle-Scarred)"  steam_n=28  median=78.676  iqr_risk=6.889932545060039  downside=6.588736055834482  ret7=0.05947139374912247  0.6s
1753/2142 "★ Kukri Knife | Blue Steel (Field-Tested)"  steam_n=57  median=101.587  iqr_risk=5.844898672534732  downside=5.574798020321107  ret7=-0.044421585995390256  0.4s
1754/2142 "StatTrak™ AK-47 | Inheritance (Well-Worn)"  steam_n=11  median=94.917  iqr_risk=1.9408761397895533  downside=5.637833357092696  ret7=-0.0693562633137631  0.4s
1755/2142 "StatTrak™ AK-47 | Cartel (Field-Tested)"  steam_n=21  median=52.964  iqr_risk=8.505899856831379  downside=5.23267238717284  ret7=-0.10305241612530036  0.5s
1756/2142 "M4A1-S | Glitched Paint (Well-Worn)"  steam_n=169  median=2.024  iqr_risk=7.625431055417932  downside=4.3809801350235595  ret7=-0.07766544117647056  0.4s
1757/2142 "M4A4 | Desert Storm (Field-Tested)"  steam_n=25  median=11.204  iqr_risk=10.547772061310598  downside=8.82986488170474  ret7=-0.06826900493227905  0.8s
1758/2142 "★ Shadow Daggers | Slaughter (Minimal Wear)"  steam_n=8  median=115.3115  iqr_risk=3.584108782964695  downside=3.8005875729612884  ret7=-0.041514970159426845  0.5s
1759/2142 "★ Sport Gloves | Slingshot (Well-Worn)"  steam_n=6  median=356.003  iqr_risk=7.469659607558412  downside=6.2804520753000235  ret7=-0.1548710314761833  0.4s
1760/2142 "★ Skeleton Knife | Stained (Well-Worn)"  steam_n=9  median=219.0  iqr_risk=3.0795854104124794  downside=3.215548027578104  ret7=-0.01600687124228939  0.4s
1761/2142 "★ Survival Knife | Safari Mesh (Field-Tested)"  steam_n=73  median=51.782  iqr_risk=5.86767046362102  downside=3.091063397398507  ret7=-0.023728105171169078  0.4s
1762/2142 "AWP | Oni Taiji (Field-Tested)"  steam_n=4  median=388.804  iqr_risk=5.301442204554215  downside=7.685602078949688  ret7=-0.19839538045974903  0.5s
1763/2142 "Glock-18 | Glockingbird (Factory New)"  steam_n=386  median=7.678  iqr_risk=5.065786105564946  downside=3.980443352275635  ret7=0.011804596257691813  0.5s
1764/2142 "Nova | Green Apple (Factory New)"  steam_n=14  median=13.797  iqr_risk=3.986880623745793  downside=2.990699915846112  ret7=-0.20060672753769737  0.5s
1765/2142 "Glock-18 | Water Elemental (Battle-Scarred)"  steam_n=92  median=21.089  iqr_risk=4.601090786234868  downside=7.371494763260776  ret7=0.008708694179689447  0.5s
1766/2142 "★ Nomad Knife | Stained (Battle-Scarred)"  steam_n=7  median=133.45  iqr_risk=7.158581430558418  downside=3.1051175961060733  ret7=-0.06675384889734293  0.4s
1767/2142 "MP7 | Amberline (Factory New)"  steam_n=414  median=7.32  iqr_risk=3.6593175372793003  downside=3.6553968399179273  ret7=-0.03683995088006542  0.4s
1768/2142 "AWP | Crakow! (Field-Tested)"  steam_n=288  median=33.01  iqr_risk=4.428199059232388  downside=3.7061449501153434  ret7=0.06239701874066439  0.5s
1769/2142 "Tec-9 | Hades (Factory New)"  steam_n=4  median=40.701  iqr_risk=14.847821145035505  downside=2.216014409121121  ret7=-0.1438103411285132  0.5s
1770/2142 "★ Driver Gloves | Racing Green (Minimal Wear)"  steam_n=23  median=78.139  iqr_risk=10.13575250438643  downside=10.375360850168747  ret7=-0.08570017593135582  0.6s
1771/2142 "★ Shadow Daggers | Damascus Steel (Minimal Wear)"  steam_n=30  median=67.9795  iqr_risk=5.698647296090535  downside=11.755398529226683  ret7=0.021877635154127217  0.6s
1772/2142 "StatTrak™ M4A4 | In Living Color (Field-Tested)"  steam_n=64  median=40.4585  iqr_risk=11.297581258212034  downside=7.2880413267499335  ret7=0.03779297667000092  0.4s
1773/2142 "P90 | ScaraB Rush (Minimal Wear)"  steam_n=4  median=17.8945  iqr_risk=9.40075789566048  downside=3.8317054845980594  ret7=-0.039879524792236  0.4s
1774/2142 "★ Talon Knife | Night Stripe (Field-Tested)"  steam_n=10  median=300.0015  iqr_risk=7.5804687210598045  downside=5.898662862226865  ret7=-0.04502387921737783  0.5s
1775/2142 "StatTrak™ Desert Eagle | Kumicho Dragon (Minimal Wear)"  steam_n=2  median=85.939  iqr_risk=6.598866637964146  downside=5.27909331037131  ret7=0.12716957816098406  0.5s
1776/2142 "AWP | LongDog (Well-Worn)"  steam_n=31  median=88.089  iqr_risk=6.053585212901556  downside=2.61385856689364  ret7=0.0002990465017309596  0.4s
1777/2142 "Glock-18 | Snack Attack (Well-Worn)"  steam_n=45  median=20.739  iqr_risk=6.11047903016987  downside=6.1693279453882015  ret7=-0.03200408760480289  0.5s
1778/2142 "StatTrak™ AK-47 | Neon Revolution (Factory New)"  steam_n=1  median=301.006  iqr_risk=0.0  downside=0.0  ret7=0.06960084429267388  0.8s
1779/2142 "★ Ursus Knife | Fade (Factory New)"  steam_n=10  median=262.1505  iqr_risk=4.401099417957434  downside=3.5876946536860204  ret7=0.18517163399441938  0.5s
1780/2142 "M4A4 | Polysoup (Factory New)"  steam_n=33  median=45.728  iqr_risk=2.727975387599832  downside=2.3001595649095847  ret7=-0.047237954526799686  0.4s
1781/2142 "AUG | Eye of Zapems (Field-Tested)"  steam_n=534  median=2.822  iqr_risk=6.0832779778344905  downside=3.321329930426885  ret7=-0.04334470989761097  0.4s
1782/2142 "★ Bayonet | Case Hardened (Well-Worn)"  steam_n=5  median=297.54  iqr_risk=3.745806513966718  downside=8.142900799935767  ret7=0.20870011402508548  0.5s
1783/2142 "★ Huntsman Knife | Autotronic (Minimal Wear)"  steam_n=19  median=158.555  iqr_risk=4.3635052745286504  downside=6.422620148705787  ret7=0.003245386750141188  0.5s
1784/2142 "★ Specialist Gloves | Fade (Battle-Scarred)"  steam_n=26  median=147.915  iqr_risk=5.525501953596507  downside=4.3168616217076465  ret7=-0.017195670518195594  0.6s
1785/2142 "★ Talon Knife | Blue Steel (Battle-Scarred)"  steam_n=1  median=437.436  iqr_risk=0.0  downside=0.0  ret7=None  0.4s
1786/2142 "★ Falchion Knife | Freehand (Minimal Wear)"  steam_n=53  median=111.995  iqr_risk=6.492004625752676  downside=6.925513861750257  ret7=-0.05157647979782931  0.4s
1787/2142 "P250 | Cartel (Minimal Wear)"  steam_n=35  median=14.012  iqr_risk=10.821435816364353  downside=7.183978399099036  ret7=0.10049355634768298  0.5s
1788/2142 "★ Falchion Knife | Tiger Tooth (Factory New)"  steam_n=47  median=187.1  iqr_risk=4.906511536147994  downside=5.864591570207323  ret7=0.07668301382077569  0.5s
1789/2142 "Desert Eagle | Starcade (Field-Tested)"  steam_n=17  median=68.505  iqr_risk=8.419954913678245  downside=4.747274863532352  ret7=0.3167413405575983  0.4s
1790/2142 "M4A4 | Full Throttle (Field-Tested)"  steam_n=117  median=58.997  iqr_risk=6.721260302722379  downside=4.516926019645736  ret7=0.06113779579606038  0.4s
1791/2142 "Desert Eagle | Kumicho Dragon (Minimal Wear)"  steam_n=92  median=34.8975  iqr_risk=5.955729416207743  downside=4.846710144355707  ret7=0.07887420824854563  0.5s
1792/2142 "StatTrak™ UMP-45 | Momentum (Field-Tested)"  steam_n=36  median=6.6745  iqr_risk=11.871497599456585  downside=19.119440542167748  ret7=0.14063230026475626  0.4s
1793/2142 "StatTrak™ FAMAS | Eye of Athena (Minimal Wear)"  steam_n=6  median=23.204  iqr_risk=1.2759389318378787  downside=9.16155111716525  ret7=0.024600814888228184  0.4s
1794/2142 "★ Huntsman Knife | Crimson Web (Field-Tested)"  steam_n=6  median=124.3895  iqr_risk=5.467537560316807  downside=6.575231917828341  ret7=0.04860576762236124  0.5s
1795/2142 "AK-47 | Neon Revolution (Battle-Scarred)"  steam_n=17  median=125.419  iqr_risk=18.205954255573587  downside=14.997519996532805  ret7=-0.15508334859864448  0.5s
1796/2142 "Tec-9 | Bamboo Forest (Field-Tested)"  steam_n=77  median=13.314  iqr_risk=8.276792742812168  downside=6.276567829965883  ret7=0.0038501406782169845  0.5s
1797/2142 "★ Bowie Knife | Slaughter (Factory New)"  steam_n=2  median=278.057  iqr_risk=8.292184695943643  downside=6.6337477567549135  ret7=None  0.5s
1798/2142 "★ Ursus Knife | Blue Steel (Field-Tested)"  steam_n=10  median=117.8125  iqr_risk=7.239403710929876  downside=8.391109662103993  ret7=0.09273199101851515  0.5s
1799/2142 "SCAR-20 | Wild Berry (Factory New)"  steam_n=34  median=4.617  iqr_risk=1.9171060034591372  downside=0.35424784846528057  ret7=0.11379595208591486  0.4s
1800/2142 "StatTrak™ AWP | Neo-Noir (Factory New)"  steam_n=10  median=109.964  iqr_risk=5.239289016564289  downside=4.162561861307852  ret7=0.02900206162589858  0.6s
1801/2142 "USP-S | Overgrowth (Factory New)"  steam_n=1  median=140.013  iqr_risk=0.0  downside=0.0  ret7=0.05862739019650842  0.5s
1802/2142 "★ Bayonet | Autotronic (Field-Tested)"  steam_n=12  median=347.26  iqr_risk=9.441815518373785  downside=9.353208826003351  ret7=-0.16665833333333335  0.5s
1803/2142 "Glock-18 | Bullet Queen (Well-Worn)"  steam_n=49  median=63.469  iqr_risk=5.9426326129666105  downside=4.1788605108055  ret7=-0.07156543327691989  0.5s
1804/2142 "StatTrak™ Desert Eagle | Printstream (Field-Tested)"  steam_n=47  median=78.52  iqr_risk=7.580439827351785  downside=7.8096944503559875  ret7=0.10311844515837842  0.5s
1805/2142 "★ Talon Knife | Stained (Well-Worn)"  steam_n=3  median=383.997  iqr_risk=8.297714641721269  downside=13.273265466133779  ret7=0.00047679344682571845  0.6s
1806/2142 "MP7 | Nemesis (Minimal Wear)"  steam_n=96  median=8.33  iqr_risk=5.269832154948619  downside=5.706492481068087  ret7=-0.010386819484240695  0.7s
1807/2142 "★ Ursus Knife | Rust Coat (Battle-Scarred)"  steam_n=74  median=69.806  iqr_risk=7.597372052847106  downside=3.6091189935713786  ret7=-0.015114550100330582  0.4s
1808/2142 "Galil AR | Sugar Rush (Factory New)"  steam_n=2  median=335.7625  iqr_risk=3.9455269721901747  downside=3.1563977513867725  ret7=0.2701480098551927  0.5s
1809/2142 "★ Shadow Daggers | Rust Coat (Battle-Scarred)"  steam_n=96  median=47.6615  iqr_risk=6.9224819525610295  downside=3.736351880043857  ret7=0.07720306513409958  0.5s
1810/2142 "StatTrak™ Dual Berettas | Melondrama (Factory New)"  steam_n=18  median=24.207  iqr_risk=6.220616901731461  downside=9.48244794994021  ret7=-0.2615403013633102  0.4s
1811/2142 "M4A4 | In Living Color (Well-Worn)"  steam_n=21  median=36.644  iqr_risk=4.639155459718091  downside=10.14798110319171  ret7=-0.01904813884947054  0.4s
1812/2142 "★ Specialist Gloves | Forest DDPAT (Field-Tested)"  steam_n=0  median=None  iqr_risk=None  downside=None  ret7=None  0.7s
1813/2142 "M4A1-S | Control Panel (Well-Worn)"  steam_n=187  median=6.41  iqr_risk=10.149918048809827  downside=5.007292904079518  ret7=-0.015508247568024824  0.9s
1814/2142 "★ Bowie Knife | Damascus Steel (Field-Tested)"  steam_n=29  median=101.1  iqr_risk=4.04337945971132  downside=5.282454141798624  ret7=0.07300674335581103  0.5s
1815/2142 "StatTrak™ Nova | Gila (Factory New)"  steam_n=20  median=4.009  iqr_risk=18.424575663399466  downside=23.88238106622043  ret7=0.11162849232318162  0.5s
1816/2142 "Desert Eagle | Heirloom (Minimal Wear)"  steam_n=26  median=16.906  iqr_risk=5.71005351681959  downside=7.364535550458708  ret7=-0.10288988540109623  0.5s
1817/2142 "★ Skeleton Knife | Stained (Field-Tested)"  steam_n=16  median=234.1735  iqr_risk=9.107523579693858  downside=10.885385707953153  ret7=-0.003494807952778234  0.5s
1818/2142 "StatTrak™ M4A1-S | Mecha Industries (Minimal Wear)"  steam_n=2  median=171.2  iqr_risk=5.140186915887841  downside=4.112149532710276  ret7=-0.11363388276389041  0.5s
1819/2142 "★ Bowie Knife | Crimson Web (Battle-Scarred)"  steam_n=1  median=239.942  iqr_risk=0.0  downside=0.0  ret7=None  0.4s
1820/2142 "★ Classic Knife | Crimson Web (Minimal Wear)"  steam_n=0  median=None  iqr_risk=None  downside=None  ret7=None  0.4s
1821/2142 "StatTrak™ P250 | Wingshot (Minimal Wear)"  steam_n=24  median=7.098  iqr_risk=20.866686168656745  downside=7.951493231922983  ret7=-0.17613758895837817  0.9s
1822/2142 "FAMAS | Pulse (Minimal Wear)"  steam_n=57  median=13.534  iqr_risk=8.11721611721612  downside=5.545787545787556  ret7=-0.01109940552336508  0.5s
1823/2142 "StatTrak™ M4A1-S | Golden Coil (Minimal Wear)"  steam_n=2  median=299.889  iqr_risk=1.0793993777697635  downside=0.863519502215826  ret7=-0.07756602207110141  0.5s
1824/2142 "USP-S | Neo-Noir (Minimal Wear)"  steam_n=54  median=130.436  iqr_risk=6.846804114282894  downside=9.894616260423476  ret7=-0.04220550423769154  0.4s
1825/2142 "P250 | Nuclear Threat (Field-Tested)"  steam_n=7  median=46.924  iqr_risk=7.4797179385962105  downside=10.238423424297924  ret7=0.1204661047302944  0.5s
1826/2142 "AK-47 | Orbit Mk01 (Field-Tested)"  steam_n=110  median=33.3205  iqr_risk=6.534516128076167  downside=6.921601811537298  ret7=-0.0028122662677634302  0.5s
1827/2142 "StatTrak™ AWP | Chrome Cannon (Factory New)"  steam_n=3  median=259.003  iqr_risk=11.640473258430292  downside=10.7021739376662  ret7=0.3193705809238543  0.4s
1828/2142 "★ Survival Knife | Ultraviolet (Field-Tested)"  steam_n=73  median=77.089  iqr_risk=8.402825742824096  downside=8.108076468315756  ret7=0.022392051967902393  0.5s
1829/2142 "★ Specialist Gloves | Mogul (Well-Worn)"  steam_n=12  median=117.9815  iqr_risk=4.830144280649005  downside=6.472781028683347  ret7=-0.08392927917837023  0.5s
1830/2142 "M4A4 | Buzz Kill (Battle-Scarred)"  steam_n=4  median=347.3685  iqr_risk=6.14677179396815  downside=9.286783714808095  ret7=0.07745622772109595  0.5s
1831/2142 "MP7 | Just Smile (Factory New)"  steam_n=260  median=4.982  iqr_risk=1.3155534294086133  downside=2.1726564212960193  ret7=-0.005542359461599311  0.5s
1832/2142 "StatTrak™ AK-47 | Frontside Misty (Well-Worn)"  steam_n=12  median=35.2665  iqr_risk=7.185979073750606  downside=5.669645633016218  ret7=-0.04123978731681999  0.5s
1833/2142 "AWP | Neo-Noir (Factory New)"  steam_n=106  median=69.652  iqr_risk=4.509316717060054  downside=3.5225472963629856  ret7=0.04461278284811798  0.6s
1834/2142 "StatTrak™ USP-S | Blueprint (Field-Tested)"  steam_n=56  median=12.6295  iqr_risk=5.367006187228863  downside=5.724964638762245  ret7=-0.021889356445199404  0.5s
1835/2142 "StatTrak™ FAMAS | Rapid Eye Movement (Well-Worn)"  steam_n=176  median=6.439  iqr_risk=5.85551330798479  downside=5.105920695274303  ret7=0.006624557079032423  0.6s
1836/2142 "★ Talon Knife | Stained (Battle-Scarred)"  steam_n=2  median=341.1025  iqr_risk=5.540094253193689  downside=4.432098855915742  ret7=-0.03643084210809633  0.5s
1837/2142 "StatTrak™ Glock-18 | Gold Toof (Field-Tested)"  steam_n=14  median=48.1755  iqr_risk=2.6305870337045967  downside=4.587771347048618  ret7=-0.0005045634965130663  0.5s
1838/2142 "★ Sport Gloves | Frosty (Field-Tested)"  steam_n=24  median=279.711  iqr_risk=1.4740632501464526  downside=2.1457852022779065  ret7=0.12973489235681734  0.4s
1839/2142 "P2000 | Dispatch (Minimal Wear)"  steam_n=6  median=18.517  iqr_risk=6.105108290644301  downside=4.5976214971454805  ret7=-0.16451676056644415  0.5s
1840/2142 "MAC-10 | Toybox (Minimal Wear)"  steam_n=11  median=38.005  iqr_risk=12.222006094793493  downside=13.129741295467806  ret7=0.021261657481983942  0.7s
1841/2142 "StatTrak™ AK-47 | Neon Rider (Field-Tested)"  steam_n=18  median=101.649  iqr_risk=17.59119071964751  downside=6.130780343339126  ret7=-0.3202743381371911  18.1s
1842/2142 "Nova | Sobek's Bite (Field-Tested)"  steam_n=29  median=8.786  iqr_risk=8.344267200699765  downside=13.55569366756439  ret7=-0.13588707615199713  0.4s
1843/2142 "★ Bloodhound Gloves | Bronzed (Field-Tested)"  steam_n=0  median=None  iqr_risk=None  downside=None  ret7=None  0.5s
1844/2142 "★ Falchion Knife | Black Laminate (Minimal Wear)"  steam_n=44  median=92.617  iqr_risk=7.489281505595917  downside=8.907555308742934  ret7=-0.048945877255114345  0.4s
1845/2142 "★ Stiletto Knife | Night Stripe (Field-Tested)"  steam_n=16  median=179.708  iqr_risk=9.288581253662684  downside=6.940589789803073  ret7=0.04047570966210201  0.5s
1846/2142 "M4A4 | Hellish (Well-Worn)"  steam_n=146  median=20.809  iqr_risk=9.476971488509585  downside=6.913321254886999  ret7=0.05642559955121307  0.5s
1847/2142 "StatTrak™ AWP | Fever Dream (Field-Tested)"  steam_n=91  median=25.926  iqr_risk=4.166878696661404  downside=4.959544677003289  ret7=-0.025517573423206485  0.6s
1848/2142 "M4A4 | Desolate Space (Battle-Scarred)"  steam_n=327  median=12.955  iqr_risk=2.781146914085732  downside=3.5305114992699544  ret7=0.01640459631085589  0.5s
1849/2142 "★ Bowie Knife | Bright Water (Field-Tested)"  steam_n=137  median=68.69  iqr_risk=4.596325857616026  downside=5.699444063443876  ret7=0.10769534243249623  0.4s
1850/2142 "StatTrak™ P90 | Shallow Grave (Factory New)"  steam_n=2  median=38.4675  iqr_risk=1.3842854357574546  downside=1.107428348605971  ret7=-0.10879575247850393  1.0s
1851/2142 "M4A4 | Buzz Kill (Minimal Wear)"  steam_n=14  median=481.989  iqr_risk=6.471099012402126  downside=22.04950412687225  ret7=-0.11734370642093384  0.5s
1852/2142 "StatTrak™ AWP | Printstream (Battle-Scarred)"  steam_n=54  median=64.33  iqr_risk=8.00185232438359  downside=12.298425839295108  ret7=-0.04438900467012474  0.5s
1853/2142 "★ Shadow Daggers | Lore (Field-Tested)"  steam_n=95  median=73.26  iqr_risk=8.117933034074914  downside=7.842105551627568  ret7=-0.030474649406688092  0.5s
1854/2142 "UMP-45 | Metal Flowers (Factory New)"  steam_n=7  median=10.794  iqr_risk=15.580648869474473  downside=4.440750205590289  ret7=-0.004650044095245831  0.7s
1855/2142 "StatTrak™ AK-47 | The Outsiders (Field-Tested)"  steam_n=90  median=20.913  iqr_risk=4.313885051380555  downside=4.035691981605201  ret7=-0.03584212284637045  0.5s
1856/2142 "Five-SeveN | Heat Treated (Battle-Scarred)"  steam_n=173  median=3.961  iqr_risk=3.0923280812840606  downside=3.975850390222351  ret7=0.6276044955171105  0.4s
1857/2142 "★ Specialist Gloves | Chocolate Chesterfield (Minimal Wear)"  steam_n=2  median=281.8945  iqr_risk=0.026392852645216108  downside=0.02114266152762434  ret7=-0.07715280256466506  0.4s
1858/2142 "XM1014 | Halftone Shift (Factory New)"  steam_n=39  median=4.726  iqr_risk=0.28193722197858345  downside=4.490111312992083  ret7=-0.07181069958847741  0.8s
1859/2142 "P2000 | Imperial Dragon (Minimal Wear)"  steam_n=73  median=13.91  iqr_risk=7.039676217950097  downside=8.029967062065401  ret7=0.01670318617766453  0.5s
1860/2142 "AK-47 | Orbit Mk01 (Minimal Wear)"  steam_n=51  median=44.715  iqr_risk=5.526413753426512  downside=9.329136913826762  ret7=-0.08604121310313406  0.7s
1861/2142 "M4A4 | Faded Zebra (Battle-Scarred)"  steam_n=23  median=7.739  iqr_risk=4.408644921771419  downside=14.303898170246624  ret7=-0.05509478672985779  0.5s
1862/2142 "SCAR-20 | Cardiac (Field-Tested)"  steam_n=35  median=8.995  iqr_risk=13.927408657904241  downside=10.495160211788694  ret7=-0.011116002641426426  0.5s
1863/2142 "MAC-10 | Propaganda (Minimal Wear)"  steam_n=3  median=63.246  iqr_risk=7.845778707647856  downside=0.5129671719072226  ret7=-0.22757704863608708  0.5s
1864/2142 "★ Bayonet | Slaughter (Factory New)"  steam_n=2  median=437.2965  iqr_risk=12.145192106499824  downside=9.71615368519985  ret7=None  0.5s
1865/2142 "★ M9 Bayonet | Bright Water (Field-Tested)"  steam_n=5  median=434.41  iqr_risk=11.34877545719553  downside=3.865131504521054  ret7=0.12139109808178827  0.8s
1866/2142 "MAC-10 | Red Filigree (Factory New)"  steam_n=0  median=None  iqr_risk=None  downside=None  ret7=None  0.5s
1867/2142 "M4A1-S | Dark Water (Field-Tested)"  steam_n=10  median=79.75  iqr_risk=1.087761735580919  downside=1.7500692922115546  ret7=-0.04908787759905853  0.6s
1868/2142 "FAMAS | Sergeant (Minimal Wear)"  steam_n=10  median=37.8195  iqr_risk=12.848737098972146  downside=10.296261474916276  ret7=0.07989142396009097  0.7s
1869/2142 "FAMAS | Roll Cage (Factory New)"  steam_n=6  median=204.71  iqr_risk=5.399803168465148  downside=2.9660209160117685  ret7=-0.13564660777922277  0.5s
1870/2142 "MAC-10 | Disco Tech (Minimal Wear)"  steam_n=179  median=9.716  iqr_risk=6.480476668236442  downside=5.231474845922309  ret7=0.02876712328767117  0.5s
1871/2142 "★ Specialist Gloves | Sunburst (Battle-Scarred)"  steam_n=16  median=175.4555  iqr_risk=8.288941048406306  downside=5.6513703212345865  ret7=-0.015928444177991885  0.4s
1872/2142 "★ Bowie Knife | Black Laminate (Field-Tested)"  steam_n=98  median=69.757  iqr_risk=5.7480192636321314  downside=8.673570871669197  ret7=-0.020763063312137287  0.5s
1873/2142 "★ M9 Bayonet | Crimson Web (Field-Tested)"  steam_n=2  median=592.8035  iqr_risk=3.0046212615141483  downside=2.403697009211311  ret7=0.09151210727983461  0.6s
1874/2142 "StatTrak™ CZ75-Auto | Victoria (Field-Tested)"  steam_n=4  median=98.094  iqr_risk=31.639896198794187  downside=1.5345018639609391  ret7=0.020934981192907154  0.5s
1875/2142 "M4A4 | 龍王 (Dragon King) (Field-Tested)"  steam_n=328  median=17.9885  iqr_risk=4.303457092163403  downside=3.738662787494075  ret7=0.03913645170218638  0.5s
1876/2142 "MAG-7 | Core Breach (Factory New)"  steam_n=10  median=19.0185  iqr_risk=7.192019255634466  downside=2.4890095681406716  ret7=-0.09834638816362051  0.4s
1877/2142 "SCAR-20 | Bloodsport (Factory New)"  steam_n=39  median=22.946  iqr_risk=7.0210610366529025  downside=6.317452413047034  ret7=-0.049912700220147266  0.5s
1878/2142 "Glock-18 | Ramese's Reach (Minimal Wear)"  steam_n=53  median=24.121  iqr_risk=14.965391267015793  downside=5.755296614459927  ret7=-0.09013245552159266  0.5s
1879/2142 "SSG 08 | Death's Head (Field-Tested)"  steam_n=8  median=23.112  iqr_risk=2.3263374792958107  downside=5.510278501478387  ret7=0.010556127703398754  0.6s
1880/2142 "StatTrak™ Galil AR | Chromatic Aberration (Minimal Wear)"  steam_n=44  median=18.269  iqr_risk=9.597140690540199  downside=6.784496518663458  ret7=0.7211390016581853  0.5s
1881/2142 "StatTrak™ M4A1-S | Printstream (Battle-Scarred)"  steam_n=3  median=305.38  iqr_risk=3.511175829645716  downside=2.107193816710471  ret7=0.08405489043793568  0.5s
1882/2142 "USP-S | Para Green (Field-Tested)"  steam_n=22  median=9.654  iqr_risk=5.18889680909052  downside=6.394398087970139  ret7=0.05165733964700814  0.5s
1883/2142 "★ Stiletto Knife | Crimson Web (Field-Tested)"  steam_n=9  median=283.369  iqr_risk=8.32857493013021  downside=3.075503192580464  ret7=-0.16879024151702038  0.5s
1884/2142 "M4A4 | In Living Color (Minimal Wear)"  steam_n=72  median=58.689  iqr_risk=10.87236381641336  downside=7.903725274633058  ret7=-0.0007646335032519547  0.5s
1885/2142 "StatTrak™ AK-47 | Case Hardened (Well-Worn)"  steam_n=0  median=None  iqr_risk=None  downside=None  ret7=None  0.5s
1886/2142 "★ Huntsman Knife | Blue Steel (Field-Tested)"  steam_n=5  median=139.598  iqr_risk=3.9030183715993045  downside=2.6892757086008072  ret7=-0.024176945360467883  0.6s
1887/2142 "★ Bayonet | Case Hardened (Field-Tested)"  steam_n=5  median=330.016  iqr_risk=3.1914365412604466  downside=0.5682372203455208  ret7=0.09357104146330086  0.5s
1888/2142 "P250 | Whiteout (Factory New)"  steam_n=1  median=474.787  iqr_risk=0.0  downside=0.0  ret7=-0.025256164684482774  0.4s
1889/2142 "Sawed-Off | Kiss♥Love (Well-Worn)"  steam_n=420  median=4.013  iqr_risk=6.577043946725196  downside=5.771437122761506  ret7=-0.03396871945259039  1.7s
1890/2142 "MP9 | Pandora's Box (Factory New)"  steam_n=1  median=218.12  iqr_risk=0.0  downside=0.0  ret7=None  0.5s
1891/2142 "★ Karambit | Ultraviolet (Field-Tested)"  steam_n=7  median=605.679  iqr_risk=3.510323720176335  downside=2.3831421105183246  ret7=0.012538999966712039  0.6s
1892/2142 "StatTrak™ P250 | Muertos (Minimal Wear)"  steam_n=11  median=25.59  iqr_risk=7.389606018145233  downside=5.597000320946871  ret7=0.02758247701460248  0.5s
1893/2142 "StatTrak™ AWP | Wildfire (Factory New)"  steam_n=2  median=329.7805  iqr_risk=2.1746282754741353  downside=1.7397026203793218  ret7=-0.1604220912703851  0.4s
1894/2142 "★ Moto Gloves | POW! (Battle-Scarred)"  steam_n=29  median=71.549  iqr_risk=12.479491814925497  downside=6.1118098835633985  ret7=0.034125470737391916  0.5s
1895/2142 "M4A4 | Buzz Kill (Well-Worn)"  steam_n=3  median=351.575  iqr_risk=3.9364353967594607  downside=0.0  ret7=0.07149100793467289  0.7s
1896/2142 "AWP | Worm God (Factory New)"  steam_n=467  median=6.277  iqr_risk=8.152902401715743  downside=5.109362433570401  ret7=0.05988023952095811  0.7s
1897/2142 "StatTrak™ P90 | Shallow Grave (Field-Tested)"  steam_n=51  median=17.109  iqr_risk=4.468522852544635  downside=5.94231007304091  ret7=0.02253668763102734  0.6s
1898/2142 "Tec-9 | Remote Control (Minimal Wear)"  steam_n=45  median=7.373  iqr_risk=8.513806172171082  downside=8.465078505684893  ret7=-0.09815152304087482  0.6s
1899/2142 "StatTrak™ M4A1-S | Leaded Glass (Battle-Scarred)"  steam_n=44  median=13.81  iqr_risk=5.034583181652709  downside=5.394976337823078  ret7=-0.027212969585504454  0.5s
1900/2142 "P90 | Chopper (Factory New)"  steam_n=81  median=7.355  iqr_risk=10.533746747134712  downside=14.132661535906108  ret7=-0.013782006436267036  0.5s
1901/2142 "★ Shadow Daggers | Bright Water (Factory New)"  steam_n=30  median=57.138  iqr_risk=4.500067764152585  downside=4.039447537345079  ret7=-0.06771394835463818  0.5s
1902/2142 "FAMAS | Bad Trip (Factory New)"  steam_n=37  median=95.612  iqr_risk=5.219877845062688  downside=8.772187607140884  ret7=-0.04997358795211937  0.4s
1903/2142 "P90 | Attack Vector (Field-Tested)"  steam_n=28  median=9.325  iqr_risk=9.907515902243063  downside=4.54783227318379  ret7=-0.08386696963437323  0.4s
1904/2142 "StatTrak™ AK-47 | Phantom Disruptor (Factory New)"  steam_n=22  median=42.381  iqr_risk=11.727748691099462  downside=13.567856932760748  ret7=-0.10223401092996143  0.5s
1905/2142 "Glock-18 | Royal Legion (Minimal Wear)"  steam_n=64  median=8.541  iqr_risk=11.70412199080953  downside=9.864886490935282  ret7=-0.055754151291513065  0.6s
1906/2142 "★ Bayonet | Scorched (Field-Tested)"  steam_n=6  median=147.0745  iqr_risk=2.0788934309827907  downside=3.041019852670423  ret7=-0.02167903054877196  0.5s
1907/2142 "★ M9 Bayonet | Ultraviolet (Field-Tested)"  steam_n=2  median=451.9755  iqr_risk=4.241712216702007  downside=3.3933697733616084  ret7=0.030331724534581772  0.7s
1908/2142 "Desert Eagle | Ocean Drive (Minimal Wear)"  steam_n=11  median=120.013  iqr_risk=11.47625149745589  downside=8.713836701130763  ret7=-0.059424300228413385  0.6s
1909/2142 "USP-S | Monster Mashup (Field-Tested)"  steam_n=87  median=26.408  iqr_risk=6.214486625261929  downside=5.938874520982389  ret7=0.014384414996035932  0.5s
1910/2142 "★ Gut Knife | Bright Water (Factory New)"  steam_n=8  median=87.9785  iqr_risk=11.556225845979837  downside=19.966066547271183  ret7=-0.2152479660961123  0.6s
1911/2142 "★ Falchion Knife | Black Laminate (Battle-Scarred)"  steam_n=47  median=78.828  iqr_risk=4.806021556306642  downside=2.7726651410272622  ret7=-0.03241984375385076  0.5s
1912/2142 "M4A1-S | Golden Coil (Factory New)"  steam_n=5  median=350.014  iqr_risk=29.284630025566756  downside=11.254110338001336  ret7=-0.00520682343980039  0.7s
1913/2142 "AWP | Sun in Leo (Field-Tested)"  steam_n=75  median=25.481  iqr_risk=4.414387576265212  downside=5.747602264066272  ret7=0.04288561179752892  0.5s
1914/2142 "★ Talon Knife | Ultraviolet (Field-Tested)"  steam_n=20  median=332.727  iqr_risk=8.125508723502142  downside=5.775854950395766  ret7=0.001584475825040954  0.8s
1915/2142 "StatTrak™ AK-47 | Redline (Minimal Wear)"  steam_n=7  median=391.975  iqr_risk=3.137737320956255  downside=4.063787195477541  ret7=-0.47465081244941587  0.5s
1916/2142 "★ Flip Knife | Ultraviolet (Field-Tested)"  steam_n=11  median=159.388  iqr_risk=6.11790569986732  downside=3.231053645483464  ret7=0.22458656557958978  0.7s
1917/2142 "★ Bowie Knife | Lore (Battle-Scarred)"  steam_n=43  median=95.81  iqr_risk=9.812620921788449  downside=8.706898836500498  ret7=0.007283697877384032  0.5s
1918/2142 "StatTrak™ AWP | PAW (Factory New)"  steam_n=62  median=17.065  iqr_risk=8.011271499587943  downside=4.24329425525694  ret7=0.07260697466123478  0.5s
1919/2142 "MAC-10 | Heat (Field-Tested)"  steam_n=151  median=3.76  iqr_risk=9.975929392885792  downside=9.25381117945974  ret7=-0.06089824917533615  0.5s
1920/2142 "Five-SeveN | Hyper Beast (Minimal Wear)"  steam_n=3  median=479.865  iqr_risk=0.864044373210999  downside=1.3824709971375984  ret7=-0.06147595088964841  0.5s
1921/2142 "MP7 | Fade (Minimal Wear)"  steam_n=470  median=11.42  iqr_risk=6.445114061672329  downside=6.7160485250571  ret7=0.05650605752335136  0.6s
1922/2142 "CZ75-Auto | Victoria (Field-Tested)"  steam_n=5  median=100.335  iqr_risk=0.0  downside=0.0  ret7=0.0011674549482127983  0.5s
1923/2142 "★ Broken Fang Gloves | Jade (Well-Worn)"  steam_n=16  median=99.892  iqr_risk=6.378861023165369  downside=9.653519419342725  ret7=-0.10403403256564459  0.5s
1924/2142 "M4A1-S | Mecha Industries (Minimal Wear)"  steam_n=23  median=139.0  iqr_risk=12.237659832845193  downside=6.211157939852841  ret7=-0.17985901309164143  0.5s
1925/2142 "★ Butterfly Knife | Boreal Forest (Field-Tested)"  steam_n=5  median=567.13  iqr_risk=2.590457609081238  downside=3.2967364313586365  ret7=0.09139519947424235  0.6s
1926/2142 "★ Moto Gloves | Smoke Out (Well-Worn)"  steam_n=15  median=127.501  iqr_risk=7.86979511218544  downside=6.769334244858072  ret7=-0.16594858664265644  0.5s
1927/2142 "AK-47 | The Oligarch (Factory New)"  steam_n=3  median=369.55  iqr_risk=3.2675811197215165  downside=5.128672661721444  ret7=-0.0622825566063534  0.5s
1928/2142 "P90 | Module (Factory New)"  steam_n=59  median=2.505  iqr_risk=11.685401939197272  downside=10.823965697068019  ret7=-0.15121255349500706  0.6s
1929/2142 "StatTrak™ Dual Berettas | Melondrama (Battle-Scarred)"  steam_n=129  median=6.427  iqr_risk=5.106662085766935  downside=6.371615079489013  ret7=0.0069122673756172315  0.5s
1930/2142 "★ Huntsman Knife | Black Laminate (Field-Tested)"  steam_n=71  median=82.955  iqr_risk=6.426199567318659  downside=3.84605628239523  ret7=0.00850726613758468  0.5s
1931/2142 "★ Sport Gloves | Amphibious (Well-Worn)"  steam_n=6  median=328.1765  iqr_risk=1.6525918309738146  downside=2.499137134294529  ret7=-0.16992530296698705  0.5s
1932/2142 "StatTrak™ SSG 08 | Memorial (Factory New)"  steam_n=100  median=3.7265  iqr_risk=9.55785787246462  downside=5.338294664137362  ret7=0.02209426888055699  0.5s
1933/2142 "StatTrak™ AWP | Atheris (Factory New)"  steam_n=25  median=51.442  iqr_risk=7.161074375969087  downside=9.413092638954526  ret7=0.1573211996385111  0.6s
1934/2142 "★ Paracord Knife | Crimson Web (Minimal Wear)"  steam_n=10  median=151.698  iqr_risk=15.500802840025674  downside=11.31632967911163  ret7=-0.10921834446596324  0.5s
1935/2142 "Five-SeveN | Boost Protocol (Minimal Wear)"  steam_n=227  median=6.504  iqr_risk=8.431034745620588  downside=5.915445716637953  ret7=0.033776472406863434  0.5s
1936/2142 "★ Butterfly Knife | Safari Mesh (Field-Tested)"  steam_n=9  median=511.876  iqr_risk=0.8607904511303345  downside=0.8970710594947526  ret7=0.07783709732659094  0.5s
1937/2142 "StatTrak™ P250 | Asiimov (Battle-Scarred)"  steam_n=104  median=11.7425  iqr_risk=4.7768133648959274  downside=3.500733915374886  ret7=-0.05648792468276709  0.6s
1938/2142 "Glock-18 | Mirror Mosaic (Field-Tested)"  steam_n=391  median=7.146  iqr_risk=5.7593000235355944  downside=4.111807949495365  ret7=0.039306846999154654  0.5s
1939/2142 "AK-47 | Frontside Misty (Battle-Scarred)"  steam_n=247  median=17.694  iqr_risk=4.856982613572629  downside=2.445316881660123  ret7=-0.07039560498747743  0.5s
1940/2142 "MP7 | Army Recon (Factory New)"  steam_n=82  median=1.314  iqr_risk=4.262769277612835  downside=8.144934155438834  ret7=-0.08847980997624705  0.7s
1941/2142 "M4A4 | X-Ray (Factory New)"  steam_n=7  median=291.263  iqr_risk=7.472360510028151  downside=6.097330520419952  ret7=-0.10170552677029365  0.6s
1942/2142 "★ Bayonet | Blue Steel (Battle-Scarred)"  steam_n=0  median=None  iqr_risk=None  downside=None  ret7=None  0.5s
1943/2142 "★ Stiletto Knife | Stained (Minimal Wear)"  steam_n=4  median=236.2285  iqr_risk=2.2154306674433504  downside=0.6801698372609289  ret7=None  0.5s
1944/2142 "★ M9 Bayonet | Rust Coat (Battle-Scarred)"  steam_n=5  median=438.003  iqr_risk=10.711336278168423  downside=6.433273598028186  ret7=0.18294231718891285  0.5s
1945/2142 "Desert Eagle | Code Red (Factory New)"  steam_n=1  median=276.934  iqr_risk=0.0  downside=0.0  ret7=-0.06468706832788995  0.5s
1946/2142 "SSG 08 | Fever Dream (Factory New)"  steam_n=143  median=5.584  iqr_risk=6.6433566433566416  downside=4.125874125874121  ret7=-0.0764244285226886  0.5s
1947/2142 "StatTrak™ Galil AR | Chromatic Aberration (Battle-Scarred)"  steam_n=75  median=6.202  iqr_risk=6.0478245884689255  downside=7.309907928640598  ret7=-0.01182864450127874  0.7s
1948/2142 "★ Stiletto Knife | Blue Steel (Well-Worn)"  steam_n=3  median=254.012  iqr_risk=0.9386238981565366  downside=1.4707484000819073  ret7=0.03783178883139282  0.5s
1949/2142 "MP9 | Setting Sun (Factory New)"  steam_n=6  median=61.0435  iqr_risk=1.3602679762719594  downside=3.580088739792195  ret7=-0.12313349756878855  0.5s
1950/2142 "★ Falchion Knife | Fade (Factory New)"  steam_n=7  median=294.332  iqr_risk=6.409221394054023  downside=3.2655796201997593  ret7=0.048862648243005236  0.5s
1951/2142 "Galil AR | Phoenix Blacklight (Field-Tested)"  steam_n=2  median=103.487  iqr_risk=13.766946572999508  downside=11.013557258399603  ret7=0.3488920968813729  0.5s
1952/2142 "★ Falchion Knife | Blue Steel (Minimal Wear)"  steam_n=6  median=189.71  iqr_risk=7.866927025783525  downside=4.620114967216189  ret7=0.04637213959508624  0.5s
1953/2142 "Desert Eagle | Firebreathing (Minimal Wear)"  steam_n=2483  median=2.98  iqr_risk=5.340544194693255  downside=6.7601825249281795  ret7=0.056254367575122366  0.5s
1954/2142 "★ Specialist Gloves | Pillow Punchers (Field-Tested)"  steam_n=19  median=541.663  iqr_risk=5.595445423819867  downside=0.41902150718415404  ret7=0.24783464243534947  0.5s
1955/2142 "★ Kukri Knife | Crimson Web (Minimal Wear)"  steam_n=14  median=153.403  iqr_risk=5.517742431373368  downside=5.541959947752818  ret7=-0.06078188234132853  0.5s
1956/2142 "StatTrak™ MP7 | Ocean Foam (Factory New)"  steam_n=27  median=16.988  iqr_risk=3.6891136235358486  downside=6.022448896466249  ret7=-0.015196680109883731  0.6s
1957/2142 "M4A4 | Tooth Fairy (Battle-Scarred)"  steam_n=713  median=4.463  iqr_risk=6.6284889750642675  downside=8.161608874058713  ret7=0.1956467969329705  0.6s
1958/2142 "Tec-9 | Decimator (Minimal Wear)"  steam_n=20  median=42.8275  iqr_risk=14.775043335210286  downside=5.750057964293993  ret7=0.029173454514275887  0.5s
1959/2142 "★ Huntsman Knife | Bright Water (Factory New)"  steam_n=30  median=100.8825  iqr_risk=5.292228939975783  downside=8.493140831731592  ret7=0.006237293488344564  0.5s
1960/2142 "StatTrak™ AWP | Fever Dream (Minimal Wear)"  steam_n=37  median=30.493  iqr_risk=9.918485641522164  downside=9.253844851110868  ret7=0.175110059793679  0.6s
1961/2142 "USP-S | Para Green (Minimal Wear)"  steam_n=14  median=11.857  iqr_risk=11.417993157395966  downside=2.189312045231852  ret7=-0.05117696867061805  0.6s
1962/2142 "AWP | The End (Factory New)"  steam_n=22  median=103.8035  iqr_risk=8.673052153345347  downside=5.136460504437835  ret7=-0.0941138851514095  0.5s
1963/2142 "StatTrak™ M4A4 | Desolate Space (Field-Tested)"  steam_n=59  median=34.891  iqr_risk=7.989483346743579  downside=7.174669371380639  ret7=0.11985979310934414  0.6s
1964/2142 "★ Sport Gloves | Arid (Battle-Scarred)"  steam_n=0  median=None  iqr_risk=None  downside=None  ret7=None  0.5s
1965/2142 "SSG 08 | Dark Water (Field-Tested)"  steam_n=37  median=3.425  iqr_risk=5.593536357986329  downside=4.261741987037192  ret7=-0.05326774420238933  0.6s
1966/2142 "★ Flip Knife | Case Hardened (Minimal Wear)"  steam_n=1  median=199.999  iqr_risk=0.0  downside=0.0  ret7=None  0.6s
1967/2142 "StatTrak™ USP-S | Cyrex (Field-Tested)"  steam_n=340  median=5.24  iqr_risk=4.525058939843326  downside=3.194159251654121  ret7=-0.06576666970719691  0.6s
1968/2142 "StatTrak™ M4A1-S | Blood Tiger (Factory New)"  steam_n=22  median=21.049  iqr_risk=10.263861084899421  downside=8.313123385041408  ret7=0.16185256727011366  0.7s
1969/2142 "★ Skeleton Knife | Scorched (Field-Tested)"  steam_n=23  median=165.771  iqr_risk=5.569338604810055  downside=7.218247647168726  ret7=0.034436589874770496  0.5s
1970/2142 "AK-47 | Steel Delta (Minimal Wear)"  steam_n=273  median=4.437  iqr_risk=6.694670517196115  downside=4.681893760392063  ret7=-0.036569000223663606  0.5s
1971/2142 "★ StatTrak™ Stiletto Knife | Tiger Tooth (Factory New)"  steam_n=2  median=374.5415  iqr_risk=4.827342230433743  downside=3.8618951437958176  ret7=-0.015534983401733315  0.5s
1972/2142 "★ Talon Knife | Safari Mesh (Field-Tested)"  steam_n=14  median=257.854  iqr_risk=10.314380975443159  downside=10.122827622490416  ret7=-0.09536846908510155  0.5s
1973/2142 "★ Nomad Knife | Slaughter (Minimal Wear)"  steam_n=10  median=300.655  iqr_risk=7.064269642956904  downside=5.240253145302791  ret7=0.042643952023866616  0.4s
1974/2142 "Nova | Rising Skull (Minimal Wear)"  steam_n=15  median=6.544  iqr_risk=13.689739037018242  downside=11.987287566583607  ret7=-0.012061403508771829  0.7s
1975/2142 "AWP | Wildfire (Battle-Scarred)"  steam_n=82  median=44.2485  iqr_risk=2.9757202890635233  downside=3.076377949201742  ret7=0.03224996576436756  0.5s
1976/2142 "Dual Berettas | Royal Consorts (Well-Worn)"  steam_n=115  median=4.537  iqr_risk=8.351341617143875  downside=12.907437421213755  ret7=0.09649122807017552  0.5s
1977/2142 "Desert Eagle | Midnight Storm (Minimal Wear)"  steam_n=44  median=39.698  iqr_risk=11.124767991356515  downside=9.773480265945722  ret7=0.1480643539467068  0.7s
1978/2142 "StatTrak™ AK-47 | Case Hardened (Battle-Scarred)"  steam_n=0  median=None  iqr_risk=None  downside=None  ret7=None  0.5s
1979/2142 "M4A1-S | Vaporwave (Minimal Wear)"  steam_n=59  median=121.99  iqr_risk=10.774215674482555  downside=7.126464058045445  ret7=0.024621263326754406  0.5s
1980/2142 "UMP-45 | K.O. Factory (Factory New)"  steam_n=95  median=23.574  iqr_risk=5.653598014888336  downside=4.248933002481403  ret7=0.04169262073834146  0.5s
1981/2142 "★ Survival Knife | Damascus Steel (Minimal Wear)"  steam_n=37  median=81.65  iqr_risk=5.864657233567215  downside=6.543722807980261  ret7=-0.007720122384646255  0.5s
1982/2142 "Nova | Rising Skull (Field-Tested)"  steam_n=21  median=6.695  iqr_risk=17.437269342959823  downside=19.41950975810221  ret7=-0.12540411774714988  1.0s
1983/2142 "StatTrak™ AWP | Hyper Beast (Factory New)"  steam_n=0  median=None  iqr_risk=None  downside=None  ret7=None  0.5s
1984/2142 "AWP | Ice Coaled (Factory New)"  steam_n=44  median=39.933  iqr_risk=7.366778922345486  downside=4.609994057052296  ret7=-0.08240079045933957  0.5s
1985/2142 "AK-47 | Emerald Pinstripe (Well-Worn)"  steam_n=508  median=2.975  iqr_risk=5.258872226369012  downside=6.514215919115158  ret7=-0.021381578947368363  0.7s
1986/2142 "USP-S | Ancient Visions (Factory New)"  steam_n=2  median=90.38  iqr_risk=0.0  downside=0.0  ret7=-0.005731510104399318  0.6s
1987/2142 "★ Butterfly Knife | Scorched (Field-Tested)"  steam_n=12  median=559.059  iqr_risk=6.275928310498988  downside=3.043660941122776  ret7=0.06082010773593005  0.6s
1988/2142 "StatTrak™ FAMAS | Rapid Eye Movement (Factory New)"  steam_n=12  median=26.7885  iqr_risk=16.772749841392436  downside=6.644622513998839  ret7=-0.08005239923913432  0.5s
1989/2142 "StatTrak™ M4A4 | 龍王 (Dragon King) (Field-Tested)"  steam_n=46  median=33.222  iqr_risk=2.9683128220528734  downside=2.6016966035222513  ret7=0.029007821641928944  0.6s
1990/2142 "CZ75-Auto | Xiangliu (Factory New)"  steam_n=14  median=28.038  iqr_risk=18.189822479336783  downside=8.225289408905182  ret7=-0.1262926145840283  0.5s
1991/2142 "★ Ursus Knife | Crimson Web (Minimal Wear)"  steam_n=1  median=226.836  iqr_risk=0.0  downside=0.0  ret7=None  0.4s
1992/2142 "★ Huntsman Knife | Blue Steel (Minimal Wear)"  steam_n=1  median=174.5  iqr_risk=0.0  downside=0.0  ret7=-0.2316701597421582  0.7s
1993/2142 "★ Shadow Daggers | Damascus Steel (Field-Tested)"  steam_n=56  median=57.501  iqr_risk=8.482815304936336  downside=5.903047643939446  ret7=0.10816424623201848  0.6s
1994/2142 "★ Sport Gloves | Big Game (Well-Worn)"  steam_n=10  median=159.791  iqr_risk=11.388354272421445  downside=6.009061800298946  ret7=-0.0212151109817178  0.5s
1995/2142 "★ M9 Bayonet | Scorched (Field-Tested)"  steam_n=8  median=352.151  iqr_risk=11.656539468101997  downside=2.697664112310851  ret7=0.12520952883780367  0.5s
1996/2142 "StatTrak™ AK-47 | Legion of Anubis (Factory New)"  steam_n=18  median=93.895  iqr_risk=10.20388914215647  downside=8.249571628440718  ret7=0.05465777288772755  0.5s
1997/2142 "Glock-18 | Snack Attack (Minimal Wear)"  steam_n=13  median=41.818  iqr_risk=2.2624689813696346  downside=3.1209427405679597  ret7=-0.06403114302973356  0.5s
1998/2142 "★ Kukri Knife | Slaughter (Minimal Wear)"  steam_n=60  median=165.77  iqr_risk=7.8332388183013695  downside=7.321268815417039  ret7=0.07014044657422525  0.5s
1999/2142 "★ Talon Knife | Case Hardened (Battle-Scarred)"  steam_n=1  median=494.496  iqr_risk=0.0  downside=0.0  ret7=None  0.5s
2000/2142 "★ Talon Knife | Slaughter (Field-Tested)"  steam_n=2  median=577.535  iqr_risk=4.238184698762842  downside=3.3905477590102735  ret7=0.10676177519579344  0.8s
2001/2142 "SSG 08 | Big Iron (Minimal Wear)"  steam_n=45  median=17.66  iqr_risk=4.643491640054694  downside=4.113281271619364  ret7=-0.03628323299056946  0.6s
2002/2142 "SSG 08 | Parallax (Minimal Wear)"  steam_n=31  median=13.951  iqr_risk=11.334588754197664  downside=7.460923235548934  ret7=-0.0743763269639065  0.6s
2003/2142 "Dual Berettas | Sweet Little Angels (Factory New)"  steam_n=81  median=14.188  iqr_risk=6.253452355785296  downside=4.146236676463973  ret7=0.18174006444683144  0.5s
2004/2142 "Five-SeveN | Case Hardened (Well-Worn)"  steam_n=16  median=14.2275  iqr_risk=5.692038346958082  downside=6.04995270165332  ret7=-0.11976245463543378  0.6s
2005/2142 "Zeus x27 | Dragon Snore (Minimal Wear)"  steam_n=76  median=36.4395  iqr_risk=7.812917785216947  downside=2.9759676574080993  ret7=-0.013761347191159179  0.5s
2006/2142 "AWP | Oni Taiji (Minimal Wear)"  steam_n=6  median=532.2195  iqr_risk=10.841339287204248  downside=18.132933354667276  ret7=0.015150828509950864  0.5s
2007/2142 "AUG | Flame Jörmungandr (Factory New)"  steam_n=0  median=None  iqr_risk=None  downside=None  ret7=None  0.5s
2008/2142 "MP9 | Music Box (Field-Tested)"  steam_n=92  median=2.007  iqr_risk=8.085063188346965  downside=10.302999543216773  ret7=-0.07955100048804298  0.5s
2009/2142 "StatTrak™ M4A4 | Desolate Space (Well-Worn)"  steam_n=49  median=27.169  iqr_risk=7.068433472499542  downside=4.3129424577963285  ret7=-0.13379305565181232  0.5s
2010/2142 "AK-47 | Head Shot (Factory New)"  steam_n=19  median=120.136  iqr_risk=5.729206666154676  downside=1.9645996952291638  ret7=-0.18491160168840115  0.4s
2011/2142 "StatTrak™ AWP | Mortis (Battle-Scarred)"  steam_n=49  median=7.852  iqr_risk=4.12172573189522  downside=4.840780688238324  ret7=0.011976810855577558  0.6s
2012/2142 "StatTrak™ Desert Eagle | Mecha Industries (Minimal Wear)"  steam_n=66  median=21.589  iqr_risk=10.144895139910325  downside=4.023623138515456  ret7=-0.07159522022275866  0.5s
2013/2142 "★ Driver Gloves | Rezan the Red (Field-Tested)"  steam_n=83  median=95.801  iqr_risk=8.065252426397656  downside=10.20107735030504  ret7=-0.0830025111229199  0.5s
2014/2142 "★ Flip Knife | Freehand (Factory New)"  steam_n=8  median=173.6695  iqr_risk=11.546036792726245  downside=9.212760186304347  ret7=-0.12396497077241975  0.5s
2015/2142 "AK-47 | Cartel (Battle-Scarred)"  steam_n=74  median=18.992  iqr_risk=7.556324735826663  downside=5.904620484479003  ret7=0.12284015778654389  0.7s
2016/2142 "★ Flip Knife | Forest DDPAT (Field-Tested)"  steam_n=2  median=127.657  iqr_risk=0.21542101099039276  downside=0.17233680879230975  ret7=-0.0981749483642208  0.7s
2017/2142 "UMP-45 | Crimson Foil (Battle-Scarred)"  steam_n=114  median=3.897  iqr_risk=3.710584713835995  downside=5.989059193889663  ret7=0.045906656465187545  0.5s
2018/2142 "StatTrak™ AK-47 | Nightwish (Well-Worn)"  steam_n=79  median=74.868  iqr_risk=2.7153141281568804  downside=4.634298462674911  ret7=0.017822318526543812  1.0s
2019/2142 "★ Hand Wraps | Cobalt Skulls (Well-Worn)"  steam_n=4  median=222.3695  iqr_risk=2.871749330437102  downside=0.4892671905818434  ret7=-0.0006083250099674364  0.5s
2020/2142 "AUG | Carved Jade (Minimal Wear)"  steam_n=29  median=12.215  iqr_risk=7.89980415068877  downside=10.080479254785137  ret7=-0.10482654600301655  0.5s
2021/2142 "★ StatTrak™ Ursus Knife | Tiger Tooth (Factory New)"  steam_n=3  median=190.079  iqr_risk=6.356624454191713  downside=3.950091274206693  ret7=-0.07405734520948881  0.5s
2022/2142 "StatTrak™ M4A1-S | Decimator (Factory New)"  steam_n=10  median=101.1605  iqr_risk=3.1541855684889617  downside=2.148145061330578  ret7=-0.05765123197803046  0.5s
2023/2142 "★ Moto Gloves | 3rd Commando Company (Battle-Scarred)"  steam_n=46  median=50.4185  iqr_risk=4.622391367825708  downside=4.0742577070885035  ret7=-0.009030597088820702  0.5s
2024/2142 "StatTrak™ M4A4 | Evil Daimyo (Minimal Wear)"  steam_n=71  median=17.057  iqr_risk=8.818745552505858  downside=5.421707160042002  ret7=-0.0002713867864787556  0.7s
2025/2142 "★ Bowie Knife | Damascus Steel (Factory New)"  steam_n=3  median=122.147  iqr_risk=8.618256639889003  downside=2.4483038621331286  ret7=-0.18680345658628805  0.5s
2026/2142 "★ Paracord Knife | Slaughter (Minimal Wear)"  steam_n=17  median=167.45  iqr_risk=3.025820454762657  downside=5.005767331597808  ret7=-0.1724830474340796  0.5s
2027/2142 "★ Karambit | Scorched (Field-Tested)"  steam_n=2  median=502.052  iqr_risk=2.6258236198640765  downside=2.100658895891263  ret7=0.02502914529676481  0.6s
2028/2142 "★ Hydra Gloves | Mangrove (Well-Worn)"  steam_n=32  median=40.905  iqr_risk=4.86375493080903  downside=4.612731926098042  ret7=-0.10938570449874419  0.5s
2029/2142 "★ M9 Bayonet | Damascus Steel (Factory New)"  steam_n=1  median=664.9  iqr_risk=0.0  downside=0.0  ret7=None  0.5s
2030/2142 "StatTrak™ M4A1-S | Golden Coil (Field-Tested)"  steam_n=6  median=168.755  iqr_risk=11.456293167223443  downside=11.425336471253535  ret7=-0.2589259249279189  0.5s
2031/2142 "★ Navaja Knife | Slaughter (Minimal Wear)"  steam_n=14  median=107.6765  iqr_risk=12.390149384909941  downside=8.696489826174796  ret7=-0.022749303143160593  0.6s
2032/2142 "★ Ursus Knife | Damascus Steel (Field-Tested)"  steam_n=21  median=100.335  iqr_risk=6.400447733646115  downside=5.60163216378795  ret7=0.03960539171701449  0.5s
2033/2142 "MP9 | Food Chain (Factory New)"  steam_n=27  median=28.87  iqr_risk=5.92825191010171  downside=3.9609655741809755  ret7=-0.03915703602991161  0.5s
2034/2142 "AK-47 | Green Laminate (Minimal Wear)"  steam_n=26  median=27.915  iqr_risk=5.256354377377193  downside=24.469428581007836  ret7=-0.30005861866832184  0.5s
2035/2142 "USP-S | Purple DDPAT (Field-Tested)"  steam_n=226  median=3.084  iqr_risk=4.7240018119458975  downside=5.9858927069177525  ret7=0.07519046041735677  0.5s
2036/2142 "★ Talon Knife | Rust Coat (Battle-Scarred)"  steam_n=30  median=308.295  iqr_risk=8.286078692811799  downside=5.776284562597497  ret7=0.029724409139048058  0.5s
2037/2142 "AK-47 | Neon Rider (Battle-Scarred)"  steam_n=48  median=52.362  iqr_risk=6.0695029535436555  downside=10.952122530091787  ret7=0.06414804520352568  0.5s
2038/2142 "★ Bayonet | Damascus Steel (Minimal Wear)"  steam_n=11  median=247.795  iqr_risk=7.347193191104573  downside=7.330898638394169  ret7=0.17451067929227682  0.5s
2039/2142 "★ Shadow Daggers | Black Laminate (Field-Tested)"  steam_n=144  median=49.625  iqr_risk=5.1234020046439745  downside=3.7879076253002713  ret7=-0.030888950649144542  0.6s
2040/2142 "XM1014 | XOXO (Factory New)"  steam_n=14  median=22.1995  iqr_risk=15.851631141879635  downside=5.0307595932987486  ret7=0.1912081984897518  0.5s
2041/2142 "MP9 | Goo (Factory New)"  steam_n=97  median=5.802  iqr_risk=7.047228796495814  downside=10.085131936839868  ret7=-0.0883987495658215  0.5s
2042/2142 "★ Skeleton Knife | Damascus Steel (Minimal Wear)"  steam_n=10  median=273.9125  iqr_risk=11.300609181476721  downside=6.150445165483584  ret7=-0.05335584884978306  0.5s
2043/2142 "★ Kukri Knife | Crimson Web (Battle-Scarred)"  steam_n=21  median=95.816  iqr_risk=10.229691520792956  downside=9.02669674153615  ret7=0.010422750800588076  0.5s
2044/2142 "StatTrak™ M4A1-S | Chantico's Fire (Field-Tested)"  steam_n=14  median=128.352  iqr_risk=9.026352237034102  downside=5.550540400168182  ret7=0.09941299148877913  0.5s
2045/2142 "StatTrak™ AK-47 | The Outsiders (Factory New)"  steam_n=2  median=121.246  iqr_risk=4.32674067598106  downside=3.4613925407848476  ret7=0.3226815011554589  0.5s
2046/2142 "★ Flip Knife | Safari Mesh (Field-Tested)"  steam_n=3  median=129.464  iqr_risk=3.015281515730073  downside=1.5335188891189167  ret7=-0.09011817484717521  0.5s
2047/2142 "★ Driver Gloves | Black Tie (Well-Worn)"  steam_n=4  median=148.534  iqr_risk=14.237377243652386  downside=9.755666844159247  ret7=-0.17184725248428834  0.5s
2048/2142 "USP-S | The Traitor (Battle-Scarred)"  steam_n=101  median=35.554  iqr_risk=3.798697266969971  downside=4.0639851890317695  ret7=0.0039810630514309775  0.5s
2049/2142 "★ Gut Knife | Ultraviolet (Field-Tested)"  steam_n=43  median=68.056  iqr_risk=4.830618690778467  downside=4.381471421788512  ret7=-0.045978184787680676  0.5s
2050/2142 "★ Bayonet | Fade (Factory New)"  steam_n=5  median=494.008  iqr_risk=11.134665590453645  downside=12.23102593766327  ret7=-0.055485617033222634  0.5s
2051/2142 "P90 | Leather (Factory New)"  steam_n=0  median=None  iqr_risk=None  downside=None  ret7=None  0.5s
2052/2142 "★ M9 Bayonet | Damascus Steel (Field-Tested)"  steam_n=6  median=565.0145  iqr_risk=3.686496434651986  downside=6.6791867103734335  ret7=0.16549685116081703  0.5s
2053/2142 "★ StatTrak™ Ursus Knife | Doppler (Factory New)"  steam_n=5  median=330.671  iqr_risk=36.2264518496745  downside=13.811320273397124  ret7=-0.2671755725190841  0.4s
2054/2142 "Galil AR | Cerberus (Well-Worn)"  steam_n=11  median=35.24  iqr_risk=6.372034401382612  downside=9.696955518579504  ret7=-0.014487524631567217  0.6s
2055/2142 "AK-47 | Crane Flight (Minimal Wear)"  steam_n=859  median=42.315  iqr_risk=2.647392826724708  downside=2.9478565344941683  ret7=-0.03287603231192748  0.5s
2056/2142 "★ StatTrak™ Falchion Knife | Doppler (Factory New)"  steam_n=2  median=588.6795  iqr_risk=12.498906450793678  downside=9.999125160634946  ret7=0.12967682226101607  0.5s
2057/2142 "SG 553 | Pulse (Minimal Wear)"  steam_n=55  median=8.83  iqr_risk=6.631182570093977  downside=8.555937144560893  ret7=-0.1992828933693619  0.6s
2058/2142 "M4A4 | The Emperor (Minimal Wear)"  steam_n=64  median=100.9  iqr_risk=6.268437322693771  downside=15.152374818024514  ret7=0.029254162112835935  0.6s
2059/2142 "StatTrak™ USP-S | Guardian (Minimal Wear)"  steam_n=47  median=8.362  iqr_risk=19.10310411134512  downside=6.066294295394197  ret7=0.20678593460826655  0.5s
2060/2142 "FAMAS | Prime Conspiracy (Factory New)"  steam_n=1  median=126.52  iqr_risk=0.0  downside=0.0  ret7=None  0.4s
2061/2142 "Glock-18 | Reactor (Field-Tested)"  steam_n=34  median=20.4115  iqr_risk=2.9305887517682043  downside=4.758792254036388  ret7=0.058711473648219714  0.5s
2062/2142 "★ Hand Wraps | CAUTION! (Well-Worn)"  steam_n=10  median=140.2215  iqr_risk=12.857923920807938  downside=4.107985892174699  ret7=-0.03410000000000002  0.6s
2063/2142 "★ Ursus Knife | Damascus Steel (Factory New)"  steam_n=3  median=133.009  iqr_risk=3.2603086913437425  downside=1.797575602794926  ret7=0.23203741059966965  0.5s
2064/2142 "MAC-10 | Case Hardened (Field-Tested)"  steam_n=18  median=23.0775  iqr_risk=2.3422516920801293  downside=2.974792951314536  ret7=0.20203488372093026  0.5s
2065/2142 "★ Navaja Knife | Case Hardened (Minimal Wear)"  steam_n=4  median=132.2225  iqr_risk=9.80908769186202  downside=10.796401734468548  ret7=-0.06179646857530774  0.5s
2066/2142 "★ Kukri Knife | Case Hardened (Battle-Scarred)"  steam_n=27  median=118.717  iqr_risk=12.65626093890605  downside=10.294567130945858  ret7=-0.054288202002612085  0.5s
2067/2142 "G3SG1 | Murky (Factory New)"  steam_n=45  median=4.86  iqr_risk=7.9485003415371125  downside=9.244271490964792  ret7=-0.11886280744412225  0.5s
2068/2142 "Five-SeveN | Fowl Play (Battle-Scarred)"  steam_n=24  median=19.6225  iqr_risk=8.032226689482636  downside=9.45163656033662  ret7=0.0628280751122896  0.5s
2069/2142 "★ Skeleton Knife | Blue Steel (Minimal Wear)"  steam_n=5  median=331.543  iqr_risk=12.64681870001582  downside=10.581097817199446  ret7=-0.07411222810320528  0.5s
2070/2142 "★ Bayonet | Crimson Web (Minimal Wear)"  steam_n=1  median=485.859  iqr_risk=0.0  downside=0.0  ret7=None  0.6s
2071/2142 "P90 | Death by Kitty (Field-Tested)"  steam_n=13  median=85.536  iqr_risk=7.696931321807429  downside=1.7068604779209333  ret7=0.015242151607963272  0.5s
2072/2142 "AUG | Stymphalian (Factory New)"  steam_n=74  median=15.879  iqr_risk=1.4040542820642643  downside=5.214886590980303  ret7=-0.06457283487636223  0.6s
2073/2142 "USP-S | Orion (Minimal Wear)"  steam_n=31  median=72.989  iqr_risk=11.454182536551457  downside=13.316770477834478  ret7=-0.07676422753254453  0.6s
2074/2142 "★ Skeleton Knife | Slaughter (Minimal Wear)"  steam_n=10  median=478.742  iqr_risk=3.610315915684317  downside=6.468470510021971  ret7=-0.001940550389098128  0.4s
2075/2142 "★ Sport Gloves | Blaze (Field-Tested)"  steam_n=30  median=201.32  iqr_risk=9.553689809429814  downside=3.9054441843505234  ret7=-0.01880813503071377  0.4s
2076/2142 "★ Bloodhound Gloves | Snakebite (Battle-Scarred)"  steam_n=6  median=96.2355  iqr_risk=18.72498456860975  downside=8.857873069800899  ret7=-0.13527900958105588  0.6s
2077/2142 "StatTrak™ AK-47 | Asiimov (Minimal Wear)"  steam_n=16  median=155.8265  iqr_risk=15.707636376714726  downside=9.649845797879832  ret7=0.007408494345520156  0.6s
2078/2142 "StatTrak™ USP-S | Blood Tiger (Factory New)"  steam_n=32  median=12.681  iqr_risk=14.917477782479901  downside=25.701287709328334  ret7=0.10477826358525921  0.8s
2079/2142 "StatTrak™ M4A4 | Griffin (Field-Tested)"  steam_n=126  median=10.082  iqr_risk=2.130633228104811  downside=2.5704428394108496  ret7=-0.006698422149449268  0.6s
2080/2142 "Five-SeveN | Hyper Beast (Well-Worn)"  steam_n=2  median=338.0515  iqr_risk=3.538366195683203  downside=2.830692956546552  ret7=None  0.5s
2081/2142 "StatTrak™ AWP | Atheris (Well-Worn)"  steam_n=168  median=7.801  iqr_risk=6.624460725499707  downside=7.007377530441891  ret7=-0.03584229390680993  0.6s
2082/2142 "★ Stiletto Knife | Slaughter (Field-Tested)"  steam_n=3  median=465.017  iqr_risk=12.157598006536649  downside=18.225424302945267  ret7=None  0.5s
2083/2142 "★ Huntsman Knife | Bright Water (Field-Tested)"  steam_n=106  median=71.428  iqr_risk=5.370715786179463  downside=2.226662623224595  ret7=-0.034008053106975744  0.5s
2084/2142 "StatTrak™ AK-47 | Frontside Misty (Field-Tested)"  steam_n=45  median=41.01  iqr_risk=10.457096180151106  downside=8.890102613428187  ret7=0.02202648644619476  0.7s
2085/2142 "★ Nomad Knife | Safari Mesh (Minimal Wear)"  steam_n=2  median=108.8555  iqr_risk=3.8193752267914696  downside=3.055426689510413  ret7=0.08262223017862125  0.5s
2086/2142 "M4A4 | In Living Color (Battle-Scarred)"  steam_n=72  median=33.928  iqr_risk=5.580048947277991  downside=7.670974738226873  ret7=0.04162759893438106  0.6s
2087/2142 "StatTrak™ AK-47 | Frontside Misty (Minimal Wear)"  steam_n=20  median=78.572  iqr_risk=7.24509276409052  downside=11.908130956199619  ret7=0.0024311129168692602  0.6s
2088/2142 "★ Talon Knife | Case Hardened (Well-Worn)"  steam_n=1  median=429.305  iqr_risk=0.0  downside=0.0  ret7=None  0.5s
2089/2142 "StatTrak™ AK-47 | Head Shot (Field-Tested)"  steam_n=184  median=38.826  iqr_risk=10.274473024229499  downside=9.451364851700632  ret7=-0.01417740812277446  0.5s
2090/2142 "M4A1-S | Blood Tiger (Minimal Wear)"  steam_n=210  median=6.048  iqr_risk=6.09483693917928  downside=4.754611015380688  ret7=0.055047343925533676  0.5s
2091/2142 "★ Huntsman Knife | Bright Water (Minimal Wear)"  steam_n=49  median=84.419  iqr_risk=6.2051688075346  downside=6.700542405728932  ret7=-0.02959161005951061  0.5s
2092/2142 "P2000 | Imperial Dragon (Battle-Scarred)"  steam_n=44  median=12.049  iqr_risk=4.559978425908521  downside=1.5044660003759043  ret7=-0.05783161144757154  0.7s
2093/2142 "★ Sport Gloves | Big Game (Minimal Wear)"  steam_n=9  median=330.67  iqr_risk=9.241368732616497  downside=3.7388731488871825  ret7=-0.03729744474651275  0.6s
2094/2142 "M4A4 | Cyber Security (Field-Tested)"  steam_n=57  median=26.77  iqr_risk=8.156951770492539  downside=10.400391711735768  ret7=0.040558810274898605  0.5s
2095/2142 "★ Bowie Knife | Rust Coat (Battle-Scarred)"  steam_n=77  median=61.201  iqr_risk=5.582574704881628  downside=4.953053777125568  ret7=-0.0224756278649364  1.6s
2096/2142 "USP-S | Jawbreaker (Minimal Wear)"  steam_n=1175  median=8.042  iqr_risk=5.479418319727141  downside=3.2630243926464937  ret7=0.00662582822852853  0.5s
2097/2142 "AK-47 | Leet Museo (Minimal Wear)"  steam_n=6  median=396.1985  iqr_risk=5.355012542971287  downside=1.5889002446653686  ret7=-0.1310181522851206  0.5s
2098/2142 "★ Driver Gloves | Rezan the Red (Minimal Wear)"  steam_n=9  median=190.003  iqr_risk=11.344310584269781  downside=6.425323626605696  ret7=-0.15787056930296828  0.5s
2099/2142 "StatTrak™ SSG 08 | Dragonfire (Factory New)"  steam_n=3  median=287.491  iqr_risk=13.921081939920107  downside=22.270082065355794  ret7=0.21038563784876518  0.6s
2100/2142 "StatTrak™ P250 | Mehndi (Field-Tested)"  steam_n=2  median=30.828  iqr_risk=36.24302582068249  downside=28.994420656545987  ret7=-0.4551930592898522  0.6s
2101/2142 "StatTrak™ Glock-18 | Moonrise (Factory New)"  steam_n=75  median=7.731  iqr_risk=12.170513305587093  downside=9.239500567536886  ret7=-0.008333880175864561  0.6s
2102/2142 "★ Skeleton Knife | Urban Masked (Field-Tested)"  steam_n=26  median=166.638  iqr_risk=6.925566691684063  downside=5.868312786757308  ret7=-0.06366983484037148  0.5s
2103/2142 "★ StatTrak™ Nomad Knife | Tiger Tooth (Factory New)"  steam_n=2  median=247.292  iqr_risk=4.380246833702665  downside=3.5041974669621387  ret7=-0.08415353283045102  0.5s
2104/2142 "★ StatTrak™ Falchion Knife | Marble Fade (Factory New)"  steam_n=5  median=270.317  iqr_risk=3.744234321594896  downside=8.912568164974914  ret7=-0.0884608687393148  0.5s
2105/2142 "★ Navaja Knife | Case Hardened (Field-Tested)"  steam_n=9  median=96.4  iqr_risk=10.504560212499293  downside=7.740477788399021  ret7=0.10707630443311111  0.5s
2106/2142 "StatTrak™ USP-S | Torque (Factory New)"  steam_n=121  median=5.121  iqr_risk=9.33844858238983  downside=5.539440441658094  ret7=-0.02431732110823215  1.0s
2107/2142 "★ Specialist Gloves | Forest DDPAT (Battle-Scarred)"  steam_n=2  median=173.894  iqr_risk=0.0  downside=0.0  ret7=-0.014295755487030659  0.7s
2108/2142 "AWP | The End (Minimal Wear)"  steam_n=270  median=32.1875  iqr_risk=4.356529267648692  downside=2.7370301917609727  ret7=0.04710503624692608  0.5s
2109/2142 "FAMAS | Eye of Athena (Minimal Wear)"  steam_n=59  median=11.427  iqr_risk=11.088429061891071  downside=3.735227378170684  ret7=-0.061269504125479934  0.5s
2110/2142 "UMP-45 | Neo-Noir (Field-Tested)"  steam_n=171  median=6.195  iqr_risk=4.309111146446175  downside=3.8956908888535557  ret7=-0.0207006369426751  0.6s
2111/2142 "★ StatTrak™ Bayonet | Marble Fade (Factory New)"  steam_n=1  median=440.385  iqr_risk=0.0  downside=0.0  ret7=-0.08225975184325363  0.5s
2112/2142 "Five-SeveN | Case Hardened (Battle-Scarred)"  steam_n=36  median=12.981  iqr_risk=5.574504138515349  downside=6.209583396696428  ret7=-0.037966050318278266  0.5s
2113/2142 "Five-SeveN | Monkey Business (Well-Worn)"  steam_n=133  median=12.68  iqr_risk=5.241845129485574  downside=6.232593873043315  ret7=-0.04638160485077569  0.9s
2114/2142 "★ M9 Bayonet | Urban Masked (Field-Tested)"  steam_n=6  median=352.596  iqr_risk=1.8163207182717658  downside=1.7181335987750628  ret7=-0.0756801781174502  0.6s
2115/2142 "★ Ursus Knife | Case Hardened (Well-Worn)"  steam_n=3  median=149.956  iqr_risk=5.71651036439767  downside=9.117070976225902  ret7=0.16185517487177092  0.5s
2116/2142 "Glock-18 | AXIA (Battle-Scarred)"  steam_n=45  median=37.519  iqr_risk=3.4851952644074764  downside=2.7555743094372596  ret7=-0.08433850016373756  0.6s
2117/2142 "★ Specialist Gloves | Lime Polycam (Battle-Scarred)"  steam_n=9  median=241.285  iqr_risk=3.0484817742213517  downside=2.590341348103622  ret7=0.044478020116168304  0.6s
2118/2142 "MAC-10 | Disco Tech (Factory New)"  steam_n=15  median=35.955  iqr_risk=9.538033241515292  downside=1.528757036637256  ret7=-0.2001967535661584  0.5s
2119/2142 "★ Hand Wraps | Duct Tape (Well-Worn)"  steam_n=23  median=60.839  iqr_risk=10.803913503920311  downside=5.400661318686302  ret7=0.047841835194687654  0.5s
2120/2142 "USP-S | Stainless (Minimal Wear)"  steam_n=124  median=14.877  iqr_risk=8.797056141722026  downside=6.172984238634889  ret7=0.0577532178718243  0.6s
2121/2142 "P250 | Bengal Tiger (Factory New)"  steam_n=2  median=59.648  iqr_risk=6.374061158798281  downside=5.099248927038631  ret7=None  0.6s
2122/2142 "★ M9 Bayonet | Freehand (Field-Tested)"  steam_n=8  median=450.109  iqr_risk=10.668259461143252  downside=2.9915451096003527  ret7=-0.06202083476600995  0.5s
2123/2142 "MP7 | Powercore (Minimal Wear)"  steam_n=100  median=5.94  iqr_risk=10.332541567695959  downside=6.096595407759313  ret7=-0.29695164681149266  0.6s
2124/2142 "★ Stiletto Knife | Stained (Well-Worn)"  steam_n=1  median=196.692  iqr_risk=0.0  downside=0.0  ret7=None  0.5s
2125/2142 "★ Driver Gloves | Queen Jaguar (Well-Worn)"  steam_n=19  median=66.998  iqr_risk=10.603556514115164  downside=11.812685776081974  ret7=-0.06566421793694521  0.6s
2126/2142 "StatTrak™ AK-47 | The Outsiders (Battle-Scarred)"  steam_n=93  median=18.436  iqr_risk=5.923327922166065  downside=3.4464973097992715  ret7=-0.023381763266156264  0.5s
2127/2142 "★ Gut Knife | Autotronic (Field-Tested)"  steam_n=20  median=123.1785  iqr_risk=8.506810777587617  downside=7.983640402712869  ret7=-0.018065142144252033  0.5s
2128/2142 "MAG-7 | Praetorian (Factory New)"  steam_n=34  median=7.27  iqr_risk=7.870916961826048  downside=10.836566031371225  ret7=-0.13766396002498427  0.5s
2129/2142 "Desert Eagle | Code Red (Well-Worn)"  steam_n=51  median=49.993  iqr_risk=4.2871531317192675  downside=8.065643802525486  ret7=-0.008631578947368435  0.5s
2130/2142 "StatTrak™ Desert Eagle | Crimson Web (Factory New)"  steam_n=0  median=None  iqr_risk=None  downside=None  ret7=None  0.5s
2131/2142 "★ Skeleton Knife | Case Hardened (Battle-Scarred)"  steam_n=3  median=267.703  iqr_risk=9.269849783997124  downside=8.082838729743033  ret7=0.0656243433745296  0.5s
2132/2142 "AUG | Navy Murano (Well-Worn)"  steam_n=22  median=2.6  iqr_risk=5.292042336338683  downside=11.607212857702862  ret7=-0.03393916913946582  0.5s
2133/2142 "StatTrak™ AUG | Chameleon (Minimal Wear)"  steam_n=14  median=90.6555  iqr_risk=14.562567813724014  downside=9.565211655770662  ret7=-0.04313796503088463  0.8s
2134/2142 "★ Kukri Knife | Urban Masked (Field-Tested)"  steam_n=156  median=60.2175  iqr_risk=4.773666500127387  downside=5.735679000499616  ret7=0.15029911501507942  0.4s
2135/2142 "★ Falchion Knife | Case Hardened (Battle-Scarred)"  steam_n=1  median=161.697  iqr_risk=0.0  downside=0.0  ret7=None  0.6s
2136/2142 "G3SG1 | Flux (Field-Tested)"  steam_n=72  median=9.008  iqr_risk=10.974080975775033  downside=11.063301146309781  ret7=-0.08866492573853424  0.7s
2137/2142 "★ Flip Knife | Slaughter (Minimal Wear)"  steam_n=5  median=342.13  iqr_risk=18.802492119893483  downside=15.378479884919036  ret7=0.1386735239715653  0.6s
2138/2142 "PP-Bizon | Bamboo Print (Field-Tested)"  steam_n=66  median=13.611  iqr_risk=4.434536179860194  downside=14.902701681466096  ret7=-0.004516511180216232  0.6s
2139/2142 "★ Nomad Knife | Ultraviolet (Minimal Wear)"  steam_n=10  median=176.0015  iqr_risk=7.725431234610736  downside=4.502394956316424  ret7=-0.05287439034140884  0.5s
2140/2142 "Galil AR | Chromatic Aberration (Battle-Scarred)"  steam_n=265  median=3.977  iqr_risk=3.7442760644622695  downside=6.289371821792692  ret7=0.03215189873417712  0.6s
2141/2142 "Dual Berettas | Cobra Strike (Factory New)"  steam_n=2  median=208.6215  iqr_risk=7.491270075231939  downside=5.993054407144042  ret7=0.057178546453293455  1.4s
2142/2142 "StatTrak™ P250 | Visions (Battle-Scarred)"  steam_n=70  median=4.633  iqr_risk=9.773956638374592  downside=12.467566735564453  ret7=0.07884377460353176  0.6s
