item,status,error,sort_by,collected_at_utc,base_price,currency,n_listings,cap_hit,discount_sample_n,avg_discount,median_discount,avg_ask,avg_predicted,key_trace,steam_sales_7d_mean,steam_sales_7d_median,steam_sales_7d_p10,steam_sales_7d_p25,steam_sales_7d_p75,steam_sales_7d_p90,steam_sales_7d_min,steam_sales_7d_max,steam_sales_7d_n,steam_sales_7d_iqr_risk%,steam_sales_7d_band_risk%,steam_sales_7d_downside_risk%,steam_sales_7d_tail_ratio,steam_turnover_proxy,steam_discount_risk_score,steam_daily_ret_3d,steam_daily_ret_7d,steam_daily_slope_7d,steam_daily_ema_gap_3_14,steam_daily_range_14d_pct,steam_daily_downside_14d_pct,trade_days,steam_trade_currency,risk_collected_at_utc,risk_rule_trend,risk_rule_price,risk_rule_liquidity,risk_rule_tail,risk_rule_listings,risk_pass
AK-47 | Aphrodite (Minimal Wear),ok,,best_deal,2026-04-17T00:32:36.971279+00:00,45.92,,50,True,8,-0.0098842031510376,-0.0050087108013937,46.38375,45.93,1/1,58.3155,54.9795,50.4969,52.0007,58.901,65.0324,46.935,177.34,214,11.832703140674438,24.925620118150405,7.6868071096020865,0.918467792540856,4.28,-0.0722995957963822,-0.0618226512595994,-0.0549380038318331,-0.0202544522054235,,0.1235309305461257,0.0054794258556224,7,3,2026-06-22T01:29:46.673805+00:00,True,True,True,True,True,True
AK-47 | Aquamarine Revenge (Battle-Scarred),ok,,best_deal,2026-04-17T00:32:43.053753+00:00,41.59,,50,True,8,0.011086361084951,0.00996374884462,40.8875,41.3475,1/1,37.8905,37.206,35.7464,36.273,38.768,40.2462,32.866,55.0,83,6.584763990973984,11.875800002639185,3.852152914318897,0.960769768316938,1.66,-0.0189375353256166,0.0204112017974853,-0.0258812280339051,-0.0078104894634739,-0.0075363331391682,0.1019910066455317,0.0377110719070421,7,3,2026-06-21T23:13:51.617050+00:00,True,True,True,True,True,True
AK-47 | Aquamarine Revenge (Field-Tested),ok,,best_deal,2026-04-17T00:32:52.674079+00:00,42.43,,50,True,8,0.0006209828401829,0.0,43.3375,43.36125,1/1,49.4455,48.612,47.1393,48.0108,49.7465,51.7163,43.09,66.823,132,3.5103295547623024,9.25665631857297,2.9784307975447777,0.9697050111083684,2.64,-0.0179412974622837,-0.0001344169406705,0.0158948606967264,-0.0006477404944982,,0.0804128188953578,0.0156461670510128,7,3,2026-06-22T00:14:08.970634+00:00,True,True,True,True,True,True
AK-47 | Asiimov (Field-Tested),ok,,best_deal,2026-04-17T00:33:32.182464+00:00,43.59,,50,True,8,0.0292555578484883,0.0291526480507544,49.83,51.3325,1/1,50.9076,50.7265,48.527,49.74,52.2317,53.693,44.148,56.485,538,4.894554054797308,10.147797185488995,4.320572959636676,0.9566400205021044,10.76,0.0074579746869239,0.0060326193751227,0.0063094582907461,0.0035139957505704,0.0056736018647585,0.0700431665917924,0.0380491044397132,7,3,2026-06-21T22:18:30.628875+00:00,True,True,True,True,True,True
AK-47 | B the Monster (Field-Tested),ok,,best_deal,2026-04-17T00:34:01.693595+00:00,230.37,,50,True,8,-0.0182251565173772,-0.0179612367672251,243.955,239.5125,1/1,165.1264,157.846,151.7745,154.6207,165.5473,197.2667,139.163,235.562,62,6.617112708809741,27.54992539048874,3.676880256579211,0.9615352938940486,1.24,-0.047988998716486,-0.0330236109042157,-0.0619490606936418,-0.011602194370881,,0.2009769467525508,0.003071412753584,7,3,2026-06-22T02:37:12.998577+00:00,True,True,True,True,True,True
AK-47 | Baroque Purple (Field-Tested),ok,,best_deal,2026-04-17T00:34:39.590209+00:00,6.04,,50,True,8,0.0499464544927371,0.0492063492063491,5.99125,6.30625,1/1,7.1633,6.905,6.5803,6.648,7.1118,7.4742,6.208,13.253,90,6.4746694959027264,12.47888542989962,4.532827048985802,0.9529761042722664,1.8,0.0135613446297234,0.0158846889248418,-0.0349308369428531,-0.0104879500508584,-0.0198323687829791,0.1068481250904878,0.0399594614159548,7,3,2026-06-21T21:53:52.792540+00:00,True,True,True,True,True,True
AK-47 | Bloodsport (Factory New),ok,,best_deal,2026-04-17T00:35:35.344003+00:00,205.14,,50,True,8,-0.0250396778944154,-0.0245990774967389,208.45375,203.36625,1/1,220.5886,220.018,209.9436,213.997,222.783,229.8644,206.207,280.913,67,3.982980081472919,9.030747735830404,4.567053782471079,0.9542110190984374,1.34,-0.0633258985709233,-0.0476545657967745,0.0021344819334769,-0.0067033967310545,-0.0212249276567411,0.1046199545359034,0.0021299356243672,7,3,2026-06-22T03:26:25.208065+00:00,True,True,True,True,True,True
AK-47 | Bloodsport (Field-Tested),ok,,best_deal,2026-04-17T00:35:39.334291+00:00,146.32,,50,True,8,0.0026589425227556,0.0010135819987837,148.57625,148.98125,1/1,165.9129,162.2005,156.576,157.521,175.0567,181.4677,149.508,184.301,64,10.569220355981976,15.00287198885681,3.390031757627051,0.9653237813693544,1.28,-0.0240826781135058,-0.047212288210119,-0.0234175009314119,-0.0170814532110989,,0.152251764430798,0.0319412738359679,7,3,2026-06-22T00:02:31.921086+00:00,True,True,True,True,True,True
AK-47 | Bloodsport (Minimal Wear),ok,,best_deal,2026-04-17T00:35:42.978310+00:00,165.66,,50,True,8,-0.0061325296057399,-0.0049732915822434,167.845,166.8275,1/1,186.7531,185.29,175.4736,177.399,194.947,198.536,161.409,227.261,59,9.39636343386,12.34913905043611,5.256351835658946,0.947021425872956,1.18,-0.0519269180902372,-0.0267027300793646,0.0075183357037285,-0.0115327889203977,,0.1211062703785919,0.0102411939571419,7,3,2026-06-22T01:03:16.899717+00:00,True,True,True,True,True,True
AK-47 | Blue Laminate (Field-Tested),ok,,best_deal,2026-04-17T00:36:03.552052+00:00,16.66,,50,True,8,-0.0057190881588307,-0.0011806375442738,17.14375,17.04375,1/1,18.5261,18.174,17.5056,17.849,18.766,19.61,14.96,32.475,225,4.9497735627034185,11.35910958053772,3.6078829327273327,0.9632221855397822,4.5,-0.0269906636962191,-0.0248565965583172,-0.0573759670477649,-0.0042276462506749,-0.0316699799521571,0.1428571428571428,0.0098599439775911,7,3,2026-06-22T01:01:12.405438+00:00,True,True,True,True,True,True
AK-47 | Blue Laminate (Minimal Wear),ok,,best_deal,2026-04-17T00:36:08.843362+00:00,17.29,,50,True,8,-0.0045471924290417,-0.0043252595155709,17.43,17.35125,1/1,22.205,20.7145,19.1733,19.9275,22.0025,23.383,18.235,124.725,164,9.344742175185782,18.958342715604587,6.940779103805449,0.925598011055058,3.28,-0.0613261080868327,0.0085466004583651,-0.0180372832504299,0.0002553386082129,,0.1200113620224399,0.0550584670738058,7,3,2026-06-22T00:54:44.811434+00:00,True,True,True,True,True,True
AK-47 | Breakthrough (Field-Tested),ok,,best_deal,2026-04-17T00:36:39.932622+00:00,4.86,,50,True,8,-0.025605015754946,-0.0010288065843621,4.96375,4.84,1/1,3.4932,3.467,3.348,3.411,3.568,3.656,3.289,4.099,2613,4.494446352914235,8.817130424825383,3.406618573227992,0.9656763772714162,52.26,-0.0251431782451674,0.0236220472440944,-0.0404592673592126,-0.0027599852638329,-0.022015193036965,0.0965811965811965,0.0282051282051281,7,3,2026-06-22T03:32:45.556745+00:00,True,True,True,True,True,True
AK-47 | Breakthrough (Minimal Wear),ok,,best_deal,2026-04-17T00:36:43.798314+00:00,10.04,,50,True,8,0.0126992031872509,0.0149402390438246,9.9125,10.04,1/1,7.6976,7.678,7.399,7.477,7.866,8.001,4.848,12.479,1106,5.053523176054865,7.820619413843268,3.624506339638328,0.9636624120864808,22.12,0.0037338963858374,0.0188287235423971,-0.0041883487752252,-0.0058628427320178,-0.0072352101409725,0.0667856232475146,0.0548049961763955,7,3,2026-06-21T23:07:57.506851+00:00,True,True,True,True,True,True
AK-47 | Cartel (Battle-Scarred),ok,,best_deal,2026-04-17T00:36:57.912708+00:00,18.15,,50,True,8,-0.0446506328370792,-0.0568993952721275,18.91125,18.1075,1/1,19.0684,18.593,17.8828,18.104,19.73,20.8548,16.222,24.15,73,8.527196828260374,15.585995678714529,3.724486585135619,0.9618028290216748,1.46,-0.0740767965463678,-0.0072010178117049,0.1026112021703498,-0.0014085329794139,-0.0035815654763541,0.1125663172463286,0.0930619986159879,7,3,2026-06-22T05:40:54.635854+00:00,True,True,True,True,True,True
AK-47 | Cartel (Field-Tested),ok,,best_deal,2026-04-17T00:37:05.427440+00:00,17.4,,50,True,8,-0.0334593691589971,-0.0314101691549617,18.67125,18.06625,1/1,19.3974,19.203,18.418,18.811,19.854,20.477,16.429,28.175,331,5.377009289904828,10.614824667223449,4.0469341251920365,0.9591209706816644,6.62,-0.0562896109841254,-0.0167415904510929,-0.0174777333161223,-0.0075181923227184,-0.0179221550554909,0.0714173104209363,0.0016290924378579,7,3,2026-06-22T04:25:53.033015+00:00,True,True,True,True,True,True
AK-47 | Cartel (Minimal Wear),ok,,best_deal,2026-04-17T00:37:10.993314+00:00,22.77,,50,True,8,-0.0132284473449111,-0.0200347207937762,23.1375,22.83375,1/1,27.0858,26.266,25.005,25.459,27.793,29.4246,20.669,41.052,165,8.617061338413485,16.317036971402,4.655575984464182,0.95199116728851,3.3,-0.0471148380779611,0.0296332010532951,0.0787224121852656,0.0127743666906232,0.0315234542663749,0.0907715582450831,0.0907715582450831,7,3,2026-06-22T01:57:16.794984+00:00,True,True,True,True,True,True
AK-47 | Crane Flight (Field-Tested),ok,,best_deal,2026-04-17T00:37:56.413607+00:00,33.55,,50,True,8,-0.0043602559570261,-0.0044709388971684,34.3575,34.2175,1/1,23.7639,23.439,22.517,22.945,24.403,25.341,21.629,40.488,1476,6.135356570259925,11.883571299323773,3.879834538943526,0.9606638508468792,29.52,-0.0134669107608045,0.042,-0.0396313364055298,-0.0070940354301367,-0.0288454225738372,0.1260118501210047,0.0403071017274472,7,3,2026-06-22T00:53:41.681461+00:00,True,True,True,True,True,True
AK-47 | Crossfade (Minimal Wear),ok,,best_deal,2026-04-17T00:38:35.614822+00:00,3.67,,50,True,8,0.0078046178574242,0.0066773618538324,3.79,3.82,1/1,4.0031,3.97,3.831,3.88,4.069,4.22,3.483,5.353,881,4.721340960755416,9.71746896155479,3.4723089605555755,0.9649874055415616,17.62,-0.001518878215225,0.0057543157368025,0.0103040965066598,0.0040543904665093,-0.0101270914257717,0.0993781094527362,0.0296019900497511,7,3,2026-06-21T23:31:18.425436+00:00,True,True,True,True,True,True
AK-47 | Elite Build (Factory New),ok,,best_deal,2026-04-17T00:38:57.729482+00:00,13.33,,50,True,8,0.0097945394050006,0.0041286059819479,14.3225,14.47125,1/1,13.4326,12.743,11.901,12.23,13.41,14.019,10.081,40.247,171,8.784598662954304,15.767610142489168,6.268332266277567,0.933924507572785,3.42,-0.0399803378707932,0.0690920695707675,-0.0033469691335068,-0.0015302511081985,-0.020320041081831,0.1654477611940297,0.0806716417910447,7,3,2026-06-21T23:19:21.275245+00:00,True,True,True,True,True,True
AK-47 | Elite Build (Minimal Wear),ok,,best_deal,2026-04-17T00:39:04.740626+00:00,3.29,,50,True,8,-0.0179721860171708,-0.0223855455867229,3.33125,3.2725,1/1,3.7141,3.682,3.517,3.579,3.792,4.003,3.42,4.362,1665,5.734902129721861,13.085269648097794,4.442529818798633,0.9551873981531775,33.3,-0.0316916018043017,0.0442527136097967,-0.0244409776391056,0.0011884153186448,-0.0067619068482488,0.0914179104477612,0.0450426439232408,7,3,2026-06-22T02:34:42.358006+00:00,True,True,True,True,True,True
AK-47 | Emerald Pinstripe (Battle-Scarred),ok,,best_deal,2026-04-17T00:39:12.096859+00:00,3.15,,50,True,8,-0.0088720425403899,-0.0205142946741232,3.6275,3.60375,1/1,2.9988,3.019,2.87,2.965,3.055,3.087,2.075,3.688,379,3.001200480192087,7.23622782446312,4.968654128317994,0.9506459092414706,7.58,-0.0398888380665957,0.0128458498023715,0.0298057602143335,0.001573376399909,0.0189105867150234,0.0744715447154471,0.0744715447154471,7,3,2026-06-22T01:24:02.414768+00:00,True,True,True,True,True,True
AK-47 | Emerald Pinstripe (Field-Tested),ok,,best_deal,2026-04-17T00:39:19.796292+00:00,3.08,,50,True,8,0.0096706573248716,0.008851170176763,3.4825,3.515,1/1,3.1497,3.13,3.019,3.085,3.191,3.317,2.896,3.938,894,3.365399879353585,9.46121852874877,3.524145156681581,0.9645367412140576,17.88,-5.07544427032075e-05,0.0168339268371642,0.0284872298624754,-0.0004695897354162,-0.0057823817089921,0.0923272843043616,0.0276981852913085,7,3,2026-06-21T23:20:06.328569+00:00,True,True,True,True,True,True
AK-47 | Emerald Pinstripe (Minimal Wear),ok,,best_deal,2026-04-17T00:39:24.963692+00:00,4.77,,50,True,8,0.0290824412696262,0.0268986935653601,5.18625,5.34,1/1,5.5012,5.486,4.86,5.234,5.667,6.0088,4.416,8.157,299,7.871009961462951,20.882716498218564,11.379335417727033,0.8858913598250092,5.98,-0.0678338044551808,0.0204721504979712,-0.0137254901960786,-0.0087378659234919,-0.0605933892476542,0.3399602385685885,0.108982468823423,7,3,2026-06-21T22:18:42.398677+00:00,True,True,True,True,True,True
AK-47 | Emerald Pinstripe (Well-Worn),ok,,best_deal,2026-04-17T00:39:30.550277+00:00,3.17,,50,True,8,-0.0434738133361783,-0.0340557275541796,3.32875,3.19,1/1,3.0464,3.0165,2.896,2.962,3.06,3.08,2.356,27.482,508,3.216911764705878,6.03991596638656,3.95548844537816,0.9600530416045084,10.16,-0.0620754138979287,-0.0295461965393405,-0.0104860186418108,-0.0020574919782733,0.0033024244818968,0.0662741799831791,0.0358284272497897,7,3,2026-06-22T05:33:13.082361+00:00,True,True,True,True,True,True
AK-47 | Frontside Misty (Well-Worn),ok,,best_deal,2026-04-17T00:41:23.201728+00:00,17.67,,50,True,8,-0.0201283625862718,-0.01419886812098,17.73375,17.3875,1/1,19.0068,19.159,17.941,18.548,19.913,20.245,1.419,21.786,125,7.181640255066619,12.12197739756299,6.408232842982511,0.9364267446108878,2.5,-0.0733293301290913,0.0855241804608892,-0.0124507874015747,-0.002849404583641,-0.0060127886854187,0.0935366522150794,0.0787860666766332,7,3,2026-06-22T02:53:54.708272+00:00,True,True,True,True,True,True
AK-47 | Head Shot (Battle-Scarred),ok,,best_deal,2026-04-17T00:42:53.838513+00:00,30.57,,50,True,8,0.015888646186341,0.0119442334447933,31.52,32.045,1/1,32.5775,32.67,30.295,30.999,34.1897,35.244,27.39,36.06,386,9.794183101834095,15.191466502954489,7.290307727726192,0.9273033363942454,7.72,-0.0382041013922695,-0.0390598734680155,-0.0500060430263474,0.00316182039592,-0.0176027240301288,0.1499952291593779,0.023218091027639,7,3,2026-06-21T22:53:54.253871+00:00,True,True,True,True,True,True
AK-47 | Head Shot (Field-Tested),ok,,best_deal,2026-04-17T00:43:04.173804+00:00,38.2,,50,True,8,0.1045992493315871,0.1054232105248981,44.43,49.61375,1/1,42.9017,42.7405,40.9728,41.678,43.624,45.151,36.426,50.613,532,4.535950789828854,9.739008011337557,4.120349543258188,0.9586411015313344,10.64,0.0847148135052826,-0.0013807952444474,-0.0638027118346571,-0.0028039374398226,-0.0053581326381615,0.0981251464729319,0.0299742207640028,7,3,2026-06-21T21:21:31.938533+00:00,True,True,True,True,True,True
AK-47 | Head Shot (Minimal Wear),ok,,best_deal,2026-04-17T00:43:08.161862+00:00,61.5,,50,True,8,0.0009317828764237,0.0006405124099279,62.58875,62.6475,1/1,65.5202,63.255,60.368,61.458,65.401,73.4306,53.981,99.046,239,6.0179913980726525,19.93675232981584,4.406274706121166,0.9543593391826732,4.78,-0.0278924074163773,0.0044706752649437,-0.0050099162889981,0.0022782329722578,,0.0631514064776421,0.0082451449704615,7,3,2026-06-22T00:12:24.946490+00:00,True,True,True,True,True,True
AK-47 | Head Shot (Well-Worn),ok,,best_deal,2026-04-17T00:43:11.435001+00:00,35.26,,50,True,8,0.0031646574643399,0.0004230472552442,34.96875,35.08,1/1,35.9466,35.994,33.599,35.318,36.9785,37.935,22.999,40.134,371,4.619352038857636,12.06233691086224,6.6626607245191565,0.9334611324109572,7.42,-0.0449557079508586,-0.0206270627062706,-0.0564887923268506,0.0010145847704911,-0.0047132475769805,0.0784049424319012,0.0067396798652064,7,3,2026-06-21T23:59:56.179692+00:00,True,True,True,True,True,True
AK-47 | Ice Coaled (Battle-Scarred),ok,,best_deal,2026-04-17T00:44:09.512204+00:00,4.41,,50,True,8,0.0141060214206922,0.0033860045146726,4.48,4.5425,1/1,4.8494,4.841,4.643,4.732,4.978,5.048,4.393,5.226,1578,5.07279251041365,8.351548645193224,4.082979337650026,0.9590993596364388,31.56,0.0035299159685352,0.004339739615623,0.0091362126245848,-0.0003487533406787,-0.0043520585471176,0.0401234567901235,0.0168724279835392,7,3,2026-06-21T23:00:50.048751+00:00,True,True,True,True,True,True
AK-47 | Ice Coaled (Factory New),ok,,best_deal,2026-04-17T00:44:16.243740+00:00,21.59,,50,True,8,0.0190018903542292,0.0163524877842249,21.6125,22.03125,1/1,21.1406,20.94,20.224,20.53,21.252,21.7698,17.79,40.108,409,3.415229463685977,7.311996821282271,3.386848055400514,0.9658070678127983,8.18,0.0043902634242489,-0.0300481904941887,-0.0256288561936401,-0.0033561011930191,0.001810230794097,0.0642961519727228,0.0230881636629323,7,3,2026-06-21T22:43:18.098848+00:00,True,True,True,True,True,True
AK-47 | Ice Coaled (Field-Tested),ok,,best_deal,2026-04-17T00:44:20.954256+00:00,4.81,,50,True,8,0.0022761518077925,0.0,5.0425,5.05375,1/1,5.1515,5.135,5.01,5.06,5.219,5.275,4.904,5.759,5385,3.0864796661166785,5.144132776861119,2.4264777249344847,0.9756572541382668,107.7,0.0187359654401735,0.0045400710619818,-0.0260287081339711,-0.0031869911657744,,0.046767537826685,0.0045195519748478,7,3,2026-06-22T00:04:50.788019+00:00,True,True,True,True,True,True
AK-47 | Ice Coaled (Minimal Wear),ok,,best_deal,2026-04-17T00:44:26.739444+00:00,8.73,,50,True,8,0.0001467136150234,0.0,9.1675,9.16875,1/1,9.7789,9.732,9.4884,9.589,9.93,10.109,9.325,11.037,1775,3.487099776048424,6.3463170704271405,2.491077728578868,0.9749691738594328,35.5,0.0064817936183642,0.1147320504862403,0.0674658212799683,0.0109858223420201,0.0312329717005677,0.1136890951276101,0.1136890951276101,7,3,2026-06-22T00:19:16.251837+00:00,True,True,True,True,True,True
AK-47 | Inheritance (Battle-Scarred),ok,,best_deal,2026-04-17T00:44:41.463132+00:00,42.75,,50,True,8,0.0042440428190542,0.0,42.935,43.1175,1/1,42.6568,42.237,40.967,41.364,43.636,44.727,38.176,51.014,421,5.326231691078576,8.814538361996208,2.977250989291281,0.969931576579776,8.42,-0.006047449018001,0.0304433991547479,-0.0290458298647828,-0.0033292886275224,-0.0085916822230298,0.078621744369265,0.0415237742144777,7,3,2026-06-21T23:51:03.574583+00:00,True,True,True,True,True,True
AK-47 | Inheritance (Factory New),ok,,best_deal,2026-04-17T00:44:46.153117+00:00,165.58,,50,True,8,0.0070651826723993,0.0,174.61875,176.3925,1/1,159.9498,158.338,151.2904,156.4505,160.44,170.0038,139.429,209.71,83,2.4942200615443046,11.699545732473569,4.406132424048038,0.9554901539744092,1.66,-0.0284985088354597,0.0031315834424643,-0.0178392239937562,-0.001766335937508,-0.0078181444525537,0.0322649815214237,0.0077572179967458,7,3,2026-06-21T23:34:49.501048+00:00,True,True,True,True,True,True
AK-47 | Inheritance (Field-Tested),ok,,best_deal,2026-04-17T00:44:49.931467+00:00,50.33,,50,True,8,0.0096589429144261,0.0083638601370869,50.2475,50.7375,1/1,52.1206,51.899,50.975,51.372,52.7,53.604,50.011,58.004,1196,2.5479369001891823,5.04407086641366,1.772811517902709,0.9821961887512284,23.92,0.0198617884951416,0.0045096705219165,0.001007263922518,-0.0027224029740377,-0.0004145655351374,0.0329353484141881,0.0136811347407937,7,3,2026-06-21T23:20:17.622991+00:00,True,True,True,True,True,True
AK-47 | Inheritance (Minimal Wear),ok,,best_deal,2026-04-17T00:44:52.875211+00:00,79.86,,50,True,8,-0.0220255976749108,-0.0269435881081464,84.91375,83.07875,1/1,80.8539,80.302,78.5275,79.518,81.5927,84.631,70.852,91.515,366,2.56598630369097,7.548800985481216,2.19469932804726,0.9779021693108516,7.32,-0.0255701244295689,0.0162952073652342,0.0042965479883783,0.0023720350120527,0.0064150775955578,0.0278632457678021,0.0248109148411929,7,3,2026-06-22T03:05:59.530442+00:00,True,True,True,True,True,True
AK-47 | Inheritance (Well-Worn),ok,,best_deal,2026-04-17T00:44:57.536798+00:00,49.19,,50,True,8,-0.0322674356012346,-0.0298479434076981,50.81,49.225,1/1,49.6142,50.179,47.0156,48.161,51.171,52.0088,42.673,55.722,73,6.066811517670341,10.064054242535407,6.375997194351624,0.9369576914645568,1.46,-0.0882087054026832,-0.0165374777905773,-0.0025347538516377,0.0031363756844759,0.0002915224462023,0.06701409569188,0.0280722652372442,7,3,2026-06-22T04:18:14.544240+00:00,True,True,True,True,True,True
AK-47 | Legion of Anubis (Battle-Scarred),ok,,best_deal,2026-04-17T00:48:04.672936+00:00,34.55,,34,False,8,-0.0177639706175999,-0.0140660430778151,34.93125,34.32,1/1->1/1,41.5167,41.998,39.229,40.385,43.345,43.482,30.101,43.672,149,7.129661076145265,10.244070458393852,6.66960524319129,0.9340682889661412,4.382352941176471,-0.0698405795957493,-0.0094055506648749,0.0027907413053165,-0.0022448325194496,0.0159344366922515,0.114289055191768,0.0942937324602432,7,3,2026-06-22T02:32:37.204145+00:00,True,True,True,True,True,True
AK-47 | Legion of Anubis (Factory New),ok,,best_deal,2026-04-17T00:48:07.757038+00:00,69.41,,50,True,8,-0.0308564758088577,-0.0355982742177146,71.46125,69.3325,1/1,71.5361,71.962,67.583,68.507,74.076,74.984,60.018,91.611,97,7.784880640683498,10.345825394451188,6.121384867220892,0.9391484394541564,1.94,-0.0827033778728234,0.1322944297082229,0.0872410572786961,0.0038592066215773,0.0176053095565071,0.1185228566780543,0.1185228566780543,7,3,2026-06-22T04:08:22.989473+00:00,True,True,True,True,True,True
AK-47 | Legion of Anubis (Field-Tested),ok,,best_deal,2026-04-17T00:48:11.409507+00:00,37.61,,50,True,8,0.019111787336813,0.0170875381552053,39.05875,39.83125,1/1,43.344,43.275,42.1566,42.743,44.06,44.553,37.203,57.121,617,3.038482834994463,5.528792912513842,2.580287929125141,0.974155979202773,12.34,0.0158120246371721,0.0243742074860282,0.0100953968695007,-0.0006327461044448,0.0079675669271048,0.0555313588850174,0.0374335228314689,7,3,2026-06-21T22:42:40.524815+00:00,True,True,True,True,True,True
AK-47 | Legion of Anubis (Minimal Wear),ok,,best_deal,2026-04-17T00:48:14.492066+00:00,42.34,,50,True,8,0.0060105873796876,0.0049492998551424,43.47875,43.7775,1/1,47.5813,47.787,44.715,45.7977,49.164,50.08,40.954,57.616,406,7.074838224260377,11.275438039734087,6.456317923217727,0.935714734132714,8.12,-0.0393526950859213,-0.01960990153058,-0.0076084415446411,-0.0005488203197283,0.0015366371295986,0.0881464824927722,0.0232144769247243,7,3,2026-06-21T23:40:03.947150+00:00,True,True,True,True,True,True
AK-47 | Midnight Laminate (Battle-Scarred),ok,,best_deal,2026-04-17T00:48:28.790541+00:00,3.34,,50,True,8,-0.0042854874585897,-0.0023990895469466,3.75375,3.73875,1/1,3.0727,3.025,2.928,2.947,3.14,3.32,2.849,3.711,1198,6.281120838350637,12.757509682038595,3.156832752953428,0.9679338842975208,23.96,-0.0079089233679162,0.0814332247557003,0.0391236306729263,0.0141850810579455,0.0204845894297058,0.1141566265060241,0.1141566265060241,7,3,2026-06-22T00:52:53.398695+00:00,True,True,True,True,True,True
AK-47 | Midnight Laminate (Field-Tested),ok,,best_deal,2026-04-17T00:48:38.092301+00:00,5.02,,50,True,8,0.0932705741501139,0.0954106280193235,7.69375,8.48375,1/1,4.2719,4.24,4.081,4.104,4.42,4.57,3.979,4.802,3991,7.397176900208335,11.446897165195812,3.721997237763052,0.9625,79.82,0.0942009786946159,0.0589934986756561,-0.0136801973536667,0.0006193634385436,-0.012747074934001,0.1139154160982263,0.0684402000909502,7,3,2026-06-21T21:25:30.181731+00:00,True,True,True,True,True,True
AK-47 | Midnight Laminate (Minimal Wear),ok,,best_deal,2026-04-17T00:48:42.761738+00:00,12.32,,50,True,8,0.0099097389718679,0.0079233524547849,16.48375,16.64375,1/1,12.577,12.501,12.071,12.18,12.758,13.08,11.844,30.101,1524,4.595690546235186,8.022580901645865,3.4189393337043787,0.9656027517798575,30.48,0.0056810401085646,0.0133935775375182,-0.0486289956067261,-0.0050532997765871,-0.0201839336913958,0.1257165605095541,0.0302547770700637,7,3,2026-06-21T23:18:29.383219+00:00,True,True,True,True,True,True
AK-47 | Neon Revolution (Field-Tested),ok,,best_deal,2026-04-17T00:49:13.490078+00:00,114.72,,50,True,8,0.0131968473368416,0.0132918035646088,119.71875,121.33125,1/1,135.7533,137.824,126.501,132.473,141.831,142.991,102.246,144.361,101,6.893386753765821,12.147034363068896,8.340865378594854,0.917844497329928,2.02,-0.0606116675899639,-0.0314422090642138,-0.0746152485405978,-0.0140312270479912,-0.0139796709400342,0.0955344853953203,0.0065988683284905,7,3,2026-06-21T23:05:28.774138+00:00,True,True,True,True,True,True
AK-47 | Neon Rider (Battle-Scarred),ok,,best_deal,2026-04-17T00:49:40.644152+00:00,45.22,,35,False,8,-0.0454824707091861,-0.0583875050446484,46.85875,44.83375,1/1->1/1,52.0931,53.457,47.9966,51.18,54.864,56.1798,28.799,57.488,55,7.071953867210816,15.70879828614538,10.482002414907155,0.8978543502254148,1.5714285714285714,-0.1420990055564767,-0.0641114727718246,-0.0155988536477467,-0.0045638976613692,,0.1110394685423993,0.0371238765142633,7,3,2026-06-22T05:46:35.604979+00:00,True,True,True,True,True,True
AK-47 | Neon Rider (Field-Tested),ok,,best_deal,2026-04-17T00:49:49.706101+00:00,46.48,,50,True,8,-0.0109130522871242,-0.0072691569850912,46.975,46.46375,1/1,58.6693,57.84,55.001,56.197,60.178,62.797,53.706,81.429,207,6.78549087853442,13.288039911844866,4.83898734090914,0.9509163208852004,4.14,-0.04508366331631,0.00283540802213,-0.0020817204301075,0.0020695976846971,,0.08887318115992,0.0431694365905799,7,3,2026-06-22T01:36:17.282738+00:00,True,True,True,True,True,True
AK-47 | Neon Rider (Minimal Wear),ok,,best_deal,2026-04-17T00:49:54.420543+00:00,80.41,,50,True,8,-0.030731113713108,-0.0408174239002208,82.26375,79.81125,1/1,97.7538,96.257,90.59,92.793,99.878,106.286,83.523,150.026,61,7.247800085520965,16.05666480484646,5.797217090281914,0.9411263596413768,1.22,-0.0817762251269143,0.0701198540906722,0.092551606724835,0.0058771933250432,0.025849628131527,0.1184090067979509,0.1184090067979509,7,3,2026-06-22T04:07:27.419115+00:00,True,True,True,True,True,True
AK-47 | Nightwish (Battle-Scarred),ok,,best_deal,2026-04-17T00:50:07.218811+00:00,68.49,,50,True,8,0.1099342780933476,0.0866780334061452,80.7325,91.25625,1/1,74.3853,74.754,69.8018,72.411,78.198,79.1702,50.013,80.992,303,7.779762937031903,12.594423898270216,6.657498188486172,0.9337533777456724,6.06,0.0603353902295219,-0.0094380826292872,-0.0477405725982101,-0.0062926494996085,-0.0104631984692176,0.066434265006786,0.0,7,3,2026-06-21T21:19:28.956877+00:00,True,True,True,True,True,True
AK-47 | Nightwish (Factory New),ok,,best_deal,2026-04-17T00:50:11.301029+00:00,143.47,,50,True,8,-0.002504707722277,-0.0001787629603147,140.14625,139.79625,1/1,151.1458,148.58,135.6711,142.842,151.7875,178.529,116.651,178.529,52,5.918457542320052,28.355336370577284,8.540693820139241,0.9131181854892986,1.04,-0.0817190425751514,0.0459651496028949,0.0214114755158807,0.0080934163682749,,0.2595380153994866,0.0693843538548714,7,3,2026-06-22T00:41:17.603012+00:00,True,True,True,True,True,True
AK-47 | Nightwish (Field-Tested),ok,,best_deal,2026-04-17T00:50:16.507766+00:00,71.97,,50,True,8,0.0219910508804979,0.0209802208469846,78.08624999999999,79.86125,1/1,79.5691,79.616,75.819,77.594,81.619,83.758,58.042,85.407,657,5.058496325835036,9.977491262311617,4.771952931477165,0.9523085811897106,13.14,-0.0027194902450561,0.0113894634694451,-0.0096893167468901,-0.0027389104050547,-0.0036667964677885,0.0297689685645752,0.0112612043933846,7,3,2026-06-21T22:32:25.874173+00:00,True,True,True,True,True,True
AK-47 | Nightwish (Minimal Wear),ok,,best_deal,2026-04-17T00:50:21.071586+00:00,79.49,,50,True,8,-0.0083434786288267,-6.395497569700037e-05,78.89375,78.2425,1/1,90.0494,91.013,84.508,87.3962,92.9492,94.751,70.938,103.764,366,6.166615213427309,11.37486757268789,7.223812707247365,0.9285266939887707,7.32,-0.0621791391754858,-0.0009317212728408,-0.0047825992007162,0.0054218402091727,0.0140016895033332,0.0912566927060475,0.0629114368471869,7,3,2026-06-22T01:21:30.486558+00:00,True,True,True,True,True,True
AK-47 | Nightwish (Well-Worn),ok,,best_deal,2026-04-17T00:50:25.183636+00:00,69.73,,50,True,8,0.0052151811853216,0.0058062381036559,69.33875,69.7025,1/1,75.2416,75.356,71.6968,73.27,77.477,78.759,64.494,80.268,418,5.591321821970835,9.386031131714375,4.863267128822351,0.9514411592972026,8.36,-0.0239919731281398,-0.0041122856218316,-0.0269148683898506,-0.0043835320916882,-0.0064506007452392,0.0777791316355956,0.0182770805410015,7,3,2026-06-21T23:43:41.334720+00:00,True,True,True,True,True,True
AK-47 | Nouveau Rouge (Field-Tested),ok,,best_deal,2026-04-17T00:50:36.186748+00:00,15.76,,50,True,8,-0.0171427382581651,-0.0028256746364777,16.2475,15.97625,1/1,14.0415,13.916,13.5908,13.742,14.11,14.714,12.956,28.158,783,2.6208026208026105,7.999145390449744,2.315991881209277,0.9766312158666284,15.66,-0.0158691571288424,-0.0046376811594203,-0.0317896665961795,-0.0052737297336185,-0.0213079982168248,0.077897495631916,0.0,7,3,2026-06-22T02:28:42.543660+00:00,True,True,True,True,True,True
AK-47 | Nouveau Rouge (Minimal Wear),ok,,best_deal,2026-04-17T00:50:41.239315+00:00,44.83,,50,True,8,-0.0230471873147235,-0.0281433437920215,46.65375,45.59625,1/1,36.7854,36.644,35.059,35.7715,37.536,38.816,27.379,48.01,251,4.796740010982613,10.21329114268162,4.308774676909863,0.9567459884292108,5.02,-0.0505430042586656,-0.0094453862920803,-0.0369672710148338,0.0028581548753795,0.0015738383996624,0.0638956805215973,0.0255093724531377,7,3,2026-06-22T03:11:30.026569+00:00,True,True,True,True,True,True
AK-47 | Nouveau Rouge (Well-Worn),ok,,best_deal,2026-04-17T00:50:44.751476+00:00,10.92,,50,True,8,0.0420901888195495,0.0422660641045116,10.9,11.38,1/1,9.3805,9.41,8.914,9.22,9.511,9.6613,7.176,12.145,1038,3.102180054368089,7.966526304567997,5.287564628751137,0.947290116896918,20.76,0.0159677203525609,-0.0440800681431005,-0.0672207792207792,-0.0111379517949578,-0.0380755202741597,0.1048117620850969,0.0,7,3,2026-06-21T22:01:48.533744+00:00,True,True,True,True,True,True
AK-47 | Orbit Mk01 (Field-Tested),ok,,best_deal,2026-04-17T00:51:39.621019+00:00,31.54,,50,True,8,-0.0372118417922976,-0.0402697219891616,32.80375,31.6275,1/1,34.2545,33.5025,31.522,32.656,34.9483,38.389,29.923,40.494,92,6.691967478725436,20.047001123939932,5.781722109503859,0.9408850085814492,1.84,-0.0859626960863954,0.0118950385363607,-0.0484170541986118,-0.0233272202468308,-0.013897469785464,0.1656882888171412,0.0267097152920458,7,3,2026-06-22T04:51:54.949038+00:00,True,True,True,True,True,True
AK-47 | Phantom Disruptor (Field-Tested),ok,,best_deal,2026-04-17T00:53:09.673881+00:00,6.08,,50,True,8,0.004534959701107,0.0,6.20375,6.2325,1/1,6.3561,6.33,6.15,6.212,6.456,6.587,6.02,7.094,2564,3.838831988168856,6.875285159138455,2.831925237173734,0.971563981042654,51.28,0.0105824189075397,-0.0072291070861136,-0.0606584485868911,-0.0041456622320708,-0.0208967853200701,0.0811394734736336,0.0044010562535008,7,3,2026-06-21T23:49:21.469930+00:00,True,True,True,True,True,True
AK-47 | Phantom Disruptor (Minimal Wear),ok,,best_deal,2026-04-17T00:53:14.627007+00:00,8.94,,50,True,8,-0.014763336412177,-0.0121232037761779,9.14125,9.00875,1/1,10.0957,9.945,9.5456,9.616,10.463,10.985,8.707,12.225,659,8.38971047079449,14.25755519676693,3.956139742662717,0.9598391151332328,13.18,-0.0312912092218632,0.0161085619447427,0.0064790639203173,0.0118006625209577,0.0201209331904299,0.0780169100691776,0.0780169100691776,7,3,2026-06-22T02:09:56.021170+00:00,True,True,True,True,True,True
AK-47 | Point Disarray (Battle-Scarred),ok,,best_deal,2026-04-17T00:53:35.561769+00:00,14.83,,39,False,8,-0.0124023651302992,-0.0134545314548242,14.71,14.53,1/1->1/1,15.5511,15.6865,15.059,15.359,15.811,15.942,11.761,16.772,176,2.906546803763078,5.678054928590266,4.035084334870211,0.9599974500366556,4.512820512820513,-0.0379257314212191,0.013077171456248,-0.0491847990787319,-0.0039185815235441,,0.0834422310756971,0.0317131474103586,7,3,2026-06-22T01:50:04.430610+00:00,True,True,True,True,True,True
AK-47 | Point Disarray (Field-Tested),ok,,best_deal,2026-04-17T00:53:43.155061+00:00,14.82,,50,True,8,0.0008677436012072,0.0,15.38375,15.4075,1/1,16.2735,16.181,15.923,16.058,16.324,16.675,14.282,21.263,759,1.6345592527729242,4.621009616861774,1.5853995759977937,0.9840553735863048,15.18,0.0091933181867543,0.0596393034825872,0.0383302864107253,0.006864950769719,0.0139640478229117,0.05628264569517,0.05628264569517,7,3,2026-06-22T00:13:14.471820+00:00,True,True,True,True,True,True
AK-47 | Point Disarray (Minimal Wear),ok,,best_deal,2026-04-17T00:53:47.779983+00:00,24.24,,50,True,8,-0.0049042599302665,-0.0056550228772498,24.08875,23.97125,1/1,26.973,26.759,25.7735,26.003,27.5305,28.3317,22.076,37.885,224,5.6630704778852925,9.484299113928754,3.653653653653661,0.9631712694794274,4.48,-0.0266651852971157,0.0152208171580121,-0.008130081300813,-0.0070929661077677,-0.0085800864440669,0.0601219096656949,0.0161284216105706,7,3,2026-06-22T00:57:11.182295+00:00,True,True,True,True,True,True
AK-47 | Rat Rod (Field-Tested),ok,,best_deal,2026-04-17T01:40:17.504423+00:00,4.73,,50,True,8,0.0035391955032279,0.0021097046413502,5.06375,5.08,1/1,5.3791,5.328,5.186,5.242,5.501,5.62,4.922,6.225,681,4.814931865925533,8.0682642077671,2.639846814522882,0.9733483483483484,13.62,0.0004396748104359,-0.0168728908886388,-0.0692225772097977,-0.0103148968398751,-0.0342567773423334,0.0888634630053393,0.0001906941266207,7,3,2026-06-21T23:56:54.306634+00:00,True,True,True,True,True,True
AK-47 | Rat Rod (Minimal Wear),ok,,best_deal,2026-04-17T01:40:21.015261+00:00,10.62,,50,True,8,0.0002297498606964,-0.0027764090843966,10.77125,10.7725,1/1,12.0458,11.904,11.316,11.639,12.558,12.9175,10.715,14.64,120,7.629215162131203,13.29509040495442,4.881369439970771,0.9506048387096776,2.4,-0.0379543661981662,-0.0775248376750371,-0.0515563419930829,-0.0052979835896363,,0.1338619402985074,0.0055546132971506,7,3,2026-06-22T00:17:56.728631+00:00,True,True,True,True,True,True
AK-47 | Redline (Battle-Scarred),ok,,best_deal,2026-04-17T01:41:12.248005+00:00,30.45,,50,True,8,-0.0265922175445679,-0.0293359599728754,31.32,30.5125,1/1,28.9217,29.032,27.8722,28.346,29.474,30.283,24.429,31.13,107,3.900185673732872,8.335609594180154,4.010137716662577,0.9600509782309176,2.14,-0.0567550017497293,0.0357967257359992,-0.0139288008384326,-0.0027459171883481,,0.0586793293790928,0.0345596050330854,7,3,2026-06-22T03:39:21.646699+00:00,True,True,True,True,True,True
AK-47 | Redline (Field-Tested),ok,,best_deal,2026-04-17T01:41:17.496518+00:00,32.94,,50,True,8,0.0048669361101827,0.0029011830428964,32.6075,32.7675,1/1,39.2028,37.5325,36.8557,37.019,39.245,42.857,35.598,118.745,622,5.678165845296761,15.3083453222729,1.726407297437938,0.981967628055685,12.44,0.0101708485101594,0.0168528789218442,0.0116217080712228,-0.0011886169990824,-0.0033633179684408,0.0407620151770656,0.0271131956155142,7,3,2026-06-21T23:45:44.731305+00:00,True,True,True,True,True,True
AK-47 | Safety Net (Field-Tested),ok,,best_deal,2026-04-17T01:42:11.228781+00:00,3.07,,50,True,8,0.0152592946955583,0.0119807588563207,3.18875,3.23875,1/1,3.5978,3.56,3.455,3.495,3.665,3.807,3.306,4.269,1955,4.725109789315691,9.783756740230135,2.918450163989104,0.970505617977528,39.1,0.0181376805080709,0.021816626265507,-0.0674128058302967,-0.002510174037603,-0.0241710142329113,0.1895060005581914,0.0279095729835333,7,3,2026-06-21T22:55:53.402559+00:00,True,True,True,True,True,True
AK-47 | Searing Rage (Battle-Scarred),ok,,best_deal,2026-04-17T01:42:30.983310+00:00,4.67,,50,True,8,0.0122819576473011,0.0010799136069113,4.72125,4.7875,1/1,5.0052,4.99,4.728,4.816,5.104,5.298,4.377,5.731,1546,5.75401582354352,11.388156317429878,5.234556061695845,0.9474949899799598,30.92,-0.0099823453160835,-0.0133831922849834,-0.0007972892166634,-0.0008823910192084,0.0015371874022602,0.0494713744264911,0.0359066427289047,7,3,2026-06-21T23:08:32.557703+00:00,True,True,True,True,True,True
AK-47 | Searing Rage (Factory New),ok,,best_deal,2026-04-17T01:42:34.554287+00:00,48.01,,50,True,8,0.007604993405604,0.0021052631578947,46.5075,46.86375,1/1,35.3354,35.434,33.25,34.441,36.612,37.84,5.328,60.12,131,6.143980257758506,12.98980625661519,6.180770558703163,0.9383642828921376,2.62,-0.0430285407707643,-0.0270721357850068,-0.0765988294044998,-0.0094112538159516,-0.0531862544701331,0.1602215567121216,0.0072398453173611,7,3,2026-06-21T23:32:42.723382+00:00,True,True,True,True,True,True
AK-47 | Searing Rage (Field-Tested),ok,,best_deal,2026-04-17T01:42:40.243803+00:00,5.53,,50,True,8,0.0141421665434247,0.0129162283523808,6.54,6.635,1/1,5.6204,5.604,5.458,5.514,5.715,5.814,5.322,6.12,3824,3.5762579175859304,6.33406874955519,2.5976798804355545,0.9739471805852964,76.48,0.0259491599800106,0.0061460592913955,-0.0233374276188804,-0.0041706950510485,-0.0092615083079021,0.0416816385195832,0.0093424362199065,7,3,2026-06-21T23:00:24.439780+00:00,True,True,True,True,True,True
AK-47 | Searing Rage (Minimal Wear),ok,,best_deal,2026-04-17T01:42:44.477653+00:00,8.68,,50,True,8,-0.0189580885639199,-0.0242316784869975,10.52125,10.33375,1/1,9.1875,9.123,8.7503,8.934,9.4497,9.728,8.577,10.188,1170,5.613061224489804,10.64163265306123,4.056598639455783,0.9591472103474734,23.4,-0.0317762784317031,0.0025870432251806,-0.0308429717620088,-0.002521036909339,-0.0051878792956799,0.0819266745511235,0.0497795935920869,7,3,2026-06-22T02:43:33.717589+00:00,True,True,True,True,True,True
AK-47 | Searing Rage (Well-Worn),ok,,best_deal,2026-04-17T01:42:50.082831+00:00,5.01,,50,True,8,0.0183246494799195,0.0121212121212122,4.90375,4.995,1/1,5.1203,5.065,4.982,5.017,5.173,5.326,4.826,5.679,1886,3.046696482627965,6.7183563463078215,1.620998769603347,0.9836130306021718,37.72,0.0338733687566131,-0.0100611560465575,-0.0220229974663809,-0.0021781958035073,-0.0070201445785216,0.0334794738939815,0.0001992825827021,7,3,2026-06-21T22:44:23.303476+00:00,True,True,True,True,True,True
AK-47 | Slate (Battle-Scarred),ok,,best_deal,2026-04-17T01:42:54.010609+00:00,4.16,,50,True,8,0.0029289446603713,0.0024009638443091,4.3375,4.35,1/1,4.4648,4.451,4.275,4.344,4.559,4.772,4.144,4.878,2210,4.815445260705963,11.131517649166812,3.941945887833705,0.9604583239721411,44.2,-0.0033877455217381,-0.0026857654431512,-0.0185022026431717,-0.0001981891970679,,0.0700179533213645,0.0181777378815081,7,3,2026-06-22T00:01:36.157612+00:00,True,True,True,True,True,True
AK-47 | Slate (Factory New),ok,,best_deal,2026-04-17T01:42:58.587749+00:00,19.8,,50,True,8,0.0031166851361502,0.0009722377284061,21.69,21.76125,1/1,24.4579,23.04,22.004,22.6675,24.462,26.53,19.208,96.548,347,7.337097624898292,18.505268236438944,4.235850175199007,0.9550347222222224,6.94,-0.0212454065672979,0.0373921380632789,0.0218940499699491,0.0011665049863158,,0.1185304990757854,0.1185304990757854,7,3,2026-06-22T00:00:06.914498+00:00,True,True,True,True,True,True
AK-47 | Slate (Field-Tested),ok,,best_deal,2026-04-17T01:43:03.926132+00:00,5.14,,50,True,8,0.0100666001755799,0.0077881208018194,5.16,5.2125,1/1,5.3392,5.304,5.212,5.244,5.38,5.51,5.121,5.981,4885,2.5471980821096816,5.58136050344621,1.7231045849565578,0.9826546003016592,97.7,0.032721897379407,0.0140764694692792,-0.0212961263080594,-0.0038948373500748,-0.0136236269117656,0.0620896642280997,0.0189457887825923,7,3,2026-06-21T23:18:04.464823+00:00,True,True,True,True,True,True
AK-47 | Slate (Minimal Wear),ok,,best_deal,2026-04-17T01:43:08.326492+00:00,7.37,,50,True,8,0.007407549268396,0.0040650406504065,8.20625,8.28625,1/1,8.8892,8.837,8.317,8.563,9.161,9.556,8.027,10.24,1977,6.727264545740887,13.938262160824358,5.849795257165994,0.9411565010750256,39.54,-0.0189327284161241,0.0037861404313905,0.0037861404313905,-0.0046804656613761,-0.0113838208347393,0.067893473539833,0.0163447251114413,7,3,2026-06-21T23:33:36.985351+00:00,True,True,True,True,True,True
AK-47 | Slate (Well-Worn),ok,,best_deal,2026-04-17T01:43:13.806924+00:00,4.2,,50,True,8,0.0017786583512512,0.0,4.23125,4.23875,1/1,4.6008,4.568,4.42,4.462,4.695,4.83,4.299,5.289,2840,5.064336637106603,8.911493653277695,3.216831855329501,0.9676007005253942,56.8,0.0048488965663667,0.0088888888888889,-0.041385135135135,-0.0065242096476028,,0.0709251101321586,0.0088105726872246,7,3,2026-06-22T00:07:20.996338+00:00,True,True,True,True,True,True
AK-47 | The Empress (Field-Tested),ok,,best_deal,2026-04-17T01:43:52.926485+00:00,100.82,,50,True,8,0.0251951972145971,0.0238077792235512,111.8225,114.7175,1/1,120.9262,120.65,117.768,119.482,122.37,126.1366,105.549,128.206,125,2.3882334845550472,6.920419230902816,2.3832717806397663,0.9761127227517612,2.5,0.0122438402952049,-0.0084344000129884,0.0318735533140723,0.0006191794996938,0.0082997348066555,0.1013614742891761,0.0928553300531326,7,3,2026-06-21T22:25:00.362081+00:00,True,True,True,True,True,True
AK-47 | The Empress (Minimal Wear),ok,,best_deal,2026-04-17T01:43:56.922666+00:00,105.0,,50,True,8,-0.0137612795089804,-0.0185792054146329,103.6375,102.22875,1/1,132.2511,131.117,123.8602,128.07,136.338,138.297,112.446,166.23,85,6.251743841828159,10.916204099625627,5.48713772513044,0.9446540113028824,1.7,-0.060005381477105,0.0913140822361635,0.1167524201241732,0.0153622955057974,0.0470364499643178,0.1182562300006302,0.1182562300006302,7,3,2026-06-22T02:01:50.327673+00:00,True,True,True,True,True,True
AK-47 | The Empress (Well-Worn),ok,,best_deal,2026-04-17T01:44:02.703688+00:00,98.34,,50,True,8,-0.0036813714176959,-0.0063256703675151,98.78875,98.44125,1/1,116.0644,116.525,110.2258,114.547,119.536,120.403,103.494,122.038,57,4.298475673850039,8.76858020202577,5.42733172273324,0.9459412143316884,1.14,-0.0513464131780444,-0.0348579354335024,0.0011544558549865,-0.0021730085035,,0.0956663167134227,0.0595494208560659,7,3,2026-06-22T00:49:34.849827+00:00,True,True,True,True,True,True
AK-47 | The Oligarch (Battle-Scarred),ok,,best_deal,2026-04-17T01:44:06.252963+00:00,46.01,,50,True,8,-0.0061878720429461,-0.0176233808521152,49.46,49.16625,1/1,40.1691,40.043,38.324,39.273,41.233,42.108,30.101,46.922,141,4.879372452955116,9.420176205092968,4.279408799300958,0.957071148515346,2.82,-0.0373406927777215,-0.0211831124202259,-0.0410494420931129,-0.0061539953410723,,0.058542518243599,0.0130150211901597,7,3,2026-06-22T01:04:05.278207+00:00,True,True,True,True,True,True
AK-47 | The Oligarch (Field-Tested),ok,,best_deal,2026-04-17T01:44:14.253627+00:00,95.77,,50,True,8,0.0080556675035951,0.0064681907546869,99.8975,100.6925,1/1,76.2598,75.063,72.6806,73.917,76.8,79.479,63.848,104.938,137,3.78049771963734,8.914788656671014,3.1240574981838454,0.9682613271518592,2.74,-0.0117274754342337,-0.0088085180101544,-0.0268091954624554,-0.0065438391895131,-0.0218174975555385,0.0752621672492605,0.0028300618445818,7,3,2026-06-21T23:29:35.689569+00:00,True,True,True,True,True,True
AK-47 | The Oligarch (Minimal Wear),ok,,best_deal,2026-04-17T01:44:20.386897+00:00,134.47,,50,True,8,-0.0136769863741484,-0.015390136709792,135.16125,133.34375,1/1,145.0598,141.7925,137.006,137.8575,147.1672,158.1792,121.606,210.109,52,6.4178359545511725,14.596187227612342,3.299673651831858,0.9662429254015552,1.04,-0.040481119543949,-0.0411114221724523,-0.045121271257318,-0.0040105371695592,,0.0827263039574909,0.0132475949958395,7,3,2026-06-22T02:00:34.973427+00:00,True,True,True,True,True,True
AK-47 | The Oligarch (Well-Worn),ok,,best_deal,2026-04-17T01:44:26.533529+00:00,54.33,,50,True,8,0.0109316256373978,0.0125660522493597,54.19875,54.79875,1/1,51.3404,50.316,47.8237,48.519,52.3455,53.9477,45.151,113.833,98,7.453194755007757,11.92822806211092,4.854461593598804,0.9504670482550284,1.96,-0.0281871560774114,0.0156015093738488,0.0496388220040748,0.0036046808113994,0.0140537699554239,0.07840715252044,0.0484873438817324,7,3,2026-06-21T23:14:09.117260+00:00,True,True,True,True,True,True
AK-47 | The Outsiders (Battle-Scarred),ok,,best_deal,2026-04-17T01:44:31.168923+00:00,8.37,,50,True,8,-0.02869657349581,-0.0290540471375154,8.870000000000001,8.625,1/1,7.7927,7.826,7.625,7.739,7.861,7.9,7.185,9.03,538,1.5655677749688797,3.5289437550528104,2.579337071874955,0.9743163812931256,10.76,-0.0330817977797571,-0.0122872136183282,-0.0311362209667294,-0.0024790280855568,-0.0158404893247026,0.0469094207593624,0.0,7,3,2026-06-22T03:52:56.962681+00:00,True,True,True,True,True,True
AK-47 | The Outsiders (Field-Tested),ok,,best_deal,2026-04-17T01:44:39.049248+00:00,8.83,,50,True,8,-0.0148721311861879,-0.0169004690537286,8.715,8.5875,1/1,8.815,8.725,8.559,8.616,8.924,9.173,7.8,12.318,965,3.494044242768007,6.965399886557014,1.883153715258087,0.980974212034384,19.3,-0.0075537475805045,0.050779915746328,0.0269277845777233,0.0038616563506067,0.0082162830682073,0.0642539820132192,0.0642539820132192,7,3,2026-06-22T02:10:42.238469+00:00,True,True,True,True,True,True
AK-47 | The Outsiders (Well-Worn),ok,,best_deal,2026-04-17T01:44:53.794141+00:00,8.76,,35,False,8,-0.0051005100669423,-0.0011467889908256,8.82125,8.776250000000001,1/1->1/1,7.9254,7.918,7.611,7.765,8.07,8.207,6.993,9.304,345,3.8483862013273855,7.520125167184004,3.873621520680349,0.9612275827229098,9.857142857142858,-0.0231224142284151,-0.0020166372573733,-0.0174959672415931,0.0005830309390085,-0.0140739225161898,0.0604950745137662,0.0078302601667088,7,3,2026-06-22T00:57:51.313333+00:00,True,True,True,True,True,True
AK-47 | Wintergreen (Factory New),ok,,best_deal,2026-04-17T01:47:46.079910+00:00,8.44,,50,True,8,0.0096515651515931,0.0060026040486612,10.7725,10.885,1/1,7.3021,7.164,6.99,7.072,7.418,7.774,3.855,12.67,815,4.738362936689446,10.736637405677817,2.382876158913182,0.97571189279732,16.3,0.0105837256250371,0.0293374508702977,-0.03449637919684,-0.0070490630842236,-0.0290745050253139,0.1560070912314196,0.0466384835674349,7,3,2026-06-21T23:20:36.562053+00:00,True,True,True,True,True,True
AUG | Chameleon (Field-Tested),ok,,best_deal,2026-04-17T01:54:52.807451+00:00,84.27,,50,True,8,-0.0272654751291173,-0.0248860640157424,85.31875,83.05625,1/1,85.3411,86.4105,81.459,84.89,89.351,89.878,40.52,100.335,76,5.227258612790318,9.865117745142724,5.8020109888435885,0.9426979360147204,1.52,-0.0772575742019223,0.0748518668348285,0.0437429954593244,0.0046175158671636,0.0134437852236581,0.1176262218138747,0.089631048186236,7,3,2026-06-22T03:43:28.766939+00:00,True,True,True,True,True,True
AUG | Chameleon (Minimal Wear),ok,,best_deal,2026-04-17T01:54:56.875379+00:00,87.04,,50,True,8,-0.0294274519381111,-0.032833311974952,88.3975,85.87375,1/1,91.4278,91.614,85.207,89.27,93.866,96.252,83.095,99.021,61,5.026917414615689,12.080570679815112,7.00771537759851,0.9300652738664396,1.22,-0.0925775462250834,0.0507593438561173,-0.0105201758223444,-0.0012042556377358,0.0047306862321101,0.097898858899322,0.0602762221567223,7,3,2026-06-22T03:57:56.798709+00:00,True,True,True,True,True,True
AUG | Death by Puppy (Field-Tested),ok,,best_deal,2026-04-17T02:45:01.911223+00:00,4.47,,36,False,8,-0.001488009710003,-0.0042653425006367,4.56125,4.555,1/1->1/1,4.7989,4.79,4.362,4.66,5.08,5.148,2.619,7.51,95,8.752005667965575,16.378753464335567,8.918710537831585,0.9106471816283924,2.638888888888889,-0.0794557391905493,-0.0590321234876928,-0.0673971469919371,-0.0093035204575919,-0.0297921755697292,0.1163821769009087,0.0,7,3,2026-06-22T00:34:47.448183+00:00,True,True,True,True,True,True
AUG | Death by Puppy (Minimal Wear),ok,,best_deal,2026-04-17T02:45:06.760925+00:00,5.67,,50,True,8,0.0114059575828957,0.0070735364853011,5.93,5.99625,1/1,5.957,5.994,5.5586,5.876,6.1905,6.337,4.362,6.618,115,5.2795031055900585,13.066980023501756,7.30904817861339,0.9273606940273608,2.3,-0.0513142454056804,0.0594159113796575,0.0453792646571713,0.0031767084574567,0.0143899627898214,0.0890367553865653,0.0890367553865653,7,3,2026-06-21T23:11:38.689012+00:00,True,True,True,True,True,True
AUG | Eye of Zapems (Field-Tested),ok,,best_deal,2026-04-17T02:45:30.370904+00:00,3.94,,50,True,8,-0.0355716104049481,-0.0376152345064262,4.005,3.8675,1/1,2.8714,2.837,2.7462,2.783,2.933,3.0531,2.494,3.498,582,5.223932576443543,10.688166051403504,3.162220519607168,0.9679943602396898,11.64,-0.0451588741220924,-0.0562958027981344,0.009982174688057,-0.0042066760868405,-0.0334604658066889,0.1586657253794564,0.0222379103423932,7,3,2026-06-22T04:40:03.820661+00:00,True,True,True,True,True,True
AUG | Fleet Flock (Field-Tested),ok,,best_deal,2026-04-17T02:46:51.685730+00:00,13.04,,43,False,8,-1.4471216263495237e-06,-0.0014905018500804,13.555,13.57625,1/1->1/1,13.3675,13.2925,12.3385,13.098,13.855,14.2113,11.656,15.286,70,5.66298859173368,14.010099121002431,7.136712175051435,0.928230205002821,1.627906976744186,-0.062976369114064,-0.0147911401813587,-0.0332579680548464,0.0006680489670356,,0.1111655978875895,0.0340626178800453,7,3,2026-06-22T00:21:15.277123+00:00,True,True,True,True,True,True
AUG | Stymphalian (Factory New),ok,,best_deal,2026-04-17T02:58:18.837998+00:00,21.42,,50,True,8,-0.0467064518217928,-0.0120269093127681,22.3025,21.33,1/1,16.5501,15.91,15.1158,15.731,17.066,17.432,12.666,30.397,52,8.066416517120736,13.995081600715396,4.798762545241418,0.9500817096165932,1.04,-0.088501473925689,-0.0068852251910808,-0.0358741644692462,-0.0066739731464436,-0.0222444733391861,0.0854853072128227,0.0,7,3,2026-06-22T05:55:29.583546+00:00,True,True,True,True,True,True
AUG | Stymphalian (Field-Tested),ok,,best_deal,2026-04-17T02:58:24.243947+00:00,3.96,,50,True,8,0.0515976956744963,0.0470331951870585,4.69875,4.955,1/1,4.2019,4.144,3.936,4.034,4.362,4.659,3.464,4.915,347,7.805992527190088,17.20650182060496,4.9501416026083485,0.9498069498069498,6.94,0.0200926896969547,-0.0283292978208232,-0.0643506644905571,-0.0125547028157203,-0.0189503316760326,0.1051582357338648,0.0,7,3,2026-06-21T21:51:35.192584+00:00,True,True,True,True,True,True
AUG | Stymphalian (Minimal Wear),ok,,best_deal,2026-04-17T02:58:27.480865+00:00,5.34,,50,True,8,-0.0047326673761175,-0.0018657300887267,5.81125,5.7875,1/1,5.827,5.887,5.289,5.49,5.995,6.255,4.423,8.15,121,8.666552256735883,16.577998970310624,10.26257079114467,0.8984202480040768,2.42,-0.0966778531664415,0.0165347405452946,-0.0575668623613828,-0.0052602025245001,,0.1522754801868835,0.0911922477937359,7,3,2026-06-22T00:55:40.099036+00:00,True,True,True,True,True,True
AUG | Syd Mead (Field-Tested),ok,,best_deal,2026-04-17T03:40:18.228968+00:00,11.86,,50,True,8,0.1100915616377618,0.0970401617626551,12.90375,14.50125,1/1,13.0258,13.335,11.888,12.686,13.535,13.789,8.729,14.287,221,6.5178338374610405,14.594113221452806,11.108722688817585,0.8914885639295087,4.42,0.0136843204803536,-0.0307574598316756,-0.0381169324221716,-0.0097750462710495,-0.009849912937755,0.1055809914745816,0.0359567413956424,7,3,2026-06-21T21:19:11.780667+00:00,True,True,True,True,True,True
AUG | Syd Mead (Minimal Wear),ok,,best_deal,2026-04-17T03:40:21.459156+00:00,12.25,,50,True,8,0.0319968378490547,0.0273554471718943,13.58125,14.03,1/1,14.2612,14.3065,13.0063,13.9533,14.89,15.0215,8.729,20.477,68,6.56817098140409,14.130648192297985,9.117044848960818,0.9091182329710272,1.36,-0.0517153705811513,-0.0321561468791686,-0.0661834439777807,-0.0050112939798414,-0.0098056890692607,0.0949582879941965,0.0,7,3,2026-06-21T22:13:07.919600+00:00,True,True,True,True,True,True
AWP | Asiimov (Field-Tested),ok,,best_deal,2026-04-17T03:50:23.858571+00:00,125.52,,50,True,8,-0.0074999566168411,-0.0074969646233706,129.07999999999998,128.13,1/1,153.27,150.709,141.826,143.6803,161.8355,173.0575,107.215,190.437,76,11.8452404253931,20.37678606380897,5.795654726952443,0.9410585963678346,1.52,-0.0574284930707346,0.0032657784990719,-0.0177003829221913,-0.0058912228339187,,0.1190349911825931,0.048316737161723,7,3,2026-06-22T01:13:47.084723+00:00,True,True,True,True,True,True
AWP | Atheris (Battle-Scarred),ok,,best_deal,2026-04-17T03:50:32.045357+00:00,4.15,,50,True,8,-0.0082091092686362,-0.0011764705882352,4.92,4.8825,1/1,4.3015,4.275,4.07,4.136,4.408,4.637,3.675,6.19,837,6.323375566662798,13.1814483319772,4.765779379286298,0.952046783625731,16.74,-0.030887830751585,0.1070908207867895,0.0451627693718477,0.0087500337732442,0.0093201625307861,0.1114279447247203,0.0967317394165386,7,3,2026-06-22T01:20:45.327739+00:00,True,True,True,True,True,True
AWP | Atheris (Field-Tested),ok,,best_deal,2026-04-17T03:50:39.015210+00:00,4.95,,50,True,8,-0.0165917367193118,-0.0196516284605513,5.11875,5.035,1/1,5.7939,5.746,5.571,5.653,5.934,6.079,5.467,7.569,2570,4.849928372943968,8.767842040767015,3.0204180258547906,0.9695440306300034,51.4,-0.0124092912381851,-0.0071791279985992,-0.0324232081911263,-0.0057393574282801,-0.0220232328881653,0.0786596119929452,0.002116402116402,7,3,2026-06-22T02:23:52.241328+00:00,True,True,True,True,True,True
AWP | Atheris (Minimal Wear),ok,,best_deal,2026-04-17T03:50:42.559671+00:00,8.46,,50,True,8,-0.0043046258154814,-0.0011614401858305,8.73875,8.70125,1/1,10.8367,10.734,10.224,10.483,11.224,11.44,9.811,12.424,1032,6.837874998846509,11.221128203235295,4.70622975629112,0.9524874231414198,20.64,-0.0246617782497019,0.1388680659670165,0.0952509687302876,0.0121012571387266,0.0046710730468817,0.1870166200427842,0.1332071745927266,7,3,2026-06-22T00:53:05.894146+00:00,True,True,True,True,True,True
AWP | Atheris (Well-Worn),ok,,best_deal,2026-04-17T03:50:47.720674+00:00,4.35,,50,True,8,-0.0023405942567098,-0.0012224938875304,4.31,4.3,1/1,4.6298,4.595,4.41,4.496,4.762,4.894,4.223,5.127,1398,5.745388569700616,10.454015292237244,3.9958529526113353,0.9597388465723612,27.96,-0.0130631526323209,0.0791958236143506,0.0261934938741021,0.0080187236922396,0.0091463920148779,0.0733841086867022,0.0733841086867022,7,3,2026-06-22T00:39:14.440818+00:00,True,True,True,True,True,True
AWP | Black Nile (Battle-Scarred),ok,,best_deal,2026-04-17T03:51:11.385194+00:00,3.59,,50,True,8,0.0136358951514929,0.0103149865633099,4.3375,4.3975,1/1,4.3835,4.125,3.909,4.001,4.466,4.8648,3.071,8.803,215,10.607961674461045,21.804494125698643,4.9275692939432005,0.9476363636363636,4.3,-0.0211542803959233,0.0799809569150202,0.0843690248565964,0.0039534002024538,0.013667082344255,0.1183601498787745,0.1183601498787745,7,3,2026-06-21T23:02:49.361756+00:00,True,True,True,True,True,True
AWP | Black Nile (Field-Tested),ok,,best_deal,2026-04-17T03:51:20.311525+00:00,3.24,,50,True,8,-0.0099183841449639,-0.0114942528735632,3.5025,3.46875,1/1,3.9214,3.889,3.71,3.801,4.035,4.134,3.294,4.55,1481,5.967256592033457,10.812464935992256,4.564696281940119,0.953972743635896,29.62,-0.0258452432371202,0.089556135770235,-0.0002395783421179,0.0061772277098478,0.0160178132038697,0.0824346992571292,0.0821950635034747,7,3,2026-06-22T01:29:57.691146+00:00,True,True,True,True,True,True
AWP | Black Nile (Minimal Wear),ok,,best_deal,2026-04-17T03:51:25.432594+00:00,5.89,,50,True,8,-0.0001617474531595,0.0,6.2275,6.22375,1/1,7.3927,7.362,6.784,6.946,7.831,8.0114,6.195,10.01,465,11.971268954509188,16.60286498843454,7.8185236787641905,0.921488725889704,9.3,-0.0580902397466979,-0.0303072239136452,-0.0725347452018531,-0.0033519622744819,,0.1355787070072784,0.0032824318538603,7,3,2026-06-22T00:22:19.270332+00:00,True,True,True,True,True,True
AWP | Chromatic Aberration (Factory New),ok,,best_deal,2026-04-17T03:53:01.953851+00:00,102.85,,50,True,8,-0.0284478866858739,-0.0287097250302869,104.58875,101.7,1/1,96.7251,98.791,88.849,94.5052,103.6863,105.261,19.0,130.877,56,9.491951933882726,16.96767436787348,10.27861434105521,0.8993633023251106,1.12,-0.1247073128778509,0.0287977652678266,-0.0629382174141046,-0.0081475524712753,-0.0233530150435606,0.1188583627827924,0.0279916677893732,7,3,2026-06-22T03:50:39.542179+00:00,True,True,True,True,True,True
AWP | Chromatic Aberration (Field-Tested),ok,,best_deal,2026-04-17T03:53:07.185587+00:00,38.7,,50,True,8,0.0425056009309394,0.0452273070658535,41.0475,42.86875,1/1,40.6737,40.911,38.734,39.872,41.652,42.4932,31.733,45.637,457,4.376292296987983,9.24233595665012,5.352352994686984,0.9467869277211508,9.14,0.0091028300840159,0.0070622854340363,-0.0017015897710146,0.0012064813502022,-0.0028844964541279,0.0411025616051427,0.0129784747248466,7,3,2026-06-21T22:01:35.909322+00:00,True,True,True,True,True,True
AWP | Chromatic Aberration (Minimal Wear),ok,,best_deal,2026-04-17T03:53:11.362266+00:00,46.52,,50,True,8,0.0376608026832307,0.0330599686602843,70.48875,73.2525,1/1,52.377,51.63,47.267,49.471,52.802,59.012,36.952,81.65,199,6.3596616835634014,22.42396471733776,8.329992172136622,0.9154948673251986,3.98,-0.0316945321829411,0.0303012204105197,0.0128190073586973,0.0006416884801947,0.0164328708276904,0.0678634229290255,0.0536221522289424,7,3,2026-06-21T22:06:12.711650+00:00,True,True,True,True,True,True
AWP | Chrome Cannon (Battle-Scarred),ok,,best_deal,2026-04-17T03:53:25.820185+00:00,27.92,,50,True,8,0.0034547283656884,0.0027051894634714,27.73875,27.835,1/1,30.2006,30.33,28.287,28.84,31.462,32.378,20.883,33.407,411,8.681946716290403,13.546088488308182,6.764766262921926,0.9326409495548962,8.22,-0.0448983158424582,-0.0311451844753234,0.0081435931527338,0.0010762660830385,-0.0005803030665165,0.0908011869436202,0.0524233432245301,7,3,2026-06-21T23:57:10.447894+00:00,True,True,True,True,True,True
AWP | Chrome Cannon (Field-Tested),ok,,best_deal,2026-04-17T03:53:35.341114+00:00,30.97,,50,True,8,0.0175037828033718,0.0149339399666162,35.855,36.48875,1/1,35.8823,35.615,34.891,35.091,36.394,37.308,29.396,40.271,687,3.631316833090402,6.735911577574464,2.017707894978872,0.979671486733118,13.74,0.0206966535240437,-0.0172680050540503,-0.0258565504188816,-0.0048598662033107,-0.0102473438666511,0.0532857142857143,0.0031142857142857,7,3,2026-06-21T22:47:45.948296+00:00,True,True,True,True,True,True
AWP | Chrome Cannon (Minimal Wear),ok,,best_deal,2026-04-17T03:53:39.728604+00:00,43.08,,50,True,8,-0.0223308881296246,-0.0189488658723935,42.38,41.45375,1/1,48.2276,47.945,46.233,46.92,49.011,50.134,2.645,81.667,311,4.335691595683802,8.088729275352708,3.5498345345818647,0.9642924183960788,6.22,-0.0406584895240504,0.0467073562479922,0.0025434853954708,-0.0006529182477361,0.0133875510383718,0.0694512644242573,0.0532469923889025,7,3,2026-06-22T03:07:33.355823+00:00,True,True,True,True,True,True
AWP | Chrome Cannon (Well-Worn),ok,,best_deal,2026-04-17T03:53:43.769866+00:00,27.85,,50,True,8,-0.0173947826099384,-0.0204719396127338,28.155,27.67875,1/1,30.9694,30.951,29.411,30.225,31.7127,32.452,24.283,36.476,430,4.803774047931184,9.8193700878932,4.972650422675283,0.9502439339601304,8.6,-0.0474758621758998,0.0041959406713505,0.0113011006289309,0.0004901828895219,-0.0037245348451097,0.049039613902115,0.0190133773847698,7,3,2026-06-22T02:30:19.359768+00:00,True,True,True,True,True,True
AWP | Crakow! (Battle-Scarred),ok,,best_deal,2026-04-17T03:54:41.662025+00:00,26.05,,50,True,8,-0.0065638799682268,-0.0009469696969697,26.90125,26.72375,1/1,23.4217,23.654,22.6108,23.067,23.879,24.0762,19.466,24.655,285,3.466870466277004,6.256591109953585,4.453989249285914,0.9558975226177392,5.7,-0.0345822764070694,0.0272916666666667,0.0695848336297775,0.0040770140098968,0.029261392521686,0.110444128979923,0.110444128979923,7,3,2026-06-22T01:06:59.714148+00:00,True,True,True,True,True,True
AWP | Crakow! (Field-Tested),ok,,best_deal,2026-04-17T03:54:50.362232+00:00,39.43,,50,True,8,-0.0350236958544263,-0.0358408771580899,40.89625,39.5125,1/1,33.6491,33.12,31.7462,32.413,34.04,36.629,30.101,45.785,297,4.835196186525056,14.510937885411488,4.082724352211488,0.9585205314009664,5.94,-0.0590237499674441,0.0075026145474936,-0.0345949400180092,-0.0041447952528085,-0.0189130908702466,0.098823564809243,0.0230623420387531,7,3,2026-06-22T04:36:37.777477+00:00,True,True,True,True,True,True
AWP | Crakow! (Minimal Wear),ok,,best_deal,2026-04-17T03:54:53.424364+00:00,88.98,,50,True,8,-0.0193473568454783,-0.0107961246630193,87.7625,86.10625,1/1,68.1447,66.256,64.1227,64.7013,69.625,73.0126,56.711,102.441,100,7.225360152733811,13.04562203663676,3.1305442682996705,0.9678021613136922,2.0,-0.0411103744340817,0.0500942733557618,0.0109120416835721,0.0079653713323878,0.0232152540632217,0.0970426700464723,0.0970426700464723,7,3,2026-06-22T02:45:39.656640+00:00,True,True,True,True,True,True
AWP | Crakow! (Well-Worn),ok,,best_deal,2026-04-17T03:54:57.891149+00:00,29.15,,50,True,8,-0.0062138008845844,-0.0071501681532387,29.48875,29.3075,1/1,25.507,25.57,23.972,24.598,26.28,26.882,21.278,30.988,216,6.5942682400909645,11.40863292429529,6.264946877327788,0.9375048885412594,4.32,-0.0543450370119613,0.0174565530111583,0.0094114016817095,0.0046062802603168,-0.0018698160944154,0.1129919755445165,0.061444401987008,7,3,2026-06-22T01:04:36.551847+00:00,True,True,True,True,True,True
AWP | Duality (Battle-Scarred),ok,,best_deal,2026-04-17T03:56:30.469660+00:00,3.42,,50,True,8,0.0093002915451895,0.0029154518950437,3.4325,3.465,1/1,3.596,3.538,3.422,3.49,3.695,3.839,2.945,4.447,1450,5.700778642936586,11.596218020022242,3.2258064516128933,0.9672131147540984,29.0,0.0065846521234538,-0.0090446579988694,-0.0157215047725997,-0.0074440377951281,-0.0109348268229126,0.069309754706218,0.0,7,3,2026-06-21T23:22:47.560735+00:00,True,True,True,True,True,True
AWP | Duality (Field-Tested),ok,,best_deal,2026-04-17T03:56:39.805910+00:00,3.87,,50,True,8,0.0846693585245387,0.0801708391126067,5.7125,6.23875,1/1,4.026,4.013,3.926,3.97,4.066,4.143,3.873,4.511,3882,2.3845007451564744,5.389965226030792,2.1609538002980564,0.9783204585098432,77.64,0.1009726906180397,-0.0156716417910447,-0.0365230094959825,-0.0039884969876534,-0.0128515672293526,0.0518069244377053,0.0,7,3,2026-06-21T21:29:49.962350+00:00,True,True,True,True,True,True
AWP | Duality (Minimal Wear),ok,,best_deal,2026-04-17T03:56:45.245352+00:00,6.25,,50,True,8,0.0300656432779882,0.0203741144693924,9.19625,9.4725,1/1,6.8732,6.858,6.631,6.698,7.036,7.154,5.237,7.951,1316,4.917651166850946,7.609264971192453,3.302682884246049,0.9668999708369788,26.32,0.0257684283357176,0.0199645075421472,0.0056867891513561,0.0019863623781076,0.0095460737757542,0.0526315789473684,0.0284181528200667,7,3,2026-06-21T22:17:20.255457+00:00,True,True,True,True,True,True
AWP | Elite Build (Field-Tested),ok,,best_deal,2026-04-17T03:57:36.947459+00:00,14.71,,50,True,8,-0.0341611732665751,-0.0360942787553769,14.91375,14.42125,1/1,15.5039,15.2275,14.012,14.613,16.0083,16.6948,13.174,24.316,80,8.999671050509866,17.304033178748575,7.839962848057577,0.9201773107864064,1.6,-0.1042613347877345,0.0465502065136433,-0.0341800231199423,-0.0063394287368821,,0.1075275773946237,0.0581955811470903,7,3,2026-06-22T04:29:51.492028+00:00,True,True,True,True,True,True
AWP | Exoskeleton (Battle-Scarred),ok,,best_deal,2026-04-17T03:57:51.697568+00:00,4.75,,50,True,8,0.0048204787155676,0.0137040708880089,5.52375,5.55375,1/1,5.2629,5.19,4.9445,5.0345,5.483,5.719,4.144,8.992,376,8.521917573961108,14.71622109483366,4.664728571700027,0.952697495183044,7.52,-0.0232180151060986,0.0100651272942569,-0.044614523053948,-0.0104110342505566,-0.0268422437565221,0.1088315748339193,0.0162172723720203,7,3,2026-06-21T23:46:33.441265+00:00,True,True,True,True,True,True
AWP | Exoskeleton (Field-Tested),ok,,best_deal,2026-04-17T03:58:00.944784+00:00,5.62,,50,True,8,-0.0214557778892623,-0.0235607855123404,5.82625,5.70375,1/1,6.7844,6.788,6.3942,6.546,7.023,7.158,5.01,8.446,467,7.030835446023222,11.258180531808277,5.804492659630927,0.9419858573954036,9.34,-0.0592102937104131,0.0607631065044314,-0.0028946625247106,0.0040285288183808,0.010365215367164,0.0907739148906039,0.0572824470721517,7,3,2026-06-22T03:01:27.837253+00:00,True,True,True,True,True,True
AWP | Fever Dream (Field-Tested),ok,,best_deal,2026-04-17T03:59:26.545177+00:00,14.61,,50,True,8,0.0068536393081344,0.0060966713647074,14.4675,14.5675,1/1,15.0018,14.965,14.466,14.719,15.2505,15.732,8.463,16.602,447,3.54290818435122,8.438987321521418,3.3262675145649228,0.9666555295689944,8.94,-0.0064613081495685,0.0257801899592944,-0.0312039469468827,0.0037112349995376,-0.0042709252529741,0.0637566137566137,0.025132275132275,7,3,2026-06-21T23:35:45.249950+00:00,True,True,True,True,True,True
AWP | Green Energy (Battle-Scarred),ok,,best_deal,2026-04-17T03:59:51.987872+00:00,10.63,,50,True,8,-0.0027607038540848,-0.0009017132551848,10.9725,10.94375,1/1,8.1253,8.103,8.001,8.062,8.1687,8.236,7.826,11.068,646,1.3131822825003387,2.892200903351276,1.255338264433317,0.9874120696038504,12.92,0.0075586982070728,0.0013585278498211,-0.0348768003809069,-0.0028787722047628,-0.0189504639844534,0.0667242229896399,0.007893438579181,7,3,2026-06-22T00:43:49.937983+00:00,True,True,True,True,True,True
AWP | Green Energy (Factory New),ok,,best_deal,2026-04-17T03:59:54.860258+00:00,93.78,,50,True,8,0.0002558952141678,0.002864698104892,116.27375,116.38375,1/1,74.8261,73.689,71.4112,72.4552,75.2018,80.0935,63.653,97.229,62,3.6706443339957593,11.603304194659367,3.044124977781816,0.9690890092144012,1.24,-0.0231803941969671,-0.0019829372001743,-0.051061927407964,-0.0057486132096754,,0.2868340377301806,0.0215415707935901,7,3,2026-06-22T00:17:21.979662+00:00,True,True,True,True,True,True
AWP | Green Energy (Minimal Wear),ok,,best_deal,2026-04-17T04:00:04.172715+00:00,26.8,,50,True,8,-0.0260732175261677,-0.0090327436958976,28.12125,27.40125,1/1,27.1078,26.76,25.7556,26.445,27.414,28.503,24.171,41.66,389,3.574616899932865,10.1350902692214,3.705206619496973,0.9624663677130044,7.78,-0.0442553934030153,0.0116148370176094,-0.0526980562767525,-0.0004369721312025,-0.0186216545676107,0.1054444444444445,0.0273333333333333,7,3,2026-06-22T03:35:42.454495+00:00,True,True,True,True,True,True
AWP | Hyper Beast (Battle-Scarred),ok,,best_deal,2026-04-17T04:41:19.405651+00:00,35.25,,50,True,8,0.0624057388052759,0.0574476154356689,46.3675,49.47625,1/1,36.8164,36.8375,35.6261,35.972,37.3595,38.2225,34.524,39.701,68,3.768700905031442,7.052291913386413,3.290381460436103,0.9671150322361723,1.36,0.036960164260317,-0.0054934773310522,-0.0526724555015151,0.0019734660460739,-0.0119183385908818,0.0933001814394195,0.0376990793629461,7,3,2026-06-21T21:41:10.314691+00:00,True,True,True,True,True,True
AWP | Hyper Beast (Field-Tested),ok,,best_deal,2026-04-17T04:41:25.995948+00:00,36.96,,50,True,8,0.0036650140674647,0.0014868913934384,39.64,39.81125,1/1,43.9714,43.519,42.0798,42.603,44.322,46.6842,34.897,58.011,153,3.909359265340656,10.471351833237057,3.273036564676129,0.9669293871642272,3.06,-0.0168948309077527,0.0050345257615296,-0.016386402676069,0.0005336601009057,0.0100147555634986,0.1239803304303867,0.0761736253130816,7,3,2026-06-21T23:56:37.424343+00:00,True,True,True,True,True,True
AWP | Hyper Beast (Minimal Wear),ok,,best_deal,2026-04-17T04:41:31.369663+00:00,56.27,,50,True,8,-0.0205055765455391,-0.0247561117096212,56.21875,55.08875,1/1,69.4851,67.94,61.5184,65.218,70.89,74.6674,60.821,120.019,65,8.16290111117347,18.923481437027505,9.241693542932222,0.9054813070356196,1.3,-0.1056879552545094,0.0365240035898721,0.0114204088664293,-0.0053519630663131,,0.1410828726144936,0.1054129436562743,7,3,2026-06-22T02:55:30.198938+00:00,True,True,True,True,True,True
AWP | Hyper Beast (Well-Worn),ok,,best_deal,2026-04-17T04:41:35.244182+00:00,34.63,,50,True,8,-0.0111393418187113,-0.0091063367481609,34.47,34.09,1/1,37.8978,37.53,34.981,36.1065,39.092,40.1584,34.489,46.608,59,7.877765991693455,13.661479030445037,6.725984094063507,0.9320810018651744,1.18,-0.0716300528872542,-0.0443811933375501,-0.0474188887429397,-0.0134051355750437,,0.1050744622173192,0.0240485383342524,7,3,2026-06-22T01:38:37.175586+00:00,True,True,True,True,True,True
AWP | Ice Coaled (Battle-Scarred),ok,,best_deal,2026-04-17T04:41:41.013982+00:00,5.26,,50,True,8,0.0105615826534065,0.0037832511598819,5.24625,5.3025,1/1,4.8962,4.79,4.623,4.685,5.064,5.357,4.015,7.479,894,7.740696866958058,14.991217679016378,3.410808382010535,0.9651356993736953,17.88,0.0019735386325421,0.1112175393784589,0.1072110286320255,0.019663203834599,0.0344507637530078,0.1195287807681255,0.1125371133033235,7,3,2026-06-21T23:15:26.356199+00:00,True,True,True,True,True,True
AWP | Ice Coaled (Field-Tested),ok,,best_deal,2026-04-17T04:41:48.759675+00:00,8.68,,50,True,8,0.0149482847169512,0.0167350363602462,8.485,8.61375,1/1,9.6472,9.536,9.2448,9.331,9.865,10.25,8.917,13.075,893,5.535284849490014,10.419603615556849,3.0184924123061605,0.9694630872483222,17.86,0.0102741943619157,-0.0294086865515437,-0.0516412721137131,-0.009269434810071,-0.0270537103659948,0.0892818632736684,0.0,7,3,2026-06-21T22:56:55.547927+00:00,True,True,True,True,True,True
AWP | Ice Coaled (Well-Worn),ok,,best_deal,2026-04-17T04:41:56.540557+00:00,6.99,,50,True,8,0.0118796664444575,0.0113739993920357,6.96,7.04375,1/1,7.0914,7.051,6.724,6.901,7.29,7.5762,5.017,8.04,744,5.485517669289565,12.017373156217388,4.611219223284541,0.953623599489434,14.88,-0.0102155158265663,-0.0044273064838616,-0.0072628880660781,-0.0053848176917903,-0.0137527247209766,0.0652704059675799,0.000143451441687,7,3,2026-06-21T23:11:05.897558+00:00,True,True,True,True,True,True
AWP | Mortis (Battle-Scarred),ok,,best_deal,2026-04-17T04:48:50.256302+00:00,4.01,,50,True,8,-0.0227199663053614,-0.0202531645569619,4.0725,3.9825,1/1,4.132,4.107,3.928,4.013,4.258,4.402,3.53,4.779,363,5.929332042594388,11.47144240077445,4.3320425943852925,0.9564158753347942,7.26,-0.0477007913028066,0.0632352941176468,0.0294257237778829,0.0077663265227424,0.0084750449440691,0.07860765329645,0.0620101429230058,7,3,2026-06-22T03:09:29.369261+00:00,True,True,True,True,True,True
AWP | Mortis (Field-Tested),ok,,best_deal,2026-04-17T04:48:58.297495+00:00,4.18,,50,True,8,0.0182468308514501,0.0184577786352819,4.2375,4.31625,1/1,4.303,4.278,4.149,4.194,4.368,4.513,4.074,4.753,2002,4.043690448524294,8.459214501510571,2.997908435974891,0.9698457223001404,40.04,0.0205318935337763,0.0192719486081369,-0.0199039121482499,-0.0045935551949418,-0.0164153341214157,0.0795985060690943,0.0252100840336133,7,3,2026-06-21T22:44:43.475971+00:00,True,True,True,True,True,True
AWP | Mortis (Minimal Wear),ok,,best_deal,2026-04-17T04:49:02.964296+00:00,5.89,,50,True,8,0.0205811872821171,0.026109738434012,5.90125,6.025,1/1,6.6994,6.635,6.326,6.475,6.883,7.0682,5.889,10.814,705,6.090097620682455,11.078604054094402,4.612353345075681,0.9534287867370008,14.1,-0.0019628072227763,0.0166006701187937,-0.0416367552045944,-0.0060197498363409,-0.034447439602062,0.1523595505617976,0.0308614232209737,7,3,2026-06-21T22:37:19.887636+00:00,True,True,True,True,True,True
AWP | Neo-Noir (Factory New),ok,,best_deal,2026-04-17T04:49:24.299432+00:00,61.54,,50,True,8,-0.0374337150489852,-0.0399835921377583,62.58375,60.3275,1/1,70.4634,70.5,67.217,68.5045,71.483,72.1776,65.017,83.752,107,4.227017146490251,7.039966848037421,4.65915638473307,0.9534326241134752,2.14,-0.0740866859348516,0.0335125778578624,0.0156864385509913,-0.0001544402374599,-0.0146085757607058,0.1199017064096755,0.0689290666227365,7,3,2026-06-22T04:53:41.133087+00:00,True,True,True,True,True,True
AWP | Neo-Noir (Field-Tested),ok,,best_deal,2026-04-17T04:49:28.573064+00:00,43.39,,50,True,8,-0.0008651270094935,0.0,44.44625,44.405,1/1,49.2431,49.14,47.899,48.327,50.339,51.129,42.001,59.345,195,4.085851621851591,6.55929460168023,2.5201500311718794,0.9747456247456248,3.9,-0.012262705720642,0.0015495025281357,-0.0158469397976559,-0.0029560093041726,,0.063390603371061,0.0238579920201938,7,3,2026-06-22T00:29:48.167825+00:00,True,True,True,True,True,True
AWP | Neo-Noir (Minimal Wear),ok,,best_deal,2026-04-17T04:49:34.136341+00:00,46.08,,50,True,8,-0.0136030951991776,-0.0161481060854107,47.2425,46.60875,1/1,54.3333,53.706,51.188,52.4885,55.3675,57.737,41.46,86.43,191,5.298776256917945,12.053381627841487,4.634358671385689,0.9531151081815812,3.82,-0.0462857411482574,0.0014226881317858,-0.0136804454441535,-0.0065343790420606,-0.0213858556458751,0.1099334529684462,0.020954837744878,7,3,2026-06-22T02:00:20.590013+00:00,True,True,True,True,True,True
AWP | Printstream (Field-Tested),ok,,best_deal,2026-04-17T04:52:53.131131+00:00,56.01,,50,True,8,0.0003111876946698,0.0,61.9375,61.94625,1/1,60.101,59.787,57.6164,58.614,61.085,63.589,55.839,69.372,605,4.111412455699578,9.937605031530255,3.611587161611289,0.9636944486259554,12.1,-0.0134592580083278,0.0096063098287717,-0.0326976796757682,-0.0019370367618171,,0.0495943645043901,0.0157914065369077,7,3,2026-06-22T00:16:01.462367+00:00,True,True,True,True,True,True
AWP | Printstream (Minimal Wear),ok,,best_deal,2026-04-17T04:52:58.796534+00:00,99.05,,50,True,8,-0.0122137236281845,-0.0060270021226006,98.2875,97.13,1/1,94.0246,93.216,90.4181,91.73,95.767,97.798,86.245,122.161,250,4.293557218004641,7.848903372096244,2.975710611903692,0.96998476656368,5.0,-0.0264078047395485,0.0230345302678032,0.0261382162097967,-0.001962871397932,0.0043611253192368,0.0489878372122386,0.0420226421446908,7,3,2026-06-22T01:46:58.812909+00:00,True,True,True,True,True,True
AWP | Printstream (Well-Worn),ok,,best_deal,2026-04-17T04:53:02.558106+00:00,46.76,,50,True,8,0.0064690661164201,0.0065040669513493,45.9725,46.27125,1/1,52.8032,52.899,49.385,51.014,54.262,55.964,44.177,61.684,396,6.151142355008783,12.45947215320284,6.654899703048306,0.9335715230911736,7.92,-0.0410726338265405,0.0418333432841762,-0.0396264836999394,-0.0049454117494469,-0.0057725768073559,0.0842040917687062,0.0401535845956942,7,3,2026-06-21T23:38:00.407287+00:00,True,True,True,True,True,True
AWP | Queen's Gambit (Field-Tested),ok,,best_deal,2026-04-17T04:53:21.436479+00:00,83.52,,50,True,8,-0.0014825113132038,-0.0013728064939716,83.82,83.695,1/1,77.5937,76.703,72.9296,74.9688,78.267,81.6,68.263,117.645,180,4.2506028195587975,11.174103052180785,4.863023673313696,0.9508050532573692,3.6,-0.0368575914127092,-0.0134566425936509,-0.0478805087029829,-0.0019515866288207,,0.0919067305666737,0.0416183905624605,7,3,2026-06-22T00:34:34.437582+00:00,True,True,True,True,True,True
AWP | Queen's Gambit (Well-Worn),ok,,best_deal,2026-04-17T04:53:34.225945+00:00,72.64,,47,False,8,0.0140291675048343,0.0128680641885116,71.42,72.4375,1/1->1/1,68.5724,68.577,67.203,68.11,69.201,69.755,60.201,80.268,343,1.5910191272290222,3.7216139438024514,2.0037216139437954,0.979964127914607,7.297872340425532,0.0123712863472119,0.0079277016964991,0.0183649988199199,0.0026879580116116,0.014680715267495,0.0630531454147775,0.0620102264003361,7,3,2026-06-21T23:01:44.192541+00:00,True,True,True,True,True,True
AWP | Sun in Leo (Field-Tested),ok,,best_deal,2026-04-17T04:56:14.134014+00:00,22.62,,50,True,8,-0.0404417938828749,-0.0523114839199846,23.43,22.52125,1/1,26.1626,25.481,24.444,25.023,27.2395,28.556,17.853,40.205,71,8.472017307148372,15.71709233791749,3.963673335218986,0.9593030100859464,1.42,-0.0724022199154561,-0.0307971729774549,-0.0595019157088124,-0.0150927015547163,-0.0274479804772339,0.12066647655518,0.0,7,3,2026-06-22T05:14:43.236536+00:00,True,True,True,True,True,True
AWP | The End (Minimal Wear),ok,,best_deal,2026-04-17T04:56:54.165794+00:00,39.82,,50,True,8,-0.0484320423492854,-0.0569242738589211,40.585,38.7175,1/1,32.204,31.925,31.117,31.409,32.709,33.8592,29.452,42.752,282,4.036765619177755,8.51509129300708,2.509005092535088,0.97469068128426,5.64,-0.0570787316872759,0.0714085603112839,0.077024172729406,0.0101278990650037,0.0365505264314502,0.1125250588337836,0.1125250588337836,7,3,2026-06-22T06:05:23.493783+00:00,True,True,True,True,True,True
AWP | Wildfire (Battle-Scarred),ok,,best_deal,2026-04-17T04:58:08.897419+00:00,43.71,,50,True,8,-0.0429421678440136,-0.0419551480658061,44.87625,43.02875,1/1,44.2422,44.159,43.3324,43.814,44.898,45.492,38.485,47.465,85,2.450149404866854,4.881312412131399,1.868351935482411,0.9812812790144704,1.7,-0.0529984119156579,-0.0046657350223143,-0.0211251995034581,0.0024955880428551,-0.0188635534635135,0.1002287189474399,0.0078126769175026,7,3,2026-06-22T05:30:46.838033+00:00,True,True,True,True,True,True
AWP | Wildfire (Field-Tested),ok,,best_deal,2026-04-17T04:58:17.763714+00:00,48.47,,50,True,8,-0.0024049642677721,0.0,48.54,48.4225,1/1,58.0713,57.533,55.7291,56.038,59.514,61.839,43.003,70.542,154,5.985745109890782,10.52137630809022,3.1063537410045905,0.9686458206594476,3.08,-0.0212552984160204,-0.0253668068179835,-0.0765199854531027,-0.0019220473649725,-0.0146681387058102,0.0895551776604313,0.0066947104627226,7,3,2026-06-22T00:40:28.662042+00:00,True,True,True,True,True,True
CZ75-Auto | Midnight Palm (Factory New),ok,,best_deal,2026-04-17T05:55:34.379062+00:00,11.99,,26,False,8,0.0526447501824421,0.0199131377910427,15.90875,16.905,1/1->1/1,1.7391,1.692,1.644,1.645,1.815,1.8658,1.492,4.006,157,9.77517106549364,12.753723190155828,2.760048300845267,0.9716312056737588,6.038461538461538,0.0419938220091816,-0.1134986225895317,-0.0763490241102181,-0.0198545312635183,-0.111031537843707,0.523617153511498,0.0,7,3,2026-06-21T21:49:09.595739+00:00,True,True,True,True,True,True
Desert Eagle | Code Red (Field-Tested),ok,,best_deal,2026-04-17T06:52:25.616307+00:00,44.61,,50,True,8,-0.008028267104935,-0.0065026773756831,47.2075,46.8425,1/1,54.6509,54.66,52.1742,52.488,56.5635,58.0342,41.505,71.56,83,7.457333731009001,10.722604751248376,4.548506977927166,0.9545225027442372,1.66,-0.0450157041515853,0.0691842900302113,0.0349655462338469,0.0014787078382833,0.0278563321297826,0.1069422859564848,0.1069422859564848,7,3,2026-06-22T01:18:27.829763+00:00,True,True,True,True,True,True
Desert Eagle | Conspiracy (Factory New),ok,,best_deal,2026-04-17T06:52:43.065923+00:00,21.3,,50,True,8,-0.0069309352218202,-0.0042979942693409,21.02625,20.8825,1/1,23.9134,23.442,22.336,22.685,24.451,25.4076,20.067,38.389,175,7.384980805740722,12.84468122475265,4.625021954218144,0.9528197252794128,3.5,-0.0401169044884947,-0.0031903427462816,-0.060503860219423,-0.0111660279520639,-0.0435144236939591,0.1486959906578434,0.0189005665844901,7,3,2026-06-22T01:10:44.111169+00:00,True,True,True,True,True,True
Desert Eagle | Conspiracy (Field-Tested),ok,,best_deal,2026-04-17T06:52:47.421102+00:00,19.7,,50,True,8,-0.0024932908460426,-0.000757128235422,19.67875,19.630000000000003,1/1,21.451,21.81,20.3184,21.419,22.0135,22.469,15.08,22.685,67,2.7714325672462823,10.025639830310944,6.953521980327249,0.9316093535075656,1.34,-0.0646441935011122,-0.0254345254345255,-0.0195907904975511,-0.0017594084737712,,0.0517064288715625,0.0078435034315327,7,3,2026-06-22T00:41:01.652108+00:00,True,True,True,True,True,True
Desert Eagle | Conspiracy (Minimal Wear),ok,,best_deal,2026-04-17T06:52:52.994991+00:00,19.69,,50,True,8,0.0057165846121995,0.0047031954680317,20.03125,20.145,1/1,21.8033,21.81,20.94,21.394,22.109,22.6847,18.915,25.843,224,3.279320102920216,8.00199969729352,3.990221663693099,0.9601100412654748,4.48,-0.0194100208550441,0.0117203754218873,0.0078992215927411,0.0032824339838655,0.0043116662413489,0.0349365931680565,0.0259796641151605,7,3,2026-06-21T23:41:46.619964+00:00,True,True,True,True,True,True
Desert Eagle | Crimson Web (Field-Tested),ok,,best_deal,2026-04-17T06:53:39.763538+00:00,13.85,,50,True,8,0.011118842783954,0.0073929056711721,14.66125,14.82375,1/1,13.7113,13.0,12.2998,12.638,13.7195,16.435,11.365,32.325,295,7.887654708160424,30.15906587996761,5.106736779152966,0.9461384615384616,5.9,-0.0231715431928305,-0.1302598136119739,-0.0526032454049064,-0.0078763996154921,-0.0403021716525359,0.1497686500527639,0.0,7,3,2026-06-21T23:13:06.394255+00:00,True,True,True,True,True,True
Desert Eagle | Firebreathing (Factory New),ok,,best_deal,2026-04-17T06:56:03.640375+00:00,11.85,,50,True,8,-0.0331223628691982,-0.0126582278481012,12.2425,11.85,1/1,8.5616,8.324,8.105,8.201,8.717,9.148,7.852,21.546,553,6.026910857783592,12.182302373388143,2.557933096617448,0.9736905333974052,11.06,-0.03707474767929,0.124774828869941,0.0671072120314459,1.4618388793035436e-05,0.0169774670175058,0.1337817638266069,0.1337817638266069,7,3,2026-06-22T04:22:55.895744+00:00,True,True,True,True,True,True
Desert Eagle | Firebreathing (Minimal Wear),ok,,best_deal,2026-04-17T06:56:10.557123+00:00,3.71,,50,True,8,-0.0421159029649595,-0.0498652291105121,3.86625,3.71,1/1,2.9995,3.01,2.763,2.857,3.128,3.21,2.666,3.558,2461,9.03483913985664,14.902483747291216,8.234705784297379,0.9179401993355482,49.22,-0.0904454266403952,0.0863539445628998,-0.0529739776951673,-0.0052538830744316,-0.0130336053220549,0.1354268891069676,0.0794896957801766,7,3,2026-06-22T05:25:20.120655+00:00,True,True,True,True,True,True
Desert Eagle | Kumicho Dragon (Battle-Scarred),ok,,best_deal,2026-04-17T06:59:06.880856+00:00,21.03,,44,False,8,-0.0204686526319494,-0.0005252578883494,21.355,20.9475,1/1->1/1,22.448,22.2645,21.5128,21.959,22.7058,23.216,20.531,32.02,80,3.3267997148966515,7.587312900926597,3.3486279401283103,0.9662377327135124,1.818181818181818,-0.0449555518597115,0.0491484844378191,-0.0120804798162404,0.0012085340220152,-0.0068014830767382,0.0782777179763186,0.0545102260495156,7,3,2026-06-22T02:54:56.181596+00:00,True,True,True,True,True,True
Desert Eagle | Kumicho Dragon (Field-Tested),ok,,best_deal,2026-04-17T06:59:15.710198+00:00,19.97,,50,True,8,-0.0155611144038859,-0.0179672341244394,20.50375,20.19125,1/1,23.8384,23.359,22.6495,22.9232,23.842,25.9625,20.822,55.725,256,3.854285522518279,13.897744815088256,2.9762903550573947,0.9696262682477844,5.12,-0.0295889895115486,0.0074669975823187,-0.0098410295230885,0.0032234660705973,-0.0108362250699687,0.0913183826027862,0.0239126741420318,7,3,2026-06-22T02:16:11.860211+00:00,True,True,True,True,True,True
Desert Eagle | Light Rail (Factory New),ok,,best_deal,2026-04-17T06:59:38.276983+00:00,21.49,,50,True,8,0.0242491303592598,0.0229657563931248,25.815,26.4525,1/1,19.3844,19.666,17.5003,17.912,20.2828,20.778,16.551,28.75,110,12.230453354243632,16.90895771857782,11.172386042384604,0.8898759279975592,2.2,-0.0773717304981881,-0.1178053520705634,-0.0777285751497784,-0.0235363882127409,-0.0829509822923502,0.2814212280404448,0.0,7,3,2026-06-21T22:26:42.211188+00:00,True,True,True,True,True,True
Desert Eagle | Mecha Industries (Factory New),ok,,best_deal,2026-04-17T07:00:07.313081+00:00,17.7,,50,True,8,-0.0018834560655961,0.0002713026050086,18.04,18.005,1/1,17.836,17.668,17.1355,17.423,18.2568,18.785,11.667,23.205,156,4.67481498093743,9.2481498093743,2.985534873289969,0.969860765225266,3.12,-0.0194408604778331,0.0039777247414478,-0.0589613848202396,-0.0106246489691498,-0.0467877594667018,0.1898347294543807,0.0199796241793071,7,3,2026-06-22T00:37:23.625374+00:00,True,True,True,True,True,True
Desert Eagle | Mecha Industries (Field-Tested),ok,,best_deal,2026-04-17T07:00:12.377277+00:00,6.04,,50,True,8,0.0087931210140999,0.010281871555236,6.3475,6.4037500000000005,1/1,6.8032,6.787,6.579,6.652,6.918,7.05,6.201,7.575,1670,3.909924741298212,6.92321260583255,3.0573847601128903,0.9693531751878592,33.4,0.0089504422644015,0.0141801176648062,-0.0606399329327931,-0.0051144302949109,-0.0300751511094226,0.1017402945113788,0.0139818533392831,7,3,2026-06-21T23:25:13.670373+00:00,True,True,True,True,True,True
Desert Eagle | Mecha Industries (Minimal Wear),ok,,best_deal,2026-04-17T07:00:15.779679+00:00,8.31,,50,True,8,0.0017866988525689,0.0011911890322636,8.365,8.379999999999999,1/1,9.9741,9.868,9.4328,9.595,10.161,10.686,9.231,13.69,583,5.674697466438064,12.564542164205289,4.3633009494591,0.95589785164167,11.66,-0.0197976365283953,-0.0392391196096006,-0.0257523732579275,-0.0052792960848607,,0.0514149476521198,0.0105732352026537,7,3,2026-06-22T00:07:01.112570+00:00,True,True,True,True,True,True
Desert Eagle | Mecha Industries (Well-Worn),ok,,best_deal,2026-04-17T07:00:26.423892+00:00,6.71,,33,False,8,-0.0087453709526801,-0.0114667477175222,6.6125,6.555,1/1->1/1,6.7032,6.657,6.3175,6.526,6.9465,7.1185,5.37,7.854,146,6.273123284401488,11.94951664876477,5.064745196324146,0.9490010515247108,4.424242424242424,-0.0447060410938814,0.0551120663186981,-0.0475332594235032,-0.0070509912907147,,0.1238178379164847,0.0522333769823948,7,3,2026-06-22T01:23:27.964003+00:00,True,True,True,True,True,True
Desert Eagle | Mint Fan (Factory New),ok,,best_deal,2026-04-17T07:01:32.160192+00:00,3.46,,50,True,8,-0.0026507884107772,0.0026315789473683,3.82625,3.81625,1/1,1.8267,1.78,1.745,1.762,1.823,1.908,1.454,7.259,822,3.339355121256908,8.923194832211081,1.9160234302293708,0.9803370786516854,16.44,0.00301990689886,0.0401146131805156,-0.0541948931735278,-0.0084202698103943,-0.0531208884062428,0.2380165289256198,0.0385674931129475,7,3,2026-06-22T00:42:20.405754+00:00,True,True,True,True,True,True
Desert Eagle | Mulberry (Factory New),ok,,best_deal,2026-04-17T07:47:39.351117+00:00,25.03,,50,True,8,-0.0093809272983532,-0.0091556959395353,26.4475,26.20125,1/1,23.0208,22.57,21.9922,22.205,23.292,24.08,19.003,39.269,205,4.721816791770935,9.069189602446473,2.509904086738948,0.9743996455471864,4.1,-0.0203285646437839,-0.0095622423019563,-0.0599109038677713,-0.0033639894586767,-0.0106948029208953,0.0769707705934455,0.0132418069087688,7,3,2026-06-22T01:26:49.941177+00:00,True,True,True,True,True,True
Desert Eagle | Mulberry (Field-Tested),ok,,best_deal,2026-04-17T07:47:42.882624+00:00,3.49,,50,True,8,-0.0343414542034638,-0.0477643450018044,4.43125,4.2925,1/1,3.2771,3.237,3.133,3.171,3.377,3.481,3.082,7.259,1840,6.286045589087912,10.619144975740742,3.173537578957008,0.967871485943775,36.8,-0.0345269939962893,0.0299438552713662,-0.0571102227298685,0.0056457091985415,-0.020350144495521,0.1411265899454876,0.0408843125378559,7,3,2026-06-22T04:31:19.534570+00:00,True,True,True,True,True,True
Desert Eagle | Mulberry (Minimal Wear),ok,,best_deal,2026-04-17T07:47:48.625254+00:00,11.32,,50,True,8,0.020706506456555,0.0202176008208125,13.5275,13.81375,1/1,11.2751,11.233,10.832,10.978,11.509,11.775,10.304,14.355,824,4.709492598735272,8.363562185701232,3.556509476634352,0.964301611323778,16.48,0.0099922402561791,0.0399205202312138,-0.0428132014298778,-0.0008354992248144,-0.0008399036475992,0.0898905680041688,0.0451624109779398,7,3,2026-06-21T22:36:50.968314+00:00,True,True,True,True,True,True
Desert Eagle | Night (Minimal Wear),ok,,best_deal,2026-04-17T07:49:10.877957+00:00,25.57,,50,True,8,0.019831601878567,0.0110609790798805,26.66375,27.19375,1/1,24.4398,24.2365,20.9532,21.818,25.4002,29.164,20.268,36.108,62,14.657239420944526,33.59601960736177,13.434234322703134,0.8645307697068471,1.24,-0.107505780981781,-0.0300417078035905,0.0666016750121858,-0.0010637690830708,-0.0253130284669806,0.549896136269215,0.1068550062318239,7,3,2026-06-21T22:39:30.818019+00:00,True,True,True,True,True,True
Desert Eagle | Printstream (Battle-Scarred),ok,,best_deal,2026-04-17T07:52:24.114558+00:00,37.22,,50,True,8,0.0042318335746398,-0.0005337603416065,37.16875,37.325,1/1,42.8443,42.499,41.348,41.814,43.838,45.098,34.582,47.73,277,4.724082316667564,8.75262286931984,2.6864717126899107,0.9729170098119956,5.54,-0.0063213285857739,0.0301894846681052,0.0319025108677577,0.0031379053668378,0.0178624256955448,0.0748618784530385,0.0748618784530385,7,3,2026-06-21T23:51:37.328840+00:00,True,True,True,True,True,True
Desert Eagle | Printstream (Factory New),ok,,best_deal,2026-04-17T07:52:27.724019+00:00,87.49,,50,True,8,-0.0291845719805005,-0.0329337243644634,88.0025,85.50625,1/1,99.0473,96.758,92.483,93.4805,99.064,104.2158,82.684,153.568,83,5.637205658306674,11.845653541287843,4.316119672116243,0.9558176068128734,1.66,-0.0638481359690415,-0.0523020484285816,-0.0088841735253771,0.0010637883370062,-0.0188263155431347,0.1177729961182054,0.0,7,3,2026-06-22T03:55:04.523469+00:00,True,True,True,True,True,True
Desert Eagle | Printstream (Field-Tested),ok,,best_deal,2026-04-17T07:52:31.522264+00:00,38.1,,50,True,8,0.0063930413734968,0.0050968388341197,44.03875,44.32,1/1,45.4753,45.206,44.008,44.533,46.23,47.077,40.544,51.782,881,3.73169610755728,6.748718535116856,2.634397134268494,0.9734990930407468,17.62,0.0054486635637183,0.0161330243232904,-0.0194758668606293,-0.0066192038424772,-0.0018359875931397,0.0550708591674048,0.0231842338352523,7,3,2026-06-21T23:38:12.842038+00:00,True,True,True,True,True,True
Desert Eagle | Printstream (Minimal Wear),ok,,best_deal,2026-04-17T07:52:36.758220+00:00,47.13,,50,True,8,-0.0160980550288196,-0.0141804414235898,49.4425,48.65125,1/1,57.959,57.627,56.189,56.611,58.9,60.3877,53.736,74.574,364,3.949343501440676,7.24425887265136,2.4810642005555694,0.975046419213216,7.28,-0.0225480902986776,-0.0143774694957442,-0.0360553597875491,-0.0046100532920167,-0.0127962065475393,0.06241059602649,0.0,7,3,2026-06-22T02:21:11.960898+00:00,True,True,True,True,True,True
Desert Eagle | Serpent Strike (Factory New),ok,,best_deal,2026-04-17T07:52:54.810437+00:00,3.73,,50,True,8,0.025245204370411,0.025548658433478,3.6225,3.71625,1/1,2.9185,2.89,2.827,2.853,3.01,3.041,2.705,3.294,1379,5.379475758094897,7.332533835874592,2.158643138598601,0.9782006920415224,27.58,0.032780017473524,0.0186160871092377,-0.0522875816993464,-0.0086097890020098,-0.0303260341831373,0.1137931034482759,0.0251724137931034,7,3,2026-06-21T22:24:43.928280+00:00,True,True,True,True,True,True
Dual Berettas | Flora Carnivora (Factory New),ok,,best_deal,2026-04-17T08:56:10.555130+00:00,8.44,,50,True,8,0.0468186169833845,0.044623066229642,8.3875,8.8,1/1,6.424,6.195,6.081,6.138,6.247,6.4095,5.237,12.808,160,1.696762141967621,5.113636363636363,1.7745952677459509,0.9815980629539952,3.2,0.041537650113883,-0.0092009685230024,-0.0243204577968527,-0.0023830267328857,-0.0158311416201936,0.0990550667970023,0.0048875855327468,7,3,2026-06-21T21:56:35.141637+00:00,True,True,True,True,True,True
Dual Berettas | Hemoglobin (Factory New),ok,,best_deal,2026-04-17T08:57:15.434076+00:00,34.46,,50,True,8,0.0551287073925664,0.0463511845024233,38.9475,41.28,1/1,22.5389,22.771,20.7044,21.142,23.601,24.699,17.449,26.052,52,10.910026665010268,17.723136444103314,9.16903664331445,0.90924421413201,1.04,-0.0303690556920601,0.0708002472540536,-0.035938269226653,-0.0130030452328121,-0.0383447395239825,0.2426065719360566,0.067140319715808,7,3,2026-06-21T21:46:39.388006+00:00,True,True,True,True,True,True
Dual Berettas | Melondrama (Battle-Scarred),ok,,best_deal,2026-04-17T08:59:57.400617+00:00,6.59,,46,False,8,-0.008372537690824,-0.0144012707722385,7.7775,7.7325,1/1->1/1,6.7146,6.7625,6.421,6.608,6.866,6.936,5.819,7.303,622,3.842373335716201,7.66985375152652,5.085932147856908,0.9495009242144178,13.521739130434783,-0.0359914865535136,0.0257440476190475,0.0,-0.0001421757991235,0.0063476270681226,0.0853039315247352,0.0580298853909762,7,3,2026-06-22T01:21:44.687465+00:00,True,True,True,True,True,True
Dual Berettas | Melondrama (Factory New),ok,,best_deal,2026-04-17T09:00:01.037277+00:00,26.63,,50,True,8,0.0027288467773057,-0.0049887898980868,26.71875,26.7925,1/1,25.3411,24.491,22.5581,24.053,24.8283,27.8969,17.448,45.997,112,3.0594567718054777,21.067751597207693,7.627529980940054,0.9210771303744232,2.24,-0.0633355528279625,0.0364758467973427,-0.0027815039848496,0.0039261645241511,,0.0727977685901366,0.0379616624794762,7,3,2026-06-22T00:02:05.499249+00:00,True,True,True,True,True,True
Dual Berettas | Melondrama (Field-Tested),ok,,best_deal,2026-04-17T09:00:04.723497+00:00,7.1,,50,True,8,0.0554730246704767,0.050422332163064,8.11125,8.5975,1/1,7.425,7.434,7.154,7.294,7.556,7.678,5.677,8.06,2083,3.528619528619535,7.057239057239058,3.7710437710437743,0.9623352165725046,41.66,0.0503630039823071,0.0142563399588759,-0.0236210081815783,-0.0053000939719054,-0.0078063255829835,0.0450060819029598,0.0202730098661981,7,3,2026-06-21T21:46:08.287345+00:00,True,True,True,True,True,True
Dual Berettas | Melondrama (Minimal Wear),ok,,best_deal,2026-04-17T09:00:07.957196+00:00,9.03,,50,True,8,0.0203499587786411,0.0170450658619824,10.425,10.6375,1/1,8.8398,8.734,8.55,8.629,8.969,9.24,7.177,10.535,894,3.846240865177944,7.805606461684647,2.0814950564492327,0.978932905885047,17.88,0.0250550480133897,-0.0148266423357664,-0.0274712902499436,-0.0030525641636823,-0.0074266565213847,0.0833526279231302,0.0086825654086593,7,3,2026-06-21T22:38:23.780073+00:00,True,True,True,True,True,True
Dual Berettas | Melondrama (Well-Worn),ok,,best_deal,2026-04-17T09:00:12.328571+00:00,6.77,,50,True,8,-0.0054339067398583,-0.0051987280695935,6.70125,6.665,1/1,7.0021,7.008,6.875,6.954,7.075,7.128,6.278,7.311,1021,1.7280530126676346,3.613201753759588,1.8994301709487156,0.9810216894977168,20.42,0.0021881808805712,-0.0345612288436921,-0.0494328525416607,-0.003645309320741,-0.0188471259408845,0.0860341779611077,0.0,7,3,2026-06-22T00:59:46.641829+00:00,True,True,True,True,True,True
Dual Berettas | Royal Consorts (Field-Tested),ok,,best_deal,2026-04-17T09:05:55.145544+00:00,3.89,,50,True,8,0.006722005722136,0.0122397792826686,4.75375,4.8,1/1,5.2341,5.191,4.8756,4.973,5.509,5.767,2.945,8.297,287,10.24053801035518,17.030626086624252,6.025868821764954,0.9392409940281256,5.74,-0.0369634845648071,-0.0320059545962039,-0.0733879586747416,-0.0003755935483669,-0.019590709803723,0.1299500192233756,0.0507497116493656,7,3,2026-06-21T23:36:54.854498+00:00,True,True,True,True,True,True
Dual Berettas | Royal Consorts (Minimal Wear),ok,,best_deal,2026-04-17T09:06:00.251322+00:00,5.92,,50,True,8,-0.0022864269659647,-0.0083825182686902,6.25875,6.25125,1/1,11.4194,11.573,10.4682,11.18,11.984,12.14,8.157,15.199,169,7.040650121722686,14.639998598875607,9.67476399810849,0.9045364209798668,3.38,-0.0862045847369676,0.0651537335285505,-0.0168918918918918,-0.0104479884755868,,0.1159793814432989,0.0778350515463918,7,3,2026-06-22T00:38:37.062826+00:00,True,True,True,True,True,True
Dual Berettas | Royal Consorts (Well-Worn),ok,,best_deal,2026-04-17T09:06:10.754029+00:00,3.69,,27,False,8,-0.0429578663948991,-0.0405693003458367,3.755,3.6025,1/1->1/1,4.3499,4.417,3.9608,4.1507,4.581,4.6707,2.196,4.772,108,9.892181429458168,16.319915400354034,10.487597416032552,0.8967172288883858,4.0,-0.1338544404685042,-0.0704803022126282,-0.0590034965034964,-0.0129022034636213,-0.0409422206581595,0.2157454714352065,0.0608453320947514,7,3,2026-06-22T05:30:59.041026+00:00,True,True,True,True,True,True
Dual Berettas | Sweet Little Angels (Factory New),ok,,best_deal,2026-04-17T09:48:45.616363+00:00,21.03,,50,True,8,-0.0441885209469303,-0.0424540416211057,22.455,21.505,1/1,14.2814,13.9115,13.58,13.7918,14.1312,14.508,12.682,25.086,76,2.376517708347917,6.497962384640155,2.3212010027028174,0.9761707939474537,1.52,-0.0593725201583275,0.0744797371303396,0.0327040494069759,0.0032886556767548,0.0010010161958913,0.1098538905878354,0.0693170234454637,7,3,2026-06-22T05:38:02.183405+00:00,True,True,True,True,True,True
Dual Berettas | Sweet Little Angels (Field-Tested),ok,,best_deal,2026-04-17T09:48:49.245508+00:00,3.93,,50,True,8,-0.0160878377631124,-0.0192151307678182,3.95125,3.88875,1/1,2.8007,2.787,2.687,2.726,2.841,2.89,2.504,4.615,537,4.10611632806085,7.248187953011757,3.5705359374442134,0.964119124506638,10.74,-0.0303998351993226,0.0125198377711162,0.0066619915848527,0.0012411992194851,-0.0076398280657549,0.0839428770463253,0.0515499825844653,7,3,2026-06-22T02:20:39.637907+00:00,True,True,True,True,True,True
Dual Berettas | Twin Turbo (Minimal Wear),ok,,best_deal,2026-04-17T09:51:05.827557+00:00,7.92,,50,True,8,0.0250784716740127,0.0255943628719945,8.42875,8.65,1/1,8.4822,8.345,7.53,8.01,8.7613,9.236,7.222,13.852,92,8.857371908231361,20.112706609134428,9.608356322652147,0.902336728579988,1.84,-0.061938724751568,0.0507650338038192,0.0175740868366645,0.0012652217480251,-0.0021127761430576,0.1043571509199684,0.0958347443278022,7,3,2026-06-21T22:25:19.797322+00:00,True,True,True,True,True,True
FAMAS | 2A2F (Factory New),ok,,best_deal,2026-04-17T09:53:05.360420+00:00,7.37,,50,True,8,0.0720345816870758,0.0719029844207279,7.665,8.26,1/1,11.0443,10.886,10.705,10.705,11.011,11.487,9.999,23.437,169,2.7706599784504147,7.0805755004844135,1.638854431697791,0.9833731398126034,3.38,0.0684755195801798,0.0236949614162504,0.0357306879764856,0.0075004256630195,0.0177342093646113,0.0549396949272792,0.0506385242993969,7,3,2026-06-21T21:34:52.231162+00:00,True,True,True,True,True,True
FAMAS | Bad Trip (Battle-Scarred),ok,,best_deal,2026-04-17T09:57:01.482405+00:00,46.66,,35,False,8,-0.0303947801342227,-0.0149572649572651,48.26625,46.8425,1/1->1/1,53.4086,54.1765,48.643,52.035,56.036,56.227,39.702,56.624,216,7.4913028987841,14.199960306018124,10.360690974861718,0.8978616189676336,6.171428571428572,-0.1168895763402246,-0.0028690471839479,0.00708735534597,-0.0036855332272795,,0.1030697333455512,0.0652799413543479,7,3,2026-06-22T04:05:08.818693+00:00,True,True,True,True,True,True
FAMAS | Bad Trip (Field-Tested),ok,,best_deal,2026-04-17T09:57:12.960322+00:00,51.36,,50,True,8,0.0102840472804085,0.0,52.9875,53.56,1/1,58.2274,58.16,54.709,56.044,60.201,62.208,50.604,69.938,443,7.139250593363268,12.878816502196551,5.926763001610913,0.9406636863823936,8.86,-0.0291060444368764,-0.0562166120254955,-0.0277058652082226,-0.0135867218672086,-0.0273161073356483,0.1172612015305673,0.0249863342208742,7,3,2026-06-21T23:17:08.073417+00:00,True,True,True,True,True,True
FAMAS | Bad Trip (Well-Worn),ok,,best_deal,2026-04-17T09:57:26.864655+00:00,48.27,,35,False,8,0.001376341729089,0.0,48.30125,48.3675,1/1->1/1,52.6353,52.733,49.171,50.8025,54.606,56.144,40.1,59.076,232,7.226139111964783,13.247763383128811,6.767321550366384,0.9324521646786642,6.628571428571429,-0.0486480094342888,-0.0008740671014589,-0.0769367290797764,-0.0054913805015296,,0.0869352047683138,0.0035858488752163,7,3,2026-06-22T00:09:18.464567+00:00,True,True,True,True,True,True
FAMAS | Commemoration (Minimal Wear),ok,,best_deal,2026-04-17T09:59:37.963764+00:00,37.34,,50,True,8,-0.0028788162241907,-0.0089046695942293,38.1875,38.08125,1/1,42.1233,41.8845,40.4284,41.5538,43.322,43.4798,34.907,45.954,54,4.19767682019215,7.243971863552937,3.4567567118435623,0.9652353495923311,1.08,-0.031085116643371,-0.0346415513490998,-0.0118903811080319,-0.0031707838417098,,0.1163075005393485,0.0,7,3,2026-06-22T00:44:32.573832+00:00,True,True,True,True,True,True
FAMAS | Djinn (Field-Tested),ok,,best_deal,2026-04-17T10:04:04.181552+00:00,12.99,,50,True,8,0.0235232150841214,0.0166796971606819,13.9775,14.325,1/1,13.4005,13.3555,12.5299,13.0165,13.872,14.047,11.238,15.792,148,6.384090145890074,11.321219357486669,6.160964143128986,0.9381827711429748,2.96,-0.0261325226286582,0.0033856792969313,0.0346902391917991,-0.0014167928833286,0.0086057005132611,0.0682748223131596,0.0682748223131596,7,3,2026-06-21T22:28:52.470271+00:00,True,True,True,True,True,True
FAMAS | Eye of Athena (Field-Tested),ok,,best_deal,2026-04-17T10:05:09.270676+00:00,5.72,,44,False,8,0.0207180565964137,0.0175908162633826,6.16,6.2925,1/1->1/1,6.1381,6.046,5.639,5.9,6.253,6.789,4.962,12.04,201,5.750965282416379,18.735439305322483,6.630716345448919,0.93268276546477,4.568181818181818,-0.0306748387005085,-0.0373725934314835,0.0148388197168685,-0.0040004498174577,-0.0019355477522581,0.2098319327731092,0.0878991596638656,7,3,2026-06-21T22:36:26.371786+00:00,True,True,True,True,True,True
FAMAS | Eye of Athena (Minimal Wear),ok,,best_deal,2026-04-17T10:05:14.106993+00:00,11.59,,50,True,8,-0.0485030786622844,-0.0540655458066763,12.8575,12.27,1/1,12.0544,11.6605,10.8948,11.1982,12.66,13.1465,9.597,16.638,74,12.12669232811256,18.67948632864348,6.352037430315908,0.9343338621842974,1.48,-0.1041344193489191,-0.1439999999999999,-0.0284392667466163,-0.0094237381581262,-0.0454024066623802,0.1758949038970198,0.0076706048315993,7,3,2026-06-22T06:05:37.165594+00:00,True,True,True,True,True,True
FAMAS | Mecha Industries (Field-Tested),ok,,best_deal,2026-04-17T10:49:46.737708+00:00,34.94,,50,True,8,-0.0272610093834481,-0.029494855108572,35.5375,34.595,1/1,41.6563,42.0,39.6262,40.823,43.2795,43.7708,30.101,44.816,83,5.897067190316947,9.949515439441342,5.698537796203702,0.9434809523809524,1.66,-0.0757487546128637,-0.039546198722531,-0.0286154061428671,-0.0084834664145888,,0.2068568135983866,0.0505858062037837,7,3,2026-06-22T03:43:17.619333+00:00,True,True,True,True,True,True
FAMAS | Pulse (Field-Tested),ok,,best_deal,2026-04-17T10:54:41.354418+00:00,10.89,,39,False,8,-0.0227140242264198,-0.018787933780977,11.05,10.80625,1/1->1/1,10.6641,10.629,10.2612,10.47,10.894,11.1945,9.353,11.458,68,3.9759567145844414,8.751793400286937,3.4489549047739523,0.9653965565904602,1.7435897435897436,-0.0484371898609851,-0.0352651980712866,-0.0310511822239103,-0.0020869428488199,-0.0189329664915531,0.1496471971775775,0.0287142297138378,7,3,2026-06-22T03:09:12.029015+00:00,True,True,True,True,True,True
FAMAS | Pulse (Minimal Wear),ok,,best_deal,2026-04-17T10:54:47.413704+00:00,11.86,,50,True,8,-0.037058688056485,-0.0296842283950806,12.395,11.95375,1/1,13.6606,13.534,12.719,13.1928,13.9802,14.349,10.143,26.166,54,5.764022078093201,11.93212596811268,5.966062984056347,0.939781291561992,1.08,-0.0903580511977932,0.0594947025264873,0.1001692568087397,0.0066670649067019,,0.1000699300699301,0.1000699300699301,7,3,2026-06-22T04:50:56.188753+00:00,True,True,True,True,True,True
FAMAS | Rapid Eye Movement (Battle-Scarred),ok,,best_deal,2026-04-17T10:55:03.682221+00:00,6.62,,50,True,8,0.0553015822664895,0.0530266819263049,8.33125,8.8525,1/1,6.6906,6.721,6.37,6.601,6.811,6.945,5.141,7.163,704,3.1387319522912738,8.594147012226111,5.246166263115415,0.9477756286266924,14.08,0.0264079464660104,-0.0159645232815963,-0.0256147540983606,-0.0022985716334879,-0.0038152687899931,0.0602373441490161,0.0157728706624606,7,3,2026-06-21T21:46:22.563119+00:00,True,True,True,True,True,True
FAMAS | Rapid Eye Movement (Field-Tested),ok,,best_deal,2026-04-17T10:55:10.623639+00:00,7.12,,50,True,8,0.0469120788313725,0.0427861452674654,7.6475,8.02625,1/1,7.3989,7.399,7.167,7.272,7.521,7.599,6.893,8.027,2129,3.3653651218424314,5.838705753557966,3.1356012380218705,0.9686444114069468,42.58,0.0483418109693585,0.0365309537088678,-0.0154946364719904,-0.0040965994003406,-0.0064387971887468,0.0656443368307775,0.035243475921442,7,3,2026-06-21T21:56:15.641558+00:00,True,True,True,True,True,True
FAMAS | Rapid Eye Movement (Minimal Wear),ok,,best_deal,2026-04-17T10:55:14.438995+00:00,9.06,,50,True,8,0.0170487685700289,0.0154020061578977,9.09,9.25,1/1,8.7668,8.725,8.413,8.576,8.912,9.257,7.399,9.606,942,3.8326413286489975,9.627230004106394,3.558881233745488,0.9642406876790832,18.84,0.0074107895889372,-0.0082483675105967,-0.0077936962750715,0.0002689908895185,-0.0016130372389449,0.0705787224211621,0.0143236687074044,7,3,2026-06-21T22:48:38.058769+00:00,True,True,True,True,True,True
FAMAS | Rapid Eye Movement (Well-Worn),ok,,best_deal,2026-04-17T10:55:19.020589+00:00,6.73,,50,True,8,-0.0003692664348402,0.0,6.705,6.702500000000001,1/1,7.0145,7.023,6.901,6.962,7.074,7.137,6.298,7.397,977,1.596692565400244,3.364459334236221,1.739254401596691,0.9826285063363236,19.54,0.008490198334418,-0.0177413608835055,-0.0294283300478739,-0.0029854665331812,-0.0112880371052347,0.0683301900478746,0.0,7,3,2026-06-22T00:23:31.275097+00:00,True,True,True,True,True,True
FAMAS | Roll Cage (Field-Tested),ok,,best_deal,2026-04-17T10:55:46.909319+00:00,115.47,,50,True,8,-0.0153900673885723,-0.0186047674069127,118.035,116.25375,1/1,133.8555,135.387,125.3495,130.628,137.7175,140.917,115.002,147.249,66,5.296383039919925,11.63007870427438,7.498757989025474,0.9258606808630075,1.32,-0.083067887581009,-0.0791952009715997,-0.0166915309128805,0.0023292098561561,,0.0932150086341959,0.0072085053501517,7,3,2026-06-22T02:14:57.500822+00:00,True,True,True,True,True,True
FAMAS | Yeti Camo (Factory New),ok,,best_deal,2026-04-17T11:12:43.292213+00:00,4.06,,50,True,8,0.0141406841164426,0.0109314567400473,5.17375,5.255,1/1,2.6581,2.65,2.513,2.556,2.7292,2.809,2.321,4.781,706,6.515932432940823,11.135773672924278,5.154057409427787,0.9483018867924528,14.12,-0.0138088541545315,0.0794466403162055,-0.026728439059159,-0.0018082740607584,-0.0217930683861002,0.1805199560600514,0.0735994141340168,7,3,2026-06-21T23:00:37.202793+00:00,True,True,True,True,True,True
Five-SeveN | Angry Mob (Field-Tested),ok,,best_deal,2026-04-17T11:14:08.342759+00:00,58.29,,50,True,8,0.0356192828832539,0.029999484544939,59.8575,62.0925,1/1,68.0083,69.0345,63.011,66.2152,70.446,73.7567,39.564,75.406,120,6.221005377284834,15.800571400843708,8.857007159420235,0.9127465252880808,2.4,-0.0423212103701033,-0.007189263247838,0.0677493464311178,-0.0027290305561809,0.0011148502164104,0.1361828730839428,0.0647564214806132,7,3,2026-06-21T22:09:33.663288+00:00,True,True,True,True,True,True
Five-SeveN | Boost Protocol (Field-Tested),ok,,best_deal,2026-04-17T11:50:49.431112+00:00,3.06,,50,True,8,-0.0080563417492831,-0.0081699346405228,3.3075,3.2775,1/1,4.1271,4.102,3.9268,3.99,4.214,4.342,3.53,5.76,275,5.427539919071507,10.06033292142181,4.245111579559502,0.9572891272549976,5.5,-0.034249190412021,-0.0317766008666344,-0.0524207798327247,-0.0069508914591119,-0.0141307104808383,0.0699900546991547,0.0146693187468921,7,3,2026-06-22T01:18:52.796303+00:00,True,True,True,True,True,True
Five-SeveN | Boost Protocol (Minimal Wear),ok,,best_deal,2026-04-17T11:50:54.440869+00:00,4.96,,50,True,8,-0.0412370546591082,-0.0331023746438802,5.4975000000000005,5.2875000000000005,1/1,6.538,6.406,6.096,6.1705,6.599,7.1735,5.696,8.564,216,6.553992046497408,16.480575099418775,4.741511165494028,0.9516078676241024,4.32,-0.0741339336681475,0.0744091279543601,-0.059700427960057,-0.0143044047110519,-0.0218471607301565,0.1404839566107866,0.0692558598194644,7,3,2026-06-22T05:20:25.439021+00:00,True,True,True,True,True,True
Five-SeveN | Buddy (Factory New),ok,,best_deal,2026-04-17T11:51:24.209915+00:00,15.62,,43,False,8,0.0632284831451398,0.056909941314036,17.89375,19.1125,1/1->1/1,8.7746,8.908,8.0276,8.459,8.978,8.9986,6.522,14.019,67,5.914799535021541,11.066031500011398,10.033505800834224,0.901167489896722,1.558139534883721,-0.0289480902716296,-0.0663844954332814,-0.0166588456123885,-0.0056773667783748,-0.073987452151484,0.3055356716774042,0.0,7,3,2026-06-21T21:40:29.636563+00:00,True,True,True,True,True,True
Five-SeveN | Capillary (Factory New),ok,,best_deal,2026-04-17T11:52:44.821253+00:00,4.28,,31,False,8,0.0235598567246463,0.0172043691848598,4.83875,4.96625,1/1->1/1,2.5814,2.556,2.321,2.459,2.583,2.583,1.799,13.759,124,4.803594948477575,10.149531262105835,9.103587200743778,0.9080594679186228,4.0,-0.0534966151960711,-0.0171539961013645,-0.0221101629169898,-0.0017507352694327,-0.0285400259355365,0.1352637842126141,0.0,7,3,2026-06-21T22:28:24.807778+00:00,True,True,True,True,True,True
Five-SeveN | Forest Night (Factory New),ok,,best_deal,2026-04-17T11:59:26.693789+00:00,8.33,,47,False,8,0.1084895616723101,0.1043334208733448,10.43,11.7,1/1->1/1,3.7167,3.734,3.56,3.6663,3.778,3.8695,3.433,3.947,66,3.005354212069845,8.327279575967927,4.681572362579707,0.953401178361007,1.4042553191489362,0.069293449757467,0.0118662351672058,-0.0357234644050373,-0.0046246901910029,-0.0557931950337426,0.255863539445629,0.0373134328358208,7,3,2026-06-21T21:19:55.874110+00:00,True,True,True,True,True,True
Five-SeveN | Fowl Play (Field-Tested),ok,,best_deal,2026-04-17T12:00:05.436743+00:00,20.24,,50,True,8,0.0204260171708768,0.0192355110500955,21.34,21.785,1/1,21.8478,22.104,20.176,21.633,22.301,22.6004,17.485,24.7,65,3.057516088576421,11.096769468779476,8.824687153855312,0.912775968150561,1.3,-0.0605862976473244,-0.0534781041629123,-0.0758978644790956,-0.0053236544843868,-0.0117670839130353,0.0821314674663239,0.0,7,3,2026-06-21T22:37:38.950838+00:00,True,True,True,True,True,True
Five-SeveN | Fraise Crane (Factory New),ok,,best_deal,2026-04-17T12:00:40.385185+00:00,5.34,,50,True,8,0.0655430711610486,0.0655430711610486,4.99,5.34,1/1,4.7734,4.746,4.685,4.711,4.816,4.951,4.109,5.14,923,2.199689948464397,5.572547869443165,1.2779151129174349,0.9871470712178676,18.46,0.0785467767505209,-0.0171691792294806,-0.0412581699346404,-0.0083750682591906,-0.0211098237950682,0.0613549211759693,0.0,7,3,2026-06-21T21:39:59.641650+00:00,True,True,True,True,True,True
Five-SeveN | Heat Treated (Battle-Scarred),ok,,best_deal,2026-04-17T12:01:01.209995+00:00,4.4,,50,True,8,-0.0385274235537743,-0.031164479335211,4.72375,4.55,1/1,4.149,3.952,3.8058,3.913,4.01,4.1326,3.56,13.984,165,2.337912750060255,7.876596770306097,3.523740660400094,0.963006072874494,3.3,-0.0610954610461835,-0.0054457953394123,0.025195822454308,0.0021705718321134,-0.0112730640276552,0.0990704189481725,0.0245765949318731,7,3,2026-06-22T04:59:47.329586+00:00,True,True,True,True,True,True
Five-SeveN | Heat Treated (Well-Worn),ok,,best_deal,2026-04-17T12:01:19.782780+00:00,4.46,,50,True,8,0.0002554139006451,-0.0033039647577091,4.5375,4.53875,1/1,4.2267,3.961,3.8,3.917,4.013,4.057,2.707,18.33,248,2.271275463127264,6.080393687746955,3.80911822461968,0.9593536985609694,4.96,-0.0223308431507469,0.013127997980308,-0.020263671875,0.0040679458401055,,0.0892100672813356,0.028158484923997,7,3,2026-06-22T00:17:37.149661+00:00,True,True,True,True,True,True
Five-SeveN | Monkey Business (Field-Tested),ok,,best_deal,2026-04-17T12:05:33.543172+00:00,12.9,,50,True,8,0.0704896614787487,0.0573068978322424,16.9175,18.23375,1/1,13.6482,13.598,12.895,13.197,13.82,14.052,9.2,51.21,312,4.564704503157934,8.477308363007577,5.15086238478335,0.94830122076776,6.24,0.0361758089548581,0.0022634676324129,-0.0302233902759527,-0.0048175636469806,-0.009195424879858,0.0426076482987052,0.0022583559168924,7,3,2026-06-21T21:35:54.430783+00:00,True,True,True,True,True,True
Five-SeveN | Monkey Business (Well-Worn),ok,,best_deal,2026-04-17T12:05:50.036489+00:00,12.44,,37,False,8,-0.0486123422653618,-0.0450385948235004,12.75625,12.165,1/1->1/1,12.7416,12.852,12.221,12.5275,13.04,13.12,10.034,17.171,123,4.022257801218052,7.055628806429327,4.952282287938722,0.9509025832555243,3.324324324324324,-0.0854167999729704,-0.0278555866791161,-0.0098272309399271,-0.0029404953992571,0.0013815696687293,0.0657115415399391,0.0178485673123098,7,3,2026-06-22T06:06:44.316185+00:00,True,True,True,True,True,True
Five-SeveN | Violent Daimyo (Factory New),ok,,best_deal,2026-04-17T12:54:03.655428+00:00,3.79,,50,True,8,0.0870925100456565,0.0839057958650993,5.08875,5.5725,1/1,2.9805,2.967,2.635,2.8662,3.078,3.173,2.331,5.239,210,7.106190236537485,18.05066264049657,11.139070625733948,0.888102460397708,4.2,-0.0099781293389869,-0.0822656776803777,-0.0716234652114597,-0.0122036036071848,-0.0616245136348585,0.2094048493754591,0.0,7,3,2026-06-21T21:29:08.160475+00:00,True,True,True,True,True,True
G3SG1 | Flux (Field-Tested),ok,,best_deal,2026-04-17T13:02:35.535130+00:00,6.82,,50,True,8,-0.0495129611995454,-0.0581039755351682,6.9225,6.5975,1/1,9.1469,8.96,8.0385,8.561,10.0,10.287,5.697,12.254,66,15.732105959396078,24.58209885316337,10.074451453497906,0.8971540178571429,1.32,-0.1429477160367064,-0.0374245038826573,-0.0484060134342679,-0.0158107300442275,-0.0197738082789636,0.4645378151260502,0.0915406162464986,7,3,2026-06-22T06:12:27.815824+00:00,True,True,True,True,True,True
G3SG1 | Murky (Factory New),ok,,best_deal,2026-04-17T16:08:31.286182+00:00,3.16,,20,False,8,-0.0466126925989823,-0.0380086181375612,3.16625,3.025,1/1->1/1,5.289,5.3465,4.6056,5.082,5.671,5.9548,3.502,6.081,52,11.136320665532246,25.509548118737,14.00831915295897,0.8614233610773403,2.6,-0.1755698341132262,0.0224896429275991,0.0513184584178498,-0.0164386226627383,-0.0209200750703945,0.6465367547752268,0.1213582867065405,7,3,2026-06-22T05:54:12.206180+00:00,True,True,True,True,True,True
Galil AR | Blue Titanium (Factory New),ok,,best_deal,2026-04-17T16:23:08.011028+00:00,20.88,,50,True,8,0.0914612555888307,0.0735566432717536,21.59875,23.81,1/1,31.8225,32.421,30.249,31.427,32.718,33.617,14.909,35.375,146,4.056877995129245,10.583706496975404,6.825359415507896,0.9330063847506246,2.92,0.0350733827741608,0.0005595622979359,-0.0323637730176625,0.0005090787907696,-0.0350375114640798,0.186230037904679,0.0005592493630771,7,3,2026-06-21T21:26:37.720105+00:00,True,True,True,True,True,True
Galil AR | Chatterbox (Battle-Scarred),ok,,best_deal,2026-04-17T16:24:45.388846+00:00,119.85,,50,True,8,-0.0117352489068062,-0.0194919777183675,123.35875,121.94375,1/1,130.8712,131.516,124.629,126.806,135.585,137.8588,100.335,137.992,57,6.708122184254452,10.10902322283283,5.262425957735535,0.9476337479850362,1.14,-0.0577512330171777,-0.0287113355029046,-0.0569352981129847,-0.001781434202489,-0.0227395318902496,0.0810709253170503,0.0073117269453577,7,3,2026-06-22T01:42:14.236942+00:00,True,True,True,True,True,True
Galil AR | Chromatic Aberration (Battle-Scarred),ok,,best_deal,2026-04-17T17:15:10.609915+00:00,3.49,,50,True,8,-0.0497650942461953,-0.058027136355975,3.6125,3.44125,1/1,3.939,3.951,3.7372,3.881,3.994,4.0736,3.38,5.414,243,2.86874841330288,8.540238639248535,5.427773546585427,0.9458871171855228,4.86,-0.0886848773916877,0.0038013177901672,0.0140809011776752,-0.0027598150645722,-0.0038013856600455,0.0800302953799546,0.0527644534208533,7,3,2026-06-22T06:13:32.715954+00:00,True,True,True,True,True,True
Galil AR | Chromatic Aberration (Field-Tested),ok,,best_deal,2026-04-17T17:15:19.241204+00:00,4.25,,50,True,8,0.0131003187171074,0.0067807085648905,4.3375,4.395,1/1,4.7017,4.695,4.4554,4.53,4.802,4.992,4.04,6.417,923,5.785141544547703,11.412893208839357,5.096029095858951,0.9489669861554844,18.46,-0.0120771155228354,-0.0590277777777776,-0.045181347150259,-0.006018117135626,-0.0211977397076235,0.1113522899934879,0.0262643802908616,7,3,2026-06-21T23:06:13.150996+00:00,True,True,True,True,True,True
Galil AR | Chromatic Aberration (Minimal Wear),ok,,best_deal,2026-04-17T17:15:23.876125+00:00,7.97,,50,True,8,0.0023481567317717,-0.003627569528416,8.1625,8.18125,1/1,8.9199,8.728,8.443,8.577,9.12,9.466,7.173,14.406,309,6.087512191840707,11.468738438771732,3.1951030841152943,0.967346471127406,6.18,-0.0124803852245352,-0.0292436974789916,-0.0297872340425532,-0.0059696058476922,,0.0756001846722069,0.0,7,3,2026-06-22T00:04:02.571009+00:00,True,True,True,True,True,True
Galil AR | Chromatic Aberration (Well-Worn),ok,,best_deal,2026-04-17T17:15:26.637945+00:00,3.6,,50,True,8,-0.0126890709939746,-0.012700264241674,3.5975,3.5525,1/1,4.0277,4.0,3.848,3.938,4.072,4.256,3.369,6.052,385,3.3269607964843435,10.12985078332548,3.7738659781016497,0.962,7.7,-0.0316373457226187,-0.0251682033391477,-0.022,-0.0044713751026588,-0.0139627208837487,0.0912576687116565,0.0053680981595091,7,3,2026-06-22T01:52:30.927066+00:00,True,True,True,True,True,True
Galil AR | Control (Factory New),ok,,best_deal,2026-04-17T17:16:52.357504+00:00,7.6,,50,True,8,0.0198194517013643,0.0185054133204727,7.52,7.6725,1/1,5.1124,5.121,4.855,4.9718,5.191,5.235,4.275,6.98,272,4.287614427666064,7.432908223143726,5.20303575620061,0.9480570201132592,5.44,-0.0160331885134455,-0.0463537626066717,-0.0776589758019133,-0.0107649710503577,-0.0481975498665453,0.1551759202765914,0.0,7,3,2026-06-21T22:39:46.346962+00:00,True,True,True,True,True,True
Galil AR | Crimson Tsunami (Factory New),ok,,best_deal,2026-04-17T17:17:29.833920+00:00,18.14,,50,True,8,0.0333298348131115,0.0317863382309021,18.16875,18.795,1/1,11.6075,11.534,11.076,11.19,11.8592,12.091,10.447,15.007,82,5.765237992677148,8.744346327805289,3.9457247469308654,0.960291312640888,1.64,0.0023046658811994,-0.0238717546610907,-0.058566507016217,-0.0072139391040993,-0.0675885997479908,0.2458050696179935,0.0,7,3,2026-06-21T22:11:17.441995+00:00,True,True,True,True,True,True
Galil AR | Rainbow Spoon (Field-Tested),ok,,best_deal,2026-04-17T17:28:27.092400+00:00,41.06,,50,True,8,-0.0106086289253871,-0.0054899047973568,42.13625,41.6975,1/1,38.105,38.1345,36.5283,37.3835,38.96,39.384,34.459,42.455,218,4.137252329090678,7.494292087652536,4.215194856318072,0.957880659245565,4.36,-0.0381772816947124,0.02832674571805,0.0502166366156247,0.0002175640576528,0.0116861331202362,0.0478155028827674,0.0478155028827674,7,3,2026-06-22T01:34:36.788284+00:00,True,True,True,True,True,True
Galil AR | Rainbow Spoon (Minimal Wear),ok,,best_deal,2026-04-17T17:28:31.810331+00:00,42.85,,50,True,8,-0.0340996312964387,-0.0331753937408055,44.95125,43.4625,1/1,43.2169,42.265,39.7329,40.667,44.541,49.6456,34.995,56.546,102,8.964085809023773,22.937091739574104,5.859050510332763,0.94008990890808,2.04,-0.0830326647275912,0.0890303220966532,0.084986860187574,0.005583925437579,0.0164381202027983,0.1064286031731923,0.0870183547397894,7,3,2026-06-22T04:29:30.985902+00:00,True,True,True,True,True,True
Galil AR | Rocket Pop (Factory New),ok,,best_deal,2026-04-17T17:36:32.272622+00:00,18.06,,50,True,8,0.0045390934030964,0.0096782302664656,19.43375,19.51625,1/1,15.9312,15.36,14.485,15.146,16.001,17.438,12.965,25.12,61,5.366827357637845,18.53595460480064,5.492367178869137,0.9430338541666666,1.22,-0.0434575188965822,-0.0261220767376718,-0.0294413607297042,-0.0115454312576482,-0.0470928221274981,0.1812709030100334,0.000267558528428,7,3,2026-06-21T23:49:08.545704+00:00,True,True,True,True,True,True
Galil AR | Sky Mandala (Factory New),ok,,best_deal,2026-04-17T17:39:49.553011+00:00,3.04,,50,True,8,0.0176809210526315,0.0082236842105263,2.98625,3.04,1/1,2.4793,2.473,2.373,2.425,2.498,2.556,2.312,7.003,782,2.94437946194492,7.381115637478314,4.033396523212183,0.9595632834613832,15.64,0.0017700222596037,-0.024929634097306,-0.0542121684867396,-0.0091945535102263,-0.0344817494426615,0.15340206185567,0.0057731958762885,7,3,2026-06-21T22:46:54.896811+00:00,True,True,True,True,True,True
Glock-18 | AXIA (Field-Tested),ok,,best_deal,2026-04-17T18:18:19.468831+00:00,40.81,,50,True,8,0.0066335487236363,0.0056762092793682,40.2425,40.51125,1/1,37.729,37.713,36.1366,37.255,38.407,39.008,29.623,41.89,315,3.0533541837843408,7.610591322325005,4.1782183466299125,0.9582000901545886,6.3,-0.0178821775402537,0.0088507371171122,0.0019592787735975,-0.0009769562478075,0.0027343979392879,0.0548582300557566,0.0330576328515182,7,3,2026-06-21T23:37:23.091371+00:00,True,True,True,True,True,True
Glock-18 | AXIA (Minimal Wear),ok,,best_deal,2026-04-17T18:18:24.593912+00:00,52.91,,50,True,8,-0.0259693063076425,-0.0358639463108552,56.05375,54.69,1/1,46.2026,45.776,43.841,44.5925,47.1885,50.168,36.941,53.675,131,5.618731413383656,13.694034534853014,4.18807599572319,0.9577289409297448,2.62,-0.056675894854211,-0.0313781572693431,-0.0362224826316228,-0.0002482722438817,-0.0085772891318239,0.1056842608072605,0.033306554921076,7,3,2026-06-22T03:34:43.154864+00:00,True,True,True,True,True,True
Glock-18 | Block-18 (Factory New),ok,,best_deal,2026-04-17T18:18:46.984471+00:00,3.05,,50,True,8,-0.0004084701233281,0.0,3.02625,3.025,1/1,2.8345,2.811,2.766,2.783,2.87,2.932,2.504,5.745,1064,3.069324395837015,5.856412065620037,1.5875815840536225,0.983991462113127,21.28,0.0106740177661695,0.0003559985760057,-0.0471346219057307,-0.0079132489351462,-0.0256857022880632,0.0745551601423488,0.0110320284697509,7,3,2026-06-22T00:24:01.718207+00:00,True,True,True,True,True,True
Glock-18 | Bullet Queen (Field-Tested),ok,,best_deal,2026-04-17T18:21:11.996616+00:00,57.35,,50,True,8,-0.0065092575686673,-0.0073329344953305,62.02125,61.6175,1/1,68.4419,69.101,63.5544,65.436,71.238,73.0092,46.61,76.765,77,8.477263196959745,13.814344721581378,8.104099973846427,0.9197319865124962,1.54,-0.0794535829747328,0.0720186944067542,-0.0286061665824236,0.007342176395197,0.0229161376126547,0.1260776013613285,0.0966290238654421,7,3,2026-06-22T01:06:01.059996+00:00,True,True,True,True,True,True
Glock-18 | Bunsen Burner (Factory New),ok,,best_deal,2026-04-17T18:21:45.218110+00:00,10.14,,50,True,8,0.1011655880009274,0.0900012262962508,11.74875,13.04875,1/1,7.9455,7.973,7.429,7.5365,8.076,8.175,5.804,15.231,79,6.7900069221572,9.38896230570764,6.846642753759985,0.931769722814499,1.58,0.0409315545825921,-0.0661090458488228,-0.0746516053778624,-0.0137721519459938,-0.0853910816286714,0.3287998407748956,0.0067007231473496,7,3,2026-06-21T21:22:35.483450+00:00,True,True,True,True,True,True
Glock-18 | Coral Bloom (Factory New),ok,,best_deal,2026-04-17T18:24:12.183872+00:00,4.18,,50,True,8,0.0038678354067346,-0.0078740157480315,5.395,5.395,1/1,3.2587,3.157,3.028,3.08,3.201,3.4509,2.836,10.287,472,3.71313714057753,12.977567741737497,3.958633811028938,0.9591384225530568,9.44,-0.0153444927302299,0.0370370370370369,0.0185010975227344,0.0035419316188045,-0.0119721130570784,0.1342364532019704,0.0625,7,3,2026-06-21T23:54:05.849699+00:00,True,True,True,True,True,True
Glock-18 | Fully Tuned (Battle-Scarred),ok,,best_deal,2026-04-17T18:26:33.863831+00:00,54.74,,44,False,8,-0.00943094629156,-0.0077639751552794,55.25625,54.74,1/1->1/1,49.9903,49.388,48.331,48.859,50.56,51.703,44.514,64.682,261,3.402660116062518,6.745308589866434,2.1144101955779324,0.9785980400097192,5.931818181818182,-0.0137581049901273,0.0066233189289608,0.0175546029802,-0.0024529595272884,-0.0046496982828171,0.034643931795386,0.0172517552657973,7,3,2026-06-22T01:27:05.248987+00:00,True,True,True,True,True,True
Glock-18 | Fully Tuned (Minimal Wear),ok,,best_deal,2026-04-17T18:26:56.401888+00:00,148.92,,50,True,8,-0.0110965619124362,-0.0062449637389202,150.5725,148.92,1/1,152.6258,150.555,148.313,148.976,153.233,162.107,126.806,185.416,131,2.789174569437149,9.03779046530797,1.468952169292491,0.9851084321344358,2.62,-0.0146119121946977,0.0080898755610503,0.0017025310962299,-8.832718004470053e-05,0.0128824862690484,0.0921270129039138,0.072457875653194,7,3,2026-06-22T01:38:25.932292+00:00,True,True,True,True,True,True
Glock-18 | Fully Tuned (Well-Worn),ok,,best_deal,2026-04-17T18:27:10.327500+00:00,71.6,,36,False,8,-0.003881158659527,-0.0049799419006778,71.965,71.68625,1/1->1/1,68.4229,68.673,67.203,67.8067,69.144,69.864,55.568,71.135,330,1.9544626141248016,3.889048841835119,2.1484035315661845,0.9785942073303918,9.166666666666666,-0.0052216222826463,0.005421792106337,0.0313205459791594,0.0023970258938174,,0.0735532877188913,0.0735532877188913,7,3,2026-06-22T00:50:44.616581+00:00,True,True,True,True,True,True
Glock-18 | Glockingbird (Minimal Wear),ok,,best_deal,2026-04-17T18:28:12.290645+00:00,3.15,,50,True,8,-0.0255782534645768,-0.0153092812517589,3.35625,3.2725,1/1,2.6752,2.626,2.565,2.591,2.716,2.864,1.756,3.146,911,4.672547846889953,11.176734449760763,2.280203349282295,0.9767707539984768,18.22,-0.0227052192907492,0.0203846153846154,0.0102817974105102,-0.0108280932271404,-0.0323553304082104,0.1692423671315491,0.019977384093479,7,3,2026-06-22T03:31:50.144165+00:00,True,True,True,True,True,True
Glock-18 | Green Line (Factory New),ok,,best_deal,2026-04-17T18:29:07.468649+00:00,10.26,,50,True,8,-0.0024487255672541,-0.0008424599831509,12.21,12.18125,1/1,25.5568,25.337,24.0543,24.663,26.55,26.6591,21.671,33.333,204,7.383553496525389,10.192199336380131,5.019016465285163,0.9493744326479064,4.08,-0.0385216159744273,0.0392447093651238,0.1088914500362829,0.0055254315758764,0.0542191083873047,0.1625606282238817,0.1405419970744476,7,3,2026-06-22T00:40:44.607860+00:00,True,True,True,True,True,True
Glock-18 | Grinder (Minimal Wear),ok,,best_deal,2026-04-17T19:09:56.888317+00:00,3.33,,50,True,8,-0.016856618223152,-0.0161982370089707,3.47625,3.41875,1/1,3.9901,3.698,3.4204,3.5777,3.7515,4.3803,3.179,33.83,182,4.355780556878273,24.057041176912865,6.957219117315357,0.92493239588967,3.64,-0.0730984497852079,-0.0139897767016411,-0.0784510937892883,-0.0084689429469278,-0.0526062643819412,0.2155525238744885,0.0657571623465211,7,3,2026-06-22T02:27:38.306626+00:00,True,True,True,True,True,True
Glock-18 | Mirror Mosaic (Battle-Scarred),ok,,best_deal,2026-04-17T19:11:50.855473+00:00,5.08,,50,True,8,0.0466219057581521,0.0433643825851936,5.265,5.5175,1/1,4.2889,4.271,3.954,4.013,4.462,4.576,3.688,12.162,286,10.468884795635242,14.502553102194025,7.391172561729109,0.925778506204636,5.72,-0.0107424343980624,0.1149425287356322,0.0321535970390931,0.0060457910044948,0.0086755890935232,0.1250560286866875,0.1030927835051546,7,3,2026-06-21T21:56:51.832813+00:00,True,True,True,True,True,True
Glock-18 | Mirror Mosaic (Well-Worn),ok,,best_deal,2026-04-17T19:12:05.742911+00:00,6.92,,50,True,8,0.0113702753482795,0.0071022870574942,6.94875,7.02875,1/1,5.9282,5.929,5.5768,5.7648,6.0827,6.3352,3.892,6.948,300,5.3625046388448405,12.7930906514625,5.941095104753548,0.94059706527239,6.0,-0.0311387148989708,0.0252043010752687,-0.0401095360824743,-0.0066667873211617,-0.0010981452770059,0.0827320020137607,0.0396039603960395,7,3,2026-06-21T23:12:19.040954+00:00,True,True,True,True,True,True
Glock-18 | Moonrise (Factory New),ok,,best_deal,2026-04-17T19:12:16.283702+00:00,4.35,,50,True,8,0.0156692461955316,0.0156456456456456,4.39375,4.46375,1/1,4.9451,4.45,4.275,4.354,4.517,4.962,4.017,30.397,331,3.296192190248939,13.89254009019028,3.538856645972777,0.9606741573033708,6.62,-0.0020802208374041,-0.0247191011235955,-0.0415194346289752,-0.0104676153295954,-0.020002108559786,0.0872119815668204,0.0,7,3,2026-06-21T22:54:22.342351+00:00,True,True,True,True,True,True
Glock-18 | Neo-Noir (Field-Tested),ok,,best_deal,2026-04-17T19:12:55.213281+00:00,40.51,,50,True,8,-0.0036455164349182,-0.0027973729019703,40.86125,40.71125,1/1,47.7859,47.7035,44.191,46.105,49.9125,50.6436,37.499,58.903,60,7.967831515154061,13.50314632558976,7.3504946019641695,0.926368086199126,1.2,-0.0703020088381157,-0.0511730907349773,0.0152634275467509,-0.0045234732440636,,0.1030930002733448,0.0491599907483336,7,3,2026-06-22T00:49:16.495681+00:00,True,True,True,True,True,True
Glock-18 | Nuclear Garden (Factory New),ok,,best_deal,2026-04-17T19:14:15.233897+00:00,30.46,,50,True,8,-0.0258930858331176,-0.0309703160661645,38.7625,37.805,1/1,114.9151,115.002,105.13,110.011,120.1333,123.3023,97.997,126.505,234,8.80850297306447,15.813674617173904,8.59068999635383,0.9141580146432235,4.68,-0.0967130190824355,0.0383393600952075,-0.0579641534193784,-0.0100277204919551,-0.0385352074447259,0.1851079587032612,0.0371088756248732,7,3,2026-06-22T03:33:38.297189+00:00,True,True,True,True,True,True
Glock-18 | Royal Legion (Minimal Wear),ok,,best_deal,2026-04-17T19:20:10.827194+00:00,8.5,,50,True,8,-0.040217197815057,-0.040850438484557,8.73875,8.40125,1/1,9.414,9.065,8.4338,8.672,9.67,10.5292,7.189,17.381,65,10.601232207350748,22.25833864457191,6.704907584448691,0.930369553226696,1.3,-0.100031716939192,-0.1007043389429539,-0.0139134536021695,-0.0229022394563383,-0.1016997417906073,0.4084658615329428,0.0,7,3,2026-06-22T05:12:45.110489+00:00,True,True,True,True,True,True
Glock-18 | Shinobu (Battle-Scarred),ok,,best_deal,2026-04-17T19:22:30.705000+00:00,4.62,,50,True,8,0.0181687449062231,0.0117065662089358,56.55375,58.62375,1/1,4.8685,4.84,4.694,4.79,4.96,5.044,4.511,5.361,1215,3.4918352675362008,7.1890726096333495,2.998870288589913,0.9698347107438016,24.3,0.0162424524438403,0.0189149864892954,-0.011494252873563,0.0012741717845714,0.0107828400910698,0.0565075479396163,0.0448796409628722,7,3,2026-06-21T22:45:10.774665+00:00,True,True,True,True,True,True
Glock-18 | Shinobu (Field-Tested),ok,,best_deal,2026-04-17T19:22:40.951323+00:00,5.49,,50,True,8,0.0111816385859219,0.010948905109489,5.415,5.47625,1/1,5.9384,5.892,5.715,5.812,6.016,6.229,5.636,6.631,3044,3.4352687592617497,8.655530109120306,2.980600835241824,0.969959266802444,60.88,0.0172066363340502,-0.0049683056364571,-0.0018903591682419,-0.0028982791754149,0.0041223037578317,0.0618112947658402,0.0325413223140495,7,3,2026-06-21T23:12:54.807866+00:00,True,True,True,True,True,True
Glock-18 | Shinobu (Minimal Wear),ok,,best_deal,2026-04-17T19:22:46.867779+00:00,10.05,,50,True,8,-0.0003760192166274,0.0,10.09875,10.095,1/1,11.0534,10.968,10.732,10.871,11.134,11.4982,10.0,14.243,933,2.3793583874644897,6.931803788879452,2.135089655671564,0.9784828592268416,18.66,0.0041447544965792,0.0744186046511627,0.0837089504185448,0.0071148975936375,0.0244738820038639,0.0890416772769715,0.0890416772769715,7,3,2026-06-22T00:23:46.626760+00:00,True,True,True,True,True,True
Glock-18 | Shinobu (Well-Worn),ok,,best_deal,2026-04-17T19:22:52.467458+00:00,4.87,,50,True,8,0.0098763986842777,0.0072571777117231,4.92625,4.97375,1/1,5.0538,5.025,4.8648,4.973,5.153,5.239,4.511,5.63,1353,3.561676362341203,7.404329415489337,3.1698919624836868,0.9681194029850744,27.06,0.0071392323932876,-0.011451135241856,-0.0216881594372803,0.0010031798090234,0.0023496297822522,0.0453365288595964,0.0101857399640501,7,3,2026-06-21T23:18:48.835619+00:00,True,True,True,True,True,True
Glock-18 | Snack Attack (Field-Tested),ok,,best_deal,2026-04-17T19:23:22.903489+00:00,17.85,,50,True,8,-0.0008863190872332,0.0052219321148824,18.51125,18.5,1/1,23.6509,24.144,20.8998,22.9348,24.474,25.232,14.762,31.449,58,6.5079975814873885,18.317273338435324,13.717025567737377,0.8656312127236581,1.16,-0.1313674997415883,-0.0179301602878639,-0.0276315789473684,0.0003907862447429,,0.0571250130113458,0.0049130842094305,7,3,2026-06-22T00:30:05.475448+00:00,True,True,True,True,True,True
Glock-18 | Vogue (Factory New),ok,,best_deal,2026-04-17T19:27:17.699235+00:00,15.62,,50,True,8,-0.0148438076992892,-0.0217185070936309,16.0375,15.805,1/1,17.2426,16.891,16.374,16.629,17.432,17.742,15.26,30.94,179,4.657070279424201,7.933838284249488,2.998387714149835,0.9693919838967496,3.58,-0.0316103752807101,-0.0149051490514903,-0.0413370026373122,-0.0098367080156861,,0.091651217032474,0.0066383589498236,7,3,2026-06-22T02:10:30.423196+00:00,True,True,True,True,True,True
Glock-18 | Vogue (Field-Tested),ok,,best_deal,2026-04-17T19:27:21.581271+00:00,4.0,,50,True,8,0.0119753357048687,0.008118738480864,4.43,4.4825,1/1,4.3816,4.357,4.266,4.28,4.45,4.58,3.926,4.93,2624,3.879861237903961,7.1663319335402615,2.0768668979368314,0.979114069313748,52.48,0.0257704946972993,-0.0092102233479162,-0.058218428540162,-0.0020168057551085,-0.0149127113420148,0.061817336741808,0.0,7,3,2026-06-21T23:10:03.234647+00:00,True,True,True,True,True,True
Glock-18 | Vogue (Minimal Wear),ok,,best_deal,2026-04-17T19:27:25.157285+00:00,6.23,,50,True,8,0.0014938398456623,0.0,6.5375,6.547499999999999,1/1,7.5239,7.46,7.0135,7.154,7.746,8.05,6.363,11.295,746,7.868259812065557,13.776100160820864,5.93442230757985,0.94014745308311,14.92,-0.0338115219621032,0.0484618626211548,-0.0563843236409608,0.0017633136822393,,0.1059753483386924,0.0462218649517685,7,3,2026-06-22T00:09:01.875142+00:00,True,True,True,True,True,True
Glock-18 | Wasteland Rebel (Field-Tested),ok,,best_deal,2026-04-17T20:08:58.808213+00:00,115.01,,50,True,8,-0.0239267816593448,-0.030594927818325,116.49375,113.77125,1/1,129.7233,130.535,122.147,125.997,133.8105,136.94,116.112,139.492,56,6.023204775086658,11.403502686101874,6.466070474617891,0.9357413720458116,1.12,-0.0820607691869486,0.0678077682685978,0.0203944288389512,0.0047629645332676,0.0291989233933771,0.1201502595130903,0.1201502595130903,7,3,2026-06-22T03:18:25.462103+00:00,True,True,True,True,True,True
Glock-18 | Water Elemental (Battle-Scarred),ok,,best_deal,2026-04-17T20:09:30.814215+00:00,19.56,,33,False,8,-0.0349479953932352,-0.0393520046196996,20.15125,19.47125,1/1->1/1,20.4663,20.671,18.816,19.857,21.21,21.634,17.746,23.568,103,6.610867621406906,13.7689763171653,9.063680293946636,0.910260751777853,3.121212121212121,-0.1132842989628549,0.0392300552054325,0.074994946432181,0.017303066914267,,0.1146342610003761,0.1078883038736366,7,3,2026-06-22T04:35:45.871765+00:00,True,True,True,True,True,True
Glock-18 | Water Elemental (Field-Tested),ok,,best_deal,2026-04-17T20:09:42.577304+00:00,19.42,,50,True,8,0.0133352401868276,0.0111145296618633,19.78875,20.05875,1/1,21.604,21.812,20.569,21.2033,21.99,22.187,19.599,29.752,374,3.641455286058136,7.489353823366053,5.753564154786161,0.9430130203557674,7.48,-0.0256324843158997,-0.0046692064671993,-0.0150567789986667,-0.0030819928942367,-0.0062143030075693,0.0382990641118395,0.004667771372558,7,3,2026-06-21T23:04:49.139472+00:00,True,True,True,True,True,True
Glock-18 | Water Elemental (Minimal Wear),ok,,best_deal,2026-04-17T20:09:47.204947+00:00,20.32,,50,True,8,-0.006887767244525,-0.0085042521260632,20.50875,20.36875,1/1,23.1792,23.131,22.004,22.545,23.7207,24.4382,20.442,26.505,260,5.072219921308755,10.501656657693092,4.862117760751013,0.951277506376724,5.2,-0.03966111106207,-0.0412013376238249,-0.0323895232839496,-0.004426498683891,-0.0176489080070409,0.0819513907168554,0.0067122927086074,7,3,2026-06-22T01:10:30.626728+00:00,True,True,True,True,True,True
M4A1-S | Atomic Alloy (Field-Tested),ok,,best_deal,2026-04-17T21:16:13.825562+00:00,32.46,,50,True,8,-0.0206395922330413,-0.0112697703094001,34.4575,33.78625,1/1,31.4129,30.755,29.445,30.066,32.0398,32.555,24.703,49.753,60,6.28340586192297,9.900391240541303,4.170261262092958,0.9574052999512276,1.2,-0.0554937512375267,-0.0370840338800241,-0.0411902204813949,-0.002464187507689,-0.0202932540997327,0.0778810041510181,0.0,7,3,2026-06-22T02:55:59.096893+00:00,True,True,True,True,True,True
M4A1-S | Basilisk (Minimal Wear),ok,,best_deal,2026-04-17T21:16:48.743822+00:00,10.63,,50,True,8,-0.0011852294913855,0.0,11.02,11.00625,1/1,14.2112,14.01,12.9512,13.218,14.699,15.2456,9.612,25.604,215,10.42135780229678,16.145012384598058,7.450461607746002,0.9244254104211278,4.3,-0.0612043281768297,-0.0515759312320917,-0.0743200727120184,-0.0161631738193667,-0.0706225744760863,0.2682779456193354,0.004607250755287,7,3,2026-06-22T00:31:58.662248+00:00,True,True,True,True,True,True
M4A1-S | Black Lotus (Battle-Scarred),ok,,best_deal,2026-04-17T21:17:05.341670+00:00,5.7,,50,True,8,-0.0202402896450752,-0.028218782660628,6.0025,5.89,1/1,5.7358,5.719,5.51,5.588,5.894,5.978,5.024,6.195,834,5.334914048606995,8.159280309634227,3.6437811639178577,0.963455149501661,16.68,-0.0317284560707126,0.0752764894755617,0.0055045871559631,-0.0001349019468252,-0.0142281794545378,0.1259953550099535,0.0737392169873921,7,3,2026-06-22T02:54:24.878348+00:00,True,True,True,True,True,True
M4A1-S | Black Lotus (Factory New),ok,,best_deal,2026-04-17T21:17:08.343024+00:00,20.15,,50,True,8,-0.0017890674535433,0.0,20.4475,20.41125,1/1,20.1556,19.933,19.387,19.727,20.179,20.522,17.519,43.624,504,2.242552938141252,5.6311893468812535,2.7089245668697504,0.9726082375959464,10.08,-0.0079875179143925,-0.029175304646812,-0.0610787813585017,-0.0060053452387322,-0.0348261335028778,0.1035416666666666,0.0,7,3,2026-06-22T00:36:38.436337+00:00,True,True,True,True,True,True
M4A1-S | Black Lotus (Field-Tested),ok,,best_deal,2026-04-17T21:17:13.884363+00:00,5.89,,50,True,8,0.0146791149565391,0.0148148248504291,6.2775,6.37,1/1,5.5652,5.53,5.374,5.462,5.653,5.824,5.273,6.081,6096,3.432041975131169,8.085962768633655,2.8031337597930097,0.9717902350813742,121.92,0.0284402283902958,-0.0105685131195336,-0.0584359285590428,-0.0085282687344431,-0.038018311063267,0.1224677716390423,0.0060773480662982,7,3,2026-06-21T22:57:52.220218+00:00,True,True,True,True,True,True
M4A1-S | Black Lotus (Minimal Wear),ok,,best_deal,2026-04-17T21:17:18.292028+00:00,8.86,,50,True,8,-0.0104608199337568,-0.0135811735197993,9.75375,9.65625,1/1,9.7399,9.69,9.501,9.575,9.832,10.041,8.952,10.545,1704,2.6386307867637395,5.544204765962698,1.9404716680869416,0.9804953560371517,34.08,0.0010356550792538,0.0200062519537356,-0.0021406727828746,-0.0019861545524901,-0.0094149036207809,0.0840739605679845,0.019613852283175,7,3,2026-06-22T01:33:33.816153+00:00,True,True,True,True,True,True
M4A1-S | Black Lotus (Well-Worn),ok,,best_deal,2026-04-17T21:17:23.496247+00:00,6.65,,50,True,8,-0.0081903685425216,-0.0063398140321216,7.35,7.2875,1/1,5.9238,5.88,5.6313,5.761,6.029,6.2377,4.671,8.932,284,4.5241230291367,10.23667240622573,4.198318646814537,0.9577040816326532,5.68,-0.033678025761156,-0.0366394001363328,-0.0674694820191357,-0.0062831716751071,-0.0353322906779577,0.124004953122236,0.0,7,3,2026-06-22T01:20:32.303891+00:00,True,True,True,True,True,True
M4A1-S | Blood Tiger (Minimal Wear),ok,,best_deal,2026-04-17T21:17:36.075009+00:00,5.8,,50,True,8,-0.0474683011089289,-0.0388310195524903,6.07625,5.80125,1/1,6.3252,6.206,5.876,6.084,6.3742,6.9073,5.027,14.342,204,4.587997217479297,16.304622778726362,5.217226332764183,0.9468256525942635,4.08,-0.0855232901908923,-0.0775757575757575,-0.0158422243776268,-0.0064305607100393,-0.0210941714743786,0.0988830486202364,0.0147831800262811,7,3,2026-06-22T06:00:17.474413+00:00,True,True,True,True,True,True
M4A1-S | Control Panel (Field-Tested),ok,,best_deal,2026-04-17T21:20:36.297566+00:00,14.52,,50,True,8,0.0163982172926333,0.0197786816950434,14.58375,14.8275,1/1,31.6425,31.885,30.101,30.733,32.474,33.098,27.719,34.271,159,5.502093703089188,9.471438729556766,5.637986884727827,0.9440489258271914,3.18,-0.0275581259191442,0.0281108405511203,0.1017341040462427,0.0103837669669188,0.0431581516724148,0.1391695397991304,0.1391695397991304,7,3,2026-06-21T22:52:12.977920+00:00,True,True,True,True,True,True
M4A1-S | Control Panel (Well-Worn),ok,,best_deal,2026-04-17T21:20:45.090828+00:00,5.65,,50,True,8,-0.0367769654763714,-0.0271487591899077,5.96625,5.75625,1/1,6.7676,6.69,6.1447,6.292,6.98,7.5148,5.28,10.348,194,10.166085466044102,20.244990838702048,8.057509309060821,0.9184902840059792,3.88,-0.1035836621269254,0.009321966377181,-0.0798954096455549,-0.0203815408335262,-0.0686975234903373,0.2718661193558572,0.0148405431007261,7,3,2026-06-22T04:48:23.581909+00:00,True,True,True,True,True,True
M4A1-S | Cyrex (Field-Tested),ok,,best_deal,2026-04-17T21:21:09.628039+00:00,185.39,,50,True,8,0.0313909230979879,0.0317694537232746,191.1225,197.315,1/1,203.3257,203.863,199.5016,202.573,205.945,208.951,172.502,209.998,78,1.658422914565146,4.64742037037128,2.145031346258738,0.9786062208443904,1.56,0.0181054089416375,-0.0043938329065645,-0.0113278085253838,-0.0006804743415239,0.0049927762273453,0.0489058265415429,0.0322599754162696,7,3,2026-06-21T22:15:19.271120+00:00,True,True,True,True,True,True
M4A1-S | Decimator (Battle-Scarred),ok,,best_deal,2026-04-17T21:21:38.389824+00:00,14.17,,50,True,8,-0.0043569679285973,-0.0078125,14.41125,14.3675,1/1,13.7967,13.815,13.148,13.42,14.2562,14.4725,10.75,15.456,256,6.0608696282444345,9.600121768248933,4.834489406887153,0.9517191458559536,5.12,-0.0369668335545576,0.0615007064772812,0.0211761339247389,0.0062653006113542,0.0138590397426903,0.0870113493064313,0.0579375087571808,7,3,2026-06-22T00:53:25.822088+00:00,True,True,True,True,True,True
M4A1-S | Decimator (Factory New),ok,,best_deal,2026-04-17T21:21:44.069415+00:00,75.42,,50,True,8,0.0078102852230882,0.0084237583025092,79.3975,80.03999999999999,1/1,74.0498,73.1565,68.1521,71.5217,75.007,77.7982,56.851,143.99,50,4.70669738473299,13.026503785290425,6.758154647277899,0.9315932282162216,1.0,-0.0537506613364111,0.0105898899644245,0.0001364628820961,-0.0469340325225538,-0.0491523873804817,0.5275003411106562,0.0631191158411789,7,3,2026-06-21T23:31:02.242108+00:00,True,True,True,True,True,True
M4A1-S | Decimator (Field-Tested),ok,,best_deal,2026-04-17T21:21:49.461686+00:00,13.63,,50,True,8,0.0025442266564236,0.0,13.72625,13.76125,1/1,15.1612,15.022,14.3232,14.699,15.489,16.202,11.456,20.123,709,5.210669340157778,12.392158932010672,4.60913384164842,0.953481560378112,14.18,-0.0199216763288713,0.0291694352159468,0.0147405660377359,-0.0026904136176927,,0.0851572083414035,0.0706953321712183,7,3,2026-06-22T00:03:04.128495+00:00,True,True,True,True,True,True
M4A1-S | Decimator (Minimal Wear),ok,,best_deal,2026-04-17T21:21:55.256895+00:00,20.45,,50,True,8,-0.0022247251576531,0.0,20.70375,20.65875,1/1,25.1281,24.73,23.592,24.073,25.635,27.449,20.453,40.71,295,6.216148455314971,15.349349930953805,4.528794457201308,0.9539830165790536,5.9,-0.030735687914921,0.128629195309341,0.1282870136432541,0.0103357326063257,0.032360412006239,0.1369710866683386,0.1369710866683386,7,3,2026-06-22T00:38:25.989897+00:00,True,True,True,True,True,True
M4A1-S | Electrum (Minimal Wear),ok,,best_deal,2026-04-17T21:22:25.702448+00:00,5.71,,50,True,8,0.0039404553415061,0.0017513134851138,5.6875,5.71,1/1,3.9267,3.931,3.64,3.75,4.066,4.245,3.452,4.529,2904,8.047469885654616,15.407339496269133,7.410802964321183,0.9259730348511828,58.08,-0.0347387645689075,0.0485592315901814,-0.0412295681873627,-0.0121236454340026,-0.042728590587258,0.1697201017811704,0.0463104325699745,7,3,2026-06-21T23:53:35.553004+00:00,True,True,True,True,True,True
M4A1-S | Fade (Factory New),ok,,best_deal,2026-04-17T21:23:02.809552+00:00,350.39,,50,True,8,-0.0150684993734153,-0.0159555784725993,412.19125,406.17125,1/1,357.4223,353.2895,336.974,345.279,363.789,376.834,261.505,458.06,116,5.178747940461462,11.15207417108558,4.564768342657967,0.953818327462322,2.32,-0.0502934211259142,0.0306213829557062,0.0151836776171307,0.0004652881700285,-0.0018913551543443,0.0764748735544611,0.0438812593669798,7,3,2026-06-22T02:11:38.604414+00:00,True,True,True,True,True,True
M4A1-S | Fizzy POP (Factory New),ok,,best_deal,2026-04-17T21:23:21.679068+00:00,13.78,,50,True,8,0.0663133829099773,0.0586789223422301,16.8,17.99625,1/1,26.5649,27.06,23.941,25.354,27.832,28.661,21.28,30.388,181,9.328098355348605,17.767806391140198,11.741056808043696,0.8847376201034738,3.62,-0.0378043456593371,-0.0385928065108952,0.0015628662967883,-0.0244597355192547,-0.0695648330201873,0.3782476398533197,0.1065381914644613,7,3,2026-06-21T21:39:20.625669+00:00,True,True,True,True,True,True
M4A1-S | Flashback (Battle-Scarred),ok,,best_deal,2026-04-17T21:23:43.631655+00:00,3.31,,50,True,8,-0.0094927232868358,-0.0108504256965943,3.45625,3.435,1/1,3.8798,3.97,3.5134,3.8173,4.033,4.044,2.3,4.491,174,5.559564926027127,13.675962678488576,11.768647868446838,0.8849874055415616,3.48,-0.1141536416913412,-0.0576441102756892,-0.038117165515477,-0.0097248484536174,-0.0168220618006201,0.0843085106382979,0.0,7,3,2026-06-22T01:27:21.130221+00:00,True,True,True,True,True,True
M4A1-S | Flashback (Factory New),ok,,best_deal,2026-04-17T21:23:58.612001+00:00,57.38,,45,False,8,-0.0133136999486974,-0.0153576654603758,62.595,61.8375,1/1->1/1,201.8091,205.007,183.0538,187.57,216.2925,219.368,18.443,222.57,103,14.232509832311822,17.994332267474558,10.8782012307671,0.8929148760774022,2.2888888888888888,-0.1117547282239761,0.0091886971399703,-0.0268080373556879,-0.0144770959367168,,0.2049695160825687,0.1334397476281103,7,3,2026-06-22T01:58:24.074000+00:00,True,True,True,True,True,True
M4A1-S | Flashback (Field-Tested),ok,,best_deal,2026-04-17T21:24:04.211420+00:00,3.91,,50,True,8,-0.0035364120415666,-0.0012886597938144,3.8975,3.88375,1/1,5.5895,5.575,5.252,5.331,5.758,5.9064,4.515,7.495,523,7.639323731997488,11.70766615976384,5.77869219071474,0.9420627802690582,10.46,-0.0401396415960865,0.0,-0.0177076909523389,-0.0101592359780272,-0.1043790966015072,0.5026905829596413,0.0551569506726457,7,3,2026-06-22T00:48:18.613952+00:00,True,True,True,True,True,True
M4A1-S | Glitched Paint (Factory New),ok,,best_deal,2026-04-17T21:24:21.274022+00:00,15.19,,50,True,8,-0.0011291371893884,-0.0009669102740499,15.51125,15.49375,1/1,12.2412,12.096,11.8451,11.965,12.181,12.415,10.505,25.311,360,1.764532888932452,4.655589321308359,2.049635656634968,0.9792576058201058,7.2,-0.0033492167080637,-0.004382700735963,-0.0370311125329921,-0.0043683649025536,-0.0465022518320062,0.1837209302325581,0.011627906976744,7,3,2026-06-22T00:31:45.429978+00:00,True,True,True,True,True,True
M4A1-S | Glitched Paint (Minimal Wear),ok,,best_deal,2026-04-17T21:24:30.672082+00:00,5.13,,50,True,8,0.019092635704173,0.0190839694656489,5.1375,5.237500000000001,1/1,4.9944,4.964,4.761,4.877,5.07,5.244,3.983,15.365,956,3.8643280474131134,9.670831331090817,4.06455229857441,0.959105560032232,19.12,0.0045196722461067,0.0364306180925091,-0.0334033212445122,-0.0023302447613078,-0.0105605039531163,0.1109794628751975,0.0351500789889415,7,3,2026-06-21T22:42:52.839038+00:00,True,True,True,True,True,True
M4A1-S | Golden Coil (Field-Tested),ok,,best_deal,2026-04-17T21:24:54.042636+00:00,69.4,,50,True,8,0.0006403941617678,-6.187353050357558e-05,76.4825,76.5425,1/1,82.6805,81.642,78.8855,79.156,85.9317,88.3105,61.43,97.279,66,8.19503994291278,11.399302132909224,3.3339179129298966,0.9662367408931676,1.32,-0.0253890252697131,-0.0787126882912855,-0.0453653164799388,-0.0026647992164755,,0.1038693984000803,0.009830227950949,7,3,2026-06-22T00:13:39.129888+00:00,True,True,True,True,True,True
M4A1-S | Hyper Beast (Field-Tested),ok,,best_deal,2026-04-17T21:26:18.255061+00:00,123.45,,50,True,8,0.0288446767525486,0.0282287661383399,130.80125,134.695,1/1,136.6461,138.891,130.183,133.2915,140.47,141.94,111.045,148.327,91,5.253351540951396,8.603977720549658,6.372666325639736,0.9373033529890346,1.82,-0.0258770043374615,-0.0525165515768492,-0.0332110558239203,-0.0027863478829913,-0.007016404162314,0.0679675114393694,0.0017957368156099,7,3,2026-06-21T22:19:30.603710+00:00,True,True,True,True,True,True
M4A1-S | Leaded Glass (Factory New),ok,,best_deal,2026-04-17T22:08:32.011160+00:00,49.71,,50,True,8,-0.0181841487849005,-0.0191738078577524,49.84875,48.95875,1/1,56.0095,56.815,49.129,52.8092,59.475,60.8131,45.997,62.435,52,11.9011953329346,20.860925378730396,13.72267204670636,0.8647188242541582,1.04,-0.1492182659034461,0.1750111034844754,-0.0331888174615039,-0.008126137644474,,0.2583715616033538,0.1489442124976376,7,3,2026-06-22T02:36:24.098149+00:00,True,True,True,True,True,True
M4A1-S | Leaded Glass (Field-Tested),ok,,best_deal,2026-04-17T22:08:36.519469+00:00,9.99,,50,True,8,0.0231472240830966,0.0226348160400157,10.1375,10.3775,1/1,11.1391,11.168,10.906,11.046,11.264,11.408,9.597,12.157,679,1.9570701403165425,4.506647754306891,2.3520751227657413,0.9765401146131808,13.58,0.0229016233350783,-0.0024081341419907,-0.010789776244804,-0.0007278297218065,-0.0017273295971982,0.0194903889137237,0.008582923558337,7,3,2026-06-21T22:29:59.629786+00:00,True,True,True,True,True,True
M4A1-S | Leaded Glass (Minimal Wear),ok,,best_deal,2026-04-17T22:08:41.994177+00:00,10.67,,50,True,8,0.0140941291506441,0.0154620611631108,10.49,10.64,1/1,12.4333,12.197,11.656,11.977,12.96,13.5718,9.606,15.386,387,7.906187416052059,15.408620398446102,4.351218099780417,0.9556448306960728,7.74,-0.010587823194472,-0.0191176470588235,-0.0038994441217954,-0.0034015433906486,0.0008964309088073,0.0559720139930035,0.0014992503748126,7,3,2026-06-21T23:01:03.961596+00:00,True,True,True,True,True,True
M4A1-S | Mecha Industries (Field-Tested),ok,,best_deal,2026-04-17T22:10:42.724676+00:00,113.07,,50,True,8,-0.010710051098047,-0.0120261631237039,114.04125,112.8425,1/1,129.0073,129.886,121.7326,126.523,132.3355,135.808,98.006,140.007,59,4.5055589877472055,10.910545372238618,6.320107466786756,0.9372264909228092,1.18,-0.0671419958938224,-0.0531665969349015,-0.066268328277696,-0.0078750667628275,,0.0952832967824295,0.0,7,3,2026-06-22T01:35:45.986591+00:00,True,True,True,True,True,True
M4A1-S | Nightmare (Battle-Scarred),ok,,best_deal,2026-04-17T22:12:38.960518+00:00,8.49,,50,True,8,-0.0109617974033434,-0.003579258166768,8.49875,8.40625,1/1,8.1763,8.184,7.856,8.041,8.373,8.5508,7.146,9.03,323,4.060516370485415,8.497731247630357,4.011594486503668,0.959921798631476,6.46,-0.0336229657189267,-0.0227946066872243,-0.0725352920922758,-0.0041515430279603,-0.0211589701955273,0.0831580249969061,0.0049498824402919,7,3,2026-06-22T01:36:57.795649+00:00,True,True,True,True,True,True
M4A1-S | Nightmare (Well-Worn),ok,,best_deal,2026-04-17T22:12:57.878794+00:00,8.41,,50,True,8,-0.004830007342529,0.0,8.35125,8.31125,1/1,8.3796,8.323,8.0042,8.1135,8.52,8.934,7.218,12.99,395,4.851066876700552,11.095995035562538,3.804477540694061,0.961696503664544,7.9,-0.0238869826165713,0.0914522619192781,0.0074282498593134,0.0053816799061703,0.0077777643166043,0.0846274159311809,0.0843481175287678,7,3,2026-06-22T00:56:58.919299+00:00,True,True,True,True,True,True
M4A1-S | Player Two (Field-Tested),ok,,best_deal,2026-04-17T22:14:24.192184+00:00,58.88,,50,True,8,0.1082003116532106,0.1024151881140538,67.24375,75.41624999999999,1/1,67.9331,68.246,63.9946,65.8208,70.889,71.714,50.168,75.731,154,7.460575183526132,11.363238244684846,6.258215803489016,0.937704773906163,3.08,0.057831356880118,-0.0434246908981504,0.0339925355798864,-0.009400481701851,0.0009230524594334,0.1021821830817156,0.0370686556434219,7,3,2026-06-21T21:20:09.411440+00:00,True,True,True,True,True,True
M4A1-S | Printstream (Field-Tested),ok,,best_deal,2026-04-17T22:14:55.595031+00:00,213.27,,50,True,8,4.879006412251974e-05,0.0,230.38875,230.395,1/1,246.5128,245.839,228.5963,233.8487,252.145,277.9223,186.439,301.006,58,7.422048672523294,20.009508634034415,6.994646931112698,0.9298618201343156,1.16,-0.0632086042239858,-0.0090423874893563,-0.0135739122884631,-0.0009193103919618,,0.1897744133993914,0.0169713888120447,7,3,2026-06-22T00:20:20.580793+00:00,True,True,True,True,True,True
M4A1-S | Solitude (Factory New),ok,,best_deal,2026-04-17T22:16:05.964311+00:00,32.04,,50,True,8,0.0040064540895788,0.0051778033250735,35.34375,35.5125,1/1,31.7588,30.39,28.379,29.417,31.464,35.025,27.084,97.57,187,6.445457636938413,20.926483368389228,6.332103228081663,0.9338269167489306,3.74,-0.0457990113577561,0.0543121254190228,0.0024790727623953,-0.005259180458142,-0.0099606886869798,0.1447474066223463,0.0859748851848283,7,3,2026-06-21T23:53:07.461918+00:00,True,True,True,True,True,True
M4A1-S | Solitude (Minimal Wear),ok,,best_deal,2026-04-17T22:16:13.047484+00:00,5.15,,50,True,8,-0.0178929340828793,-0.0288069571519159,5.56625,5.46875,1/1,5.701,5.628,5.357,5.473,5.829,6.2101,5.237,9.57,1424,6.2445185055253445,14.964041396246266,4.753552008419574,0.9518479033404408,28.48,-0.0360379045833347,0.0887053330939127,0.0274529740721911,0.003473744356037,0.0084780093599545,0.1174336137225795,0.1090219363351475,7,3,2026-06-22T02:33:53.457637+00:00,True,True,True,True,True,True
M4A1-S | Stratosphere (Field-Tested),ok,,best_deal,2026-04-17T22:16:36.241039+00:00,7.31,,50,True,8,-0.0255719392427008,-0.0242484413735444,7.73125,7.53875,1/1,6.3453,6.269,6.033,6.12,6.555,6.724,5.889,7.756,970,6.855467826580297,10.889950041763193,3.719288292121724,0.9623544424948158,19.4,-0.0365722188154,-0.004660880745741,-0.0740131578947368,-0.0157475115065487,-0.0483479934636824,0.1540448893912483,0.0222832229937025,7,3,2026-06-22T03:31:32.160055+00:00,True,True,True,True,True,True
M4A1-S | Vaporwave (Battle-Scarred),ok,,best_deal,2026-04-17T22:17:02.796651+00:00,54.17,,26,False,8,0.0225566679934155,0.0165847291390729,52.69375,53.9125,1/1->1/1,50.3136,50.935,47.907,50.138,51.606,52.365,27.952,56.251,81,2.91770018444318,8.86042739935128,6.018253513960452,0.9405516835182094,3.1153846153846154,-0.0253376585519011,0.0327034452768277,-0.0226904982369501,0.0049731335569223,0.0013532030799781,0.1031572097118411,0.0568278607726981,7,3,2026-06-21T22:31:20.223809+00:00,True,True,True,True,True,True
M4A1-S | Vaporwave (Field-Tested),ok,,best_deal,2026-04-17T22:17:12.398169+00:00,58.72,,50,True,8,0.0038136713745701,0.002230667547918,60.1275,60.35875,1/1,69.0782,69.458,63.3211,65.449,70.7713,75.33,53.082,85.499,192,7.70474621515905,17.38450046469074,8.883989449638232,0.9116458867229116,3.84,-0.0713293158889239,0.0666778713196536,-0.016191764606409,0.0009159550267901,0.0131422530948903,0.0822769398249609,0.0658186870640138,7,3,2026-06-21T23:54:57.331974+00:00,True,True,True,True,True,True
M4A4 | Choppa (Factory New),ok,,best_deal,2026-04-17T22:21:45.069003+00:00,3.13,,50,True,8,0.0294604765872299,0.0272644778089423,3.24125,3.34,1/1,2.3853,2.33,2.181,2.25,2.4185,2.582,2.007,4.355,514,7.06410095166226,16.811302561522652,6.246593719867523,0.9360515021459228,10.28,-0.0119592786184988,-0.0527896995708155,-0.0734676742233418,-0.0255224831619918,-0.0697582203373833,0.2274580879021297,0.0,7,3,2026-06-21T22:18:04.357664+00:00,True,True,True,True,True,True
M4A4 | Cyber Security (Field-Tested),ok,,best_deal,2026-04-17T22:22:51.994970+00:00,27.28,,50,True,8,-0.0475925499883104,-0.0463314028722987,28.495,27.2,1/1,27.4905,27.012,24.311,26.014,28.268,31.601,23.01,36.325,61,8.199196085920596,26.518251759698803,9.825212346083196,0.9000074041166889,1.22,-0.1389176139601295,-0.0274820500123793,0.0250110401862782,-0.0148646560963916,-0.017799488213597,0.1691602694657685,0.0244007519974933,7,3,2026-06-22T06:01:18.047693+00:00,True,True,True,True,True,True
M4A4 | Desolate Space (Battle-Scarred),ok,,best_deal,2026-04-17T23:06:37.748545+00:00,12.74,,45,False,8,-0.0382189074235017,-0.029782200284386,13.6625,13.16875,1/1->1/1,13.0838,12.991,12.599,12.767,13.222,13.6095,11.941,15.429,326,3.4775829651935988,7.723291398523367,2.9960714777052497,0.9698252636440612,7.2444444444444445,-0.0498563942837601,-0.0315391084945333,-0.059441597980248,-0.0061146409407085,-0.0246310227521722,0.067619310780405,0.0,7,3,2026-06-22T04:57:29.931384+00:00,True,True,True,True,True,True
M4A4 | Evil Daimyo (Factory New),ok,,best_deal,2026-04-17T23:07:36.826852+00:00,13.72,,50,True,8,0.0233427774113545,0.0221038615856721,13.6325,13.95875,1/1,13.8327,13.576,12.9156,13.1245,14.084,14.8309,11.891,32.176,182,6.936462151279217,13.846176089989662,4.774194481193121,0.9513553329404832,3.64,-0.0110688077894791,0.0707699227828171,0.0425547445255474,0.0070827593177992,0.0079847270970661,0.1021494083875936,0.0837359098228663,7,3,2026-06-21T22:29:20.159900+00:00,True,True,True,True,True,True
M4A4 | Evil Daimyo (Field-Tested),ok,,best_deal,2026-04-17T23:07:39.828836+00:00,3.45,,50,True,8,-0.0162331692719185,-0.0158045977011493,3.57125,3.51375,1/1,4.0374,4.002,3.865,3.897,4.1045,4.301,3.703,5.06,888,5.139446178233517,10.79902907811958,3.3932728983999496,0.9657671164417791,17.76,-0.024701241575057,0.0547601105249937,0.0217788052074459,0.0029689363980482,-0.0108460150679046,0.1278875922838771,0.0569183138842581,7,3,2026-06-22T02:21:28.075026+00:00,True,True,True,True,True,True
M4A4 | Full Throttle (Battle-Scarred),ok,,best_deal,2026-04-17T23:09:54.905479+00:00,29.81,,50,True,8,-0.0154216499998683,-0.0111944952650533,29.91,29.4575,1/1,32.9632,32.968,31.335,32.267,33.368,34.648,29.131,45.998,151,3.34008834093777,10.050601883312307,4.954009319483553,0.9504671196311574,3.02,-0.0528772221330144,0.0267578775312529,0.0153252117692836,0.004434107131454,0.0087693009552267,0.071548598213496,0.071548598213496,7,3,2026-06-22T02:15:46.646366+00:00,True,True,True,True,True,True
M4A4 | Full Throttle (Field-Tested),ok,,best_deal,2026-04-17T23:10:02.688933+00:00,52.99,,50,True,8,-0.0359369431851652,-0.0352713368016708,54.3125,52.43,1/1,59.3227,58.262,55.405,56.3025,59.974,65.218,51.738,76.076,131,6.189030506028881,16.541728545733765,4.816031637130473,0.9509628917647868,2.62,-0.0729230881458066,0.0375654608617501,0.0360076623062852,0.0072230482512937,0.0150965770141324,0.0549702244617498,0.0549702244617498,7,3,2026-06-22T04:42:23.715292+00:00,True,True,True,True,True,True
M4A4 | Full Throttle (Minimal Wear),ok,,best_deal,2026-04-17T23:10:08.421108+00:00,112.83,,50,True,8,0.0043899939081423,0.0,111.89625,112.38875,1/1,115.0266,116.9555,111.4613,114.1838,118.7103,124.6944,1.485,130.215,60,3.935176733033923,11.504382464577764,4.776460401333262,0.9530231583807516,1.2,-0.0365261564887462,-0.0010970544957467,-0.046436823644796,-0.0043810845895609,-0.0004310054089068,0.1110767299763785,0.0623785159552676,7,3,2026-06-21T23:50:20.359440+00:00,True,True,True,True,True,True
M4A4 | Griffin (Field-Tested),ok,,best_deal,2026-04-17T23:11:40.861250+00:00,4.18,,50,True,8,-0.0053077437772449,-0.0011933174224343,4.36875,4.34625,1/1,7.169,7.07,6.557,6.737,7.599,7.774,5.23,14.84,424,12.023992188589764,16.97586832194169,7.155809736364903,0.9274398868458276,8.48,-0.0573296743941326,-0.0849300537028443,-0.0776530339481422,-0.0224635573437612,,0.3324155919431967,0.0391247645268801,7,3,2026-06-22T00:59:03.726313+00:00,True,True,True,True,True,True
M4A4 | Hellish (Battle-Scarred),ok,,best_deal,2026-04-17T23:12:57.497105+00:00,22.34,,34,False,8,0.0182385050663091,0.0015100037750094,25.375,25.91,1/1->1/1,17.1464,17.051,16.464,16.819,17.447,17.921,13.834,20.087,271,3.662576400877153,8.497410535156073,3.423459151775298,0.965573866635388,7.970588235294118,0.0030603319946467,-0.0203702089326706,-0.0236895453229075,-0.0071143191221051,0.0108319821301157,0.1272543901281442,0.0857854769814903,7,3,2026-06-21T22:44:56.453143+00:00,True,True,True,True,True,True
M4A4 | In Living Color (Field-Tested),ok,,best_deal,2026-04-17T23:14:05.741050+00:00,38.99,,50,True,8,0.0204127243575171,0.0193534337131157,42.35625,43.23875,1/1,41.1994,41.02,39.105,40.2022,41.99,43.9863,33.739,51.632,178,4.339383583256078,11.847988077496282,4.648125943581719,0.9533154558751828,3.56,-0.0128892382250113,0.0049152666715575,-0.0072714095905302,0.0008008723764569,0.0018523088813946,0.0359176522120017,0.023361074609432,7,3,2026-06-21T22:37:57.659635+00:00,True,True,True,True,True,True
M4A4 | Magnesium (Factory New),ok,,best_deal,2026-04-17T23:15:38.915918+00:00,8.35,,50,True,8,0.0214338713858118,0.0172085250188087,9.52375,9.735,1/1,7.3782,7.163,6.956,7.037,7.344,7.63,4.037,24.872,187,4.160906454148714,9.135019381420936,2.805562332276163,0.9711014937875192,3.74,0.0068938148965318,-0.0519725326511376,-0.0290954219525647,-0.0011480841559666,-0.0220807237983295,0.0952989632154522,0.0,7,3,2026-06-21T22:33:22.522431+00:00,True,True,True,True,True,True
M4A4 | Neo-Noir (Battle-Scarred),ok,,best_deal,2026-04-17T23:18:24.957464+00:00,31.02,,32,False,8,-0.0141329357084121,-0.0161394578275124,31.68875,31.24875,1/1->1/1,33.7859,33.94,31.68,32.8242,35.16,36.6878,2.87,38.665,90,6.9135349361715965,14.82215953992643,6.689180989702799,0.9334119033588688,2.8125,-0.0694005485583432,-0.0749447732293343,-0.034114531423527,-0.0006222561888342,,0.1010643002447007,0.0200477608420059,7,3,2026-06-22T02:04:54.268799+00:00,True,True,True,True,True,True
M4A4 | Neo-Noir (Field-Tested),ok,,best_deal,2026-04-17T23:18:32.949552+00:00,39.59,,50,True,8,0.0507236376720948,0.0476735350402723,48.33,50.885000000000005,1/1,43.8411,43.624,42.202,42.752,44.15,45.295,38.127,58.831,268,3.188788602475751,7.055023710627707,3.2435317544496014,0.9674032642582064,5.36,0.034357462440567,0.03351366542542,0.0019980927296672,0.0002636244282151,0.006789297046758,0.040244731475187,0.040244731475187,7,3,2026-06-21T21:53:20.723901+00:00,True,True,True,True,True,True
M4A4 | Neo-Noir (Minimal Wear),ok,,best_deal,2026-04-17T23:18:38.288733+00:00,61.47,,50,True,8,-0.0009972630627927,-0.000568503232755,61.41375,61.3525,1/1,70.9309,70.3195,63.5219,66.4677,71.2403,77.0993,58.514,121.653,88,6.728520292284479,19.1417280761981,9.58341146101347,0.9033326459943544,1.76,-0.088013196031623,0.0399086959723142,0.0519298663766776,0.0011103403353706,,0.0937194647029667,0.0891170431211497,7,3,2026-06-22T00:30:58.472665+00:00,True,True,True,True,True,True
M4A4 | Polysoup (Field-Tested),ok,,best_deal,2026-04-17T23:19:30.989744+00:00,14.35,,50,True,8,-0.0008874903378462,0.0,16.53375,16.52125,1/1,15.9917,15.863,14.6028,15.2003,16.4507,17.214,13.689,22.24,74,7.819056135370229,16.328470394016886,7.880337925298744,0.9205572716384038,1.48,-0.0718018359743093,0.0986511765285025,0.1055082227065584,0.0024150368786608,,0.1187382381933865,0.1187382381933865,7,3,2026-06-22T00:30:22.935746+00:00,True,True,True,True,True,True
M4A4 | Spider Lily (Field-Tested),ok,,best_deal,2026-04-17T23:23:26.645033+00:00,8.6,,50,True,8,-0.0165406258848503,-0.0216902043523757,8.885,8.74,1/1,10.8763,10.782,10.164,10.497,11.185,11.531,9.379,17.284,491,6.325680608295106,12.568612487702628,5.682079383613916,0.94268224819143,9.82,-0.0526768745055784,0.120095238095238,0.0314857042624101,0.0096636881497107,0.0258040321820633,0.1072187739137827,0.1072187739137827,7,3,2026-06-22T02:23:29.255168+00:00,True,True,True,True,True,True
M4A4 | Temukau (Factory New),ok,,best_deal,2026-04-18T00:14:39.320316+00:00,128.91,,50,True,8,-0.0113241513193309,-0.013935477169473,131.06625,129.60125,1/1,156.9215,144.941,139.5413,142.2167,158.3692,178.248,119.469,368.137,54,10.29336324213062,24.666282185678813,3.441019872993819,0.9627455309401756,1.08,-0.0393730833500138,-0.0557619346111971,-0.0010959018853698,-0.0070168588113531,-0.0072179718440803,0.0813534212880142,0.0174348725402504,7,3,2026-06-22T01:39:51.943355+00:00,True,True,True,True,True,True
M4A4 | Temukau (Field-Tested),ok,,best_deal,2026-04-18T00:14:43.296484+00:00,38.51,,50,True,8,0.0502193790367002,0.0463390184181597,48.715,51.295,1/1,41.806,41.521,40.466,40.724,42.603,43.568,38.358,51.852,839,4.494570157393688,7.419987561594023,2.523561211309381,0.9745911707328822,16.78,0.0499824020562902,0.0,-0.0293470114296421,-0.0029651350856181,-0.0055563300083578,0.068624375648481,0.0159978766015972,7,3,2026-06-21T21:53:35.576632+00:00,True,True,True,True,True,True
M4A4 | Temukau (Minimal Wear),ok,,best_deal,2026-04-18T00:14:47.551249+00:00,61.67,,50,True,8,0.0317940070708653,0.03109333067008,82.28875,84.99625,1/1,74.6563,73.809,71.543,72.44,74.9772,78.553,65.203,122.004,312,3.398507560647927,9.389696515900187,3.0352428395192246,0.9692991369616172,6.24,0.0186363499996159,-0.0121260184093157,-0.0289622364949497,-0.0007318891731962,-0.0030786110257925,0.0377165597447595,0.0053998421901266,7,3,2026-06-21T22:13:38.635015+00:00,True,True,True,True,True,True
M4A4 | The Emperor (Field-Tested),ok,,best_deal,2026-04-18T00:17:10.242722+00:00,58.98,,50,True,8,0.0692197071216058,0.0666053024060042,74.2675,79.79124999999999,1/1,68.6731,69.1815,65.436,66.8105,70.15,71.335,55.17,77.625,146,4.862893913337247,8.589971910398667,5.454100659501307,0.9458598035602004,2.92,0.0265444218670018,0.00483234429913,0.0132091091294621,0.000390838383747,0.0123037128021314,0.0922832140015911,0.0792749790363154,7,3,2026-06-21T21:36:44.515092+00:00,True,True,True,True,True,True
M4A4 | Tooth Fairy (Battle-Scarred),ok,,best_deal,2026-04-18T00:17:36.910146+00:00,3.81,,50,True,8,-0.0421844494872751,-0.0506666666666666,3.98375,3.8225,1/1,4.2566,4.275,4.013,4.134,4.401,4.498,3.211,4.72,617,6.272611943804902,11.39407038481418,6.155147300662512,0.9387134502923976,12.34,-0.0812328059022896,0.1128737034777302,0.1214953271028036,0.0110082191550645,0.0323704015836205,0.113377192982456,0.113377192982456,7,3,2026-06-22T05:26:23.040790+00:00,True,True,True,True,True,True
M4A4 | Tooth Fairy (Field-Tested),ok,,best_deal,2026-04-18T00:17:48.200929+00:00,4.09,,50,True,8,0.0087034888573396,0.0060835936337944,4.65375,4.695,1/1,4.5301,4.516,4.324,4.377,4.627,4.747,4.214,5.173,2872,5.518641972583387,9.337542217611093,4.238317034944044,0.9574844995571302,57.44,0.0016545226531443,0.0558224662548614,0.0221483942414175,-0.000885812612977,0.0031690810707956,0.0611050920910073,0.0528710725893823,7,3,2026-06-21T23:25:26.644469+00:00,True,True,True,True,True,True
M4A4 | Tooth Fairy (Minimal Wear),ok,,best_deal,2026-04-18T00:17:53.468482+00:00,6.34,,50,True,8,0.0171040299089061,0.0139731032338307,8.13,8.272499999999999,1/1,7.5728,7.503,7.089,7.315,7.827,8.126,6.762,9.856,873,6.761039509824631,13.6937460384534,5.46693429114726,0.9448220711715314,17.46,-0.0122406790687686,-0.0284664830119376,-0.0416666666666666,-0.006615493002512,-0.0118331075920661,0.0698082635700782,0.0105320010802051,7,3,2026-06-21T22:48:25.765356+00:00,True,True,True,True,True,True
M4A4 | Turbine (Minimal Wear),ok,,best_deal,2026-04-18T00:19:38.380930+00:00,3.81,,50,True,8,-0.0233210375797269,-0.0276604973973395,4.22125,4.12125,1/1,4.7284,4.668,4.434,4.589,4.784,4.842,3.97,9.598,286,4.1240165806615225,8.628711614922585,4.948819896793841,0.9498714652956298,5.72,-0.0562618510865888,0.0075545003237642,-0.001710863986313,0.0006024925758362,0.0084445469198126,0.0631962296486717,0.0400599828620394,7,3,2026-06-22T03:13:21.062926+00:00,True,True,True,True,True,True
M4A4 | 龍王 (Dragon King) (Field-Tested),ok,,best_deal,2026-04-18T00:22:07.687901+00:00,14.68,,50,True,8,-0.0390856947089839,-0.0391307636615122,16.16,15.545,1/1,18.3076,18.047,17.5,17.8548,18.6103,19.125,15.26,24.741,334,4.12670147916711,8.87609517358911,2.9878301907404605,0.9696902532276832,6.68,-0.0512567722157582,0.0542928591275353,0.0213728129205923,2.726411608251172e-05,0.0154153066420534,0.0811722538477758,0.0811722538477758,7,3,2026-06-22T05:04:39.721814+00:00,True,True,True,True,True,True
M4A4 | 龍王 (Dragon King) (Minimal Wear),ok,,best_deal,2026-04-18T00:22:13.045191+00:00,27.65,,50,True,8,-0.0237369090888265,-0.022907270712714,28.68375,28.01625,1/1,34.2772,34.214,31.3135,32.557,35.1695,36.3975,26.087,59.207,146,7.621684384955589,14.83201661746,8.46189303677079,0.915224761793418,2.92,-0.0964901181161252,0.0806958578408487,0.0423532943118716,0.0066034359793863,0.027164566502573,0.09934919080804,0.0852099291597074,7,3,2026-06-22T03:16:31.728360+00:00,True,True,True,True,True,True
MAC-10 | Cat Fight (Factory New),ok,,best_deal,2026-04-18T00:30:33.862438+00:00,5.0,,50,True,8,0.0023440090564399,0.0,4.9325,4.945,1/1,5.4562,4.97,4.664,4.79,5.235,7.093,4.423,11.106,81,8.155859389318579,44.518162823943406,5.608298816025807,0.938430583501006,1.62,-0.0453729532774232,-0.0206298584811639,-0.02141007767377,0.0082149823238362,,0.2035209117736847,0.1085784064312609,7,3,2026-06-22T00:04:18.521811+00:00,True,True,True,True,True,True
MAC-10 | Derailment (Factory New),ok,,best_deal,2026-04-18T01:53:22.899862+00:00,22.58,,50,True,8,-0.0240717354506452,-0.0260998711068332,23.1975,22.65625,1/1,24.3062,23.646,23.019,23.465,24.6273,25.194,17.069,36.644,84,4.781907496852663,8.948334169882584,2.579588746904092,0.9734838873382388,1.68,-0.0413049270391103,-0.0351721886730862,-0.0075964242246191,-0.0076595934972947,,0.1023851814260338,0.0082043474583438,7,3,2026-06-22T03:20:09.431070+00:00,True,True,True,True,True,True
MAC-10 | Disco Tech (Field-Tested),ok,,best_deal,2026-04-18T01:54:10.555879+00:00,5.81,,50,True,8,0.0161585543605337,0.0150648301173142,5.975,6.07375,1/1,6.5552,6.544,6.212,6.378,6.631,6.954,5.846,8.699,541,3.8595313644129865,11.319257993653894,5.064681474249448,0.9492665036674816,10.82,-0.013035910851056,-0.0320904645476772,-0.0499475026248688,-0.0100488146283639,-0.0205578188131556,0.0765708872750237,0.0,7,3,2026-06-21T22:52:59.716374+00:00,True,True,True,True,True,True
MAC-10 | Disco Tech (Minimal Wear),ok,,best_deal,2026-04-18T01:54:14.152126+00:00,8.46,,50,True,8,-0.0388906154040157,-0.0473830659558488,8.82625,8.49625,1/1,9.9397,9.868,9.3283,9.5898,10.2695,10.4628,8.934,12.503,180,6.838234554362812,11.413825366962776,5.429741340281899,0.9453080664775032,3.6,-0.0799328721732032,-0.0440983109133205,-0.0178738439156187,-0.0085880544990113,-0.013878858226491,0.0967093429266744,0.0,7,3,2026-06-22T05:03:24.173691+00:00,True,True,True,True,True,True
MAC-10 | Neon Rider (Field-Tested),ok,,best_deal,2026-04-18T02:07:43.918246+00:00,123.81,,50,True,8,0.0268016178361696,0.0271386820526179,124.21875,127.6425,1/1,139.3571,140.496,123.378,134.6065,149.376,150.5006,37.836,153.46,87,10.598311819060523,19.4626610341346,12.28355067664296,0.8781602323197812,1.74,-0.0872788776738522,-0.0390409719009594,0.0428253372331601,0.0121649598180833,0.0247855980529303,0.1408029135967848,0.0869055592766241,7,3,2026-06-21T22:22:07.058283+00:00,True,True,True,True,True,True
MAC-10 | Neon Rider (Minimal Wear),ok,,best_deal,2026-04-18T02:07:47.712605+00:00,125.13,,50,True,8,0.0088479651553201,0.0094194653693241,126.89375,128.02625,1/1,143.7632,146.315,130.5728,140.7805,150.372,152.0886,120.402,155.52,70,6.671735186751564,14.966138761518948,10.950090148243776,0.8924088439326112,1.4,-0.0930487114928855,-0.024620612009627,0.0663684037899532,0.0091930158108546,0.017860775772639,0.1282079638371844,0.0657939300105751,7,3,2026-06-21T23:24:54.924470+00:00,True,True,True,True,True,True
MAC-10 | Pipsqueak (Factory New),ok,,best_deal,2026-04-18T02:11:41.679976+00:00,6.17,,50,True,8,0.0526153715949813,0.047011787412973,7.845,8.280000000000001,1/1,4.9896,4.476,4.215,4.39,4.674,4.8214,3.5,26.262,129,5.6918390251723725,12.153278819945482,5.230880230880233,0.9416890080428956,2.58,0.0113842298190564,0.0839216579366886,0.0160102465577969,-0.0012762709019868,0.0016537010431034,0.0861435024687467,0.0774240991700809,7,3,2026-06-21T21:49:29.513421+00:00,True,True,True,True,True,True
MAC-10 | Rangeen (Factory New),ok,,best_deal,2026-04-18T02:14:04.403747+00:00,3.08,,31,False,8,0.0255050891480781,0.0146466845405868,3.62125,3.71,1/1->1/1,1.8635,1.85,1.736,1.78,1.876,1.896,1.23,3.219,81,5.151596458277428,8.585994097129054,6.117520794204459,0.9383783783783785,2.6129032258064515,-0.0245129922172483,-0.0471544715447154,-0.0673740053050397,-0.0102261804149202,-0.101793770755906,0.4704209328782708,0.0011376564277588,7,3,2026-06-21T22:24:12.748391+00:00,True,True,True,True,True,True
MAC-10 | Sienna Damask (Factory New),ok,,best_deal,2026-04-18T02:17:06.418916+00:00,3.44,,50,True,8,0.1017248385416821,0.0730337078651686,3.8125,4.285,1/1,1.1585,1.16,1.147,1.16,1.16,1.169,1.007,1.278,87,0.0,1.899007337073804,1.1221406991799654,0.988793103448276,1.74,0.0992584428062902,0.0056350238404854,-0.04995904995905,-0.0118309726439174,-0.0625338779815637,0.3086206896551725,0.0749999999999999,7,3,2026-06-21T21:22:23.342401+00:00,True,True,True,True,True,True
MAG-7 | Carbon Fiber (Factory New),ok,,best_deal,2026-04-18T03:12:20.518763+00:00,5.16,,50,True,8,0.0360496368991841,0.0366913045325177,5.1075,5.29875,1/1,4.7196,4.5245,4.209,4.258,5.017,5.75,3.673,9.687,100,16.081871345029246,32.65107212475634,6.68488854987711,0.9302685379599956,2.0,-0.0212568235051937,0.0480689736624544,-0.0547507456327225,-0.0105770470516403,-0.0437879781833289,0.2073473067387874,0.0513860716700474,7,3,2026-06-21T22:08:53.105499+00:00,True,True,True,True,True,True
MAG-7 | Justice (Field-Tested),ok,,best_deal,2026-04-18T03:26:46.039827+00:00,5.86,,50,True,8,-0.0039162111984727,-0.0033058212506932,6.8175,6.7875,1/1,6.4449,6.421,6.072,6.35,6.587,7.027,4.0,7.278,201,3.677326257971421,14.817918043724498,5.415134447392515,0.9456470954679956,4.02,-0.0440534813294974,-0.0387802971071148,-0.0245953665503013,-0.0070698995265891,,0.0871970066699202,0.0,7,3,2026-06-22T00:51:03.618025+00:00,True,True,True,True,True,True
MAG-7 | Navy Sheen (Factory New),ok,,best_deal,2026-04-18T03:29:38.193683+00:00,3.02,,50,True,8,0.1189054596702358,0.1236940298507462,3.365,3.81625,1/1,0.9955,0.925,0.907,0.925,0.925,0.935,0.821,7.146,106,0.0,2.812656956303368,1.8081366147664504,0.9805405405405404,2.12,0.1107071854029401,0.0,0.009825327510917,-0.0026908127616572,-0.0033576345909693,0.0589189189189187,0.0329729729729729,7,3,2026-06-21T21:16:40.664312+00:00,True,True,True,True,True,True
MP5-SD | Kitbash (Factory New),ok,,best_deal,2026-04-18T04:33:35.088261+00:00,4.35,,50,True,8,0.0163430839209967,0.0190930787589499,4.12875,4.1975,1/1,3.1497,3.071,2.9824,3.071,3.132,3.185,0.365,10.497,303,1.936692383401592,6.432358637330536,2.8129663142521517,0.9711494627157278,6.06,0.0051895147995112,-0.0832553788587464,-0.0759075907590758,-0.0110156315344306,-0.0418649859640068,0.1676870748299319,0.0,7,3,2026-06-21T22:52:42.728224+00:00,True,True,True,True,True,True
MP5-SD | Phosphor (Field-Tested),ok,,best_deal,2026-04-18T05:18:33.556401+00:00,4.74,,50,True,8,0.0149342312279166,0.0114876443001442,4.93875,5.01375,1/1,5.1858,5.209,4.77,4.926,5.397,5.67,3.411,6.325,402,9.082494504223073,17.355085039916702,8.465424813914922,0.915722787483202,8.04,-0.0505966483017253,0.0835734870317002,0.0900657131812909,0.0208427661095115,0.0351101916478657,0.1390070921985815,0.1390070921985815,7,3,2026-06-21T22:57:12.138753+00:00,True,True,True,True,True,True
MP7 | Abyssal Apparition (Battle-Scarred),ok,,best_deal,2026-04-18T05:21:32.467828+00:00,6.47,,50,True,8,0.0033066201202217,-0.0021452120926672,7.645,7.67375,1/1,6.6958,6.753,6.4485,6.657,6.8142,6.901,5.397,7.163,710,2.3477403745631524,6.757967681233007,4.547626870575584,0.9549089293647268,14.2,-0.0185327768266386,-0.0166912850812407,-0.0172719220549159,-0.0044650204300811,-0.0039594892901003,0.0660958389665013,0.0301937809824244,7,3,2026-06-21T23:59:02.728577+00:00,True,True,True,True,True,True
MP7 | Abyssal Apparition (Field-Tested),ok,,best_deal,2026-04-18T05:21:39.654162+00:00,6.97,,50,True,8,0.0210304502248629,0.0213433856862732,8.0175,8.18875,1/1,7.4044,7.399,7.141,7.274,7.515,7.5935,6.938,8.027,1976,3.254821457511745,6.111231159850895,3.4844146723569773,0.9651304230301392,39.52,0.0183396922350579,0.0279575816003305,-0.0155631759430229,-0.0031048067339464,-0.0018177830882166,0.0430064308681671,0.0271972132904609,7,3,2026-06-21T22:34:28.567789+00:00,True,True,True,True,True,True
MP7 | Abyssal Apparition (Minimal Wear),ok,,best_deal,2026-04-18T05:21:43.987429+00:00,9.04,,50,True,8,0.0243195706681342,0.0250463821892393,11.2675,11.54875,1/1,8.8055,8.69,8.5226,8.62,8.934,9.315,7.424,17.448,884,3.565953097495884,8.998921128839916,1.9010845494293207,0.9807364787111624,17.68,0.0307362626117224,0.0030099560083352,0.0028938534552611,-0.0038669401143545,-0.002286706884245,0.0413204062788548,0.0131578947368419,7,3,2026-06-21T22:26:26.977166+00:00,True,True,True,True,True,True
MP7 | Amberline (Factory New),ok,,best_deal,2026-04-18T05:23:07.147474+00:00,8.92,,50,True,8,-0.0349839524873644,-0.0328874024526198,9.2775,8.963750000000001,1/1,7.7403,7.345,7.224,7.308,7.477,8.2696,6.5,22.012,435,2.1833779052491566,13.50852034158883,1.56324690257483,0.9835262083049694,8.7,-0.0308809868277878,0.0087575259989052,0.0444885236610939,0.0006606549587002,0.0124850527329267,0.0436787845903418,0.0425935973955507,7,3,2026-06-22T04:36:19.477055+00:00,True,True,True,True,True,True
MP7 | Armor Core (Factory New),ok,,best_deal,2026-04-18T05:24:05.147100+00:00,4.73,,39,False,8,0.0050221284560376,-0.0043478260869564,4.555,4.577500000000001,1/1->1/1,1.9525,1.972,1.8445,1.919,1.9897,2.007,1.369,2.997,182,3.620998719590269,8.322663252240723,6.530089628681175,0.935344827586207,4.666666666666667,-0.0452122144976019,-0.0105368790767687,-0.0259323289701159,-0.0008753367215624,-0.0361829111273508,0.1526369168356996,0.0065922920892494,7,3,2026-06-21T23:44:42.762633+00:00,True,True,True,True,True,True
MP7 | Bloodsport (Factory New),ok,,best_deal,2026-04-18T05:27:25.929105+00:00,99.47,,50,True,8,-0.0099363017307235,-0.0095792025230417,99.4975,98.525,1/1,97.3874,99.363,85.028,94.704,104.829,105.2295,76.089,110.36,58,10.396622150298704,20.743443196963877,14.719563311064876,0.8557310065114782,1.16,-0.1504428598183536,0.1635946279292861,0.0255354698445928,0.0060462693323003,,0.2014741532451982,0.1405941760150752,7,3,2026-06-22T01:30:09.904083+00:00,True,True,True,True,True,True
MP7 | Bloodsport (Field-Tested),ok,,best_deal,2026-04-18T05:27:30.932924+00:00,37.72,,50,True,8,-0.0011950277463458,-0.002446035554352,39.0675,39.02,1/1,41.566,42.224,38.633,40.3915,44.126,45.115,2.033,49.794,211,8.984506567867962,15.594476254631187,8.639272482317264,0.9149535809018567,4.22,-0.0732343425094732,-0.0547665916760403,-0.0588249019973866,-0.0085326597449417,,0.0952770546671624,0.0,7,3,2026-06-22T00:32:16.216477+00:00,True,True,True,True,True,True
MP7 | Bloodsport (Minimal Wear),ok,,best_deal,2026-04-18T05:27:33.699713+00:00,49.78,,50,True,8,0.0146763126417692,0.0144130492077789,56.11375,56.94875,1/1,53.5624,53.911,47.637,50.5345,57.2,57.73,25.344,76.598,187,12.444363956805525,18.843442414828303,11.713440771884756,0.8836230082914432,3.74,-0.0889425282435966,-0.0582534176698633,-0.0607621866617335,0.0048024178759656,-0.0017321998812004,0.1343792162771689,0.0,7,3,2026-06-21T22:58:08.942077+00:00,True,True,True,True,True,True
MP7 | Fade (Field-Tested),ok,,best_deal,2026-04-18T05:29:30.908809+00:00,8.99,,50,True,8,-8.654459235293843e-05,-0.0028956568257879,10.815,10.81625,1/1,10.5916,10.6145,10.082,10.2308,10.7562,10.9015,8.943,14.998,276,4.960534763397404,7.737263491823707,5.027569016956823,0.9498327759197326,5.52,-0.0340772828472827,0.0509123013537375,0.0133371169125993,0.0020217551629432,0.0221628142474321,0.0663679641556985,0.0663679641556985,7,3,2026-06-22T00:21:48.955042+00:00,True,True,True,True,True,True
MP7 | Fade (Minimal Wear),ok,,best_deal,2026-04-18T05:29:34.640453+00:00,8.85,,50,True,8,-0.0407616557110968,-0.0399108397584413,9.75125,9.3725,1/1,11.2233,11.04,10.557,10.727,11.388,11.946,9.2,22.57,441,5.889533381447521,12.376039132875352,4.303547085081917,0.9562500000000002,8.82,-0.0639548968061769,0.1764484928162271,0.1247979888669421,0.0201341226999162,0.0396189205939694,0.1499840357598979,0.1499840357598979,7,3,2026-06-22T05:16:35.979398+00:00,True,True,True,True,True,True
MP7 | Just Smile (Factory New),ok,,best_deal,2026-04-18T06:15:54.074215+00:00,8.13,,50,True,8,-0.0373162044160612,-0.0455104551045508,8.89625,8.575,1/1,5.039,5.03,4.873,4.9745,5.124,5.235,2.876,7.852,222,2.9668585036713586,7.18396507243501,3.115697559039493,0.9687872763419484,4.44,-0.0537612020124925,-0.0155347540330611,-0.066654078549849,-0.0070489540218009,-0.0295987877013609,0.0837548047744286,0.0,7,3,2026-06-22T04:53:12.057783+00:00,True,True,True,True,True,True
MP7 | Nemesis (Minimal Wear),ok,,best_deal,2026-04-18T06:18:10.741248+00:00,8.55,,50,True,8,-0.0365771833908213,-0.043327998421612,10.0275,9.66375,1/1,8.6038,8.399,7.973,8.1765,8.7205,9.565,7.55,11.226,91,6.322787605476635,18.503451963086075,4.951300588112221,0.9492796761519228,1.82,-0.0770852071055562,-0.0643523920653442,-0.0512896355892097,-0.0188916107963905,-0.0268172966973428,0.1928664962274739,0.0,7,3,2026-06-22T04:46:24.714197+00:00,True,True,True,True,True,True
MP7 | Smoking Kills (Well-Worn),ok,,best_deal,2026-04-18T06:26:21.834748+00:00,6.99,,42,False,8,-0.0325592590028313,-0.0285699564623747,7.075,6.8525,1/1->1/1,6.1702,6.099,5.867,5.957,6.402,6.678,4.509,7.352,303,7.212083887070116,13.143820297559234,3.760007779326443,0.9619609772093786,7.214285714285714,-0.0518679407025882,0.0727499999999998,-0.0091594827586207,0.0165028319570822,0.0136581338975607,0.1131049483414899,0.0720111862036821,7,3,2026-06-22T04:19:52.896640+00:00,True,True,True,True,True,True
MP9 | Airlock (Field-Tested),ok,,best_deal,2026-04-18T06:33:52.486003+00:00,11.48,,50,True,8,0.005759514094692,0.0054695152965112,12.1775,12.2475,1/1,13.2042,13.458,12.215,12.7847,13.696,13.8055,11.342,14.256,166,6.901591917723141,12.045409793853477,9.413671407582438,0.9076385792836974,3.32,-0.0756675250448341,-0.0115606936416184,-0.0096021947873798,-0.0024311278101138,0.0118909785548804,0.1128039396737458,0.0661742074484457,7,3,2026-06-21T23:41:13.865168+00:00,True,True,True,True,True,True
MP9 | Arctic Tri-Tone (Battle-Scarred),ok,,best_deal,2026-04-18T06:34:14.959047+00:00,4.59,,50,True,8,-0.0142687625920252,-0.0212805979133224,4.53875,4.475,1/1,3.9757,3.997,3.874,3.917,4.013,4.0594,3.586,4.526,89,2.4146691148728547,4.663329728098197,3.093794803430837,0.9692269201901428,1.78,-0.036325814707972,0.068278096187391,0.1005005775895262,0.0079799249808671,0.0213173712388583,0.1193142057382784,0.0913226032190342,7,3,2026-06-22T02:06:19.557242+00:00,True,True,True,True,True,True
MP9 | Arctic Tri-Tone (Factory New),ok,,best_deal,2026-04-18T06:34:20.385648+00:00,14.83,,50,True,8,-0.0056891918776369,-0.0078714341035238,15.91125,15.825,1/1,12.7988,12.7305,12.389,12.508,12.9873,13.318,11.011,16.05,266,3.7448823327186944,7.258492983717225,2.6682188955214547,0.9731746592828248,5.32,-0.0163570392672037,-0.0157748711850971,-0.0732945215703836,-0.0113586577534047,-0.025063970175659,0.0865012886597938,0.0,7,3,2026-06-22T01:00:53.212339+00:00,True,True,True,True,True,True
MP9 | Arctic Tri-Tone (Field-Tested),ok,,best_deal,2026-04-18T06:34:24.719460+00:00,4.59,,50,True,8,-0.0028654573820819,0.0,5.2425,5.2275,1/1,4.019,4.013,3.944,3.97,4.041,4.109,3.544,4.345,720,1.7666086091067474,4.105498880318488,1.7168449863150026,0.9828058808871168,14.4,0.0037165071714973,0.0665,0.0721286755466197,0.0082528418765559,0.0134399979399271,0.0705578996718237,0.0705578996718237,7,3,2026-06-22T00:44:20.484250+00:00,True,True,True,True,True,True
MP9 | Food Chain (Field-Tested),ok,,best_deal,2026-04-18T07:29:02.702384+00:00,4.01,,50,True,8,-0.0074873567754998,-0.0011820330969266,4.2075,4.1762500000000005,1/1,4.6891,4.672,4.533,4.589,4.768,4.918,4.1,5.185,792,3.817363673199535,8.210530805485057,2.9643215115906965,0.9702482876712332,15.84,-0.0126037301481341,0.0858935525746431,0.0561868686868687,0.0084929661625838,0.0264022746859042,0.0844789798764694,0.0844789798764694,7,3,2026-06-22T01:13:36.378091+00:00,True,True,True,True,True,True
MP9 | Food Chain (Well-Worn),ok,,best_deal,2026-04-18T07:29:11.021411+00:00,3.57,,50,True,8,-0.0117673896155311,-0.0099959999673466,3.55875,3.5175,1/1,3.9207,3.874,3.708,3.809,4.087,4.214,2.844,4.521,381,7.090570561379335,12.905858647690469,4.233937817226514,0.9571502323180175,7.62,-0.0353966224713019,0.0101827676240209,-0.0418524021792966,-0.0027232884586041,-0.0107920443625895,0.0687516154044972,0.0100801240630654,7,3,2026-06-22T01:42:33.335307+00:00,True,True,True,True,True,True
MP9 | Hydra (Minimal Wear),ok,,best_deal,2026-04-18T07:31:43.848593+00:00,12.85,,50,True,8,0.0213373515046469,0.0185947461265386,13.23125,13.525,1/1,16.0026,15.968,14.157,14.915,16.761,18.053,12.346,21.639,100,11.53562546086261,24.34604376788772,11.31691100196218,0.8865856713426854,2.0,-0.0822893334205816,-0.0674628604718903,0.0865462937822429,0.0020924415416784,0.0061691395939296,0.1780471043918285,0.1057037546073594,7,3,2026-06-21T22:33:37.756799+00:00,True,True,True,True,True,True
MP9 | Latte Rush (Field-Tested),ok,,best_deal,2026-04-18T07:32:36.174920+00:00,23.86,,50,True,8,-0.0197143528862203,-0.0269592902117127,25.24,24.75125,1/1,25.8298,25.271,24.528,24.661,26.358,27.445,21.289,37.53,131,6.569930855058883,11.293157515737644,2.8765224662986246,0.9705987099837758,2.62,-0.0373054061385432,0.0586538461538461,0.0260751383360839,0.0084320164758893,,0.1019906145927944,0.0697471995155918,7,3,2026-06-22T02:49:58.180125+00:00,True,True,True,True,True,True
MP9 | Music Box (Field-Tested),ok,,best_deal,2026-04-18T07:35:33.105640+00:00,12.12,,25,False,8,-0.0444159633313043,-0.0486861059134515,12.105,11.59,1/1->1/1,2.0043,2.037,1.85,1.972,2.1005,2.1272,1.208,2.186,100,6.411215885845424,13.830264930399643,9.329940627650542,0.9081983308787434,4.0,-0.1237359695210893,-0.012954658694569,-0.0611374407582937,-0.0036845284092484,-0.0460554025396812,0.2236244321049975,0.0045431600201918,7,3,2026-06-22T05:39:20.112363+00:00,True,True,True,True,True,True
MP9 | Ruby Poison Dart (Factory New),ok,,best_deal,2026-04-18T07:40:46.553121+00:00,8.83,,50,True,8,0.0163629863737953,0.0120452810224901,8.96,9.10875,1/1,6.8316,6.6365,6.238,6.442,7.1445,7.433,5.014,10.528,114,10.283096200011704,17.492241934539486,5.83318695473973,0.9399532886310557,2.28,-0.0316514062993684,0.093037490436113,-0.0043211597435183,-0.0115387698410842,-0.0321081264323679,0.2629147417051659,0.1404171916561667,7,3,2026-06-21T22:52:30.711321+00:00,True,True,True,True,True,True
MP9 | Slide (Factory New),ok,,best_deal,2026-04-18T08:24:59.058408+00:00,3.27,,50,True,8,0.0801564093211517,0.0440093708165997,3.85875,4.21875,1/1,1.5741,1.554,1.4305,1.51,1.6587,1.696,1.171,2.91,106,9.44666793723398,16.866781017724403,7.845753128771992,0.9205276705276706,2.12,0.0115819699138006,-0.0696241528034503,-0.0026420079260237,-0.0126124653001277,-0.0647572149897255,0.2821192052980132,0.0,7,3,2026-06-21T21:30:39.709303+00:00,True,True,True,True,True,True
MP9 | Starlight Protector (Field-Tested),ok,,best_deal,2026-04-18T08:25:59.524122+00:00,70.56,,50,True,8,0.0203304219213292,0.0214901412459995,79.6125,81.26875,1/1,79.4371,79.01,76.072,77.811,81.568,82.951,65.427,86.765,1054,4.729528142391894,8.659681685257883,3.698523737649036,0.9628148335653716,21.08,0.010225165925982,0.0071302162148298,-0.0176496341234597,-0.0021351508632312,-0.0012153729663589,0.0602477907657831,0.0206471082588434,7,3,2026-06-21T22:38:36.363189+00:00,True,True,True,True,True,True
MP9 | Starlight Protector (Minimal Wear),ok,,best_deal,2026-04-18T08:26:03.004395+00:00,77.92,,50,True,8,-0.0147946674258719,-0.0207172867141799,78.86375,77.715,1/1,91.2149,91.611,83.7807,89.003,93.593,97.51,72.374,106.979,404,5.032072610944049,15.051597929724212,8.584452759362788,0.914526639813996,8.08,-0.0814774780490781,0.018823790255529,0.0519008567160934,-0.0030821293259009,0.0017330842546463,0.0734415633874846,0.049340065068605,7,3,2026-06-22T02:10:11.270283+00:00,True,True,True,True,True,True
MP9 | Urban Sovereign (Factory New),ok,,best_deal,2026-04-18T08:27:44.481993+00:00,8.25,,50,True,8,-0.0160606060606059,-0.0145454545454544,8.3825,8.25,1/1,7.3955,7.163,7.0473,7.146,7.183,7.9248,5.671,11.901,508,0.5003042390642948,11.865323507538372,1.564464877290249,0.9838475499092558,10.16,-0.0107519709414771,0.0,0.0248962655601661,0.002216510189481,0.0124353162826045,0.0414630741309508,0.036576853273768,7,3,2026-06-22T02:20:26.464809+00:00,True,True,True,True,True,True
Negev | Lionfish (Factory New),ok,,best_deal,2026-04-18T08:38:41.141212+00:00,3.06,,50,True,8,-0.0157563440290517,-0.0166666666666666,3.05375,3.00625,1/1,2.5574,2.54,2.303,2.46,2.573,3.019,2.007,3.185,119,4.41855008993509,27.99718464065067,9.267224524908114,0.9066929133858268,2.38,-0.0978502552725797,-0.107797340998922,-0.043159922928709,-0.0087524497808196,,0.1333064840918243,0.0124848973016512,7,3,2026-06-22T02:17:04.212686+00:00,True,True,True,True,True,True
Negev | dev_texture (Factory New),ok,,best_deal,2026-04-18T09:31:13.170722+00:00,3.8,,50,True,8,0.0673852538583374,0.06882421505063,3.46,3.71,1/1,2.8227,2.739,2.6493,2.731,2.7575,2.879,1.647,7.634,162,0.9388174442909258,8.13759875296701,3.1778084812413523,0.967250821467689,3.24,0.0481544861777785,-0.0624087591240877,-0.076895436579231,-0.0127279435711643,-0.0322880718987552,0.1732191514207862,0.0,7,3,2026-06-21T21:38:28.389642+00:00,True,True,True,True,True,True
Nova | Rising Sun (Factory New),ok,,best_deal,2026-04-18T10:36:38.029709+00:00,7.3,,50,True,8,-0.0186309599329345,-0.0172719271172684,7.38,7.245,1/1,6.2542,6.038,5.854,5.998,6.123,6.9096,5.12,11.989,130,1.9986569025614789,16.878257810751176,2.9420229605704997,0.9695263332229216,2.6,-0.0369251395232937,-0.0267100977198696,-0.0140240884342517,-0.001234927581691,-0.0055051647710574,0.0614123159303882,0.0,7,3,2026-06-22T02:40:01.025292+00:00,True,True,True,True,True,True
Nova | Wurst Hölle (Factory New),ok,,best_deal,2026-04-18T10:46:27.001643+00:00,4.68,,50,True,8,0.0401379176022584,0.0374598426941396,5.545,5.77625,1/1,3.5386,3.317,3.11,3.233,3.542,3.8,2.556,9.266,103,8.732266998247887,19.49923698637879,5.8497710959136455,0.9375942116370212,2.06,-0.0086453648272464,-0.0284697508896797,-0.0482277745496805,-0.0094712243115977,-0.0339711631256188,0.2090964590964591,0.0198412698412698,7,3,2026-06-21T22:02:39.645400+00:00,True,True,True,True,True,True
P2000 | Imperial Dragon (Battle-Scarred),ok,,best_deal,2026-04-18T12:02:30.253550+00:00,11.15,,39,False,8,-0.0475566636311603,-0.0505705461850533,11.74375,11.23,1/1->1/1,12.1942,12.144,11.861,11.901,12.5485,12.6588,10.828,13.355,54,5.309901428548005,6.542454609568472,2.3207754506240628,0.9766963109354414,1.3846153846153846,-0.0632160513068522,0.0344269102990033,0.0156160808937453,-0.0033933364905662,,0.0882813440924967,0.0735477136777871,7,3,2026-06-22T06:00:46.166763+00:00,True,True,True,True,True,True
P2000 | Imperial Dragon (Field-Tested),ok,,best_deal,2026-04-18T12:02:40.377800+00:00,11.81,,50,True,8,0.0702785563979227,0.0715279662624582,12.2025,13.12625,1/1,13.5395,13.48,13.044,13.087,13.831,14.201,10.641,25.357,169,5.495033051442075,8.545367258761402,3.2202075408988518,0.9676557863501484,3.38,0.0509059631990161,-0.0232781910366012,-0.029206209078202,-0.0020391319769657,0.0004267011806213,0.1048044862079418,0.0403152470445589,7,3,2026-06-21T21:36:12.411835+00:00,True,True,True,True,True,True
P2000 | Urban Hazard (Factory New),ok,,best_deal,2026-04-18T12:26:45.476592+00:00,6.72,,50,True,8,0.1529972615420226,0.1507442595047544,7.64625,9.02375,1/1,3.4672,3.481,3.324,3.416,3.516,3.516,2.503,5.22,58,2.884171665897557,5.537609598523309,4.528149515459161,0.9548980178109738,1.16,0.1144048414104496,-0.0397266125587355,-0.0474576271186441,-0.0013183393509105,-0.0199144800764896,0.0711743772241993,0.0,7,3,2026-06-21T21:08:55.700475+00:00,True,True,True,True,True,True
P2000 | Wicked Sick (Battle-Scarred),ok,,best_deal,2026-04-18T12:27:34.716715+00:00,3.28,,50,True,8,0.0129053455848946,0.0115694489203995,3.35,3.39375,1/1,3.5959,3.585,3.281,3.429,3.802,3.888,2.945,4.79,800,10.3729247198198,16.880335938151777,8.454072693901384,0.9152022315202232,16.0,-0.0470264029265537,0.0047645739910313,0.0030777839955231,-0.0046552000696223,-0.0030279478808918,0.0861924686192469,0.0290097629009763,7,3,2026-06-21T23:06:55.769553+00:00,True,True,True,True,True,True
P2000 | Wicked Sick (Factory New),ok,,best_deal,2026-04-18T12:27:40.254269+00:00,29.0,,50,True,8,0.007336406284181,0.0066268250997251,29.2475,29.46375,1/1,27.4364,24.377,22.9996,23.679,26.065,39.067,20.974,49.464,104,8.696476214080574,58.56234782989021,5.020337945211463,0.943495918283628,2.08,-0.0330959588379247,-0.0194789284547534,-0.0603819362917742,-0.0112813465398528,-0.0393577724571303,0.1820623880721338,0.0098288284536254,7,3,2026-06-21T23:34:00.750386+00:00,True,True,True,True,True,True
P2000 | Wicked Sick (Field-Tested),ok,,best_deal,2026-04-18T12:27:43.443711+00:00,3.88,,50,True,8,0.0732800275650087,0.0687768752986144,6.04,6.5175,1/1,4.2763,4.262,4.092,4.181,4.362,4.507,3.813,4.65,1699,4.232631012791433,9.704651217173726,3.975399293782006,0.9601126231816048,33.98,0.0644024307300418,-0.0196124212000935,-0.0077977315689982,-0.0010991943801223,-0.0016082515396329,0.0354846391998094,0.0130983567516074,7,3,2026-06-21T21:33:43.699661+00:00,True,True,True,True,True,True
P2000 | Wicked Sick (Minimal Wear),ok,,best_deal,2026-04-18T12:27:48.467385+00:00,6.73,,50,True,8,0.0075716632665433,0.0082241269220509,8.505,8.5775,1/1,7.3067,7.242,7.093,7.187,7.328,7.486,5.672,12.516,844,1.929735722008568,5.378625097513239,2.039224273611891,0.97942557304612,16.88,0.0122267708196223,-0.0121701080268015,0.0033333333333334,-0.0014254993744358,0.0012839370270405,0.0278239202657806,0.0132890365448505,7,3,2026-06-21T23:32:56.893304+00:00,True,True,True,True,True,True
P2000 | Wicked Sick (Well-Worn),ok,,best_deal,2026-04-18T12:27:52.893024+00:00,3.57,,50,True,8,0.003903726890197,0.0028328611898016,3.48,3.49375,1/1,3.6456,3.63,3.483,3.538,3.746,3.848,3.298,4.04,961,5.70550800965548,10.012069343866573,4.032258064516124,0.959504132231405,19.22,-0.0103032307298645,-0.0089310633547307,-0.0507885592087676,-0.0018356616304012,-0.0073898200067735,0.0560405519571951,0.0,7,3,2026-06-21T23:53:55.230125+00:00,True,True,True,True,True,True
P250 | Asiimov (Battle-Scarred),ok,,best_deal,2026-04-18T12:30:16.532567+00:00,12.28,,50,True,8,0.0486479344527947,0.0562927134847333,13.6225,14.39,1/1,12.0757,12.0715,11.4999,11.901,12.428,12.6641,9.571,12.974,240,4.364136240549211,9.64084897769901,4.733473007775948,0.9526488008946692,4.8,0.0165817642462939,-0.0141115564462259,-0.0250206440957886,-0.0020386310923897,-0.0028818141139443,0.0450156686711274,0.0,7,3,2026-06-21T21:55:06.747696+00:00,True,True,True,True,True,True
P250 | Asiimov (Field-Tested),ok,,best_deal,2026-04-18T12:30:20.439346+00:00,12.7,,50,True,8,0.0461533322196473,0.0456217807211184,14.5075,15.20875,1/1,13.4121,13.436,12.895,13.174,13.573,13.811,11.571,18.436,288,2.974925626859335,6.8296538200580095,4.033671088047363,0.9597350401905328,5.76,0.0224155552580063,0.0064969205347755,-0.0294415876004924,-0.0015572621076114,-0.008351725138981,0.0503712548039251,0.0072758479161225,7,3,2026-06-21T21:58:09.916887+00:00,True,True,True,True,True,True
P250 | Asiimov (Well-Worn),ok,,best_deal,2026-04-18T12:30:39.030291+00:00,12.31,,43,False,8,-0.0109675602613049,-0.0123254235914886,12.32125,12.1875,1/1->1/1,12.7979,12.939,12.1082,12.639,13.18,13.287,11.299,13.378,89,4.227256034193112,9.210886161010796,6.491690042897663,0.935791019398717,2.069767441860465,-0.0661423511777562,0.0338441890166028,-0.0186391877557206,-0.0050109545212152,,0.0789067325509574,0.047791846819024,7,3,2026-06-22T01:37:29.204150+00:00,True,True,True,True,True,True
P250 | Boreal Forest (Factory New),ok,,best_deal,2026-04-18T12:34:16.700248+00:00,5.98,,24,False,8,0.0334699964515632,0.1056803763865367,7.92625,8.2575,1/1->1/1,4.2992,4.288,4.0463,4.196,4.328,4.362,3.368,6.718,80,3.0703386676591125,7.343226646818025,5.6219761816152,0.943633395522388,3.333333333333333,-0.0100133234128453,-0.0030317164179104,-0.055666003976143,0.0014934434791014,-0.0141783924248464,0.1859649122807017,0.0276023391812866,7,3,2026-06-21T22:11:01.627955+00:00,True,True,True,True,True,True
P250 | Cartel (Field-Tested),ok,,best_deal,2026-04-18T12:36:06.234568+00:00,9.38,,50,True,8,0.0193981404566976,0.0109237688922735,9.82875,10.03,1/1,10.2889,10.215,9.774,10.06,10.455,10.6878,9.117,14.707,94,3.839088726686036,8.88141589479925,4.286172477135561,0.9568281938325992,1.88,-0.0142757345594733,0.0250000000000001,0.0031663788140472,-0.0031015406652733,0.0112991187959288,0.1277857484457197,0.078622668579627,7,3,2026-06-21T22:40:35.909588+00:00,True,True,True,True,True,True
P250 | Cyber Shell (Factory New),ok,,best_deal,2026-04-18T12:41:11.015141+00:00,15.78,,33,False,8,0.1901024450779317,0.1726443419538824,19.55875,24.12625,1/1->1/1,7.7932,7.8485,7.1346,7.6493,8.0085,8.097,6.11,10.505,58,4.6091464353538925,12.349227531694297,9.160550223271567,0.9090399439383322,1.7575757575757576,0.1073074918940801,-0.0161082474226804,-0.0330547112462006,-0.0055540415298781,-0.0482798399114157,0.3392272429600523,0.0,7,3,2026-06-21T21:03:21.568693+00:00,True,True,True,True,True,True
P250 | Epicenter (Field-Tested),ok,,best_deal,2026-04-18T13:24:53.532141+00:00,5.33,,50,True,8,-0.0109275703492726,-0.0057324887247675,5.52,5.46375,1/1,6.0411,6.009,5.532,5.728,6.292,6.7326,4.375,7.555,260,9.3360480707156,19.873864031385008,7.895912995977558,0.9206190713929104,5.2,-0.074038866519083,-0.0127939142461963,0.0084775697633345,-0.0065535266504915,-0.0038336815511714,0.1831873905429072,0.0369527145359019,7,3,2026-06-22T01:36:29.703201+00:00,True,True,True,True,True,True
P250 | Kintsugi (Field-Tested),ok,,best_deal,2026-04-18T13:33:51.500801+00:00,7.36,,50,True,8,0.0001698369565217,0.0,7.358750000000001,7.36,1/1,7.8308,7.772,7.487,7.6755,7.865,8.016,4.755,10.497,679,2.419931552331815,6.755376206773253,3.6394748940082766,0.9633299022130726,13.58,-0.0129497615039219,-0.0555627009646302,-0.0308829351986273,-0.0044180884788094,-0.0110163846684966,0.0709519270053111,0.0016342094511779,7,3,2026-06-22T00:18:48.451409+00:00,True,True,True,True,True,True
P250 | Kintsugi (Minimal Wear),ok,,best_deal,2026-04-18T13:33:56.942394+00:00,14.74,,50,True,8,8.480325644505404e-05,0.0013568521031208,14.73875,14.74,1/1,14.716,14.642,14.195,14.45,14.806,14.966,12.162,24.115,493,2.4191356346833373,5.239195433541717,3.0375101929872192,0.9694713836907528,9.86,-0.0095737021683705,0.0156078107810782,0.0502701934015927,0.0013909198183376,,0.0916661024981381,0.0826619727845102,7,3,2026-06-22T00:20:02.788703+00:00,True,True,True,True,True,True
P250 | Kintsugi (Well-Worn),ok,,best_deal,2026-04-18T13:34:01.372314+00:00,6.81,,50,True,8,0.0040381791483112,0.000734214390602,6.7825,6.81,1/1,6.6918,6.701,6.467,6.587,6.797,6.919,5.793,7.03,790,3.1381691024836367,6.754535401536208,3.4968169999103376,0.9650798388300252,15.8,-0.0064238052162749,0.0063836104513064,0.0303997568019456,-0.0015374571889395,0.0060428755181198,0.0569405517037911,0.0476471455966956,7,3,2026-06-21T23:52:56.429088+00:00,True,True,True,True,True,True
P250 | Muertos (Field-Tested),ok,,best_deal,2026-04-18T13:37:55.196512+00:00,12.75,,50,True,8,0.0122062370716708,0.0111710235401222,13.44375,13.60875,1/1,13.8558,13.82,12.668,13.4415,14.307,14.875,11.499,15.68,127,6.246481617806268,15.928347695549885,8.31420776858789,0.9166425470332852,2.54,-0.0599557753736923,-0.0494434931506848,-0.0295017482517482,-0.0051454110698241,-0.0029711451222028,0.1534939578173084,0.037003677850334,7,3,2026-06-21T23:09:04.873100+00:00,True,True,True,True,True,True
P250 | See Ya Later (Field-Tested),ok,,best_deal,2026-04-18T14:25:29.289822+00:00,103.01,,50,True,8,0.0521186187253158,0.0513415677835719,108.94125,114.92875,1/1,122.0269,122.331,116.863,119.823,126.58,129.2006,61.309,136.456,119,5.537303660094622,10.1105575901707,4.480979193931833,0.9553015997580336,2.38,0.0178871607915505,-0.0256569542172896,0.0005643248548294,0.0026326883615902,0.0022937315350146,0.048300214976418,0.0158657500878706,7,3,2026-06-21T21:50:26.065838+00:00,True,True,True,True,True,True
P250 | See Ya Later (Minimal Wear),ok,,best_deal,2026-04-18T14:25:32.044034+00:00,103.39,,50,True,8,-0.01438200836374,-0.0135406671280886,106.89375,105.37375,1/1,133.4744,135.777,121.1596,130.9225,137.417,139.703,106.164,151.481,83,4.8657270607696965,13.892851363257677,10.951463351773814,0.8923425911605058,1.66,-0.1153990091488568,-0.0160405082255322,0.0677249421621959,0.009638498806058,,0.0926293289607566,0.0763273283605033,7,3,2026-06-22T02:06:50.954388+00:00,True,True,True,True,True,True
P250 | Verdigris (Factory New),ok,,best_deal,2026-04-18T14:29:54.095253+00:00,6.3,,49,False,8,0.1393939107844012,0.13517949929145,7.9675,9.2575,1/1->1/1,2.9132,2.853,2.6765,2.77,2.966,3.01,2.216,6.344,126,6.727996704654682,11.447892352052722,6.058629685569145,0.93813529617946,2.571428571428572,0.0898644533018653,-0.038098449089683,-0.0464572192513368,0.0070406594276516,-0.0508308294818679,0.3368384157027691,0.0399579390115668,7,3,2026-06-21T21:12:17.582174+00:00,True,True,True,True,True,True
P250 | Visions (Factory New),ok,,best_deal,2026-04-18T14:31:19.053885+00:00,21.86,,50,True,8,0.0042333599298102,0.0022579167090927,21.55875,21.65,1/1,15.6545,15.705,15.203,15.356,15.731,15.98,1.685,29.132,216,2.395477338784375,4.963429045961232,3.206745664186021,0.9680356574339382,4.32,-0.013315864066149,-0.0292271603372852,-0.0126386381222595,-0.0041188622185727,-0.0210854123604709,0.0695532915360501,0.0,7,3,2026-06-21T23:51:19.110134+00:00,True,True,True,True,True,True
P250 | Visions (Field-Tested),ok,,best_deal,2026-04-18T14:31:24.022776+00:00,3.71,,50,True,8,0.0432374695836973,0.0414470554657026,4.5575,4.76375,1/1,4.3723,4.358,4.188,4.258,4.444,4.636,3.559,5.021,1267,4.254053930425633,10.246323445326269,3.888113807378266,0.960991280403855,25.34,0.0327686469224299,-0.0274036228518347,-0.02830626450116,-0.0029151545968276,-0.0086924253926559,0.0706781279847183,0.0,7,3,2026-06-21T22:01:03.312567+00:00,True,True,True,True,True,True
P250 | Visions (Minimal Wear),ok,,best_deal,2026-04-18T14:31:29.700950+00:00,5.63,,50,True,8,0.0507297160330926,0.0495837412707886,8.1375,8.57375,1/1,6.5629,6.439,6.195,6.299,6.751,7.042,5.645,9.868,471,6.887199256426274,12.905880022551,3.717868625150464,0.9621059170678676,9.42,0.033908384160858,-0.0469057346043273,-0.0020595690747782,-0.0095832524663595,-0.008368306468119,0.0847753611684394,0.0,7,3,2026-06-21T21:53:01.591185+00:00,True,True,True,True,True,True
P90 | Asiimov (Field-Tested),ok,,best_deal,2026-04-18T14:37:53.578278+00:00,185.26,,50,True,8,0.0718164453674546,0.0706207724460196,191.09125,205.925,1/1,205.3813,206.7825,197.133,203.8073,209.9017,211.791,176.71,217.555,66,2.967358761484131,7.136969139838917,4.698334268991378,0.9533350259330456,1.32,0.0321428623753588,-0.0075693657642889,0.0214314778242012,0.0037997595847151,0.0093541958908764,0.0635963953460126,0.0414535208530689,7,3,2026-06-21T21:35:09.182142+00:00,True,True,True,True,True,True
P90 | Chopper (Factory New),ok,,best_deal,2026-04-18T14:42:58.492069+00:00,8.57,,50,True,8,-0.0400513106407497,-0.0390785234475352,8.9125,8.57375,1/1,6.9715,6.954,6.334,6.596,7.154,7.2896,5.828,11.901,73,8.004016352291469,13.707236606182322,8.893351502546082,0.9108426804716708,1.46,-0.1211661235241429,-0.0514811619211963,-0.0561636975030407,-0.0195746778675567,-0.0557983547480419,0.1961795027289267,0.0397210430563978,7,3,2026-06-22T05:11:21.072365+00:00,True,True,True,True,True,True
P90 | Deathgaze (Field-Tested),ok,,best_deal,2026-04-18T14:46:56.694623+00:00,7.49,,50,True,8,-0.0175233644859812,-0.0260347129506007,7.62125,7.49,1/1,7.7932,7.731,7.573,7.672,7.822,7.9178,7.154,10.457,709,1.9247549145408864,4.4243699635579645,2.027408509983055,0.9795627991204244,14.18,-0.0141720141546225,-0.0074151164303369,0.0030235309583277,-0.002033173874137,0.0048137274054864,0.0868938401048493,0.046002621231979,7,3,2026-06-22T02:31:02.038136+00:00,True,True,True,True,True,True
P90 | Deathgaze (Well-Worn),ok,,best_deal,2026-04-18T14:47:05.275196+00:00,6.88,,50,True,8,0.012172965116279,0.0116279069767442,6.79625,6.88,1/1,6.6123,6.592,6.373,6.456,6.78,6.893,5.357,7.189,830,4.899959167006939,7.864131996430887,3.3120094369583866,0.9667779126213591,16.6,0.0039631241029781,0.0137254901960783,0.0257936507936509,-0.0001155318221448,0.004288717788494,0.0797500371968456,0.0601101026632941,7,3,2026-06-21T23:09:16.843614+00:00,True,True,True,True,True,True
P90 | Module (Factory New),ok,,best_deal,2026-04-18T15:38:23.731192+00:00,3.76,,50,True,8,-0.0410204353321285,-0.0528940733146767,4.03,3.885,1/1,2.8507,2.626,2.4719,2.568,2.7215,2.9133,1.508,9.03,70,5.384642368541051,15.483916231101128,5.40568983056792,0.9413175932977914,1.4,-0.0874731088035755,-0.0168067226890756,-0.0529801324503311,-0.0073277062818209,-0.0125958805330202,0.1099456099456099,0.0205905205905205,7,3,2026-06-22T05:18:35.580891+00:00,True,True,True,True,True,True
P90 | Nostalgia (Field-Tested),ok,,best_deal,2026-04-18T15:40:38.553124+00:00,4.43,,50,True,8,0.0309156064639958,0.0228578892371996,4.74375,4.895,1/1,4.8118,4.833,4.627,4.748,4.9475,4.996,3.502,5.77,171,4.146057608379391,7.668647907228078,4.281142192111069,0.957376370784192,3.42,0.0010126299298669,0.0278412632453772,0.0258164852255053,0.0050922586877324,0.0045303709547812,0.0442692540933898,0.0369921164342025,7,3,2026-06-21T22:15:46.825298+00:00,True,True,True,True,True,True
P90 | Nostalgia (Minimal Wear),ok,,best_deal,2026-04-18T15:40:43.247946+00:00,6.01,,50,True,8,0.0012223957902829,0.0041946308724832,6.5525,6.55625,1/1,7.2568,7.359,6.4439,6.666,7.8428,7.852,5.414,9.03,58,16.216514166023593,19.403869474148387,12.610241428728914,0.875648865334964,1.16,-0.1181909434739876,0.0454617456043084,-0.0520646319569121,0.0171578662891246,,0.2596212121212122,0.0699242424242424,7,3,2026-06-22T00:10:16.708730+00:00,True,True,True,True,True,True
P90 | Shallow Grave (Field-Tested),ok,,best_deal,2026-04-18T15:48:44.230197+00:00,34.65,,50,True,8,0.008335616656613,0.0012857372110001,41.97125,42.325,1/1,41.5799,42.2805,38.1483,41.007,43.627,45.109,16.585,48.484,104,6.301121455318566,16.740540501540412,9.937974838804337,0.9022670025188916,2.08,-0.0812731174014214,-0.0364799926069679,-0.0391217196967951,-0.0102122327111204,-0.0312657195583937,0.128246013667426,0.0173720177436757,7,3,2026-06-21T23:26:28.286152+00:00,True,True,True,True,True,True
P90 | Shapewood (Field-Tested),ok,,best_deal,2026-04-18T15:49:49.000512+00:00,9.57,,50,True,8,0.027863539926826,0.0271082261821089,10.28125,10.58625,1/1,10.0653,10.09,9.3442,9.842,10.3,10.3986,8.725,15.357,73,4.550286628317092,10.475594368771912,7.409615212661312,0.9260852329038654,1.46,-0.0384139100577195,-0.0393975076047493,-0.0039680520934017,-0.005320811655943,-0.0139835647468162,0.0570509219061239,0.0,7,3,2026-06-21T22:19:56.665546+00:00,True,True,True,True,True,True
P90 | Trigon (Field-Tested),ok,,best_deal,2026-04-18T16:37:08.371912+00:00,9.43,,50,True,8,-0.0199718460641647,-0.0204312873526273,9.45,9.265,1/1,10.5836,10.5595,9.868,10.0847,11.002,11.091,8.908,17.394,100,8.667183189085009,11.555614346725111,6.533693639215385,0.9345139447890526,2.0,-0.0757663573619253,0.0658652890919926,0.0385248281870098,0.0062084490124133,-0.0048493858334585,0.1439556342622797,0.0617951346817036,7,3,2026-06-22T02:50:58.341870+00:00,True,True,True,True,True,True
P90 | Verdant Growth (Factory New),ok,,best_deal,2026-04-18T16:38:14.013965+00:00,11.75,,50,True,8,0.0524872779066348,0.0315920518842308,14.56125,15.525,1/1,1.7898,1.832,1.69,1.719,1.832,1.8336,1.208,2.381,213,6.313554587104704,8.02324282042686,7.933847357246626,0.9224890829694322,4.26,-0.0124314807827566,-0.0775109170305677,-0.0775109170305677,-0.0127826745058324,-0.0857210910881688,0.3065088757396451,0.0,7,3,2026-06-21T21:49:42.763251+00:00,True,True,True,True,True,True
P90 | Wave Breaker (Factory New),ok,,best_deal,2026-04-18T16:40:49.507148+00:00,7.26,,50,True,8,0.016903186267936,0.0168964636793054,7.2625,7.387499999999999,1/1,5.5543,5.248,5.017,5.165,5.412,5.608,4.639,30.978,158,4.447005023135227,10.6404047314693,4.158939920422013,0.9559832317073172,3.16,-0.0123043463237492,-0.0138473053892217,-0.0131086142322097,-0.0039133047397006,-0.0059374440200458,0.0916508538899431,0.0216318785578747,7,3,2026-06-21T22:49:57.024190+00:00,True,True,True,True,True,True
R8 Revolver | Banana Cannon (Factory New),ok,,best_deal,2026-04-19T03:56:53.269841+00:00,7.31,,50,True,8,0.0356733437500624,0.033659660236107,7.39125,7.66625,1/2,5.6798,5.47,5.2552,5.349,5.806,5.8826,4.362,9.674,223,8.046057959787314,11.04616359730976,3.7818233036374416,0.96073126142596,4.46,0.0125989635677827,-0.020871475649945,-0.0790425348717066,-0.0170208171611484,-0.0296131085698205,0.12565445026178,0.0,7,3,2026-06-21T22:09:18.874856+00:00,True,True,True,True,True,True
R8 Revolver | Crazy 8 (Factory New),ok,,best_deal,2026-04-19T03:59:09.079134+00:00,8.78,,50,True,8,-0.025672044477995,-0.0363368983957218,9.05125,8.82,2/2,6.0749,5.901,5.3788,5.656,6.1197,6.3906,5.235,14.019,88,7.633047457571321,16.6554181961843,8.596026272037395,0.9115065243179122,1.76,-0.1028141255570646,0.0238829646602627,-0.0212299915754,-0.0101163904926551,-0.0478490339859595,0.1693062489240833,0.023325873644345,7,3,2026-06-22T03:33:00.036501+00:00,True,True,True,True,True,True
R8 Revolver | Llama Cannon (Field-Tested),ok,,best_deal,2026-04-19T04:48:58.048334+00:00,9.93,,50,True,8,0.0400302782332602,0.0387858397925737,10.9875,11.4475,1/2,11.2308,11.246,10.5938,10.897,11.43,12.013,10.0,13.77,185,4.745877408555041,12.636677707732307,5.8072443637140765,0.9420060465943446,3.7,-0.0046002082451662,0.0192392942636758,0.0342780026990554,0.000814013052943,0.0123800534847706,0.051322199025748,0.051322199025748,7,3,2026-06-21T22:03:15.052403+00:00,True,True,True,True,True,True
R8 Revolver | Nitro (Factory New),ok,,best_deal,2026-04-19T04:51:26.032991+00:00,8.84,,33,False,8,-0.0199385357727296,-0.0163472037502256,10.0475,9.885,2/2->1/2,6.1357,6.138,5.8756,6.0595,6.3165,6.4408,5.235,6.508,55,4.188601137604506,9.211662890949688,4.276610655670901,0.9572499185402412,1.6666666666666667,-0.0541852676839929,-0.0603913110460636,0.016076634735527,-0.0035336456519204,,0.3416953598950648,0.1101819970486966,7,3,2026-06-22T02:50:29.370485+00:00,True,True,True,True,True,True
R8 Revolver | Skull Crusher (Field-Tested),ok,,best_deal,2026-04-19T04:53:27.317770+00:00,10.17,,50,True,8,-0.0242076548221517,-0.0186616456134447,10.22375,9.9825,1/2,10.2694,10.112,9.397,9.955,10.705,11.203,7.083,19.385,121,7.303250433326193,17.586227043449465,6.962432079770969,0.9292919303797468,2.42,-0.0831514534987387,-0.0626809901914992,0.0074297188755019,0.0033869144363473,0.0020471845296787,0.0871038469204702,0.0073749252541359,7,3,2026-06-22T03:21:59.612184+00:00,True,True,True,True,True,True
R8 Revolver | Survivalist (Factory New),ok,,best_deal,2026-04-19T04:53:59.215375+00:00,6.06,,28,False,8,0.1221415131230581,0.1222687974849358,6.37625,7.38,2/2->1/2,3.6968,3.719,3.4891,3.5793,3.787,3.787,1.619,7.508,70,5.618372646613287,8.058320709803068,6.218892014715424,0.9381823070717936,2.5,0.0708339538629093,0.0001329787234043,0.0046753940689285,0.0028640645301137,-0.0301281888980445,0.230820369631698,0.0487967025661481,7,3,2026-06-21T21:15:21.448257+00:00,True,True,True,True,True,True
SCAR-20 | Bloodsport (Field-Tested),ok,,best_deal,2026-04-19T04:56:06.427321+00:00,12.03,,36,False,8,0.0076926246830072,0.001144122434312,12.08125,12.17625,1/2->2/2,13.2086,13.279,12.2176,12.974,13.602,13.988,11.499,14.371,102,4.754478143028027,13.40338870130067,8.035673727722854,0.9200692823254762,2.833333333333333,-0.0609925808815423,-0.0177898386853611,0.0060222359481161,-0.0024452634968106,0.0018283813461836,0.0669608595548734,0.0207214121258633,7,3,2026-06-21T23:32:08.156775+00:00,True,True,True,True,True,True
SG 553 | Desert Blossom (Minimal Wear),ok,,best_deal,2026-04-18T17:37:18.003050+00:00,12.53,,34,False,8,-0.029429748734898,-0.0309025235946113,12.51,12.1525,1/1->1/1,2.8248,2.853,2.6929,2.7408,2.905,2.9728,2.3,2.99,58,5.812800906258839,9.908666100254884,5.667657887284068,0.9438836312653346,1.7058823529411764,-0.0774601494016726,0.0480196284612688,-0.0084563090698059,-0.0052410022628538,-0.026031799985023,0.2063545150501672,0.0923076923076923,7,3,2026-06-22T03:58:10.194882+00:00,True,True,True,True,True,True
SG 553 | Dragon Tech (Factory New),ok,,best_deal,2026-04-18T17:38:02.458831+00:00,3.02,,50,True,8,-0.0075450080203211,-0.0033898305084745,3.0075,2.9850000000000003,1/1,2.4424,2.443,2.356,2.434,2.452,2.507,1.906,3.848,630,0.736980019652792,6.182443498198503,3.562070094988543,0.9643880474826032,12.6,-0.0204949308028021,-0.0063446582071223,-0.0305511182108625,-0.0023992749641747,-0.0243974383088348,0.164160659114315,0.0,7,3,2026-06-22T01:14:35.173706+00:00,True,True,True,True,True,True
SG 553 | Integrale (Battle-Scarred),ok,,best_deal,2026-04-18T17:43:28.082708+00:00,4.07,,50,True,8,-0.0005147578801698,-0.0012077294685991,4.438750000000001,4.43875,1/1,3.9237,3.929,3.697,3.857,4.018,4.099,3.089,5.017,184,4.103269872824109,10.245431607921098,5.912786400591273,0.940951896156783,3.68,-0.0462377048246,0.0058883768561186,-0.0559827006246996,-0.0086377041304628,,0.1259862560447951,0.0178162382285568,7,3,2026-06-22T00:25:44.308939+00:00,True,True,True,True,True,True
SG 553 | Integrale (Field-Tested),ok,,best_deal,2026-04-18T17:43:35.578286+00:00,8.52,,50,True,8,0.0042877155648406,0.0,11.37,11.4225,1/1,9.7188,9.51,9.048,9.3465,10.0375,10.2988,7.938,14.72,103,7.109931267234628,12.869901633946576,4.753673292999133,0.9514195583596214,2.06,-0.0335345888355191,-0.0528228616947127,-0.0247590732007382,-0.006024060039049,-0.025562761575139,0.1097503285151117,0.0146649145860709,7,3,2026-06-21T23:50:49.197338+00:00,True,True,True,True,True,True
SG 553 | Pulse (Minimal Wear),ok,,best_deal,2026-04-18T17:47:18.070401+00:00,11.39,,50,True,8,-0.0463243728526705,-0.0283783783783784,11.97,11.45875,1/1,9.5606,9.605,8.3812,8.7535,9.8055,10.528,7.023,15.712,63,11.003493504591756,22.4546576574692,12.800451854486123,0.8725871941697032,1.26,-0.1672467226145837,-0.0893634454857377,-0.0770747910935798,-0.0159987564112141,-0.0512093658981465,0.1611742211224834,0.0267686424474186,7,3,2026-06-22T05:51:45.909034+00:00,True,True,True,True,True,True
SSG 08 | Big Iron (Field-Tested),ok,,best_deal,2026-04-18T18:07:04.280680+00:00,10.72,,50,True,8,0.01289885418972,0.0,12.32625,12.49875,1/1,10.2558,10.123,9.449,9.606,10.6807,11.33,8.334,14.078,146,10.478948497435596,18.340841280056164,6.571891027516132,0.9334189469524844,2.92,-0.0409543347450321,-0.0198222829801776,-0.0517664840355186,-0.0138164475798159,-0.0417040117830991,0.1874377366009164,0.0371089858537556,7,3,2026-06-21T23:07:07.435270+00:00,True,True,True,True,True,True
SSG 08 | Bloodshot (Field-Tested),ok,,best_deal,2026-04-18T18:08:10.676211+00:00,19.18,,50,True,8,-0.0158332976833174,-0.0156120226910202,20.445,20.13375,1/1,22.2607,21.985,20.2723,21.004,23.253,24.3076,17.432,26.987,122,10.103006643995917,18.12746229902923,7.6938281365815,0.922096884239254,2.44,-0.0820404101977018,0.0499278767856312,0.0171753144299688,0.0006949273079598,,0.1342847012940967,0.0920936004254564,7,3,2026-06-22T02:18:35.693430+00:00,True,True,True,True,True,True
SSG 08 | Fever Dream (Factory New),ok,,best_deal,2026-04-18T18:17:24.186173+00:00,7.09,,50,True,8,-0.0416625216853542,-0.0604745151684629,7.5525,7.25,1/1,6.0268,5.885,5.454,5.54,5.9885,6.103,4.589,26.166,143,7.441760138050045,10.768567067100284,7.151390455963365,0.9267629566694988,2.86,-0.1014446801515527,0.0131555555555555,-0.0309471178371025,-0.0103028865816376,-0.0551441779104955,0.2477627653974381,0.0278996315143007,7,3,2026-06-22T05:23:17.984783+00:00,True,True,True,True,True,True
Sawed-Off | Devourer (Field-Tested),ok,,best_deal,2026-04-19T06:50:19.807215+00:00,4.6,,50,True,8,0.0377475352505868,0.0310774959550775,5.7125,5.938750000000001,1/2,5.7939,5.924,5.239,5.575,6.032,6.1634,3.553,7.04,189,7.887605930375047,15.95471098914376,11.822779129774426,0.8843686698176907,3.78,-0.066891698114915,-0.0379552060181228,-0.0391051912568306,-0.0056185319575628,-0.0113291188748858,0.1212013506308868,0.0339434867602629,7,3,2026-06-21T22:05:59.577799+00:00,True,True,True,True,True,True
Sawed-Off | Kiss♥Love (Battle-Scarred),ok,,best_deal,2026-04-19T06:56:18.200162+00:00,3.55,,48,False,8,1.0379680819655455e-05,0.0,3.4975,3.4975,1/2->2/2,3.7315,3.669,3.481,3.56,3.905,3.995,2.608,4.372,423,9.245611684309251,13.774621465898438,5.038188396087369,0.9487598800763152,8.8125,-0.0305359108849878,-0.0217092607859301,-0.0678188007331761,-0.0130375831322252,,0.1494382022471909,0.0,7,3,2026-06-22T00:20:45.684345+00:00,True,True,True,True,True,True
Sawed-Off | Kiss♥Love (Factory New),ok,,best_deal,2026-04-19T06:56:20.029833+00:00,29.52,,50,True,8,-0.0236619284102302,-0.0187091609386473,30.39375,29.69125,1/2,23.977,23.453,21.812,23.2605,24.158,26.262,20.264,34.891,51,3.743170538432668,18.5594528089419,6.844058889769356,0.9300302733125828,1.02,-0.0859954899189912,-0.0706631729191964,-0.0657271967960935,-0.0083218088882088,-0.0309817862930551,0.1122088758481568,0.0,7,3,2026-06-22T03:15:52.697844+00:00,True,True,True,True,True,True
Sawed-Off | Kiss♥Love (Field-Tested),ok,,best_deal,2026-04-19T06:56:22.072694+00:00,4.09,,50,True,8,-0.0010899136069257,-0.0037631726632164,4.1450000000000005,4.1425,2/2,4.5525,4.508,4.389,4.463,4.625,4.772,4.013,5.007,919,3.558484349258647,8.41295991213619,2.613948380010978,0.9736024844720498,18.38,-0.0014823219527405,0.0661028266191854,0.0759209344115003,0.0069643269804559,0.0311808261054835,0.0964509394572024,0.0964509394572024,7,3,2026-06-22T00:31:32.221685+00:00,True,True,True,True,True,True
Sawed-Off | Kiss♥Love (Minimal Wear),ok,,best_deal,2026-04-19T06:56:24.037981+00:00,6.91,,50,True,8,-0.0220167575497508,-0.0186445805914833,7.1425,6.99125,1/2,7.5528,7.561,7.2859,7.407,7.673,7.905,6.171,9.458,372,3.5218726829784983,8.196960067789433,3.6423578010803954,0.9636159238196006,7.44,-0.0399134866280416,0.0394293125810634,0.0711039828922746,0.007828355691059,0.0326282307942744,0.0953331669578237,0.0953331669578237,7,3,2026-06-22T03:05:48.496827+00:00,True,True,True,True,True,True
Sawed-Off | Kiss♥Love (Well-Worn),ok,,best_deal,2026-04-19T06:56:25.974430+00:00,3.77,,50,True,8,-0.0395719141554061,-0.0434724451578384,3.7125,3.57125,2/2,4.0276,4.019,3.813,3.939,4.159,4.212,3.49,4.38,419,5.462310060581978,9.906644155328229,5.114708511272221,0.9487434685245086,8.38,-0.071274942500547,-0.0747112608277189,-0.0438836399801094,-0.0026327305210215,-0.0154158561938078,0.0945260694318033,0.0,7,3,2026-06-22T05:08:23.741751+00:00,True,True,True,True,True,True
StatTrak™ AK-47 | Elite Build (Field-Tested),ok,,best_deal,2026-05-11T07:59:10.838529+00:00,5.85,,50,True,8,0.0063247503777435,0.0076020745687766,5.9675,6.005,1/1,6.7919,6.483,6.177,6.3,6.799,7.0149,5.08,35.017,400,7.346986851985461,12.33675407470664,4.505366686788675,0.952799629801018,8.0,-0.0196440663013567,0.0306380290587491,-0.0007655795437145,-0.0052419003651242,-0.0104078381956602,0.0960772295433649,0.029727244866687,7,3,2026-06-21T23:38:31.487715+00:00,True,True,True,True,True,True
StatTrak™ AK-47 | Elite Build (Well-Worn),ok,,best_deal,2026-05-11T07:59:15.505803+00:00,4.21,,50,True,8,0.0026700678087819,-0.0023894896712381,4.1762500000000005,4.1875,1/1,4.8449,4.791,4.511,4.663,5.02,5.237,3.714,6.572,327,7.36857313876446,14.98482940824372,5.779273050011358,0.9415570862032978,6.54,-0.0375752357739361,-0.010532837670384,-0.042565947242206,-0.0057940637193837,,0.0655395533291588,0.0202462951367147,7,3,2026-06-22T00:02:20.975259+00:00,True,True,True,True,True,True
StatTrak™ AK-47 | Head Shot (Field-Tested),ok,,best_deal,2026-05-11T08:00:24.892901+00:00,30.41,,50,True,8,-0.0474237395736371,-0.0493675897734579,36.9875,35.3125,1/1,38.1345,38.608,35.2206,36.29,40.069,40.8176,3.895,46.0,193,9.909661854750956,14.676998518401971,8.88277019496781,0.9122617074181516,3.86,-0.1225187161380693,-0.0395920578094244,-0.0770597943379459,-0.0043625938335302,-0.0187906649698988,0.1643191196698761,0.0,7,3,2026-06-22T05:59:59.273373+00:00,True,True,True,True,True,True
StatTrak™ AK-47 | Head Shot (Minimal Wear),ok,,best_deal,2026-05-11T08:00:27.629340+00:00,45.13,,50,True,8,-0.0260836202277008,-0.0204431649388235,47.02875,45.8425,1/1,63.1519,62.82,58.9204,60.3485,65.097,68.0382,52.427,78.389,79,7.51917202807832,14.43788706278038,6.174952772600665,0.9379242279528812,1.58,-0.0796007538344428,-0.0207546719871545,0.0286744935620166,0.0064008991713486,,0.1198292096889409,0.027875186700435,7,3,2026-06-22T03:35:57.821042+00:00,True,True,True,True,True,True
StatTrak™ AK-47 | Ice Coaled (Field-Tested),ok,,best_deal,2026-05-11T08:00:41.723694+00:00,10.8,,50,True,8,-0.0103427523252492,-0.0102198876466375,10.8875,10.77625,1/1,11.5178,11.438,11.2918,11.347,11.603,11.751,9.176,13.805,603,2.2226466859990643,3.986872493010811,1.26933963083228,0.987218045112782,12.06,-0.0007172850947908,0.0134340152778997,-0.0031093453100707,0.0002972449685491,-0.0102753541811182,0.0704383988910068,0.0157684976607174,7,3,2026-06-22T01:32:39.286772+00:00,True,True,True,True,True,True
StatTrak™ AK-47 | Ice Coaled (Minimal Wear),ok,,best_deal,2026-05-11T08:00:44.401694+00:00,19.74,,50,True,8,-0.0210764811228528,-0.0220957432244237,20.5525,20.12875,1/1,23.2544,23.149,22.292,22.58,24.211,25.295,0.461,36.095,171,7.013726434567223,12.913685152057244,3.685324067703313,0.9629789623741848,3.42,-0.045021276412904,0.0336750928053739,0.0028727007674826,-0.0104243260381644,-0.0013929245164682,0.1147498931167164,0.0462163317657118,7,3,2026-06-22T02:59:47.886426+00:00,True,True,True,True,True,True
StatTrak™ AK-47 | Inheritance (Field-Tested),ok,,best_deal,2026-05-11T08:00:58.867249+00:00,87.66,,50,True,8,-0.0276086776388701,-0.0269879632372895,91.2625,88.78125,1/1,105.5894,103.8925,100.0436,101.537,106.397,114.0355,96.488,129.996,50,4.602734744207278,13.251235445982267,3.6451575631644846,0.9629530524340064,1.0,-0.0580396533572353,0.0012371415211969,-0.0152102366090034,-0.0062674725207203,-0.0026173768588181,0.1158654641331737,0.0331475049375869,7,3,2026-06-22T03:46:22.235402+00:00,True,True,True,True,True,True
StatTrak™ AK-47 | Legion of Anubis (Field-Tested),ok,,best_deal,2026-05-11T08:01:55.100467+00:00,37.22,,50,True,8,-0.0005911048299805,-0.0023891691000795,37.03375,37.01375,1/1,45.2493,45.709,42.254,43.772,47.025,47.882,38.652,48.597,101,7.189061488244018,12.43776146813321,7.635477233901973,0.9244131352687652,2.02,-0.0673457383098572,0.0079807490644971,-0.0145684501327346,-0.0052508297059754,,0.0714989706075605,0.0471220815629243,7,3,2026-06-22T00:26:52.750866+00:00,True,True,True,True,True,True
StatTrak™ AK-47 | Nightwish (Battle-Scarred),ok,,best_deal,2026-05-11T08:02:43.295856+00:00,56.77,,31,False,8,-0.0264013188505735,-0.0246931536805521,57.65625,56.17375,1/1->1/1,74.3343,75.388,68.363,73.081,77.358,77.55,64.463,78.872,84,5.753736834812464,12.359032102273106,9.45054974621407,0.9068154082877912,2.7096774193548385,-0.1095200933823274,-0.0485132414433947,-0.0413995761224305,-0.0045849207636644,,0.1249643947100711,0.0739776195320446,7,3,2026-06-22T03:37:55.807187+00:00,True,True,True,True,True,True
StatTrak™ AK-47 | Nightwish (Field-Tested),ok,,best_deal,2026-05-11T08:02:47.806251+00:00,59.35,,50,True,8,0.0030544530449794,0.001878588934558,64.45,64.67125,1/1,78.362,78.228,71.9544,76.143,80.628,82.982,65.913,92.78,163,5.723437380362931,14.072637247645533,8.005921237334407,0.9198036508666976,3.26,-0.0644165673463103,-0.044097672503334,-0.0417005545286506,0.0031794536842125,,0.0970989892755188,0.0274541573438264,7,3,2026-06-22T00:00:34.733694+00:00,True,True,True,True,True,True
StatTrak™ AK-47 | Phantom Disruptor (Field-Tested),ok,,best_deal,2026-05-11T08:03:22.045703+00:00,14.66,,50,True,8,-0.0010122113739164,-0.0040927694406548,14.64,14.625,1/1,15.0961,15.199,14.54,14.9965,15.44,15.6346,6.11,18.33,235,2.93784487384159,7.250879366193928,4.365365889203177,0.9566418843344956,4.7,-0.0295483731524983,-0.0016920473773265,0.0262929015856026,0.0030116995528719,,0.0546936114732725,0.0529986962190352,7,3,2026-06-22T00:31:14.381323+00:00,True,True,True,True,True,True
StatTrak™ AK-47 | Phantom Disruptor (Minimal Wear),ok,,best_deal,2026-05-11T08:03:24.110916+00:00,21.13,,50,True,8,0.0095841545091817,0.0100211162731668,20.94,21.14125,1/1,23.1361,23.163,21.947,22.523,23.501,25.003,8.729,32.62,85,4.227160152316084,13.208794913576623,5.2558555677058845,0.9475024824072874,1.7,-0.0343471258846974,-0.0257841516563258,-0.0168132772890757,-0.0036518532345015,-0.0022645909512447,0.1058001674820396,0.0403719864251399,7,3,2026-06-21T23:20:48.634844+00:00,True,True,True,True,True,True
StatTrak™ AK-47 | Searing Rage (Battle-Scarred),ok,,best_deal,2026-05-11T09:04:53.421228+00:00,9.69,,50,True,8,-0.0048062387860976,-0.0051515770614951,9.735,9.68875,1/1,7.7181,7.827,7.3066,7.617,7.976,8.086,3.609,9.501,287,4.651403842914707,10.098340265091148,6.742592088726494,0.9335122013542864,5.74,-0.0556589617426561,0.0027797530544961,-0.0376574229170543,-0.009316042441761,,0.0812919030428055,0.0187596699329551,7,3,2026-06-22T00:56:32.571076+00:00,True,True,True,True,True,True
StatTrak™ AK-47 | Searing Rage (Field-Tested),ok,,best_deal,2026-05-11T09:04:58.020052+00:00,9.87,,50,True,8,-0.0040097596702898,0.0,9.8975,9.8575,1/1,10.2232,10.171,9.5955,9.8752,10.461,10.902,9.03,16.495,500,5.730104077001338,12.779755849440486,5.629352844510524,0.9434175597286404,10.0,-0.0394754344122305,-0.0329274232830005,-0.0064057651886697,-0.0047639261436424,-0.0310061016112386,0.1076861085927268,0.0,7,3,2026-06-22T00:52:06.076427+00:00,True,True,True,True,True,True
StatTrak™ AK-47 | Searing Rage (Well-Worn),ok,,best_deal,2026-05-11T09:05:03.167763+00:00,9.21,,50,True,8,-0.0133697389323752,-0.0199231915996889,9.35125,9.2275,1/1,8.0267,8.008,7.614,7.85,8.197,8.42,6.844,9.082,410,4.323071748040908,10.041486538677166,4.908617489130019,0.9507992007992008,8.2,-0.0431801572767642,0.0238600874453465,-0.0132434384782084,-0.0004329001890479,-0.0212683182444758,0.1140800390434357,0.0424597364568081,7,3,2026-06-22T01:58:51.799173+00:00,True,True,True,True,True,True
StatTrak™ AK-47 | Slate (Battle-Scarred),ok,,best_deal,2026-05-11T09:05:05.606578+00:00,12.8,,50,True,8,-0.0293668949678664,-0.0243848219457977,14.41,14.00125,1/1,13.0852,12.939,12.457,12.68,13.217,13.8054,10.032,20.762,217,4.103873077981237,10.304771803258642,3.683550881912384,0.9627482803926116,4.34,-0.0516515786464191,0.0174838759810396,-0.0232731612710727,0.0042912228271818,-0.009850954308391,0.0952344585306247,0.0337559187414082,7,3,2026-06-22T03:56:55.174174+00:00,True,True,True,True,True,True
StatTrak™ AK-47 | Slate (Field-Tested),ok,,best_deal,2026-05-11T09:05:11.104114+00:00,14.52,,50,True,8,0.0095218456205912,0.0106883515834104,14.6875,14.82875,1/1,17.5657,17.136,16.2214,16.6725,17.882,19.0526,13.946,73.74,355,6.885578143768834,16.117774981925017,5.206738131699847,0.946626984126984,7.1,-0.0243758353188342,0.0030635088959585,-0.036745778054369,0.0036403057293474,-0.0058142745144531,0.0763538118172207,0.0275461059555973,7,3,2026-06-21T23:20:59.282137+00:00,True,True,True,True,True,True
StatTrak™ AK-47 | Slate (Minimal Wear),ok,,best_deal,2026-05-11T09:05:13.800748+00:00,22.48,,50,True,8,-0.0220873340344652,-0.0392243278977522,23.3475,22.8425,1/1,28.6839,27.715,25.314,26.244,29.201,33.626,23.304,51.19,159,10.308918940590369,28.977928384912783,8.370549332552406,0.9133682121594804,3.18,-0.0933693017244885,0.0790103457162842,0.0946475927240129,0.0184762450368634,0.0431798410279462,0.1305148940526154,0.1103490633637014,7,3,2026-06-22T03:06:38.964481+00:00,True,True,True,True,True,True
StatTrak™ AK-47 | The Outsiders (Field-Tested),ok,,best_deal,2026-05-11T09:07:04.053586+00:00,19.94,,50,True,8,-0.0385191799887991,-0.0452469893795717,21.965,21.15,1/1,20.6373,20.677,19.989,20.198,21.054,21.37,15.05,23.811,101,4.147829415669676,6.691766849345604,3.3337694368933866,0.9667263142622238,2.02,-0.0622567354985899,0.0704624781849911,0.0419242202614069,0.0102729961333628,0.0006611357817571,0.1086882684600232,0.0835314629893802,7,3,2026-06-22T04:59:30.971294+00:00,True,True,True,True,True,True
StatTrak™ AUG | Stymphalian (Field-Tested),ok,,best_deal,2026-05-11T09:13:30.809141+00:00,3.74,,42,False,8,-0.0016416045074461,-0.0070993914807302,4.735,4.7275,1/1->1/1,4.4534,4.5075,4.0145,4.2195,4.725,4.803,3.472,4.95,86,11.35087798086854,17.705573269861226,11.070193559976657,0.890626733222407,2.0476190476190474,-0.1026643265222133,-0.0336733574640781,-0.0510555794915984,-0.0088117663135043,-0.0187593652326705,0.1390465380249715,0.0486946651532349,7,3,2026-06-22T00:35:51.833864+00:00,True,True,True,True,True,True
StatTrak™ AWP | Atheris (Well-Worn),ok,,best_deal,2026-05-11T10:07:43.123703+00:00,8.38,,47,False,8,-0.0469650369542782,-0.0541362530413624,8.557500000000001,8.17375,1/1->1/1,7.8446,7.833,7.372,7.573,8.123,8.417,4.513,18.497,169,7.011192412615033,13.32126558396859,5.876654004028253,0.9411464317630536,3.595744680851064,-0.0924844591302564,0.0239690721649483,-0.0306209588873977,-0.0047342853721262,-0.0285523891311354,0.1264787314372011,0.0260508431915428,7,3,2026-06-22T05:57:59.110348+00:00,True,True,True,True,True,True
StatTrak™ AWP | Duality (Battle-Scarred),ok,,best_deal,2026-05-11T10:10:32.341810+00:00,5.98,,50,True,8,0.0138828231845467,0.0084789940862113,5.8925,5.97625,1/1,5.6096,5.657,5.3396,5.549,5.772,5.8508,3.424,6.137,229,3.975328009127208,9.112949229891608,5.658157444381063,0.943892522538448,4.58,-0.0277660672805123,-0.0300672090555358,-0.078009414929388,-0.0090486938674227,-0.0300011956514749,0.0882567469000729,0.0,7,3,2026-06-21T23:02:20.080604+00:00,True,True,True,True,True,True
StatTrak™ AWP | Duality (Field-Tested),ok,,best_deal,2026-05-11T10:10:36.746618+00:00,5.83,,50,True,8,0.0046046014924264,-0.0050127027555207,6.1875,6.23,1/1,5.873,5.872,5.628,5.702,6.042,6.133,4.52,7.022,718,5.789204835688742,8.598671888302398,4.1546058232589775,0.9584468664850136,14.36,-0.0132136324262535,-0.0222297354407911,-0.0442828816920025,-0.0087333815457699,-0.0279432539630081,0.0859266943291839,0.0114107883817427,7,3,2026-06-21T23:48:30.911141+00:00,True,True,True,True,True,True
StatTrak™ AWP | Duality (Minimal Wear),ok,,best_deal,2026-05-11T10:10:39.237271+00:00,10.62,,50,True,8,-0.0007353619202064,-0.0027763283133548,13.285,13.27,1/1,11.5006,11.538,10.932,11.15,11.784,12.129,6.993,15.357,193,5.5127558562162005,10.408152618124264,5.2692902978975,0.9474778991159648,3.86,-0.0396955395139355,-0.0199496764917325,-0.0726978998384489,-0.0101994751331346,-0.0288793850800263,0.1078305519897304,0.0,7,3,2026-06-22T00:28:40.465941+00:00,True,True,True,True,True,True
StatTrak™ AWP | Ice Coaled (Battle-Scarred),ok,,best_deal,2026-05-11T10:12:55.129767+00:00,11.9,,50,True,8,-0.0166987210097016,-0.0121709780676066,13.08,12.86875,1/1,11.9124,11.956,11.3466,11.614,12.0637,12.5568,9.004,12.983,180,3.775057922836708,10.15916188173668,5.115677781135616,0.9490297758447642,3.6,-0.0546003421874262,-0.0249558860599949,-0.0714571497159318,-0.0135583930627916,-0.0520360553129874,0.1693381592554291,0.0143054119269216,7,3,2026-06-22T02:26:02.080208+00:00,True,True,True,True,True,True
StatTrak™ AWP | Ice Coaled (Well-Worn),ok,,best_deal,2026-05-11T10:13:17.359633+00:00,13.29,,23,False,8,0.0073579162820868,0.0053813607277082,13.05875,13.15625,1/1->1/1,12.596,12.585,12.027,12.365,12.843,13.0024,7.646,18.392,127,3.794855509685612,7.743728167672281,4.4299777707208765,0.9556615017878426,5.521739130434782,-0.0206545929643602,-0.0006324110671936,-0.0429252782193958,-0.0038571022013692,-0.030322821986407,0.1168327796234773,0.0249960449295996,7,3,2026-06-21T23:33:50.183586+00:00,True,True,True,True,True,True
StatTrak™ AWP | Mortis (Field-Tested),ok,,best_deal,2026-05-11T10:13:42.746727+00:00,7.4,,50,True,8,0.0001340655049849,0.0,7.64875,7.65,1/1,7.6842,7.685,7.355,7.5448,7.85,7.999,5.485,9.721,328,3.971786262720898,8.380833398401906,4.294526430858114,0.9570592062459338,6.56,-0.0252407628935721,-0.0190912562046583,0.0032543608435302,-6.838680416141964e-05,-0.0044484169856171,0.0430777215518359,0.0185545607888931,7,3,2026-06-22T00:19:51.247462+00:00,True,True,True,True,True,True
StatTrak™ AWP | Mortis (Minimal Wear),ok,,best_deal,2026-05-11T10:13:45.219440+00:00,10.09,,50,True,8,-0.0109621033476335,-0.0058881312839478,10.415,10.30375,1/1,11.9194,12.005,11.1564,11.546,12.283,12.8898,8.167,15.27,132,6.183197140795679,14.542678322734362,7.119485880161763,0.9293127863390254,2.64,-0.07093493447627,0.0257996187248463,0.0302076242341728,0.0015178780798905,,0.0947798794086065,0.0821425621541256,7,3,2026-06-22T01:37:14.250273+00:00,True,True,True,True,True,True
StatTrak™ AWP | PAW (Factory New),ok,,best_deal,2026-05-11T10:14:46.211335+00:00,14.19,,50,True,8,-0.0406672751126075,-0.0364622387699096,15.42375,14.80125,1/1,17.9904,17.114,16.357,16.627,17.436,19.369,12.421,48.232,61,4.496842760583427,16.742262540021347,4.2077997154037785,0.9557672081336916,1.22,-0.0758182127776325,0.0006887052341597,0.0066974595842956,0.0006753982963821,0.0056197286118211,0.0711745813259921,0.0482335398027071,7,3,2026-06-22T05:15:55.359055+00:00,True,True,True,True,True,True
StatTrak™ AWP | PAW (Field-Tested),ok,,best_deal,2026-05-11T10:14:50.503066+00:00,6.97,,50,True,8,-0.0035380742437976,-0.0091699043322053,7.11625,7.09125,1/1,6.5887,6.667,6.225,6.436,6.775,6.844,4.916,7.285,220,5.145172795847442,9.394873040205209,6.708455385736187,0.9337033148342584,4.4,-0.0559747529047,-0.0781826228057236,-0.0781826228057236,-0.0138270290365034,-0.0545283451432875,0.1672267562810049,0.0,7,3,2026-06-22T00:48:29.159788+00:00,True,True,True,True,True,True
StatTrak™ AWP | PAW (Minimal Wear),ok,,best_deal,2026-05-11T10:14:54.015417+00:00,8.27,,50,True,8,-0.0256048397409211,-0.0239375354993637,8.63125,8.41625,1/1,9.8227,9.715,8.838,9.54,9.955,10.295,5.826,16.251,101,4.224907611960062,14.832988893074214,8.928298736599924,0.9097272259392692,2.02,-0.1052876882477773,0.0099421730749722,0.0559533280297004,0.0021736990192863,0.019446861210512,0.1112004018081367,0.0968357609241587,7,3,2026-06-22T03:32:29.062945+00:00,True,True,True,True,True,True
StatTrak™ AWP | Phobos (Factory New),ok,,best_deal,2026-05-11T10:15:00.631945+00:00,8.86,,50,True,8,-0.0240628345900874,-0.0261688218400102,8.991249999999999,8.78,1/1,10.9606,10.705,9.7426,10.077,11.272,11.7138,8.725,24.953,77,10.90268780906155,17.984416911482963,8.780541211247565,0.910098085007006,1.54,-0.1037715723701643,0.0810917721518986,-0.0358938177969838,-0.0146826362065652,-0.0275597432578578,0.2199048664471276,0.077661909989023,7,3,2026-06-22T03:19:57.032156+00:00,True,True,True,True,True,True
StatTrak™ AWP | Phobos (Minimal Wear),ok,,best_deal,2026-05-11T10:15:05.917741+00:00,6.24,,50,True,8,-0.0302094181175341,-0.0385761865981749,6.875,6.6625,1/1,6.6596,6.666,6.02,6.346,6.9908,7.3465,2.965,8.527,126,9.682263198990931,19.91861373055439,9.700282299237204,0.9030903090309028,2.52,-0.1162813878403435,0.0378730495379489,0.0078705406399413,-0.0086512556525788,,0.1230477302583564,0.0928331630418917,7,3,2026-06-22T04:03:17.953245+00:00,True,True,True,True,True,True
StatTrak™ AWP | Worm God (Field-Tested),ok,,best_deal,2026-05-11T11:07:15.166153+00:00,5.98,,50,True,8,0.0223789105571198,0.0237063086673976,5.9525,6.08875,1/1,5.8815,5.889,5.6128,5.766,6.016,6.143,4.446,7.211,288,4.250616339369208,9.014707132534214,4.696080931735105,0.9530989981321106,5.76,-0.0079829648413985,-0.0537363560033585,-0.0676704169424223,-0.0071664060381519,-0.0330837501772707,0.1171251109139308,0.0,7,3,2026-06-21T22:32:07.935792+00:00,True,True,True,True,True,True
StatTrak™ Desert Eagle | Light Rail (Field-Tested),ok,,best_deal,2026-05-11T12:12:45.532332+00:00,3.67,,50,True,8,-0.0089313938196409,-0.0013812154696132,3.66375,3.63125,1/1,3.9705,3.941,3.763,3.809,4.093,4.227,3.422,4.78,329,7.152751542626869,11.68618561893969,4.483062586575996,0.9548337985282924,6.58,-0.0361686355727597,0.0397742189551062,-0.0300024491795249,-0.0037042577202717,-0.0168994032552901,0.1206918318394141,0.0382527458654209,7,3,2026-06-22T01:24:27.308675+00:00,True,True,True,True,True,True
StatTrak™ Desert Eagle | Light Rail (Well-Worn),ok,,best_deal,2026-05-11T12:12:55.870759+00:00,3.77,,28,False,8,-0.0255245843763424,-0.0221189164370982,3.67125,3.58,1/1->1/1,3.6842,3.673,3.441,3.56,3.791,3.949,3.037,5.005,89,6.270017914336895,13.788610824602356,6.297160849031003,0.9368363735366184,3.1785714285714284,-0.0760756362585735,0.0010937927262781,-0.0463662412086481,-0.0133123986684586,-0.0282209142123113,0.131111718109806,0.0420650095602293,7,3,2026-06-22T03:30:35.071216+00:00,True,True,True,True,True,True
StatTrak™ Desert Eagle | Mecha Industries (Field-Tested),ok,,best_deal,2026-05-11T12:13:04.043636+00:00,13.19,,50,True,8,-0.021732502099284,-0.0234760402221924,13.51,13.2225,1/1,17.5628,17.56,17.0175,17.288,17.8605,18.248,6.617,22.358,196,3.259730794634102,7.006286013619713,3.088915207142372,0.9691059225512528,3.92,-0.0387823521153605,-0.0310747992675024,0.0125121441399005,0.002626694237055,,0.124098627587811,0.0831588741567807,7,3,2026-06-22T03:04:23.024935+00:00,True,True,True,True,True,True
StatTrak™ Desert Eagle | Mecha Industries (Minimal Wear),ok,,best_deal,2026-05-11T12:13:06.590699+00:00,17.09,,50,True,8,-0.0445661895126165,-0.0442876150025037,18.225,17.45125,1/1,22.4855,22.435,20.2172,20.817,23.975,25.2914,16.319,31.525,59,14.044606524204497,22.5665428831914,9.863245202463812,0.9011455315355472,1.18,-0.1364295116651625,-0.1323106220905626,-0.0325343273722454,0.0006100527939595,-0.0284008773041354,0.202014290243129,0.0,7,3,2026-06-22T05:40:14.525960+00:00,True,True,True,True,True,True
StatTrak™ Desert Eagle | Printstream (Field-Tested),ok,,best_deal,2026-05-11T12:14:17.270519+00:00,61.33,,50,True,8,-0.0364881735859128,-0.036323623921685,65.18625,62.92,1/1,79.7508,76.735,72.416,74.93,81.943,89.178,67.591,120.371,61,8.79364219543878,21.01797097960146,5.415619655226032,0.9437153841141592,1.22,-0.0837173106491603,0.0456312825914511,-0.0372720633134181,0.0047525843577421,0.0174527388795175,0.1439657745497961,0.1052507213212616,7,3,2026-06-22T04:45:52.871303+00:00,True,True,True,True,True,True
StatTrak™ Dual Berettas | Melondrama (Battle-Scarred),ok,,best_deal,2026-05-11T13:09:07.335906+00:00,5.65,,28,False,8,-0.0410364919321257,-0.0484126030907199,5.72625,5.50125,1/1->1/1,6.4099,6.395,6.012,6.1825,6.655,6.832,5.615,7.399,116,7.371409850387684,12.792711274746878,5.975132217351285,0.9401094605160282,4.142857142857143,-0.0865637248905779,0.0069276873978358,0.0087336244541484,-0.0032252571650368,-0.0021525456665472,0.1291743970315398,0.044604205318491,7,3,2026-06-22T05:18:52.127874+00:00,True,True,True,True,True,True
StatTrak™ Dual Berettas | Melondrama (Field-Tested),ok,,best_deal,2026-05-11T13:09:22.184233+00:00,5.67,,50,True,8,0.0661407509177484,0.0643739335337613,7.35,7.8725,1/1,6.9723,6.948,6.387,6.666,7.3365,7.639,5.49,7.93,300,9.616625790628628,17.956771796968013,8.046125381868261,0.919257340241796,6.0,0.0025814578993509,-0.0514947790015734,-0.034156288689826,-0.0074658767560002,-0.0214985645585507,0.1045091238123962,0.0,7,3,2026-06-21T21:39:31.996212+00:00,True,True,True,True,True,True
StatTrak™ FAMAS | Rapid Eye Movement (Field-Tested),ok,,best_deal,2026-05-11T14:08:54.235379+00:00,5.65,,50,True,8,0.0238153515444808,0.0216500104765462,6.76125,6.93875,1/1,6.9229,6.849,6.446,6.631,7.137,7.411,5.391,8.725,347,7.309075676378386,13.9392451140418,5.821259876641299,0.941159293327493,6.94,-0.0164008371733902,-0.0119328226281674,-0.0370423546302943,-0.0038197820275847,-0.0115208178249653,0.1162964067392277,0.0210228119874757,7,3,2026-06-21T22:27:42.268023+00:00,True,True,True,True,True,True
StatTrak™ FAMAS | Rapid Eye Movement (Minimal Wear),ok,,best_deal,2026-05-11T14:09:06.052361+00:00,7.35,,33,False,8,0.0001780113655192,-0.0032527881040892,9.585,9.61,1/1->1/1,8.9271,8.908,8.22,8.458,9.28,9.555,6.412,12.298,131,9.207917464798191,14.95446449574889,7.70687009219118,0.92276605298608,3.9696969696969697,-0.0629640913929963,0.0292316580011551,-0.0126357792063844,0.0042091053678185,0.0089831637558015,0.1297709923664123,0.0866636731028289,7,3,2026-06-22T00:18:35.966245+00:00,True,True,True,True,True,True
StatTrak™ FAMAS | Rapid Eye Movement (Well-Worn),ok,,best_deal,2026-05-11T14:09:16.952708+00:00,5.51,,23,False,8,-0.0375644711926285,-0.0306381085722563,5.59875,5.39625,1/1->1/1,6.5479,6.557,6.2245,6.3513,6.8502,7.0075,4.014,7.292,176,7.619236701843338,11.95803234624842,5.077963927366032,0.9492908342229678,7.6521739130434785,-0.0696016056584465,0.009648784253184,-0.0123829658713379,-0.0055403817715136,-2.863243217576805e-05,0.0986238532110092,0.0553516819571865,7,3,2026-06-22T04:54:15.861061+00:00,True,True,True,True,True,True
StatTrak™ Five-SeveN | Monkey Business (Field-Tested),ok,,best_deal,2026-05-11T15:06:01.686495+00:00,13.26,,50,True,8,0.0146417840902769,0.0148974005787927,13.75,13.95375,1/1,16.4579,16.142,14.993,15.796,17.594,18.288,9.03,20.983,74,10.924844603503496,20.02078029396217,6.981449638167684,0.928819229339611,1.48,-0.0472836786748756,-0.107549380649481,0.0584673416716299,0.0099646703262059,0.022560503110391,0.2237018975272749,0.1031917221544905,7,3,2026-06-21T22:58:19.591291+00:00,True,True,True,True,True,True
StatTrak™ Galil AR | Chromatic Aberration (Battle-Scarred),ok,,best_deal,2026-05-11T17:07:03.445005+00:00,6.22,,24,False,8,-0.0416707467917699,-0.0525473010573177,6.26375,6.0125,1/1->1/1,6.0696,6.259,5.2442,6.0008,6.346,6.4,3.842,6.57,64,5.6873599578225935,19.04244101752999,16.71938842757348,0.8378654737178463,2.6666666666666665,-0.1975792024587334,0.0066645509362108,0.0358396603804394,0.0013017324205568,-0.0168160537752222,0.1347730138713745,0.0359394703656999,7,3,2026-06-22T05:23:38.421024+00:00,True,True,True,True,True,True
StatTrak™ Galil AR | Chromatic Aberration (Field-Tested),ok,,best_deal,2026-05-11T17:07:19.876959+00:00,7.08,,50,True,8,0.020713903243108,0.0196809256920907,7.72625,7.90125,1/1,8.5895,8.633,8.0166,8.123,8.891,9.1176,6.06,13.04,117,8.941149077361905,12.817975435124271,7.176203504278465,0.9285995598285648,2.34,-0.0405732024634453,0.0307602339181285,0.0041016292582889,0.0065584232118075,0.0298576597779458,0.112107114489958,0.112107114489958,7,3,2026-06-21T22:36:37.171895+00:00,True,True,True,True,True,True
StatTrak™ Galil AR | Control (Factory New),ok,,best_deal,2026-05-11T17:08:41.178727+00:00,5.84,,50,True,8,-0.0326368202002554,-0.0384279921822584,6.7475,6.5600000000000005,1/1,5.5914,5.565,4.9364,5.401,5.721,6.0192,4.218,12.038,79,5.723074721894342,19.36545409020996,11.242264906821198,0.8870440251572326,1.58,-0.1368270751492027,0.0190476190476189,-0.0500837520938022,-0.0024636708469878,-0.010707603323664,0.0834068065596896,0.0306824193263975,7,3,2026-06-22T04:20:16.808121+00:00,True,True,True,True,True,True
StatTrak™ Glock-18 | Grinder (Minimal Wear),ok,,best_deal,2026-05-11T18:10:35.859905+00:00,7.25,,50,True,8,-0.011304090238067,-0.0089648096501371,7.49,7.408749999999999,1/1,7.4294,7.39,7.124,7.224,7.6415,7.8065,6.038,8.777,52,5.619565510000801,9.18647535467198,3.580369881820874,0.9640054127198916,1.04,-0.0409151857077577,-0.0467407949930088,0.0129475024762981,-0.0024280723985247,,0.0976461549207237,0.0486135363553818,7,3,2026-06-22T01:39:38.894870+00:00,True,True,True,True,True,True
StatTrak™ Glock-18 | Shinobu (Field-Tested),ok,,best_deal,2026-05-11T18:15:07.437641+00:00,9.14,,50,True,8,-0.0284324781563795,-0.0317129435450046,9.37,9.11125,1/1,11.2175,10.919,10.3138,10.6825,11.6475,12.227,5.814,15.111,255,8.602629819478508,17.05549364831736,5.395141519946512,0.944573678908325,5.1,-0.0666772966556292,-0.0392328615554837,-0.0298854855227632,-0.003103196030283,-0.0136258758593793,0.0935700575815738,0.0,7,3,2026-06-22T03:50:22.894582+00:00,True,True,True,True,True,True
StatTrak™ Glock-18 | Shinobu (Minimal Wear),ok,,best_deal,2026-05-11T18:15:11.646149+00:00,20.41,,50,True,8,-0.0045744505913712,-0.0002487562189054,20.31125,20.21875,1/1,23.5926,23.225,21.829,22.6717,24.0755,24.7944,19.162,48.667,132,5.950170816272901,12.56919542568432,5.917109602163393,0.9398923573735198,2.64,-0.052523518940024,-0.0060368246302444,-0.0030275507114744,-0.0076103428190844,,0.1021213830202594,0.0049889375732071,7,3,2026-06-22T00:55:07.519548+00:00,True,True,True,True,True,True
StatTrak™ Glock-18 | Vogue (Field-Tested),ok,,best_deal,2026-05-11T18:16:59.001624+00:00,6.53,,50,True,8,0.0082126854775419,0.0,7.13375,7.1975,1/1,6.9039,6.817,6.461,6.683,7.089,7.396,5.534,9.911,392,5.88073407784007,13.54306985906516,5.156505743130692,0.947777614786563,7.84,-0.0244233266535035,-0.0103649635036495,-0.0267049533381191,-0.0042278245426115,-0.0302978086416856,0.1543738014456409,0.0403451836554064,7,3,2026-06-21T23:27:53.764498+00:00,True,True,True,True,True,True
StatTrak™ Glock-18 | Vogue (Minimal Wear),ok,,best_deal,2026-05-11T18:37:06.330471+00:00,11.83,,50,True,8,0.0012565408207415,-0.0002946375957573,14.185,14.2075,1/1,14.4443,14.375,13.75,14.0405,14.76,15.04,10.347,19.064,136,4.981203658190428,8.930858539354618,4.326966346586543,0.9565217391304348,2.72,-0.0306022638474859,-0.0111235093102726,0.0013771186440678,-0.0042427366478054,,0.0760957720653054,0.008427659649494,7,3,2026-06-22T00:09:52.496814+00:00,True,True,True,True,True,True
StatTrak™ Glock-18 | Water Elemental (Field-Tested),ok,,best_deal,2026-05-11T18:39:45.946321+00:00,23.81,,50,True,8,-0.0179298324987759,-0.0182785401381302,24.72625,24.295,1/1,25.2112,25.086,23.801,24.482,25.337,26.2576,21.01,40.78,77,3.3913498762454792,9.74408199530368,5.096941042076537,0.9487762098381568,1.54,-0.0608025685871425,0.0135697265861638,-0.0581502261084945,-0.0040742541245489,-0.0255830854121875,0.0948718970394868,0.0243455393074869,7,3,2026-06-22T02:34:12.018270+00:00,True,True,True,True,True,True
StatTrak™ M4A1-S | Black Lotus (Field-Tested),ok,,best_deal,2026-05-11T18:50:37.827274+00:00,15.56,,50,True,8,0.0041477202464822,-0.0041447177067511,18.45,18.60875,1/1,15.7916,15.655,15.1438,15.444,16.054,16.465,14.175,23.382,479,3.8628131411636417,8.36647331492692,3.2371640619063218,0.9673458958799106,9.58,-0.0077342070185976,0.0636992053750242,0.0274570982839315,0.005609931076914,0.0049855601103692,0.0923777710294564,0.0784087458244761,7,3,2026-06-21T23:52:25.739307+00:00,True,True,True,True,True,True
StatTrak™ M4A1-S | Black Lotus (Minimal Wear),ok,,best_deal,2026-05-11T18:50:42.072997+00:00,23.52,,50,True,8,-0.0006380706628427,0.0,24.3475,24.3325,1/1,26.5784,26.395,25.134,25.716,27.334,27.919,9.52,33.527,156,6.087650121903495,10.478433615266534,4.744454143214036,0.9522258003409736,3.12,-0.0357846677743203,0.0132836795024378,0.0134003993242206,-0.0041251331899867,-0.0057501245250396,0.0758723904065472,0.0360512257037852,7,3,2026-06-22T00:28:06.018852+00:00,True,True,True,True,True,True
StatTrak™ M4A1-S | Emphorosaur-S (Factory New),ok,,best_deal,2026-05-11T21:18:38.402549+00:00,7.51,,50,True,8,0.0194781763965603,0.0148876328982915,7.58625,7.7375,1/1,7.6859,7.52,7.093,7.364,7.739,8.016,5.828,13.087,163,4.879064260529021,12.00900349991543,5.555627837989039,0.943218085106383,3.26,-0.0234899100012757,0.0262632978723404,-0.0360354733949538,-0.0010483628800835,-0.0143948039016521,0.1193391642371234,0.0752186588921283,7,3,2026-06-21T22:40:20.642339+00:00,True,True,True,True,True,True
StatTrak™ M4A1-S | Leaded Glass (Field-Tested),ok,,best_deal,2026-05-11T21:21:21.336929+00:00,13.88,,50,True,8,-0.0026665610083137,-0.0110435047155461,14.05125,14.01375,1/1,14.5855,14.647,13.7,14.1795,15.05,15.7124,9.03,18.689,163,5.968256144801343,13.797264406431054,6.49274964862364,0.9353451218679592,3.26,-0.0550058655124957,0.0417370495495494,0.017670517051705,0.0024309791831414,,0.0822241740422944,0.0400648604823998,7,3,2026-06-22T00:42:53.832930+00:00,True,True,True,True,True,True
StatTrak™ M4A1-S | Night Terror (Factory New),ok,,best_deal,2026-05-11T21:22:48.782371+00:00,5.56,,50,True,8,-0.0106203494846222,-0.001763668430335,5.7225,5.6625,1/1,6.1218,6.1015,5.75,5.889,6.302,6.404,4.09,8.638,302,6.746381783135669,10.683132412035674,5.741775294847916,0.9423912152749324,6.04,-0.0510866492502591,0.0730688935281838,0.0879192445457506,0.0022361955192081,0.0338952148616535,0.1200239449266687,0.1200239449266687,7,3,2026-06-22T01:34:54.442196+00:00,True,True,True,True,True,True
StatTrak™ M4A4 | Desolate Space (Field-Tested),ok,,best_deal,2026-05-11T22:19:38.402453+00:00,29.64,,36,False,8,-0.0424414402453887,-0.0393178838166442,31.785,30.4175,1/1->1/1,35.5523,35.021,33.0634,34.422,36.978,37.626,27.08,45.719,55,7.189408280195668,12.833487566205267,5.506254166397109,0.944102110162474,1.5277777777777777,-0.0894492040782836,-0.0495803886925796,0.0055200210286512,-0.007377582205506,-0.0351599046289513,0.2000406645753459,0.0141309399326129,7,3,2026-06-22T05:27:51.389589+00:00,True,True,True,True,True,True
StatTrak™ M4A4 | Evil Daimyo (Field-Tested),ok,,best_deal,2026-05-11T22:20:59.398979+00:00,8.39,,50,True,8,-0.033931370404365,-0.0386714563569247,8.68125,8.39625,1/1,9.7706,9.6175,8.9165,9.392,9.8185,10.507,7.628,22.363,116,4.365136225001543,16.278427118088963,7.174584979428085,0.9271120353522224,2.32,-0.0952544585245651,0.0259593679458238,0.0221836025352688,-0.0051857195597588,0.0041639676143692,0.1564656465646565,0.0829082908290829,7,3,2026-06-22T04:28:44.491675+00:00,True,True,True,True,True,True
StatTrak™ M4A4 | Evil Daimyo (Minimal Wear),ok,,best_deal,2026-05-11T22:21:03.930480+00:00,13.67,,50,True,8,-0.0449852539992535,-0.0298739803388412,14.755,14.1325,1/1,17.096,17.057,15.8446,16.577,17.789,18.7584,6.083,22.074,75,7.089377632194664,17.04375292466075,7.0917173607861415,0.9289206777276192,1.5,-0.1079436274336741,-0.0221960206337509,-0.0586833144154369,-0.0038546859306774,-0.0011425427330842,0.1535029542988062,0.0577595562522608,7,3,2026-06-22T05:42:58.877950+00:00,True,True,True,True,True,True
StatTrak™ M4A4 | Griffin (Field-Tested),ok,,best_deal,2026-05-11T22:23:25.931523+00:00,10.1,,40,False,8,-0.0469300913786843,-0.0234145410597289,11.4325,10.93125,1/1->1/1,10.1533,10.095,9.6394,9.925,10.147,10.596,7.609,12.673,127,2.1864812425516784,9.421567372184413,4.487211054533998,0.954868746904408,3.175,-0.0793890723276318,0.0036597428288824,0.0202091292982102,0.0043071722080792,-0.005104186423102,0.0814526461022963,0.0255740612989061,7,3,2026-06-22T05:57:24.283729+00:00,True,True,True,True,True,True
StatTrak™ M4A4 | In Living Color (Field-Tested),ok,,best_deal,2026-05-11T22:24:59.039230+00:00,30.88,,41,False,8,-0.0352752453937428,-0.0364485653294702,31.83625,30.75125,1/1->1/1,38.3644,38.0375,35.5753,36.5777,40.0823,42.407,24.054,45.502,78,9.13503143539322,17.807394355183444,6.41792912179,0.935269142293789,1.902439024390244,-0.0901992745181868,0.1157094372385487,0.1263180260816443,0.024590840352842,0.0603931701042865,0.1392930412431909,0.1392930412431909,7,3,2026-06-22T04:37:38.404332+00:00,True,True,True,True,True,True
StatTrak™ M4A4 | Magnesium (Minimal Wear),ok,,best_deal,2026-05-11T22:25:33.059969+00:00,3.91,,40,False,8,-0.0342703861313588,-0.0421052631578947,3.95,3.82,1/1->1/1,5.0456,4.99,4.781,4.858,5.141,5.2971,2.037,8.707,272,5.6088473125099165,10.22871412716031,4.142222926906622,0.9581162324649296,6.8,-0.0578507233466154,-0.000400721298337,-0.0413143735588008,-0.0078237237836328,-0.0006200786597554,0.0869913810382842,0.0376829023852474,7,3,2026-06-22T04:30:50.047055+00:00,True,True,True,True,True,True
StatTrak™ M4A4 | Temukau (Field-Tested),ok,,best_deal,2026-05-11T22:28:08.816590+00:00,35.75,,50,True,8,-0.0138957026802876,-0.0224295736531598,36.19,35.695,1/1,44.0816,43.624,41.068,42.8668,44.527,46.9313,34.891,65.436,164,3.76619723422018,13.301014482232954,5.7983376283982535,0.9414083990463964,3.28,-0.0592502035840066,0.0256774889044348,0.0076387480565134,0.00151827522099,0.0127813889075247,0.057471264367816,0.0561071604275683,7,3,2026-06-22T02:02:49.061160+00:00,True,True,True,True,True,True
StatTrak™ M4A4 | Tooth Fairy (Battle-Scarred),ok,,best_deal,2026-05-11T22:29:41.008630+00:00,7.66,,22,False,8,-0.0112825068167388,-0.0013405042524173,7.6675,7.58,1/1->1/1,7.0737,7.056,6.726,6.893,7.3283,7.444,5.98,7.58,132,6.153780906739045,10.150274962183865,4.665168158106791,0.9532312925170068,6.0,-0.0410322275975215,0.0629532927183058,0.0152396785813244,-5.248497045232511e-05,,0.078193231441048,0.0729394104803494,7,3,2026-06-22T01:39:08.269915+00:00,True,True,True,True,True,True
StatTrak™ M4A4 | Tooth Fairy (Field-Tested),ok,,best_deal,2026-05-11T22:29:50.880144+00:00,7.03,,50,True,8,-0.0050682167440585,-0.0106940515671739,7.66875,7.6425,1/1,7.7005,7.656,7.482,7.582,7.856,8.029,4.267,11.142,368,3.558210505811312,7.10343484189338,2.259593532887468,0.9772727272727272,7.36,-0.0092200265241528,-0.0357374918778428,-0.0625394819962097,-0.0062424525248982,-0.0345537285667849,0.1159029649595686,0.0,7,3,2026-06-22T00:57:31.126256+00:00,True,True,True,True,True,True
StatTrak™ M4A4 | Tooth Fairy (Minimal Wear),ok,,best_deal,2026-05-11T22:29:56.468492+00:00,12.53,,50,True,8,0.0136145037126733,0.0124398547796995,16.03375,16.2575,1/1,15.264,15.202,14.221,14.584,15.819,16.461,1.579,20.7,161,8.09093291404613,14.675052410901458,6.426886792452829,0.9354690172345744,3.22,-0.0381481151926215,0.0084527035746548,0.0412391738840771,0.0082444206773117,0.0239417034657487,0.072333482628447,0.067758653784631,7,3,2026-06-21T23:03:05.549991+00:00,True,True,True,True,True,True
StatTrak™ M4A4 | Turbine (Field-Tested),ok,,best_deal,2026-05-11T22:30:22.873122+00:00,3.15,,50,True,8,-0.015133627084437,-0.0126798488867454,3.29625,3.24625,1/1,3.9568,3.9,3.6712,3.804,4.013,4.2214,2.999,7.957,199,5.282046097856856,13.905175899716948,5.782450465022243,0.9413333333333334,3.98,-0.059013544879465,-0.0067114093959732,-0.0657926681233308,-0.0041763729546275,-0.0098571268448661,0.0861486486486485,0.0102650727650727,7,3,2026-06-22T02:11:56.429561+00:00,True,True,True,True,True,True
StatTrak™ MAC-10 | Disco Tech (Field-Tested),ok,,best_deal,2026-05-11T23:29:23.393827+00:00,8.5,,50,True,8,-0.0117699560739973,-0.008130081300813,8.751249999999999,8.6525,1/1,9.9518,9.685,8.994,9.327,10.1345,11.5384,7.774,13.672,55,8.114110010249394,25.56723406820876,6.9434675134146655,0.928652555498193,1.1,-0.0747602453134655,0.0116107240869747,-0.0448475184373132,0.0024577806432639,,0.2890755425709516,0.01184265442404,7,3,2026-06-22T01:42:51.299958+00:00,True,True,True,True,True,True
StatTrak™ MAC-10 | Saibā Oni (Minimal Wear),ok,,best_deal,2026-05-12T00:16:53.384002+00:00,5.69,,50,True,8,-0.0125309477618946,-0.0156173139309708,7.35125,7.26375,1/1,6.6585,6.778,5.581,6.4682,7.0358,7.8562,3.01,9.267,50,8.524442441991434,34.16985807614327,17.977021851768406,0.8233992328120391,1.0,-0.186280566366299,-0.0326054883446442,-0.0304598550938931,-0.0026291891629949,,0.1514412078694525,0.0818972090895227,7,3,2026-06-22T01:51:14.229607+00:00,True,True,True,True,True,True
StatTrak™ MP7 | Abyssal Apparition (Field-Tested),ok,,best_deal,2026-05-12T01:30:43.962355+00:00,5.53,,50,True,8,-0.0058862612434739,-0.0113985793576358,6.967499999999999,6.93,1/1,6.9792,6.91,6.4952,6.671,7.259,7.6022,4.6,8.099,237,8.425034387895462,15.86141678129299,5.943374598807894,0.939971056439942,4.74,-0.0501417693835933,-0.0363894811656005,-0.0262855501292731,-0.0017938238884351,,0.0743472488567636,0.0243398731376309,7,3,2026-06-22T01:01:58.881843+00:00,True,True,True,True,True,True
StatTrak™ MP7 | Abyssal Apparition (Minimal Wear),ok,,best_deal,2026-05-12T01:30:48.995832+00:00,6.91,,50,True,8,-0.0081182464923687,-0.0117415514762702,8.885,8.80875,1/1,8.4664,8.367,7.852,8.012,8.859,9.187,6.003,12.694,140,10.004252102428415,15.768213172068402,6.082868751771716,0.9384486673837696,2.8,-0.0573512620777496,-0.0283179802115317,-0.0047757716948165,-0.0051614336290905,,0.1664325842696628,0.0717462546816479,7,3,2026-06-22T01:19:35.551973+00:00,True,True,True,True,True,True
StatTrak™ MP7 | Bloodsport (Field-Tested),ok,,best_deal,2026-05-12T01:49:22.345417+00:00,23.82,,50,True,8,0.0227517961642527,0.0209170051177763,23.55,24.105,1/1,26.8971,27.0,24.4266,25.098,28.574,29.089,20.067,30.397,398,12.923326306553506,17.334210751344933,9.567574199449009,0.9046888888888888,7.96,-0.0538777856369948,-0.0360873362445415,-0.0120309366943569,-0.0008189763695459,-0.0055546144261792,0.1099956509133082,0.0662510872716729,7,3,2026-06-21T22:30:24.040704+00:00,True,True,True,True,True,True
StatTrak™ MP7 | Bloodsport (Minimal Wear),ok,,best_deal,2026-05-12T01:49:27.167865+00:00,29.75,,50,True,8,-0.0071425803287579,-0.0050912916245052,30.3475,30.1375,1/1,38.2448,38.129,31.156,34.8775,40.9435,41.689,20.069,88.355,91,15.86097979333139,27.54099903777769,18.23254403212986,0.8171208266673661,1.82,-0.1804630384836692,0.0256990916261672,0.0121017349167691,0.0048863810258508,,0.118255562997693,0.1044379945920468,7,3,2026-06-22T01:11:53.016488+00:00,True,True,True,True,True,True
StatTrak™ MP9 | Food Chain (Minimal Wear),ok,,best_deal,2026-05-12T03:24:30.768023+00:00,13.35,,38,False,8,-0.010511522929549,-0.0110116127099362,15.0275,14.895,1/1->1/1,16.2619,16.506,14.488,15.7703,17.597,17.9548,7.141,18.087,50,11.233004753442096,21.318542113775138,12.409374058381866,0.8777414273597479,1.3157894736842106,-0.1273112820027004,0.1011968822359195,0.0577658041476096,0.0010591199444578,,0.1671503879642243,0.1232600841082745,7,3,2026-06-22T01:34:07.237792+00:00,True,True,True,True,True,True
StatTrak™ MP9 | Starlight Protector (Field-Tested),ok,,best_deal,2026-05-12T03:30:43.274084+00:00,55.54,,50,True,8,-0.0125843500418489,-0.0114601172877693,66.99125000000001,66.22375,1/1,78.5951,79.702,74.4464,78.075,80.582,82.551,58.262,82.799,209,3.189766283139777,10.311838778753389,6.68693086464678,0.934059371157562,4.18,-0.065167063493412,-0.0682658658261149,-0.0438464673220926,-0.0073402515995172,-0.0177068341906228,0.0983471184454122,0.0,7,3,2026-06-22T01:51:40.669854+00:00,True,True,True,True,True,True
StatTrak™ P2000 | Wicked Sick (Battle-Scarred),ok,,best_deal,2026-05-12T05:33:53.492833+00:00,3.33,,26,False,8,-0.0078882356655235,-0.0089686299043704,3.29125,3.26625,1/1->1/1,3.7252,3.743,3.4086,3.5608,3.938,4.023,2.818,4.043,148,10.125630838612697,16.493074197358524,8.976699237624826,0.9106598984771572,5.6923076923076925,-0.0811437100355361,-0.038027799632835,0.0163480188417843,-0.0095861511124773,,0.0913304252998909,0.0160850599781897,7,3,2026-06-22T01:16:41.220012+00:00,True,True,True,True,True,True
StatTrak™ P2000 | Wicked Sick (Field-Tested),ok,,best_deal,2026-05-12T05:34:04.360851+00:00,3.45,,50,True,8,0.0081901512603033,0.0,4.51375,4.56875,1/1,4.406,4.485,4.069,4.2952,4.563,4.6295,2.506,6.893,316,6.078075351792996,12.72128915115752,9.441670449387209,0.907246376811594,6.32,-0.0689363316124009,-0.0046969358085439,0.0485391140433553,-0.0026251175662208,0.0121756405762973,0.0865168539325842,0.0658426966292135,7,3,2026-06-21T23:28:19.315128+00:00,True,True,True,True,True,True
StatTrak™ P2000 | Wicked Sick (Minimal Wear),ok,,best_deal,2026-05-12T05:34:12.459078+00:00,7.05,,40,False,8,0.0132853053593305,0.0034825870646766,9.86625,9.98875,1/1->1/1,8.1029,8.015,7.255,7.5275,8.398,8.8338,6.797,13.953,124,10.743067296893702,19.48438213479125,9.379358007626909,0.9051777916406736,3.1,-0.0682525975825438,-0.0927601809954751,-0.0301680244399185,-0.0040600029853092,0.0008697446549437,0.1447696548103425,0.0425252657829111,7,3,2026-06-21T23:05:08.810982+00:00,True,True,True,True,True,True
StatTrak™ P250 | Asiimov (Battle-Scarred),ok,,best_deal,2026-05-12T05:35:05.838713+00:00,12.25,,50,True,8,-0.0413099215940079,-0.0478474400453642,12.64375,12.1425,1/1,12.0525,12.136,11.43,11.7625,12.3117,12.4864,10.712,13.009,110,4.556730968678703,8.76498651732006,5.857705870151417,0.9418259723137772,2.2,-0.0897839807291239,-0.0316413974950559,-0.0327970042385087,-0.0068167447155543,,0.0815605854322667,0.0,7,3,2026-06-22T05:21:04.567095+00:00,True,True,True,True,True,True
StatTrak™ P250 | Visions (Field-Tested),ok,,best_deal,2026-05-12T06:30:29.966901+00:00,4.17,,50,True,8,0.0317254140805039,0.0249944215798085,5.6525,5.84,1/1,5.2502,5.163,4.7396,4.921,5.505,5.839,4.015,7.452,173,11.123385775779962,20.94015466077483,8.064454687440477,0.9179934146813868,3.46,-0.035932435619658,-0.014705882352941,-0.0047534165181224,-0.0030274859159254,0.0009806533793843,0.1665671641791044,0.0171144278606965,7,3,2026-06-21T22:14:28.027839+00:00,True,True,True,True,True,True
StatTrak™ P250 | Visions (Minimal Wear),ok,,best_deal,2026-05-12T06:30:34.613021+00:00,6.81,,50,True,8,0.0237183221136823,0.0226723014583817,10.015,10.25875,1/1,9.1309,9.026,8.4408,8.735,9.526,9.9968,7.004,12.337,67,8.662891938363144,17.04103648052219,6.409006779178399,0.935165078661644,1.34,-0.0329874285298988,-0.066077441077441,-0.0217127741651053,0.0025857791683799,0.0035064405770561,0.1055092383956736,0.0319963947724198,7,3,2026-06-21T22:28:09.039823+00:00,True,True,True,True,True,True
StatTrak™ P90 | Wave Breaker (Factory New),ok,,best_deal,2026-05-12T07:34:24.308373+00:00,6.87,,50,True,8,0.0115626484510506,0.0090925788026823,8.0875,8.2025,1/1,6.8976,6.736,6.106,6.457,6.7782,7.677,5.33,11.652,58,4.656692182788218,22.776038042217586,9.133611691022963,0.9064726840855108,1.16,-0.0730843934361604,0.0403393752410334,-0.0019977802441731,-0.001450530613837,-0.0046425016983702,0.1393831553973902,0.0566429418742585,7,3,2026-06-21T23:11:20.557437+00:00,True,True,True,True,True,True
StatTrak™ SG 553 | Pulse (Field-Tested),ok,,best_deal,2026-05-12T10:57:58.671978+00:00,4.33,,50,True,8,0.0046167313272984,0.0093797547269342,4.54375,4.5675,1/1,5.6714,5.527,5.091,5.3152,5.7525,6.067,4.589,10.31,70,7.710618189512298,17.209154706069047,7.687696159678385,0.9211145286774018,1.4,-0.0646560054352533,-0.0111913357400722,-0.0025491624180626,-0.002332291891231,0.0002689566525992,0.0733844468784228,0.0412559328221978,7,3,2026-06-21T23:48:17.115943+00:00,True,True,True,True,True,True
StatTrak™ SSG 08 | Memorial (Factory New),ok,,best_deal,2026-05-12T11:48:40.241401+00:00,3.49,,50,True,8,-0.04109899160419,-0.0357511425622881,3.61875,3.4762500000000003,1/1,3.9761,3.757,3.529,3.612,3.979,4.341,1.748,12.319,109,9.230150147129097,20.42202157893414,5.734262216745057,0.9393132818738354,2.18,-0.0883930713719519,0.0122615803814714,0.0013477088948787,-0.003777461958296,-0.0127792814989664,0.1500672947510094,0.0419919246298787,7,3,2026-06-22T05:19:35.871463+00:00,True,True,True,True,True,True
StatTrak™ SSG 08 | Rapid Transit (Minimal Wear),ok,,best_deal,2026-05-12T11:50:32.956193+00:00,9.14,,44,False,8,-0.0159351687618324,-0.0176326242453801,10.52125,10.3475,1/1->1/1,11.6599,11.4955,10.622,11.0337,12.1768,12.9278,9.676,14.756,58,9.80368613796002,19.77546977246803,7.491487920136536,0.9240137445087208,1.318181818181818,-0.0835470980576831,0.090311111111111,0.1431500465983224,-0.0060744643007186,0.0266515118850454,0.1760965269851622,0.1460133702918637,7,3,2026-06-22T02:19:25.994182+00:00,True,True,True,True,True,True
StatTrak™ UMP-45 | K.O. Factory (Field-Tested),ok,,best_deal,2026-05-12T14:50:02.910536+00:00,5.99,,50,True,8,0.0078379927988235,0.0049679297997087,7.5725,7.6425,1/1,6.8719,6.954,6.369,6.723,7.133,7.366,5.366,7.468,208,5.96632663455522,14.508360133296469,8.512929466377566,0.9158757549611736,4.16,-0.0630383078324079,-0.032248878764149,-0.0100495193708126,-0.0069787216678794,-0.0117708137162872,0.1234368103575106,0.0526702957186993,7,3,2026-06-21T23:30:46.486497+00:00,True,True,True,True,True,True
StatTrak™ UMP-45 | Wild Child (Field-Tested),ok,,best_deal,2026-05-12T18:06:45.784898+00:00,3.51,,50,True,8,-0.0257026308379348,-0.0210265577528919,4.28875,4.18875,1/1,4.466,4.46,4.1492,4.354,4.608,4.625,3.04,6.262,232,5.6874160322436085,10.653828929690988,6.959247648902809,0.9303139013452916,4.64,-0.080269525247296,-0.0183101698654313,-0.0135225005542007,0.0023050860295352,0.002182750898019,0.090561797752809,0.0541573033707866,7,3,2026-06-22T03:33:11.493329+00:00,True,True,True,True,True,True
StatTrak™ USP-S | Cortex (Battle-Scarred),ok,,best_deal,2026-05-12T18:09:38.543658+00:00,7.16,,45,False,8,-0.0210665948394592,-0.0205719029312443,7.17,7.0225,1/1->1/1,7.8275,7.86,7.53,7.7035,8.0192,8.12,6.935,8.428,146,4.033216224848287,7.537527946343009,4.215905461513894,0.9580152671755724,3.2444444444444445,-0.0506692323851504,-0.0139410528996117,-0.0348909657320873,-0.0088497691267877,,0.0817301484828922,0.0244028405422852,7,3,2026-06-22T02:59:27.884635+00:00,True,True,True,True,True,True
StatTrak™ USP-S | Cortex (Minimal Wear),ok,,best_deal,2026-05-12T18:09:55.905841+00:00,14.75,,50,True,8,-0.0120414750245152,-0.0096979674913076,15.31375,15.12875,1/1,18.5708,18.658,17.448,18.135,19.14,19.502,15.617,21.227,101,5.411721627501233,11.060374351131877,6.51560514355871,0.9351484617858292,2.02,-0.0675973876009592,0.040533901080904,0.0304643996323727,0.0046582792374344,,0.0790902652081528,0.069961438577162,7,3,2026-06-22T01:45:43.378465+00:00,True,True,True,True,True,True
StatTrak™ USP-S | Cortex (Well-Worn),ok,,best_deal,2026-05-12T18:10:02.786497+00:00,7.17,,47,False,8,-0.0209447511840482,-0.0261159985019084,7.19125,7.04375,1/1->1/1,7.8871,8.001,7.4863,7.748,8.175,8.2936,4.308,9.322,162,5.413903716194805,10.235701335091472,6.52584600169897,0.9356705411823524,3.4468085106382977,-0.0732422426375311,-0.0484323532999877,-0.0564896576750937,-0.0030129745404144,-0.0006691697212426,0.1103846153846153,0.0505128205128205,7,3,2026-06-22T02:57:23.477345+00:00,True,True,True,True,True,True
StatTrak™ USP-S | Flashback (Factory New),ok,,best_deal,2026-05-12T18:10:58.484964+00:00,3.96,,50,True,8,0.0054023300853998,0.0063324080499653,3.9125,3.93375,1/1,4.4793,4.389,3.97,4.266,4.6452,5.048,3.01,10.254,126,8.465608465608465,24.06626035318018,9.35414015582792,0.9045340624287992,2.52,-0.0772082182033168,-0.1458003169572107,-0.0449612403100775,-0.008356804111595,-0.0265745075447186,0.260204081632653,0.0895176252319109,7,3,2026-06-21T23:42:44.628219+00:00,True,True,True,True,True,True
StatTrak™ USP-S | Jawbreaker (Battle-Scarred),ok,,best_deal,2026-05-12T18:11:35.835564+00:00,7.24,,50,True,8,-0.0101639985598273,-0.0137944039314699,7.7225,7.645,1/1,7.1268,7.137,6.848,7.0085,7.249,7.412,5.702,10.784,251,3.374586069484199,7.913790200370434,4.055115900544419,0.9595067955723694,5.02,-0.035123227740115,0.0461365867339784,0.0687679083094554,0.009235529959553,0.0161308820018548,0.0715817694369972,0.0715817694369972,7,3,2026-06-22T01:31:27.930617+00:00,True,True,True,True,True,True
StatTrak™ USP-S | Jawbreaker (Field-Tested),ok,,best_deal,2026-05-12T18:11:45.959393+00:00,9.79,,50,True,8,-0.0082287779555083,-0.0030623372251188,9.8825,9.80125,1/1,11.2102,11.0445,10.609,10.733,11.443,12.094,9.475,17.013,256,6.333517689247284,13.246864462721444,3.884854864319988,0.9605686088098148,5.12,-0.0313422981557969,0.0035949943117177,-0.0202576632607731,0.0001620607733948,0.0051601034055841,0.0712795864695748,0.0506030652035911,7,3,2026-06-22T01:20:56.742451+00:00,True,True,True,True,True,True
StatTrak™ USP-S | Printstream (Field-Tested),ok,,best_deal,2026-05-12T18:16:16.563351+00:00,62.69,,50,True,8,-0.0287803285268882,-0.029979969359278,65.89874999999999,64.06125,1/1,83.6633,80.26,78.3325,78.698,86.3337,88.9577,74.049,122.157,50,9.126701911112756,12.699953265051708,2.3038775663881403,0.9759843010216794,1.0,-0.0457985042774899,-0.0516863087443619,-0.0311333095492925,-0.006190267331143,,0.1553294383346424,0.0776340337784759,7,3,2026-06-22T03:53:29.007498+00:00,True,True,True,True,True,True
StatTrak™ USP-S | Ticket to Hell (Factory New),ok,,best_deal,2026-05-12T18:24:11.712598+00:00,5.8,,50,True,8,-0.0160935837415017,-0.0146940462171709,6.19,6.0925,1/1,7.387,7.196,6.6507,6.926,7.599,8.435,3.231,12.969,208,9.110599702179506,24.15459591173685,7.38188709895763,0.9242217898832684,4.16,-0.0756594606985337,-0.0113876001687052,-0.0204763894692854,-0.0095836287781132,-0.0318539279504153,0.1791808873720136,0.0,7,3,2026-06-22T02:20:55.069182+00:00,True,True,True,True,True,True
StatTrak™ USP-S | Torque (Factory New),ok,,best_deal,2026-05-12T18:24:39.137553+00:00,4.55,,50,True,8,-0.0482236002496096,-0.0337244682554702,4.74625,4.5287500000000005,1/1,5.2654,5.092,4.877,4.9495,5.324,5.8184,2.44,10.714,120,7.112470087742627,17.878983553006417,4.083260531013785,0.9577769049489396,2.4,-0.0784266272189023,-0.0297572435395457,-0.0199723156021356,-0.0049024854081651,-0.0185210216939422,0.1162227602905568,0.0,7,3,2026-06-22T06:04:44.825636+00:00,True,True,True,True,True,True
StatTrak™ XM1014 | XOXO (Field-Tested),ok,,best_deal,2026-05-12T18:33:50.714090+00:00,4.35,,43,False,8,-0.0060752460195631,-0.0043795171125241,4.64875,4.62125,1/1->1/1,5.0481,4.9765,4.4568,4.6718,5.3695,5.5292,3.783,7.181,60,13.8210415800004,21.24363621956776,10.294962461123976,0.8955691751230785,1.3953488372093024,-0.1014374952482911,0.122079314040729,0.0398291617004371,-0.0170425570099138,,0.2154933613525647,0.1087974018530901,7,3,2026-06-22T01:02:59.858828+00:00,True,True,True,True,True,True
StatTrak™ Zeus x27 | Olympus (Field-Tested),ok,,best_deal,2026-05-12T19:49:57.723303+00:00,5.97,,50,True,8,-0.0035313044209603,-0.0029655632847327,7.09625,7.07375,1/1,6.8601,6.919,6.3143,6.6987,7.077,7.35,5.244,8.415,292,5.514496873223427,15.097447559073473,8.814740309908009,0.9126029773088598,5.84,-0.074977585485638,0.0403119023098426,0.0193167075104512,0.0001311199891008,,0.0630038184132373,0.0425682364587753,7,3,2026-06-22T00:47:59.499397+00:00,True,True,True,True,True,True
StatTrak™ Zeus x27 | Olympus (Minimal Wear),ok,,best_deal,2026-05-12T19:50:02.890088+00:00,9.98,,50,True,8,0.0880027636832214,0.0916642289503193,13.78,15.1125,1/1,11.511,11.29,10.5178,11.022,11.731,12.328,5.903,19.843,178,6.159325862218744,15.72582746937712,6.708365910867864,0.9316031886625332,3.56,0.0340984014278314,0.0453335699077359,0.1015237917173039,0.0047968592637054,0.0062547465711382,0.1288296698633625,0.0921666808113384,7,3,2026-06-21T21:28:31.546611+00:00,True,True,True,True,True,True
StatTrak™ Zeus x27 | Tosai (Factory New),ok,,best_deal,2026-05-12T19:50:20.451907+00:00,4.06,,50,True,8,-0.0151478586678063,0.0,4.08375,4.0225,1/1,4.7237,4.446,4.293,4.319,4.676,5.5114,2.866,14.723,109,7.557634904841548,25.79333996655164,3.2389863877892244,0.965587044534413,2.18,-0.0374891801460098,0.0186349871884463,-0.062593783494105,0.0003517329145893,-0.0156447136616967,0.1125085753487308,0.0182940772924765,7,3,2026-06-22T02:12:13.290940+00:00,True,True,True,True,True,True
Tec-9 | Bamboo Forest (Factory New),ok,,best_deal,2026-04-18T19:27:46.953689+00:00,32.39,,50,True,8,-0.0319651739711601,-0.0283443548176892,34.86125,33.77375,1/1,70.1554,67.923,64.6328,67.39,71.91,73.3684,46.0,179.763,57,6.442839752891433,12.451785607380174,4.689874193575974,0.9515598545411716,1.14,-0.072255640439936,0.0025374684671317,-0.0562919920101686,-0.013413268388865,-5.511018673742818e-05,0.301024259558029,0.1401252201714007,7,3,2026-06-22T04:14:55.621953+00:00,True,True,True,True,True,True
Tec-9 | Bamboo Forest (Field-Tested),ok,,best_deal,2026-04-18T19:28:00.693346+00:00,11.0,,37,False,8,-0.0360775855961498,-0.0435868668111008,11.2,10.81,1/1->1/1,13.6337,13.506,12.564,12.816,14.1908,14.3683,12.18,24.08,70,10.083836376038777,13.2341183977937,6.90934962629367,0.9302532207907596,1.891891891891892,-0.0959474407867222,-0.0467351918952895,-0.0742549371633752,-0.0180500121150024,-0.0237149991558194,0.1221782639050501,0.0186176402141028,7,3,2026-06-22T04:44:00.185471+00:00,True,True,True,True,True,True
Tec-9 | Bamboo Forest (Minimal Wear),ok,,best_deal,2026-04-18T19:28:04.383080+00:00,13.19,,50,True,8,-0.0080984052969191,-0.0089255288546645,13.95375,13.8425,1/1,15.7033,15.652,14.012,15.133,16.359,17.458,11.779,19.788,61,7.807276177618734,21.94443206205064,10.443664707418176,0.8952210580117558,1.22,-0.1056079928820881,-0.0093357724090077,-0.0668449197860961,-0.013761531693559,,0.1437121935689271,0.0364215218083413,7,3,2026-06-22T01:19:24.207049+00:00,True,True,True,True,True,True
Tec-9 | Bamboozle (Factory New),ok,,best_deal,2026-04-18T19:28:46.894920+00:00,19.59,,35,False,8,0.0111127352683712,0.0088111836696499,24.425,24.73375,1/1->1/1,13.3488,13.724,12.23,13.052,13.79,14.483,9.004,14.723,51,5.528586839266447,16.87792161093132,11.192017259978424,0.891139609443311,1.457142857142857,-0.0929988291935472,-0.1091370558375633,-0.0531062124248497,-0.0209168336535503,-0.0801462878717694,0.28009768009768,0.0044770044770044,7,3,2026-06-21T23:13:22.122646+00:00,True,True,True,True,True,True
Tec-9 | Cracked Opal (Factory New),ok,,best_deal,2026-04-18T19:35:14.102735+00:00,11.26,,39,False,8,0.1565792159077499,0.155517086824485,12.725,15.0875,1/1->1/1,6.1592,6.295,5.785,6.099,6.334,6.36,5.121,6.889,61,3.815430575399393,9.335628003636838,8.280296142356146,0.9189833200953138,1.564102564102564,0.0819549623436584,-0.0333121827411169,-0.0353015671996201,-0.0030074671299617,-0.024214182658707,0.1325073843124386,0.0,7,3,2026-06-21T21:08:02.126147+00:00,True,True,True,True,True,True
Tec-9 | Fuel Injector (Field-Tested),ok,,best_deal,2026-04-18T19:40:31.116905+00:00,11.71,,50,True,8,0.0133608485794108,0.0117341061600629,12.76,12.9275,1/1,13.4408,13.523,13.0,13.358,13.695,13.8065,10.034,14.85,280,2.5072912326647203,6.000386881733228,3.8911374322956944,0.9613251497448791,5.6,-0.0091596470327087,-0.0261110279814454,-0.0374177327516084,-0.004787175217364,-0.004577470895118,0.0581547207497887,0.0058385188599522,7,3,2026-06-21T23:04:33.678562+00:00,True,True,True,True,True,True
Tec-9 | Fuel Injector (Well-Worn),ok,,best_deal,2026-04-18T19:40:50.027811+00:00,11.33,,44,False,8,-0.0051837022840454,-0.006688080396896,11.3225,11.26375,1/1->1/1,12.7177,12.9955,12.0378,12.3102,13.0955,13.2557,8.027,14.08,110,6.174858661550433,9.576417119447688,7.530449688229783,0.9263052595129084,2.5,-0.0696068382793377,0.0406132113331727,0.0151509219747092,0.0037616662063507,,0.0819128422676436,0.0607018897030465,7,3,2026-06-22T00:58:07.956666+00:00,True,True,True,True,True,True
Tec-9 | Groundwater (Factory New),ok,,best_deal,2026-04-18T19:42:00.673280+00:00,4.52,,50,True,8,0.1623649247446819,0.1546183705787184,5.06875,6.06,1/1,3.0878,3.071,2.8325,2.9505,3.201,3.3334,2.46,4.258,60,8.112572057775767,16.221905563831857,7.723945851415253,0.9223380006512536,1.2,0.0919739198469734,-0.0664278736567893,-0.0457646863038775,0.0092053518580872,0.0009099664030085,0.1604464597139867,0.0,7,3,2026-06-21T21:07:31.546726+00:00,True,True,True,True,True,True
Tec-9 | Remote Control (Minimal Wear),ok,,best_deal,2026-04-18T20:28:57.942749+00:00,7.27,,50,True,8,-0.0399611579631183,-0.0326421944069001,8.40375,8.09125,1/1,7.6175,7.593,7.0874,7.209,7.9668,8.4064,4.015,9.846,64,9.948145717098791,17.3153921890384,6.637348211355436,0.9334123534834716,1.28,-0.0991759431366635,0.0329341317365268,0.0060859642449599,0.0003081347959863,,0.2127284183994957,0.1049779458097037,7,3,2026-06-22T05:10:51.334870+00:00,True,True,True,True,True,True
Tec-9 | Whiteout (Field-Tested),ok,,best_deal,2026-04-18T20:34:35.383759+00:00,5.71,,50,True,8,0.0464473091806189,0.0447233635792957,6.19125,6.4925,1/1,5.9303,5.661,5.543,5.611,5.707,5.881,4.055,21.35,641,1.618805119471192,5.699543024804817,1.9897812926833287,0.9791556262144498,12.82,0.0493596571145492,-0.010409315455187,-0.0051436679673643,-0.0012332048497259,0.001183478436072,0.0311998573720805,0.0137279372437154,7,3,2026-06-21T21:57:08.568582+00:00,True,True,True,True,True,True
Tec-9 | Whiteout (Minimal Wear),ok,,best_deal,2026-04-18T20:34:40.615948+00:00,31.85,,50,True,8,0.0010397298058103,0.001233045622688,32.4525,32.48625,1/1,40.5216,38.101,36.129,36.873,39.519,50.612,29.752,76.339,79,6.529850746268659,35.74143173023771,4.866540314301512,0.9482428282722238,1.58,-0.0393932792179402,-0.0306025495526404,-0.0653833430876102,-0.013603011223002,,0.1356811282484106,0.0,7,3,2026-06-22T00:11:45.407843+00:00,True,True,True,True,True,True
UMP-45 | Crimson Foil (Battle-Scarred),ok,,best_deal,2026-04-18T21:27:51.200548+00:00,4.48,,50,True,8,-0.0447203974673115,-0.0262377782400665,4.5775,4.3825,1/1,3.9076,3.959,3.6658,3.852,4.015,4.048,3.372,4.1,97,4.17135837854437,9.78093970723718,7.50332685024056,0.9259408941651932,1.94,-0.1103867193614739,0.0062484060188727,0.0026683608640405,0.0048524842363738,,0.1267266506146241,0.0335825624128753,7,3,2026-06-22T05:41:24.335162+00:00,True,True,True,True,True,True
UMP-45 | Crimson Foil (Factory New),ok,,best_deal,2026-04-18T21:27:53.726345+00:00,14.72,,50,True,8,0.0005742287430519,0.0,15.595,15.605,1/1,12.1611,11.881,10.906,11.3685,12.143,12.231,8.015,38.276,131,6.368667308056028,10.895395975692985,8.017366850038234,0.9179362006565104,2.62,-0.0684252683466671,-0.0078569040454696,-0.0282439623413836,-0.0071379125495837,,0.0871946082561078,0.0298230834035382,7,3,2026-06-22T00:14:33.954707+00:00,True,True,True,True,True,True
UMP-45 | Crimson Foil (Field-Tested),ok,,best_deal,2026-04-18T21:27:56.326376+00:00,4.57,,50,True,8,0.0037863611697026,-0.0079090749311616,5.0175,5.04125,1/1,4.0136,3.995,3.926,3.961,4.048,4.147,3.329,4.368,821,2.1676300578034726,5.5062786525812255,1.7191548734303357,0.9827284105131414,16.42,0.0114157754488321,0.0065425264217413,-0.0009990009990008,0.0015987378480935,-0.0097739192243554,0.0747499999999998,0.0064999999999999,7,3,2026-06-21T23:55:16.268493+00:00,True,True,True,True,True,True
UMP-45 | Exposure (Factory New),ok,,best_deal,2026-04-18T21:28:44.413542+00:00,5.29,,50,True,8,-0.0197534934680285,-0.0102230483271376,5.43,5.33,1/1,3.5491,3.517,3.3666,3.445,3.798,3.845,0.61,4.31,74,9.94618353948889,13.479473669380972,4.237694063283645,0.9572362809212396,1.48,-0.0542414004843406,0.0255656773435204,0.1058301647655259,-0.0060350448726284,-0.0224280113190016,0.2395415472779369,0.095702005730659,7,3,2026-06-22T02:50:09.803775+00:00,True,True,True,True,True,True
UMP-45 | K.O. Factory (Field-Tested),ok,,best_deal,2026-04-18T21:32:13.547421+00:00,5.17,,50,True,8,0.0524226431833848,0.05217506757453,6.83,7.2075,1/1,5.4603,5.425,5.248,5.32,5.54,5.711,5.025,6.167,1560,4.02908265113638,8.479387579437029,3.24158013295972,0.967373271889401,31.2,0.0501639592877042,-0.011290024060707,-0.0373040187421158,-0.0061496536696728,-0.0158537388986893,0.0567203294646199,0.0,7,3,2026-06-21T21:49:56.063324+00:00,True,True,True,True,True,True
UMP-45 | K.O. Factory (Minimal Wear),ok,,best_deal,2026-04-18T21:32:15.985423+00:00,8.09,,50,True,8,0.0270896712038139,0.0166483382209188,9.04375,9.30125,1/1,7.876,7.855,7.508,7.8,8.006,8.123,5.017,10.034,629,2.6155408836973133,7.808532249873023,4.405789740985277,0.9558243157224696,12.58,0.0056897691928507,-0.0010116337885685,0.0185662712738525,0.000132277566205,0.0045942645061221,0.0356962025316455,0.0251898734177216,7,3,2026-06-21T22:20:47.131194+00:00,True,True,True,True,True,True
UMP-45 | Late Night Transit (Factory New),ok,,best_deal,2026-04-18T21:32:42.905246+00:00,6.97,,50,True,8,0.0173477751696016,0.0178817056396148,7.15125,7.2775,1/1,8.5497,7.607,7.415,7.519,8.673,10.292,6.98,24.22,196,13.497549621624149,33.65030351942173,2.245692831327417,0.97476008939135,3.92,0.0087301489116746,-0.0895883777239709,0.0385374194396948,0.0220681645719138,0.0446691898621014,0.2320162107396149,0.0975177304964538,7,3,2026-06-21T22:48:01.270785+00:00,True,True,True,True,True,True
UMP-45 | Momentum (Field-Tested),ok,,best_deal,2026-04-18T22:19:43.845881+00:00,4.6,,50,True,8,0.0613706670260828,0.0608462654906776,4.79625,5.109999999999999,1/1,4.9655,4.985,4.5146,4.736,5.319,5.44,1.42,5.75,317,11.74101298962844,18.63659248816837,9.473366226966078,0.9056369107321964,6.34,-0.0160490740452565,0.1326254424318136,0.0843133346621487,0.0237252157139407,0.0451601769850078,0.1238970588235294,0.1238970588235294,7,3,2026-06-21T21:42:51.239048+00:00,True,True,True,True,True,True
UMP-45 | Neo-Noir (Well-Worn),ok,,best_deal,2026-04-18T22:20:55.104034+00:00,4.78,,35,False,8,-0.0081461714243933,-0.0108415749206941,4.68625,4.64875,1/1->1/1,4.8951,4.991,4.362,4.637,5.19,5.366,3.97,5.391,101,11.297011297011316,20.51030622459193,12.849584278155698,0.8739731516730115,2.8857142857142857,-0.1248525969255514,-0.0101901460237419,-0.0777212216131557,-0.0145573266726576,,0.157291445552961,0.0203778390999787,7,3,2026-06-22T01:19:47.086046+00:00,True,True,True,True,True,True
UMP-45 | Primal Saber (Field-Tested),ok,,best_deal,2026-04-18T22:21:47.624739+00:00,12.58,,50,True,8,0.1202647151882791,0.1103238627988225,14.3075,16.263749999999998,1/1,13.6656,13.279,12.403,12.808,13.541,13.718,11.037,58.774,170,5.363833274792183,9.622702259688555,6.410256410256407,0.9340311770464644,3.4,0.0690312046154387,-0.0129178166206685,-0.0543150936467132,-0.0063389130724834,-0.0166703841839627,0.0598423362199527,0.0,7,3,2026-06-21T21:15:59.239882+00:00,True,True,True,True,True,True
UMP-45 | Primal Saber (Minimal Wear),ok,,best_deal,2026-04-18T22:21:49.961036+00:00,13.37,,50,True,8,0.0732641563890807,0.0733416827619507,16.5875,17.90125,1/1,14.8872,14.701,13.1325,13.82,15.047,16.2308,11.735,22.069,50,8.241979687248108,20.811838357783856,10.535896609167608,0.8933065777838242,1.0,-0.0260742097893157,-0.064513819275383,-0.0440826778854948,-0.0184369940451225,,0.2133945656333716,0.0,7,3,2026-06-21T21:34:00.648126+00:00,True,True,True,True,True,True
UMP-45 | Wild Child (Factory New),ok,,best_deal,2026-04-18T22:23:49.191134+00:00,26.02,,50,True,8,0.0082214535235724,0.0039776895823943,25.90125,26.115,1/1,23.8641,22.144,21.588,21.992,22.187,25.442,20.748,55.34,121,0.8171269815329315,16.149781470912373,2.329859496063113,0.97489161849711,2.42,-0.004396619315936,0.0004065958888637,0.0180681347983999,0.0015006873851848,-0.005557812742664,0.1799132947976878,0.0177474710982657,7,3,2026-06-21T23:27:33.569974+00:00,True,True,True,True,True,True
UMP-45 | Wild Child (Field-Tested),ok,,best_deal,2026-04-18T22:23:51.480676+00:00,3.89,,50,True,8,0.1125730021204895,0.1090333804336265,5.59625,6.305,1/1,4.2676,4.26,4.092,4.162,4.369,4.46,3.979,4.997,1878,4.850501452807196,8.623113693879473,3.936638860249324,0.96056338028169,37.56,0.1049293540226121,0.0211691123406303,0.0011792452830188,-0.0004048390500183,0.000182664323846,0.0461719670200237,0.0216725559481744,7,3,2026-06-21T21:18:08.698661+00:00,True,True,True,True,True,True
UMP-45 | Wild Child (Minimal Wear),ok,,best_deal,2026-04-18T22:23:54.422871+00:00,6.7,,50,True,8,-0.0179889193501702,-0.0164917541229385,6.79125,6.671250000000001,1/1,7.4268,7.294,7.08,7.224,7.399,7.508,4.975,12.174,681,2.356331125114448,5.762912694565626,2.8814563472828074,0.9706608171099534,13.62,-0.0235045353705614,-0.0203052602889071,-0.0006950236308034,-0.0035284661564245,-0.0027478930468741,0.0376964807344554,0.0048685491723466,7,3,2026-06-22T02:35:01.516387+00:00,True,True,True,True,True,True
UMP-45 | Wild Child (Well-Worn),ok,,best_deal,2026-04-18T22:23:58.664742+00:00,3.45,,38,False,8,-0.0313024901027788,-0.0299856140981837,4.015,3.90125,1/1->1/1,3.6507,3.658,3.446,3.5148,3.747,3.891,2.975,3.944,958,6.360424028268544,12.189443120497431,5.8071054866189975,0.9420448332422088,25.210526315789476,-0.061004030132831,-0.0138849532445451,-0.0594594594594595,-0.0108724100470367,-0.02306658835293,0.0876436781609195,0.0,7,3,2026-06-22T04:12:17.300011+00:00,True,True,True,True,True,True
USP-S | Alpine Camo (Factory New),ok,,best_deal,2026-04-18T22:24:19.793953+00:00,3.69,,50,True,8,-0.0119186706869572,-0.0180388794621877,4.98,4.9225,1/1,3.536,3.444,3.327,3.392,3.521,3.59,2.615,14.153,522,3.648190045248869,7.437782805429862,3.308823529411765,0.96602787456446,10.44,-0.0238383854919347,-0.0084944346807265,-0.0375319874893375,-0.0053268722053062,-0.0193662296500718,0.0697193500738553,0.0076809453471195,7,3,2026-06-22T01:44:22.486185+00:00,True,True,True,True,True,True
USP-S | Cortex (Battle-Scarred),ok,,best_deal,2026-04-18T22:26:40.363866+00:00,3.72,,50,True,8,0.0107655728335412,0.0107384291624025,3.68375,3.72375,1/1,3.8573,3.865,3.654,3.769,3.962,4.024,2.767,4.594,701,5.003499857413218,9.59220179918596,5.470147512508757,0.9454075032341526,14.02,-0.0204025036381833,-0.0023709167544784,-0.0587796694420281,-0.00359040790464,-0.0150504410366687,0.0710324795352522,0.0,7,3,2026-06-21T23:15:00.052472+00:00,True,True,True,True,True,True
USP-S | Cortex (Field-Tested),ok,,best_deal,2026-04-18T22:26:45.327057+00:00,4.13,,50,True,8,0.0,0.0,4.20375,4.20375,1/1,4.4527,4.428,4.307,4.362,4.51,4.611,4.022,5.09,1787,3.323825993217591,6.827318256338836,2.717452332292756,0.9726738934056008,35.74,0.0041282597164682,0.0258928571428571,0.0288784419073204,0.0020557072592525,0.0048706612643194,0.0517841601392516,0.0517841601392516,7,3,2026-06-22T00:21:02.340277+00:00,True,True,True,True,True,True
USP-S | Cortex (Minimal Wear),ok,,best_deal,2026-04-18T22:26:47.138789+00:00,7.88,,50,True,8,0.018061864142008,0.0183609336093361,8.02,8.1675,1/1,8.6562,8.623,8.2791,8.42,8.838,9.03,6.829,9.734,640,4.828908759039755,8.674707146322863,3.97287493357362,0.960118288298736,12.8,0.0011306965342965,-0.0428489373923032,-0.0644509319559847,-0.0065103952355181,-0.0268993687600608,0.1048967834853575,0.0,7,3,2026-06-21T22:45:25.309068+00:00,True,True,True,True,True,True
USP-S | Cortex (Well-Worn),ok,,best_deal,2026-04-18T22:26:49.389629+00:00,3.77,,50,True,8,0.0029992031746486,0.0013227513227512,3.73375,3.745,1/1,3.9444,3.934,3.771,3.85,4.0173,4.127,3.321,4.539,936,4.241456241760459,9.025453807930226,4.1324409289118815,0.958566344687341,18.72,-0.0124270679023663,-0.0133132378799296,-0.0277227722772277,-0.0016084341422132,,0.0428971486761711,0.0108197556008146,7,3,2026-06-22T00:01:11.220254+00:00,True,True,True,True,True,True
USP-S | Cyrex (Field-Tested),ok,,best_deal,2026-04-18T22:26:58.060976+00:00,3.72,,50,True,8,0.0018957056515255,0.0,3.88,3.8875,1/1,4.6176,4.635,4.363,4.45,4.79,4.88,1.196,5.681,711,7.363132363132359,11.196292446292434,5.890505890505876,0.9413160733549084,14.22,-0.0333610602048421,0.0593431483578708,-0.0513184584178498,-0.0087951474688436,,0.2929228137695104,0.0560188154800084,7,3,2026-06-22T00:06:20.222490+00:00,True,True,True,True,True,True
USP-S | Guardian (Minimal Wear),ok,,best_deal,2026-04-19T07:50:27.357051+00:00,3.61,,50,True,8,-0.0039998774680597,-0.0062814070351758,3.71875,3.705,1/2,4.7202,4.677,4.0744,4.2332,5.239,5.446,3.307,6.701,230,21.30841913478242,29.058090758866147,12.76640820304224,0.8711567243959804,4.6,-0.116700198958358,-0.0497972059486255,0.1059533175976918,-0.0331495402254445,-0.0014254591665815,0.3381550865544225,0.095802703343609,7,3,2026-06-22T00:51:40.090309+00:00,True,True,True,True,True,True
USP-S | Jawbreaker (Battle-Scarred),ok,,best_deal,2026-04-19T07:50:29.904825+00:00,3.68,,50,True,8,0.0047248936770972,0.0053908355795148,3.6925,3.71,2/2,3.9006,3.926,3.681,3.774,3.978,4.162,3.219,4.541,1531,5.22996462082757,12.331436189304206,6.28108496128801,0.9375955170657158,30.62,-0.028086718623859,-0.0323640960809102,-0.0592428711897737,-0.0096301259989292,-0.0268675730762417,0.0825712045989024,0.0195975960282205,7,3,2026-06-21T23:47:45.514142+00:00,True,True,True,True,True,True
USP-S | Jawbreaker (Field-Tested),ok,,best_deal,2026-04-19T07:50:35.357484+00:00,4.3,,50,True,8,0.0057896292558697,0.0041736227045074,4.54625,4.57375,2/2,4.5971,4.568,4.437,4.473,4.659,4.826,4.316,5.067,3410,4.046029018294141,8.46185638772268,2.8496225881533865,0.9713222416812612,68.2,0.0140955252634709,0.0109890109890109,-0.0073370738023307,0.0019000074346958,-0.0022737736782952,0.0493478260869565,0.0156521739130434,7,3,2026-06-21T23:40:46.086012+00:00,True,True,True,True,True,True
USP-S | Jawbreaker (Minimal Wear),ok,,best_deal,2026-04-19T07:50:37.260863+00:00,7.63,,50,True,8,-0.0477355617817215,-0.0472066461185882,8.0125,7.6475,1/2,8.1145,8.044,7.747,7.852,8.32,8.624,7.505,9.807,1169,5.767453324296013,10.80781317394788,3.660114609649401,0.963078070611636,23.38,-0.0565960338525682,-0.0086967325133556,-0.0149382716049382,-0.0002973859111774,-0.0064665627267036,0.0741947612482766,0.0156661235743827,7,3,2026-06-22T06:01:48.632713+00:00,True,True,True,True,True,True
USP-S | Jawbreaker (Well-Worn),ok,,best_deal,2026-04-19T07:50:39.186530+00:00,3.76,,50,True,8,0.0224549166126808,0.0162384272823157,3.6575,3.74125,2/2,3.9947,3.982,3.839,3.908,4.064,4.19,3.22,4.487,1709,3.905174356021732,8.786642301048902,3.5797431596865907,0.9640883977900552,34.18,0.0175834017182437,-0.0279232111692845,-0.0602554832489756,-0.0054877025281337,-0.0218432402208726,0.0669402410874582,0.0017953321364452,7,3,2026-06-21T22:31:48.733314+00:00,True,True,True,True,True,True
USP-S | Kill Confirmed (Field-Tested),ok,,best_deal,2026-04-19T07:50:46.882896+00:00,70.61,,50,True,8,-0.0055709569192974,-0.0037416532459351,75.28,74.85,1/2,85.4167,85.311,82.886,83.715,86.886,88.997,69.812,97.469,51,3.7123887951653383,7.154338671477596,2.839023282332391,0.9715745917876945,1.02,-0.0278541623536888,0.0239929459810657,0.0388662633301162,0.0033925820600689,0.0137370924560564,0.0829367777022434,0.0829367777022434,7,3,2026-06-22T01:00:32.104101+00:00,True,True,True,True,True,True
USP-S | Monster Mashup (Field-Tested),ok,,best_deal,2026-04-19T07:51:27.259039+00:00,24.59,,50,True,8,-0.0403259292870576,-0.0423098628037912,25.355,24.37125,1/2,26.7306,26.517,25.1311,26.0418,27.261,28.8523,23.075,31.993,104,4.56106484702925,13.92112410495836,5.184694694470006,0.9477354150167816,2.08,-0.0824018619017487,0.0572175098455012,0.0520980536242534,-0.0045485468497166,0.0084330492845985,0.1062538056520647,0.0712238977040724,7,3,2026-06-22T05:13:37.312938+00:00,True,True,True,True,True,True
USP-S | Neo-Noir (Field-Tested),ok,,best_deal,2026-04-19T07:51:53.377112+00:00,95.62,,50,True,8,-0.016703836496286,-0.0182090136783299,100.54875,98.90125,2/2,118.5528,120.0345,111.2987,116.04,122.556,123.892,84.415,126.658,70,5.496285199506035,10.622524309843378,7.368699853567354,0.9272225901719924,1.4,-0.0827866101977274,-0.0682508980381321,-0.0548937818922239,-0.0039761677060519,,0.0848510222594376,0.0116007256995324,7,3,2026-06-22T02:26:21.005981+00:00,True,True,True,True,True,True
USP-S | Neo-Noir (Minimal Wear),ok,,best_deal,2026-04-19T07:51:56.318685+00:00,100.96,,50,True,8,-0.0370700350127042,-0.0410209409782712,104.26,100.555,1/2,131.1258,131.486,121.679,126.466,134.3243,139.54,112.943,143.99,66,5.99294723082719,13.621270566128093,7.4790773440467,0.9254141125290908,1.32,-0.1045510487553532,0.0143381996765705,0.0400394281391598,0.0092925521791209,0.0297673599177694,0.10222171609936,0.0956462005275105,7,3,2026-06-22T04:51:21.584562+00:00,True,True,True,True,True,True
USP-S | Printstream (Battle-Scarred),ok,,best_deal,2026-04-19T07:55:00.148372+00:00,34.98,,50,True,8,-0.0136838394042839,-0.0149284823571854,35.7725,35.29,2/2,39.5707,39.374,38.0012,38.7245,40.3,41.655,34.891,43.81,255,3.981481247488667,9.233599607790625,3.4692335490653563,0.965134352618479,5.1,-0.0326695781947221,0.0022967386311438,0.0148050538717929,-0.0016140943054907,0.0071329737981076,0.0841480802525715,0.0456258274773398,7,3,2026-06-22T02:00:50.717709+00:00,True,True,True,True,True,True
USP-S | Printstream (Field-Tested),ok,,best_deal,2026-04-19T07:55:04.892710+00:00,38.93,,50,True,8,0.0080978811703721,0.0075432839952503,48.91,49.305,2/2,48.3145,47.986,47.5249,47.733,48.659,49.653,42.952,60.35,662,1.9166088855312629,4.404681824297046,0.9543718759378546,0.9903909473596468,13.24,0.0216243621970103,0.0235409616911057,0.0282986202192958,0.0013935106692987,0.011530801935335,0.0610395706210077,0.0512438521662822,7,3,2026-06-21T23:29:01.723890+00:00,True,True,True,True,True,True
USP-S | Printstream (Minimal Wear),ok,,best_deal,2026-04-19T07:55:07.309657+00:00,64.91,,50,True,8,-0.0068470623973467,-0.0006929355509734,65.505,65.0625,1/2,77.6879,77.478,74.58,75.6335,79.61,80.6436,63.824,87.858,163,5.118557716195188,7.805076466219332,3.730310640395732,0.9625958336560057,3.26,-0.0315619768192496,0.0282288582316465,-0.0242184448280643,-0.0059799621057541,,0.0615000193700847,0.0310502460000772,7,3,2026-06-22T01:09:44.331373+00:00,True,True,True,True,True,True
USP-S | Printstream (Well-Worn),ok,,best_deal,2026-04-19T07:55:12.269210+00:00,37.47,,21,False,8,-0.0295469937418531,-0.0256329291368008,37.9225,36.835,2/2->1/2,45.7308,45.716,43.8544,44.61,46.94,48.039,38.843,51.443,57,5.095034418816199,9.150506879389829,4.070779430930582,0.959279027036486,2.7142857142857144,-0.0588572818920277,0.071490776660597,0.0279730902777777,0.0055584147268817,0.0161651775602973,0.0825117693005973,0.0667208511895965,7,3,2026-06-22T03:58:59.163104+00:00,True,True,True,True,True,True
USP-S | Royal Guard (Factory New),ok,,best_deal,2026-04-19T07:56:16.404848+00:00,11.22,,50,True,8,0.0493578218949512,0.0479596214457442,11.31375,11.90125,2/2,9.5028,9.179,8.771,8.921,9.439,9.7642,8.053,61.862,550,5.451024961064115,10.45165635391674,4.29347139790377,0.955550713585358,11.0,0.028006732836866,0.0132377275234418,-0.0324449594438006,-0.0136819142560766,-0.0597629515167198,0.2568317909635275,0.0423516603157322,7,3,2026-06-21T21:54:22.240762+00:00,True,True,True,True,True,True
USP-S | Royal Guard (Minimal Wear),ok,,best_deal,2026-04-19T07:56:21.261807+00:00,4.27,,50,True,8,0.054579911829387,0.0535331905781584,4.635,4.905,2/2,3.8623,3.84,3.612,3.708,3.967,4.0722,3.503,5.704,1337,6.705848846542213,11.915180074049127,5.903218289620169,0.940625,26.74,0.0244098580679306,0.0386130811662728,-0.0479171683120633,-0.0015089685042684,-0.0152913376943445,0.158067779463834,0.0799190692969145,7,3,2026-06-21T21:47:04.201588+00:00,True,True,True,True,True,True
USP-S | The Traitor (Field-Tested),ok,,best_deal,2026-04-19T08:48:46.653553+00:00,39.35,,50,True,8,0.0005629284372625,0.0,39.91875,39.94125,2/2,43.6395,43.2535,41.361,42.1855,44.454,46.754,36.447,55.725,166,5.198272207518425,12.35807009704511,4.336667468692367,0.9562463153270832,3.32,-0.0300940713133629,0.0504268321127023,0.0027051397655544,-0.0006337135404934,,0.0598632205346833,0.0524025224265032,7,3,2026-06-22T00:14:45.571351+00:00,True,True,True,True,True,True
USP-S | The Traitor (Well-Worn),ok,,best_deal,2026-04-19T08:48:52.224974+00:00,36.49,,50,True,8,0.0037126058579048,-0.0027211492109224,36.52375,36.6625,2/2,39.7315,39.811,38.2898,39.022,40.544,41.007,36.217,50.168,95,3.830713665479528,6.8389061575827705,3.8287001497552335,0.9617894551757052,1.9,-0.0253264356816684,0.0072832281311492,-0.035363794327109,-0.0062265555037858,-0.007167311519759,0.0627663892835396,0.025395778364116,7,3,2026-06-21T23:55:31.398911+00:00,True,True,True,True,True,True
XM1014 | Entombed (Field-Tested),ok,,best_deal,2026-04-19T08:58:22.151569+00:00,3.75,,50,True,8,0.0800090387299585,0.0806989813839129,4.1675,4.53,1/2,4.2108,4.22,3.97,4.083,4.368,4.432,3.261,5.01,956,6.7683100598461134,10.971786833855804,5.9371140875842965,0.9407582938388628,19.12,0.0467104573817933,0.0258302583025828,-0.0097364046544764,-0.0005689946058265,-0.008149705202084,0.0697841726618703,0.0251798561151078,7,3,2026-06-21T21:31:07.136572+00:00,True,True,True,True,True,True
XM1014 | Entombed (Minimal Wear),ok,,best_deal,2026-04-19T08:58:24.452853+00:00,4.59,,50,True,8,0.1080290574158938,0.1040963051165476,6.37375,7.13625,2/2,4.9089,4.982,4.467,4.766,5.148,5.252,2.499,6.11,505,7.7817841064189475,15.991362627065127,10.491148729858024,0.8966278602970693,10.1,0.0240240296930467,-0.0069762806458042,-0.0322455322455321,0.0021264955184721,-0.0020539712112157,0.0748695303091128,0.0385387394620634,7,3,2026-06-21T21:20:27.894014+00:00,True,True,True,True,True,True
XM1014 | Incinegator (Field-Tested),ok,,best_deal,2026-04-19T09:47:11.522611+00:00,5.83,,50,True,8,-0.000674050974905,0.0,5.82,5.81625,1/2,6.8862,6.849,6.3382,6.679,6.986,7.195,4.79,14.657,313,4.458191745810455,12.442275856059956,7.417734018762171,0.9254197693093882,6.26,-0.0576326587485248,-0.015447991761071,-0.0128337512907508,-0.0039044822126491,,0.0690376569037656,0.0234608487746563,7,3,2026-06-22T00:28:23.279796+00:00,True,True,True,True,True,True
XM1014 | XOXO (Field-Tested),ok,,best_deal,2026-04-19T09:57:12.076661+00:00,3.88,,50,True,8,0.0113830468429617,0.0093295272575367,4.07125,4.1175,1/2,4.4219,4.3545,4.118,4.232,4.5185,4.7718,3.46,6.899,428,6.479115312422266,14.785499445939518,5.348379655804054,0.9456883683545758,8.56,-0.0224915918695568,-0.0574857142857142,-0.0320422535211267,-0.0088363136477727,-0.0275911543314181,0.1259852067418455,0.0,7,3,2026-06-21T23:12:06.849466+00:00,True,True,True,True,True,True
XM1014 | XOXO (Minimal Wear),ok,,best_deal,2026-04-19T09:57:14.580698+00:00,6.62,,50,True,8,-0.0007559790680182,-0.0044215396646103,6.78625,6.78125,2/2,6.8421,6.907,6.1067,6.762,6.9917,7.207,5.249,8.514,138,3.357156428581872,16.081320062553893,11.69670130515485,0.8841320399594614,2.76,-0.1062192352210134,0.0138408304498269,0.0074498567335243,0.0025930420909523,-0.0129473872137785,0.1348833902161547,0.0290813424345848,7,3,2026-06-22T00:28:58.657926+00:00,True,True,True,True,True,True
XM1014 | XOXO (Well-Worn),ok,,best_deal,2026-04-19T09:57:17.352362+00:00,3.68,,50,True,8,0.001056304356472,0.0,3.54125,3.545,1/2,3.8563,3.85,3.6704,3.752,3.9858,4.1897,2.96,4.205,110,6.062806316935923,13.466275964006956,4.657314005653093,0.9533506493506492,2.2,-0.0354138361336608,0.0382081686429511,0.0293925538863488,-0.0039678383667162,,0.1181472081218275,0.0717005076142132,7,3,2026-06-22T00:11:28.407931+00:00,True,True,True,True,True,True
Zeus x27 | Charged Up (Factory New),ok,,best_deal,2026-05-20T22:04:30.589905+00:00,37.85,,50,True,8,0.0062121026794267,0.0135884876133699,41.67125,41.98125,1/1,35.5021,34.891,33.571,34.5,35.62,36.783,30.4,46.617,61,3.1547429588672147,9.047352128465649,3.7180899158077994,0.9621678942993896,1.22,-0.0240417369896385,0.0542260181708751,0.0904805668376271,0.0144556144861686,0.0155018739150707,0.1109208058070303,0.0939020743278145,7,3,2026-06-21T23:39:16.613056+00:00,True,True,True,True,True,True
Zeus x27 | Charged Up (Field-Tested),ok,,best_deal,2026-05-20T22:04:35.158707+00:00,4.13,,50,True,8,0.0159809947354664,0.0070308986696973,6.16125,6.2775,1/1,4.0628,4.0,3.887,3.945,4.097,4.188,3.446,7.219,393,3.741262183715678,7.408683666436932,2.7813330707886186,0.97175,7.86,0.0071163384653212,-0.0439692455550215,0.0226162940118221,3.1692047508072706e-05,0.0038958290188089,0.0746418698165367,0.0286504146770545,7,3,2026-06-21T22:53:18.009066+00:00,True,True,True,True,True,True
Zeus x27 | Charged Up (Minimal Wear),ok,,best_deal,2026-05-20T22:04:39.223183+00:00,12.0,,50,True,8,0.0225426406749897,0.0172093385788655,20.9375,21.42125,1/1,11.851,11.6955,11.5187,11.613,11.8167,11.953,9.161,24.812,262,1.7188422917897332,3.664669648130947,1.4918572272381934,0.9848830746868455,5.24,0.0235277601962562,0.0024716611267365,-0.0125094450507933,-0.0006505936335576,-0.0007800820025981,0.0257609250127528,0.0130930113926202,7,3,2026-06-21T22:31:36.241196+00:00,True,True,True,True,True,True
Zeus x27 | Dragon Snore (Field-Tested),ok,,best_deal,2026-05-20T22:05:03.126775+00:00,20.35,,50,True,8,0.0901731178175731,0.086469078001336,29.52125,32.46125,1/1,19.1508,19.2,18.129,18.706,19.538,20.0502,12.292,24.307,189,4.34446602752888,10.031956889529411,5.592455667648339,0.94421875,3.78,0.047837119073332,-0.0399486521181002,-0.0446579122170559,-0.0080622031204814,-0.021027463921196,0.0625233994758517,0.0,7,3,2026-06-21T21:26:50.596081+00:00,True,True,True,True,True,True
Zeus x27 | Dragon Snore (Minimal Wear),ok,,best_deal,2026-05-20T22:05:07.949312+00:00,40.34,,50,True,8,-0.0443289414614211,-0.0351302396399439,42.3925,40.57625,1/1,37.8248,37.796,35.445,36.461,38.328,41.0146,15.007,58.34,102,4.93591506101818,14.724730864406425,6.215498826166956,0.9377976505450312,2.04,-0.0968264580509155,-0.0067125421968319,-0.0726909090909091,-0.003271042082454,-0.030162814336948,0.1517587545586447,0.0733696717775773,7,3,2026-06-22T05:38:33.567275+00:00,True,True,True,True,True,True
Zeus x27 | Olympus (Battle-Scarred),ok,,best_deal,2026-05-20T22:06:23.213354+00:00,3.16,,49,False,8,0.0085202371901617,0.0032310936651772,3.05,3.07625,1/1->1/1,3.915,3.922,3.601,3.682,4.129,4.293,2.308,4.467,469,11.417624521072788,17.675606641123885,8.199233716475101,0.9181540030596634,9.571428571428571,-0.0529894263802549,-0.0510525042342123,0.0240208877284595,0.0064570696287414,-0.0058582399795713,0.114227434982152,0.0331463539010709,7,3,2026-06-21T23:26:13.140687+00:00,True,True,True,True,True,True
Zeus x27 | Olympus (Field-Tested),ok,,best_deal,2026-05-20T22:06:33.133550+00:00,3.28,,50,True,8,0.0804273108473491,0.0748014018691589,3.81375,4.1475,1/1,4.0452,4.013,3.926,3.97,4.063,4.2946,3.691,4.499,3049,2.2990210619993947,9.112034015623449,2.1506971225155675,0.9783204585098432,60.98,0.0947653710602587,0.0022596033140849,-0.0138339920948616,-0.0012511420027545,-0.0103368448497723,0.0430861723446894,0.002254509018036,7,3,2026-06-21T21:30:26.956219+00:00,True,True,True,True,True,True
Zeus x27 | Olympus (Minimal Wear),ok,,best_deal,2026-05-20T22:06:38.432938+00:00,4.56,,50,True,8,0.0626097609780258,0.0605505671077504,5.495,5.8625,1/1,5.9651,5.93,5.749,5.828,6.038,6.173,5.357,6.975,1082,3.520477443798092,7.108011600811393,3.0343162729878808,0.969477234401349,21.64,0.0593641266984716,-0.030996187634676,-0.0345169281585465,-0.0001296072377244,-0.0135045659899475,0.0827916524119055,0.0,7,3,2026-06-21T21:40:56.781289+00:00,True,True,True,True,True,True
Zeus x27 | Olympus (Well-Worn),ok,,best_deal,2026-05-20T22:06:44.912553+00:00,3.09,,27,False,8,-0.00757304315571,-0.0016949152542372,2.99875,2.9762500000000003,1/1->1/1,3.984,4.066,3.5686,3.809,4.31,4.463,2.022,4.56,153,12.575301204819263,22.44979919678715,12.48493975903614,0.8776684702410231,5.666666666666667,-0.115944265927185,-0.0323590814196241,-0.0386310604096448,0.0060097290931036,-0.0020531298068411,0.1972761596548003,0.0176645091693635,7,3,2026-06-22T01:15:10.579354+00:00,True,True,True,True,True,True
★ Bowie Knife | Autotronic (Field-Tested),ok,,best_deal,2026-05-20T23:14:34.811509+00:00,89.56,,50,True,8,-0.0140125233131706,-0.0261604021413541,90.8525,89.5875,1/1,109.998,110.1,102.454,106.457,113.4193,116.5069,98.795,134.615,82,6.329478717794881,12.775595919925822,6.951035473372244,0.9305540417801998,1.64,-0.0750907995094964,-0.0262488646684831,-0.0410811874457751,-0.0025292259318465,-0.006598519699653,0.0702126667288499,0.0048642850480364,7,3,2026-06-22T02:03:46.300104+00:00,True,True,True,True,True,True
★ Bowie Knife | Black Laminate (Field-Tested),ok,,best_deal,2026-05-20T23:15:09.690737+00:00,56.39,,49,False,8,-0.0390190137451266,-0.0394721874437153,59.82875,57.5825,1/1->1/1,69.2907,69.688,63.9616,67.261,71.616,73.4992,53.438,79.404,99,6.285114741227906,13.764617762556885,8.264312526789316,0.9178280335208356,2.020408163265306,-0.1120608263056908,0.1394214211915967,0.1299923864550054,0.0057956550808804,0.0420660300868172,0.1444889426225379,0.1444889426225379,7,3,2026-06-22T05:03:53.872711+00:00,True,True,True,True,True,True
★ Bowie Knife | Bright Water (Field-Tested),ok,,best_deal,2026-05-20T23:17:23.088232+00:00,57.68,,39,False,8,-0.0382231267465168,-0.0378605883935,59.13,56.95375,1/1->1/1,68.0488,67.855,64.631,65.8745,69.9078,72.324,59.661,75.193,126,5.927069985069534,11.305122206416568,4.737776419275584,0.952486920639599,3.230769230769231,-0.0730725041955245,-0.0096243357155947,-0.031149609912804,-0.0075949806592348,-0.012955377838168,0.085269998223696,0.0244611877553437,7,3,2026-06-22T04:57:49.911727+00:00,True,True,True,True,True,True
★ Bowie Knife | Lore (Field-Tested),ok,,best_deal,2026-05-20T23:22:10.872046+00:00,94.19,,50,True,8,-0.003185831444641,0.0,93.57,93.27625,1/1,116.0579,115.265,108.522,111.6255,119.926,126.7287,102.655,136.87,72,7.152033597023554,15.687600757897563,5.810031027616383,0.9415000216891511,1.44,-0.0535383451940302,0.0193481276005549,0.0129993194524609,-0.0062960525152471,,0.0905716375263622,0.0464912579087013,7,3,2026-06-22T00:46:09.741139+00:00,True,True,True,True,True,True
★ Bowie Knife | Rust Coat (Battle-Scarred),ok,,best_deal,2026-05-21T00:13:27.990790+00:00,51.15,,50,True,8,-0.0476580244404069,-0.0450642940894624,53.55,51.1175,1/1,63.8316,63.896,58.6466,60.814,65.715,67.338,52.349,100.332,69,7.678015277699451,13.616139968291558,8.223826443329012,0.9178446225115812,1.38,-0.1223647497325668,-0.0757397951092645,-0.0628095452498875,-0.0184454626465048,-0.036226272260022,0.1320476304862564,0.0,7,3,2026-06-22T06:01:36.536340+00:00,True,True,True,True,True,True
★ Broken Fang Gloves | Jade (Field-Tested),ok,,best_deal,2026-05-21T00:19:17.703025+00:00,92.99,,50,True,8,-0.0149828579153833,-0.0129195026008703,93.88625,92.4975,1/1,109.0843,104.698,97.2634,101.72,113.6355,131.2986,88.98,157.736,79,10.923203430741172,31.200823583228743,6.815462903460891,0.9289900475653786,1.58,-0.0749050928307276,0.0203788776207949,-0.0431338902686836,-0.0217351679299442,,0.1977744008909946,0.061793881962076,7,3,2026-06-22T02:11:06.488196+00:00,True,True,True,True,True,True
★ Broken Fang Gloves | Unhinged (Field-Tested),ok,,best_deal,2026-05-21T00:20:19.863092+00:00,66.19,,50,True,8,0.0020673343825665,0.0,67.88625,68.02375,1/1,77.1444,75.901,70.941,73.1675,79.8785,86.927,67.661,97.84,95,8.699270459035262,20.722178149029617,6.429501039608828,0.9346517173686776,1.9,-0.0529797160555426,-0.006876741523208,-0.0381286939576147,-0.0094059520638239,,0.1362079306897702,0.0407330889703433,7,3,2026-06-22T00:05:20.983667+00:00,True,True,True,True,True,True
★ Broken Fang Gloves | Yellow-banded (Field-Tested),ok,,best_deal,2026-05-21T00:20:51.706387+00:00,56.6,,50,True,8,-0.0241288525536648,-0.0256366201727058,58.3525,56.9875,1/1,69.6957,69.7485,63.14,64.9315,72.6325,75.9938,57.497,100.324,112,11.049462161941117,18.44274467434862,9.481933605660045,0.9052524427048608,2.24,-0.1087372884061329,0.0341839191141069,-0.0583014082987104,-0.0077248709645028,-0.0093248353204548,0.0953301819223607,0.0334192809053144,7,3,2026-06-22T03:20:41.988708+00:00,True,True,True,True,True,True
★ Driver Gloves | Black Tie (Field-Tested),ok,,best_deal,2026-05-21T01:19:35.233426+00:00,138.53,,50,True,8,0.0003752875132663,0.0,163.14625,163.2075,1/1,178.8657,168.3065,152.3543,161.481,186.193,204.3183,70.852,349.568,54,13.815952415695138,29.051964686354054,8.918534967855773,0.9052193468463784,1.08,-0.0824487954660362,-0.0580336218920642,-0.0164910646376624,0.0026177224262737,,0.20140878844194,0.0515586595527846,7,3,2026-06-22T00:15:42.443984+00:00,True,True,True,True,True,True
★ Driver Gloves | Overtake (Field-Tested),ok,,best_deal,2026-05-21T02:18:02.759076+00:00,58.24,,50,True,8,0.017840979904608,0.0165625237750933,72.35625,73.675,1/1,71.7861,69.755,64.0,66.5235,74.746,82.824,52.367,117.783,179,11.454167310941807,26.22234666599801,8.01687234715355,0.9174969536233962,3.58,-0.0491104340068501,-0.0491445961506825,-0.058348379739618,-0.0123841978049764,-0.0154861483278921,0.1252829318224413,0.0476767152516471,7,3,2026-06-21T22:46:20.085070+00:00,True,True,True,True,True,True
★ Driver Gloves | Queen Jaguar (Field-Tested),ok,,best_deal,2026-05-21T02:19:09.112809+00:00,57.63,,50,True,8,-0.0272749531313724,-0.0313278991014429,63.97,62.315,1/1,70.5141,69.729,64.235,66.867,72.992,78.855,55.0,100.484,99,8.686206021207106,20.733441964089455,7.791349531512138,0.9212092529650504,1.98,-0.0957041231649686,-0.0307846019070235,-0.0573269488064219,-0.0101458209308908,-0.0325053286507101,0.1093382336463258,0.0,7,3,2026-06-22T03:43:48.769717+00:00,True,True,True,True,True,True
★ Driver Gloves | Racing Green (Field-Tested),ok,,best_deal,2026-05-21T02:19:37.509159+00:00,36.66,,50,True,8,0.026929188742653,0.0256634964418775,39.29125,40.385,1/1,41.7695,41.454,39.7798,40.52,42.38,43.647,35.65,58.14,305,4.453009971390606,9.258430194280509,4.008187792528038,0.9596130650841898,6.1,0.0038724777917541,0.0185522271110842,-0.0037259757104115,0.0057234324628585,-0.0002733731358378,0.0619688971998012,0.0436007290458493,7,3,2026-06-21T22:21:05.997886+00:00,True,True,True,True,True,True
★ Driver Gloves | Rezan the Red (Field-Tested),ok,,best_deal,2026-05-21T02:20:06.942933+00:00,71.99,,50,True,8,-0.0445985543163397,-0.0486898159382934,76.2325,72.995,1/1,99.9761,96.854,87.25,93.461,101.347,118.353,80.268,149.962,81,7.8878852045638865,31.11043539405917,9.606295904721229,0.9008404402502737,1.62,-0.132295487537157,-0.0548348094767445,0.0271494864174357,-0.002592674350719,0.0062699324472159,0.1469768575155965,0.0889607455951106,7,3,2026-06-22T05:40:30.096302+00:00,True,True,True,True,True,True
★ Falchion Knife | Autotronic (Field-Tested),ok,,best_deal,2026-05-21T02:22:06.408633+00:00,103.78,,50,True,8,-0.0180652953904162,-0.0146553208201788,104.09,102.2425,1/1,129.2203,130.872,124.1884,126.62,136.744,137.62,1.495,157.592,63,7.834682321585691,10.39434206544947,5.172252347347911,0.9489302524604192,1.26,-0.0627056500809473,-0.0330092608880914,-0.0380482758888883,-0.0022882071740788,,0.1097375112688639,0.0,7,3,2026-06-22T02:35:30.388223+00:00,True,True,True,True,True,True
★ Falchion Knife | Black Laminate (Field-Tested),ok,,best_deal,2026-05-21T02:22:39.725966+00:00,66.99,,40,False,8,-0.0188511390396895,-0.019023620302938,70.03375,68.73875,1/1->1/1,83.1733,83.9385,78.523,80.8773,85.457,88.395,54.75,94.332,80,5.506214133622194,11.869193599388266,6.511103923975613,0.9354825258969364,2.0,-0.0744197531850523,0.0191125768250635,-0.0226774483378257,-0.0008326987723341,-0.0071111178226298,0.09168689171631,0.0187541369419723,7,3,2026-06-22T02:42:08.840309+00:00,True,True,True,True,True,True
★ Falchion Knife | Bright Water (Field-Tested),ok,,best_deal,2026-05-21T02:24:24.132102+00:00,68.03,,47,False,8,-0.0241326848897625,-0.0277550942764056,69.11,67.485,1/1->1/1,84.5676,85.207,79.9507,82.327,87.248,89.0356,57.5,91.193,112,5.819013428310614,10.74276673335888,6.215500972003458,0.9383114063398548,2.382978723404255,-0.0757017092821023,0.0492305076098971,-0.0278762506049045,-0.0044485784985405,,0.0829474415373929,0.0469205834683954,7,3,2026-06-22T03:20:57.137871+00:00,True,True,True,True,True,True
★ Falchion Knife | Freehand (Minimal Wear),ok,,best_deal,2026-05-21T03:08:54.014828+00:00,87.38,,30,False,8,-0.0357280496778447,-0.0406839039463964,90.21125,87.1225,1/1->1/1,113.6332,113.076,102.0024,109.92,116.913,119.8996,96.249,170.003,53,6.154011327675358,15.749974479289513,9.745039301894163,0.9020694046482012,1.7666666666666666,-0.1243393059436581,-0.0163859645984454,-0.0418808482461795,-0.0039927888002481,,0.0785616207909356,0.0098753307690209,7,3,2026-06-22T04:41:19.015670+00:00,True,True,True,True,True,True
★ Falchion Knife | Lore (Field-Tested),ok,,best_deal,2026-05-21T03:09:45.146234+00:00,104.46,,50,True,8,0.0002684031178538,-0.0012481997119538,107.52875,107.56125,1/1,130.947,132.25,121.562,128.2495,134.9035,137.4502,113.423,150.94,79,5.081445164837679,12.133305841294566,8.162080841867322,0.9191833648393196,1.58,-0.0731200111815548,0.0118872998410952,-0.0134149702427505,0.0008102824258901,,0.068236040225893,0.0288481865128499,7,3,2026-06-22T00:17:03.611675+00:00,True,True,True,True,True,True
★ Falchion Knife | Tiger Tooth (Factory New),ok,,best_deal,2026-05-21T03:13:51.827861+00:00,148.28,,50,True,8,-0.035811004097727,-0.039386101062885,154.42625,149.1,1/1,181.6959,181.373,174.68,177.9555,185.5315,189.75,162.142,196.701,51,4.169604267350003,8.29407818228149,3.683627423623749,0.963098145810016,1.02,-0.066540250945032,0.0012761925991973,-0.0395935341786226,0.0045623361616531,,0.0727949729780875,0.0044637639214332,7,3,2026-06-22T04:41:55.284698+00:00,True,True,True,True,True,True
★ Gut Knife | Doppler (Factory New),ok,,best_deal,2026-05-21T04:03:04.243216+00:00,336.0,,50,True,8,0.0134317585438142,0.0118166270801995,230.24625,233.33875,1/1,161.7902,154.279,146.0445,150.006,161.4123,190.637,135.452,293.104,120,7.050056183872687,27.561928967267484,5.089616058327388,0.946625917979764,2.4,-0.0268348236986145,0.0112609939739176,-0.0196852909971749,-0.0009132899414622,-0.0189533997223826,0.1316842915074781,0.0111355960934138,7,3,2026-06-21T23:04:00.639098+00:00,True,True,True,True,True,True
★ Hand Wraps | Arboreal (Field-Tested),ok,,best_deal,2026-05-21T04:32:12.724392+00:00,48.67,,50,True,8,-0.0218085940691145,-0.0268470592545634,52.04875,50.93875,1/1,60.8963,60.635,57.6841,58.6767,63.2488,64.4912,44.15,72.86,118,7.508009517819649,11.178183239375802,4.845778807579438,0.9513333883070834,2.36,-0.059739596597112,-0.0109672631318544,-0.0435330425282498,-0.0050838679684964,-0.0174520293370217,0.0820076705019176,0.0170918792729697,7,3,2026-06-22T03:04:41.669199+00:00,True,True,True,True,True,True
★ Hand Wraps | Constrictor (Field-Tested),ok,,best_deal,2026-05-21T04:34:19.737743+00:00,55.37,,50,True,8,-0.0195853792005698,-0.0199475019384334,56.96375,55.88125,1/1,66.0846,65.042,61.8433,62.727,67.0523,74.9918,40.003,96.047,68,6.545095226421899,19.89646604503924,4.840310753186071,0.9508210079640848,1.36,-0.0605302466730283,-0.0475009451795841,-0.0500150829562593,-0.0133823705560183,,0.1244919344595452,0.0,7,3,2026-06-22T02:47:42.855231+00:00,True,True,True,True,True,True
★ Hand Wraps | Duct Tape (Field-Tested),ok,,best_deal,2026-05-21T04:35:25.285917+00:00,50.84,,50,True,8,-0.0241530807656785,-0.0255390807884094,54.19875,52.92375,1/1,64.7915,64.154,60.11,61.245,67.9815,70.229,58.456,82.423,163,10.397197163208135,15.61778937051928,6.241559463818551,0.9369641799420144,3.26,-0.0739804834218096,0.1092006525285482,0.0241911188769052,0.0015038124208097,0.0203658084383739,0.0984498632232256,0.0984498632232256,7,3,2026-06-22T03:21:14.730078+00:00,True,True,True,True,True,True
★ Hand Wraps | Giraffe (Field-Tested),ok,,best_deal,2026-05-21T04:35:58.053455+00:00,47.9,,50,True,8,-0.0232944837904278,-0.0234427009156339,50.32375,49.2,1/1,59.7544,59.817,54.9024,56.8985,61.797,65.635,45.038,79.7,79,8.19772267816261,17.961187795375746,8.224666300724298,0.9178394102011134,1.58,-0.0973087526784061,-0.0730031793407736,-0.032054539295393,-0.0078285888203336,-0.029003542571712,0.1287982851393326,0.0004637123233735,7,3,2026-06-22T03:13:02.645060+00:00,True,True,True,True,True,True
★ Hand Wraps | Overprint (Field-Tested),ok,,best_deal,2026-05-21T05:27:32.464330+00:00,114.88,,50,True,8,0.0165139713462809,0.0098157318071891,118.90875,120.9925,1/1,134.8043,132.112,125.419,129.886,137.499,149.638,104.698,180.607,61,5.647445964260784,17.966044109868903,4.964975152869751,0.9493384401114208,1.22,-0.0262087206934038,-0.0412715283339446,-0.0539466589853242,-0.0058490934624328,-0.0136181098269768,0.0625307403446041,0.0,7,3,2026-06-21T22:51:11.694321+00:00,True,True,True,True,True,True
★ Huntsman Knife | Autotronic (Field-Tested),ok,,best_deal,2026-05-21T05:30:16.489681+00:00,104.31,,50,True,8,-0.0066260931092519,-0.0127573683071366,104.68625,103.9975,1/1,128.039,127.9955,120.7045,123.7508,132.5542,135.3815,96.051,147.936,64,6.8755613524004495,11.462913643499242,5.694358750068348,0.9430370598966368,1.28,-0.0564109836699263,0.0463867337238184,0.0463867337238184,-0.0037144445549372,,0.0999476138665727,0.0999476138665727,7,3,2026-06-22T01:07:28.587893+00:00,True,True,True,True,True,True
★ Huntsman Knife | Black Laminate (Field-Tested),ok,,best_deal,2026-05-21T05:31:15.707851+00:00,66.28,,50,True,8,-0.0410395515022565,-0.0456301567916893,69.685,66.9325,1/1,82.9998,82.7645,79.6577,80.023,85.878,88.3332,62.539,91.28,80,7.054233865623778,10.452434825144158,3.7431415497386658,0.9624621667502372,1.6,-0.0701715000402267,-0.0625189791927313,-0.0465601798663355,-0.0121358518022225,-0.0298228176710705,0.1198626587198754,0.0,7,3,2026-06-22T05:19:04.973234+00:00,True,True,True,True,True,True
★ Huntsman Knife | Bright Water (Field-Tested),ok,,best_deal,2026-05-21T05:32:49.339961+00:00,59.16,,50,True,8,-0.0470193742083986,-0.053250307277976,62.415,59.61,1/1,72.369,72.007,69.8428,70.807,73.7903,74.549,67.844,83.409,118,4.1223452030565575,6.503060702787118,2.99050698503504,0.9699445887205408,2.36,-0.0663976585109521,0.0294419766796223,0.0380007278224114,0.0008754134814147,0.0072232295741387,0.0692075349577272,0.066025269346422,7,3,2026-06-22T05:58:33.393299+00:00,True,True,True,True,True,True
★ Huntsman Knife | Bright Water (Minimal Wear),ok,,best_deal,2026-05-21T05:32:56.269550+00:00,64.94,,44,False,8,-0.0475472500790483,-0.0502471457854385,68.51375,65.41,1/1->1/1,84.503,84.612,79.9692,82.726,86.438,89.0972,69.799,97.002,57,4.392743452895168,10.80198336153746,5.49424280794764,0.945128350588569,1.2954545454545454,-0.0952723042125956,0.02054211813638,0.0760409139610791,0.0059436275203369,,0.125310439449111,0.1140854120957049,7,3,2026-06-22T06:00:34.989299+00:00,True,True,True,True,True,True
★ Huntsman Knife | Freehand (Field-Tested),ok,,best_deal,2026-05-21T05:36:02.136253+00:00,69.8,,50,True,8,-0.0200732476050398,-0.0194481330602507,71.60125,70.2075,1/1,85.3007,85.911,79.724,82.096,87.7265,90.537,69.175,96.158,91,6.600766464987975,12.6763320816828,7.253164393727129,0.9279836109462118,1.82,-0.0835999093759238,0.0239918267729943,-0.01539032483409,0.0094465627985228,0.0153151775146196,0.1083298228499213,0.0926989335520919,7,3,2026-06-22T02:52:25.213622+00:00,True,True,True,True,True,True
★ Huntsman Knife | Lore (Field-Tested),ok,,best_deal,2026-05-21T05:36:43.510567+00:00,97.58,,50,True,8,-0.0151605547040827,-0.0198299284499086,98.2625,96.805,1/1,122.7201,125.157,112.951,119.611,129.113,134.0418,1.274,144.998,73,7.742822895352917,17.186100728405535,9.946210930401786,0.9024744920380002,1.46,-0.106803961866033,0.0043579502271955,0.0078047039161441,0.0006418684813641,0.0088470384400227,0.0580095152993455,0.0291255101794383,7,3,2026-06-22T02:12:51.731999+00:00,True,True,True,True,True,True
★ Huntsman Knife | Rust Coat (Battle-Scarred),ok,,best_deal,2026-05-21T05:37:45.766910+00:00,56.59,,50,True,8,0.0050741072280662,0.0061802480908431,56.37375,56.6625,1/1,68.4968,68.896,63.281,64.965,71.945,72.905,61.684,80.966,71,10.190257063103664,14.050291400474189,8.19746323915862,0.918500348351138,1.42,-0.0692242178439113,-0.0707819455982277,-0.0371678290809569,-0.0050490653533144,-0.0101382550087396,0.1107035882388898,0.007197872730607,7,3,2026-06-21T23:44:24.360207+00:00,True,True,True,True,True,True
★ Hydra Gloves | Mangrove (Battle-Scarred),ok,,best_deal,2026-05-21T06:35:16.473330+00:00,37.02,,26,False,8,-0.033474236883177,-0.0280890294769071,37.1875,35.98375,1/1->1/1,40.3282,40.744,38.4772,39.623,41.4982,42.4833,29.75,43.179,60,4.649847997183112,9.933743633487229,5.6208806740692525,0.9443648144512076,2.3076923076923075,-0.0792925415584145,0.0752088433485602,0.0236799423319518,0.007134476578714,0.023001275401902,0.0802760368988099,0.0802760368988099,7,3,2026-06-22T04:26:08.782134+00:00,True,True,True,True,True,True
★ Hydra Gloves | Mangrove (Field-Tested),ok,,best_deal,2026-05-21T06:35:35.366253+00:00,35.98,,50,True,8,0.009141141841075,0.0080932191665092,36.32375,36.66,1/1,41.2724,41.05,39.6416,40.124,42.282,43.3174,35.999,46.824,278,5.228675822099016,8.90619396982003,3.4124499665636123,0.9656906211936662,5.56,-0.0086452810370479,0.0182745327672864,0.0086765274555298,-0.0037108707488062,0.0055786873049525,0.0778962501497543,0.0488319156583202,7,3,2026-06-21T23:23:07.613695+00:00,True,True,True,True,True,True
★ Hydra Gloves | Rattler (Field-Tested),ok,,best_deal,2026-05-21T06:36:28.496245+00:00,35.86,,50,True,8,0.0011651576975827,0.001245691897203,36.7775,36.82625,1/1,40.8236,40.95,39.131,39.89,42.097,42.3764,35.371,44.615,233,5.406186617544755,7.949813343262223,4.455755984283607,0.9555799755799756,4.66,-0.0283360735214879,-0.0080797662025099,-0.0357850509680346,-0.0034146814803454,,0.042733349839069,0.0033176528843773,7,3,2026-06-22T00:10:35.390922+00:00,True,True,True,True,True,True
★ Kukri Knife | Boreal Forest (Field-Tested),ok,,best_deal,2026-05-21T07:31:10.922396+00:00,45.82,,50,True,8,-0.0295548517171986,-0.0293498120133225,49.79625,48.37875,1/1,55.3478,54.8665,52.3775,53.559,56.72,58.762,50.677,65.944,152,5.711157444379002,11.535237172931902,4.497017044941271,0.95463534214867,3.04,-0.0623973948643992,-0.0018912660411649,-0.0240144339197112,-0.0057133127653251,-0.0139869648992143,0.0535364365733722,0.0,7,3,2026-06-22T03:59:15.909530+00:00,True,True,True,True,True,True
★ Kukri Knife | Crimson Web (Field-Tested),ok,,best_deal,2026-05-21T07:32:08.919133+00:00,93.92,,50,True,8,-0.0035569336068295,-0.0018111143227611,93.13625,92.80875,1/1,117.9442,115.3855,109.9766,112.941,122.8445,127.245,100.335,145.486,82,8.396767284868604,14.64116082011663,4.585982184795852,0.953123226055267,1.64,-0.0409846769173914,-0.0172197202115932,-0.0120272847545574,0.0034150266432283,,0.1357976383019425,0.0694422705692074,7,3,2026-06-22T00:48:46.021032+00:00,True,True,True,True,True,True
★ Kukri Knife | Fade (Factory New),ok,,best_deal,2026-05-21T07:32:26.745518+00:00,181.98,,50,True,8,0.0078591027001301,0.0064125207118975,190.975,192.51,1/1,221.7233,221.998,214.6765,217.1803,226.7782,231.7232,22.812,270.469,108,4.328773746376682,7.6882763336104,3.3020886844097963,0.9670199731529112,2.16,-0.0151680424915997,0.0292578333721518,-0.0156170151431106,0.002979167942432,0.0022942596699397,0.0612538741245089,0.0332581248460887,7,3,2026-06-21T23:30:30.844742+00:00,True,True,True,True,True,True
★ Kukri Knife | Night Stripe (Field-Tested),ok,,best_deal,2026-05-21T07:33:27.542355+00:00,52.49,,50,True,8,-0.0165906245864334,-0.0187742929643868,53.9,53.0275,1/1,63.1639,63.011,59.233,61.01,64.489,68.221,56.711,81.009,115,5.507892957844602,14.22964699773131,5.981264614756223,0.9400422148513752,2.3,-0.0660329919364378,-0.0449658182751869,-0.0444597870939773,-0.0045016080290047,-0.0159586841825445,0.0922166957924452,0.0,7,3,2026-06-22T02:23:40.262361+00:00,True,True,True,True,True,True
★ Kukri Knife | Safari Mesh (Field-Tested),ok,,best_deal,2026-05-21T07:33:59.372601+00:00,45.06,,50,True,8,-0.0332309580940884,-0.0380327182920358,46.345,44.85375,1/1,52.829,52.97,50.604,52.011,53.774,54.7484,46.154,59.408,167,3.337182229457302,7.84493365386435,4.478600768517291,0.9553332074759298,3.34,-0.0652671711890111,-0.0355972734804548,-0.0276419831604127,-0.0042316445293827,-0.0152057610462363,0.0579684678088544,0.0,7,3,2026-06-22T04:23:14.149885+00:00,True,True,True,True,True,True
★ Kukri Knife | Scorched (Field-Tested),ok,,best_deal,2026-05-21T07:34:36.154846+00:00,48.27,,50,True,8,-0.0192143580060004,-0.014000658511258,49.49,48.5575,1/1,57.8565,58.195,54.97,56.342,59.782,60.581,52.262,66.774,121,5.945745076179855,9.698132448385238,5.574136008918621,0.9445828679439814,2.42,-0.0642751959740639,-0.0352303053408658,-0.0728120576234491,-0.0072054878777444,-0.0201708374294629,0.0942108382878594,0.0,7,3,2026-06-22T02:45:26.297888+00:00,True,True,True,True,True,True
★ Kukri Knife | Slaughter (Minimal Wear),ok,,best_deal,2026-05-21T07:35:06.892102+00:00,133.63,,50,True,8,-0.0440744587009244,-0.0499052978994767,140.5425,134.60625,1/1,162.1529,162.67,154.2194,155.145,167.329,173.24,150.006,175.334,57,7.513895835350462,11.730039980783571,5.211500996898595,0.9480506546996988,1.14,-0.0895811932029265,0.0796603498448216,0.0149640305224976,-0.0015163154746746,0.0011339965220493,0.1198447370151019,0.0737827872036527,7,3,2026-06-22T05:36:42.991834+00:00,True,True,True,True,True,True
★ Kukri Knife | Urban Masked (Field-Tested),ok,,best_deal,2026-05-21T07:35:59.518053+00:00,51.36,,50,True,8,-0.0493617696167003,-0.0521790794948727,53.5225,51.0025,1/1,61.3617,61.0945,57.1116,60.0303,62.681,65.198,49.7,80.26,150,4.319795572808446,13.178252884128034,6.490856674440234,0.934807552234653,3.0,-0.1022291365345434,-0.0327176438098022,-0.0311594910345275,-0.0057115125869578,-0.0126965239862579,0.0580924709873536,0.0,7,3,2026-06-22T06:12:00.010654+00:00,True,True,True,True,True,True
★ Moto Gloves | 3rd Commando Company (Field-Tested),ok,,best_deal,2026-05-21T08:40:49.946673+00:00,46.48,,50,True,8,-0.0079033211307215,-0.0098093406303209,55.75875,55.3475,1/1,58.8078,58.233,53.3959,55.012,60.321,65.4381,46.43,73.939,134,9.027714010726465,20.47721560745345,8.225269437047466,0.9169354146274448,2.68,-0.0788390591277257,-0.0210641883266098,-0.0075839933737122,-0.0006579915440571,,0.10723072776749,0.0451301044138998,7,3,2026-06-22T01:17:12.765170+00:00,True,True,True,True,True,True
★ Moto Gloves | Blood Pressure (Field-Tested),ok,,best_deal,2026-05-21T08:41:22.782570+00:00,130.46,,50,True,8,-0.0137083874737692,-0.0090037675308762,132.8175,131.01,1/1,175.1683,172.259,152.9872,164.1485,183.1732,193.1824,144.23,232.301,50,10.86081214466316,22.9466176243076,11.00187648107562,0.8881231169343837,1.0,-0.1177065523712457,-0.0815410133019064,-0.0037108496484459,-0.007167056459639,,0.1976273784135395,0.0249855943731918,7,3,2026-06-22T02:01:05.839346+00:00,True,True,True,True,True,True
★ Moto Gloves | Transport (Field-Tested),ok,,best_deal,2026-05-21T09:43:13.016290+00:00,41.96,,50,True,8,-0.0236788280356128,-0.0259374667092787,51.2575,50.10625,1/1,51.6427,50.757,47.655,48.631,52.6205,55.339,40.134,69.685,191,7.725196397554736,14.879160074899255,6.006657281668071,0.9388852769076188,3.82,-0.0700844600875165,0.0295965233868145,-0.0384689363339103,-0.0072085358303446,-0.016859014204817,0.078365673134627,0.02874574914983,7,3,2026-06-22T03:16:21.064763+00:00,True,True,True,True,True,True
★ Navaja Knife | Marble Fade (Factory New),ok,,best_deal,2026-05-21T09:47:55.918170+00:00,104.37,,50,True,8,-0.0171726326265234,-0.0150266417385069,104.36375,102.6075,1/1,123.7396,124.375,117.384,120.368,126.919,129.1336,112.297,145.854,57,5.2941822989568434,9.495424261917773,5.64976773805637,0.9437909547738692,1.14,-0.0670620345401033,0.0907439655387896,0.0839163734216517,0.0139210342782059,0.0205269576151805,0.1193720876938354,0.0884042471927277,7,3,2026-06-22T02:29:13.928048+00:00,True,True,True,True,True,True
★ Nomad Knife | Tiger Tooth (Factory New),ok,,best_deal,2026-05-21T10:41:46.792573+00:00,197.26,,50,True,8,-0.010967580896687,-0.0119947496788125,201.3225,199.165,1/1,248.2144,247.965,233.9123,241.516,258.606,261.2432,226.758,270.488,52,6.885176685961815,11.0110050021272,5.661516817718882,0.943327889016595,1.04,-0.0613901457253578,0.0422228746787431,0.0550120308282338,0.0084981355635984,,0.0740918685915617,0.0740918685915617,7,3,2026-06-22T01:37:40.100000+00:00,True,True,True,True,True,True
★ Nomad Knife | Ultraviolet (Field-Tested),ok,,best_deal,2026-05-21T10:42:14.822514+00:00,116.7,,50,True,8,-0.0190055923068944,-0.0234745072708686,118.78125,116.59,1/1,145.5018,145.798,135.63,139.557,150.385,153.5184,129.127,176.002,65,7.441832334720259,12.294280895494088,6.988229698876582,0.9302596743439552,1.3,-0.0816533325753083,-0.101911687330518,-0.0554138568342337,-0.0122531469281399,-0.0174975012905903,0.1211900434136008,0.007713800718052,7,3,2026-06-22T02:43:52.474223+00:00,True,True,True,True,True,True
★ Paracord Knife | Boreal Forest (Field-Tested),ok,,best_deal,2026-05-21T10:44:09.337376+00:00,47.97,,27,False,8,-0.0326235744428933,-0.0266574341396067,49.665,48.1,1/1->1/1,59.6192,60.119,55.739,57.553,61.4645,63.237,48.413,73.511,58,6.560805914873067,12.576485427513292,7.3466265900917875,0.9271444967481162,2.1481481481481484,-0.096128737112705,0.0357423636799987,0.0899906813094937,0.0083853273982392,0.0215720877016869,0.0825609639170315,0.0825609639170315,7,3,2026-06-22T04:20:04.437087+00:00,True,True,True,True,True,True
★ Paracord Knife | Marble Fade (Factory New),ok,,best_deal,2026-05-21T11:48:24.272756+00:00,140.09,,50,True,8,-0.0014350965137876,-0.0037326697476003,138.845,138.64249999999998,1/1,178.1059,177.969,167.65,173.484,183.1355,189.992,160.559,204.152,71,5.4189670302892825,12.544222285729996,5.793744059012076,0.9420179918974654,1.42,-0.0516962297842997,0.1152690128518125,0.0730060245135379,0.0137704156455283,0.0390599089932914,0.1033553443371143,0.1033553443371143,7,3,2026-06-22T00:34:05.531368+00:00,True,True,True,True,True,True
★ Paracord Knife | Rust Coat (Battle-Scarred),ok,,best_deal,2026-05-21T11:49:09.315223+00:00,45.95,,50,True,8,-0.0067990475596443,-0.0004212425844014,46.3975,46.08625,1/1,55.1018,55.319,51.7908,53.693,56.762,58.1074,48.606,64.991,139,5.569691008279226,11.463509359040906,6.403057613362913,0.9362208282868452,2.78,-0.0592797876965289,0.0863331746438642,0.0342188752919847,0.0013812307348742,0.004783155045672,0.1138229196514352,0.1138229196514352,7,3,2026-06-22T01:09:01.018595+00:00,True,True,True,True,True,True
★ Paracord Knife | Tiger Tooth (Factory New),ok,,best_deal,2026-05-21T11:51:29.241836+00:00,115.72,,50,True,8,-0.0194255349851385,-0.0208572838475451,116.7225,114.49625,1/1,140.5843,141.121,131.683,138.688,145.6735,148.5482,115.002,155.084,75,4.9689047781295645,11.99650316571624,6.713409676613972,0.9331212222135612,1.5,-0.0786008315778374,0.0474904712713282,0.0166501870380231,0.0008561484493808,0.0144601016639609,0.081254973440975,0.081254973440975,7,3,2026-06-22T02:46:34.466944+00:00,True,True,True,True,True,True
★ Paracord Knife | Ultraviolet (Field-Tested),ok,,best_deal,2026-05-21T11:52:00.225979+00:00,68.71,,41,False,8,-0.031210158849383,-0.0414205064342406,70.6375,68.5025,1/1->1/1,84.6448,83.917,80.6064,82.135,85.694,89.174,79.721,95.107,65,4.204629227075967,10.121826739504392,3.9111676086422418,0.9605491140055054,1.5853658536585369,-0.0620713947649047,0.016608676909813,-0.0588309074634695,-0.0093120416858159,,0.1249500248361421,0.016337335384839,7,3,2026-06-22T04:10:50.064500+00:00,True,True,True,True,True,True
★ Shadow Daggers | Black Laminate (Field-Tested),ok,,best_deal,2026-05-21T11:53:46.230517+00:00,43.5,,27,False,8,-0.0456039318248021,-0.0451054210816833,45.33875,43.3625,1/1->1/1,50.4945,50.377,48.155,48.815,51.606,52.92,46.154,56.725,133,5.527334660210526,9.436671320638885,4.400479260117441,0.955892570022034,4.925925925925926,-0.0741536000560377,-0.0225863249535362,-0.0001300858566654,-0.00113186435191,-0.0082775999859578,0.0589265519760611,0.0140811240880295,7,3,2026-06-22T05:47:05.296081+00:00,True,True,True,True,True,True
★ Shadow Daggers | Bright Water (Field-Tested),ok,,best_deal,2026-05-21T11:55:36.253083+00:00,43.04,,45,False,8,-0.0269232518207539,-0.028167324808202,43.84375,42.69375,1/1->1/1,48.6822,48.95,46.5864,47.603,49.897,50.913,40.815,52.737,175,4.712194600901349,8.88743729741055,4.855162667258269,0.9517139938712972,3.888888888888889,-0.0616906751523993,-0.0093211360580254,-0.0375769451536924,-0.0045077320002425,-0.0164630508576338,0.0547254984627091,0.0118355972812059,7,3,2026-06-22T03:41:29.957413+00:00,True,True,True,True,True,True
★ Shadow Daggers | Gamma Doppler (Factory New),ok,,best_deal,2026-05-21T11:59:15.741159+00:00,108.99,,50,True,8,0.0077731282872611,0.0066201087334026,137.31,138.355,1/1,134.5386,130.978,125.393,126.501,135.187,140.392,110.369,291.304,135,6.456139724956262,11.148473374927342,4.15122500159806,0.9573592511719524,2.7,-0.0223750872473795,-0.0448767559772123,-0.0257170584429589,-0.0090472227093278,-0.0211106045775921,0.1009510106959058,0.0089488288259801,7,3,2026-06-21T23:31:37.674892+00:00,True,True,True,True,True,True
★ Shadow Daggers | Lore (Field-Tested),ok,,best_deal,2026-05-21T11:59:43.785596+00:00,58.83,,38,False,8,-0.0384634939631931,-0.0362723802025011,61.98,59.69625,1/1->1/1,73.4718,74.216,67.4305,71.2525,76.5162,78.377,55.839,82.522,96,7.164245329500569,14.898913596781348,9.23551621166216,0.908570928101757,2.526315789473684,-0.1198722320448547,0.0442017259978426,0.0566259142015064,0.0045097119641724,,0.0632376869237326,0.0632376869237326,7,3,2026-06-22T04:59:00.149478+00:00,True,True,True,True,True,True
★ Shadow Daggers | Rust Coat (Battle-Scarred),ok,,best_deal,2026-05-21T16:24:51.441880+00:00,43.52,,33,False,8,-0.0367032454075953,-0.0220058381666322,45.05,43.4525,1/1->1/1,49.1853,47.99,45.04,46.902,49.817,50.6147,39.99,115.159,110,5.926567490693356,11.33407745810232,5.997726963137366,0.938528860179204,3.333333333333333,-0.0839440730872254,0.0388121078514498,0.01849658124987,0.0007553703136132,-0.0053351205235625,0.0816516007917235,0.0413614381618951,7,3,2026-06-22T04:47:14.577752+00:00,True,True,True,True,True,True
★ Skeleton Knife | Ultraviolet (Field-Tested),ok,,best_deal,2026-05-21T16:37:58.646527+00:00,191.91,,50,True,8,-0.0333006657106125,-0.0337229737801338,194.93125,188.65875,1/1,238.5971,235.8765,226.1143,230.3155,244.5757,255.6832,209.745,301.006,50,5.976686221249137,12.392816174211678,4.091499854776108,0.9586130877811058,1.0,-0.0681950643450939,-0.0048847796738653,-0.0560155456218349,0.0018216984138974,,0.1018321179129005,0.0317977951246233,7,3,2026-06-22T04:23:48.473559+00:00,True,True,True,True,True,True
★ Specialist Gloves | Buckshot (Field-Tested),ok,,best_deal,2026-05-21T21:55:01.349710+00:00,53.84,,50,True,8,-0.0186637721167536,-0.017804536113569,58.6875,57.6525,1/1,65.711,64.5745,61.158,63.2668,66.9555,68.8585,56.711,95.973,126,5.6135198064251,11.718738110818592,5.199281703215594,0.9470921184058724,2.52,-0.0597257358793469,0.0242302815909341,-0.013760776511726,0.0031208668170544,-0.0086774865152056,0.0735233437762665,0.0240391227936119,7,3,2026-06-22T02:40:32.902169+00:00,True,True,True,True,True,True
★ Specialist Gloves | Fade (Field-Tested),ok,,best_deal,2026-05-21T21:58:08.293904+00:00,194.82,,50,True,8,0.0217379956771901,0.0213565642860457,271.18875,277.32625,1/1,275.0326,255.298,234.876,244.113,288.138,344.2102,230.422,454.58,55,16.007193329081705,39.75317835049372,7.425301582430591,0.9200072072636684,1.1,-0.0460706342524374,-0.1169442092388748,0.0006784523532605,-0.0046465527363883,-0.0439268762659471,0.7705208918505319,0.1041822443484494,7,3,2026-06-21T22:32:54.129725+00:00,True,True,True,True,True,True
★ Sport Gloves | Big Game (Field-Tested),ok,,best_deal,2026-05-21T22:04:56.433497+00:00,153.53,,50,True,8,0.0090802785314386,0.0056710033334804,188.89625,190.6325,1/1,190.2249,183.6365,175.5187,178.4008,197.9062,211.0514,147.414,258.392,50,10.253862664666933,18.679310647554555,4.267474973045073,0.9557941912419372,1.0,-0.0275738712857325,0.0201670378619154,-0.0155441528087473,-0.0161693047033273,-0.0103598251073347,0.1609359138094768,0.0276140419818579,7,3,2026-06-21T23:23:54.674268+00:00,True,True,True,True,True,True
★ Sport Gloves | Bronze Morph (Field-Tested),ok,,best_deal,2026-05-21T22:56:03.757077+00:00,113.56,,50,True,8,0.0268068608968477,0.0250745002465159,118.0,121.285,1/1,130.8531,130.381,120.4392,125.3622,134.636,139.6479,116.52,157.206,72,7.087184025445323,14.679591083436303,7.597680146668287,0.9237480921299882,1.44,-0.0414221440430605,-0.0306827297305326,-0.0398961214760755,-0.0003816898870794,-0.018900751319535,0.1294126661813724,0.0157311980383893,7,3,2026-06-21T22:21:48.169288+00:00,True,True,True,True,True,True
★ Survival Knife | Damascus Steel (Field-Tested),ok,,best_deal,2026-05-23T00:41:21.336018+00:00,64.37,,21,False,8,-0.0244050745095547,-0.0218805824925906,64.99875,63.45875,1/1->1/1,74.2339,74.401,69.359,72.791,76.778,78.3332,60.35,81.686,57,5.370861560553883,12.08908598362744,6.792045143795492,0.9322320936546552,2.7142857142857144,-0.0809280197883784,-0.013586263374817,-0.0359762257764016,-0.0089242813691985,,0.0838720653283431,0.038618577747533,7,3,2026-06-22T03:23:06.785529+00:00,True,True,True,True,True,True
★ Survival Knife | Fade (Factory New),ok,,best_deal,2026-05-23T00:42:06.741083+00:00,146.13,,50,True,8,0.0146146653646676,0.013348868094048,148.21125,150.3975,1/1,177.0271,175.363,166.627,171.6495,184.329,187.597,160.537,200.007,51,7.162462696389434,11.845643972024622,4.934837660448593,0.95018333399862,1.02,-0.0286266838508858,0.0359092118343857,0.0803490593038673,-0.0015193201838981,0.0027658334044888,0.1006736628117582,0.0870003622424429,7,3,2026-06-21T22:58:50.145654+00:00,True,True,True,True,True,True
★ Survival Knife | Marble Fade (Factory New),ok,,best_deal,2026-05-23T00:42:53.363358+00:00,138.03,,50,True,8,-0.002575550894155,-0.0045669728723317,139.16125,138.7975,1/1,167.6418,167.789,156.9156,163.119,172.259,177.108,149.508,183.089,69,5.452100848356428,12.044967305290204,6.48609117773728,0.93519599020198,1.38,-0.0599049235303975,-0.0426188969192042,-0.0060029586883962,-0.0030158420522344,-0.0155468832225265,0.0869474305675137,0.0073491427025166,7,3,2026-06-22T00:41:54.097589+00:00,True,True,True,True,True,True
★ Survival Knife | Rust Coat (Battle-Scarred),ok,,best_deal,2026-05-23T00:43:40.542876+00:00,46.57,,50,True,8,0.0192073406241634,0.0198939483312409,45.355,46.24375,1/1,54.5805,54.3405,50.4263,52.431,56.059,57.566,34.219,95.973,148,6.647062595615651,13.08104542831232,7.171425692326015,0.927969010222578,2.96,-0.0405530125805865,0.0154023838122516,0.0379195708430137,0.0003217273679477,-0.0019331989538299,0.0762350200642419,0.0365342093050764,7,3,2026-06-21T22:41:38.172859+00:00,True,True,True,True,True,True
★ Survival Knife | Tiger Tooth (Factory New),ok,,best_deal,2026-05-23T00:46:01.020078+00:00,115.16,,50,True,8,0.0054734624640236,0.0033083525783659,114.12375,114.765,1/1,135.2599,138.297,125.6341,130.818,142.6072,146.4211,79.341,150.945,92,8.715960901937674,15.36819116382608,9.361902529870267,0.908436914755924,1.84,-0.0790791960337383,-0.0608110466536822,0.0273374263111274,-0.0045754881937492,-0.0040546675543222,0.091358446809776,0.026609977998454,7,3,2026-06-21T23:42:32.166717+00:00,True,True,True,True,True,True
★ Survival Knife | Urban Masked (Field-Tested),ok,,best_deal,2026-05-23T00:47:08.363123+00:00,55.7,,21,False,8,-0.0126220984251084,0.0133601783414857,56.91625,56.1775,1/1->1/1,64.2819,64.23,61.007,61.161,67.534,69.192,53.788,72.782,63,9.914143794754054,12.732977712233144,5.01385304416952,0.949820955939592,3.0,-0.0507194290402443,0.1320905416846376,0.0909874614182681,-0.0038639232046933,0.0224648944441543,0.1380273740651898,0.1380273740651898,7,3,2026-06-22T01:52:00.633801+00:00,True,True,True,True,True,True
★ Ursus Knife | Rust Coat (Battle-Scarred),ok,,best_deal,2026-05-23T01:52:44.028445+00:00,58.62,,49,False,8,-0.0366900735284419,-0.0384136531709551,64.79125,62.53375,1/1->1/1,71.4002,70.339,67.035,68.1715,73.6965,75.3876,60.603,95.317,55,7.73807356281916,11.698286559421415,4.6274380183809045,0.9530274811981972,1.1224489795918366,-0.0764277085268456,-0.0669980869237194,-0.0245094586790246,-0.0024119982882673,-0.0196069045396437,0.0857291380878806,0.0139199745859384,7,3,2026-06-22T04:46:42.061060+00:00,True,True,True,True,True,True
